{
  "type": "FeatureCollection",
  "features": [
    {
      "type": "Feature",
      "geometry": {
        "type": "Point",
        "coordinates": [
          139.72100973129272,
          35.77781001831596
        ]
      },
      "properties": {
        "point_in_time_name_ja": "2025年第1四半期",
        "land_type_name_ja": "中古マンション等",
        "price_information_category_name_ja": "成約価格情報",
        "prefecture_name_ja": "東京都",
        "city_code": "13117",
        "city_name_ja": "北区",
        "district_code": "131170160",
        "district_name_ja": "志茂",
        "use_category_name_ja": "",
        "u_transaction_price_total_ja": "4,300万円",
        "u_transaction_price_unit_price_square_meter_ja": "",
        "u_unit_price_per_tsubo_ja": "",
        "u_area_ja": "60㎡",
        "land_shape_name_ja": "",
        "u_land_frontage_ja": "",
        "building_use_name_ja": "",
        "building_structure_name_ja": "ＳＲＣ",
        "floor_plan_name_ja": "３ＬＤＫ",
        "u_building_total_floor_area_ja": "",
        "u_construction_year_ja": "1998年",
        "front_road_azimuth_name_ja": "",
        "u_front_road_width_ja": "",
        "front_road_type_name_ja": "",
        "land_use_name_ja": "商業地域",
        "u_building_coverage_ratio_ja": "",
        "u_floor_area_ratio_ja": "",
        "remark_name_ja": "",
        "future_use_purpose_name_ja": "",
        "remark_renovation_name_ja": ""
      }
    },
    {
      "type": "Feature",
      "geometry": {
        "type": "Point",
        "coordinates": [
          139.72100973129272,
          35.77781001831596
        ]
      },
      "properties": {
        "point_in_time_name_ja": "2025年第2四半期",
        "land_type_name_ja": "中古マンション等",
        "price_information_category_name_ja": "成約価格情報",
        "prefecture_name_ja": "東京都",
        "city_code": "13117",
        "city_name_ja": "北区",
        "district_code": "131170160",
        "district_name_ja": "志茂",
        "use_category_name_ja": "",
        "u_transaction_price_total_ja": "4,100万円",
        "u_transaction_price_unit_price_square_meter_ja": "",
        "u_unit_price_per_tsubo_ja": "",
        "u_area_ja": "60㎡",
        "land_shape_name_ja": "",
        "u_land_frontage_ja": "",
        "building_use_name_ja": "",
        "building_structure_name_ja": "ＲＣ",
        "floor_plan_name_ja": "２ＬＤＫ",
        "u_building_total_floor_area_ja": "",
        "u_construction_year_ja": "1996年",
        "front_road_azimuth_name_ja": "",
        "u_front_road_width_ja": "",
        "front_road_type_name_ja": "",
        "land_use_name_ja": "第１種住居地域",
        "u_building_coverage_ratio_ja": "",
        "u_floor_area_ratio_ja": "",
        "remark_name_ja": "",
        "future_use_purpose_name_ja": "",
        "remark_renovation_name_ja": ""
      }
    },
    {
      "type": "Feature",
      "geometry": {
        "type": "Point",
        "coordinates": [
          139.72100973129272,
          35.77781001831596
        ]
      },
      "properties": {
        "point_in_time_name_ja": "2025年第4四半期",
        "land_type_name_ja": "中古マンション等",
        "price_information_category_name_ja": "成約価格情報",
        "prefecture_name_ja": "東京都",
        "city_code": "13117",
        "city_name_ja": "北区",
        "district_code": "131170160",
        "district_name_ja": "志茂",
        "use_category_name_ja": "",
        "u_transaction_price_total_ja": "3,400万円",
        "u_transaction_price_unit_price_square_meter_ja": "",
        "u_unit_price_per_tsubo_ja": "",
        "u_area_ja": "55㎡",
        "land_shape_name_ja": "",
        "u_land_frontage_ja": "",
        "building_use_name_ja": "",
        "building_structure_name_ja": "鉄骨造",
        "floor_plan_name_ja": "１ＬＤＫ＋Ｓ",
        "u_building_total_floor_area_ja": "",
        "u_construction_year_ja": "1981年",
        "front_road_azimuth_name_ja": "",
        "u_front_road_width_ja": "",
        "front_road_type_name_ja": "",
        "land_use_name_ja": "近隣商業地域",
        "u_building_coverage_ratio_ja": "",
        "u_floor_area_ratio_ja": "",
        "remark_name_ja": "",
        "future_use_purpose_name_ja": "",
        "remark_renovation_name_ja": ""
      }
    },
    {
      "type": "Feature",
      "geometry": {
        "type": "Point",
        "coordinates": [
          139.72100973129272,
          35.77781001831596
        ]
      },
      "properties": {
        "point_in_time_name_ja": "2025年第4四半期",
        "land_type_name_ja": "中古マンション等",
        "price_information_category_name_ja": "成約価格情報",
        "prefecture_name_ja": "東京都",
        "city_code": "13117",
        "city_name_ja": "北区",
        "district_code": "131170030",
        "district_name_ja": "赤羽台",
        "use_category_name_ja": "",
        "u_transaction_price_total_ja": "3,000万円",
        "u_transaction_price_unit_price_square_meter_ja": "",
        "u_unit_price_per_tsubo_ja": "",
        "u_area_ja": "60㎡",
        "land_shape_name_ja": "",
        "u_land_frontage_ja": "",
        "building_use_name_ja": "",
        "building_structure_name_ja": "ＲＣ",
        "floor_plan_name_ja": "３ＬＤＫ",
        "u_building_total_floor_area_ja": "",
        "u_construction_year_ja": "1981年",
        "front_road_azimuth_name_ja": "",
        "u_front_road_width_ja": "",
        "front_road_type_name_ja": "",
        "land_use_name_ja": "第１種中高層住居専用地域",
        "u_building_coverage_ratio_ja": "",
        "u_floor_area_ratio_ja": "",
        "remark_name_ja": "",
        "future_use_purpose_name_ja": "",
        "remark_renovation_name_ja": ""
      }
    },
    {
      "type": "Feature",
      "geometry": {
        "type": "Point",
        "coordinates": [
          139.72100973129272,
          35.77781001831596
        ]
      },
      "properties": {
        "point_in_time_name_ja": "2025年第1四半期",
        "land_type_name_ja": "中古マンション等",
        "price_information_category_name_ja": "成約価格情報",
        "prefecture_name_ja": "東京都",
        "city_code": "13117",
        "city_name_ja": "北区",
        "district_code": "131170010",
        "district_name_ja": "赤羽",
        "use_category_name_ja": "",
        "u_transaction_price_total_ja": "2,500万円",
        "u_transaction_price_unit_price_square_meter_ja": "",
        "u_unit_price_per_tsubo_ja": "",
        "u_area_ja": "30㎡",
        "land_shape_name_ja": "",
        "u_land_frontage_ja": "",
        "building_use_name_ja": "",
        "building_structure_name_ja": "ＲＣ",
        "floor_plan_name_ja": "１Ｋ",
        "u_building_total_floor_area_ja": "",
        "u_construction_year_ja": "2016年",
        "front_road_azimuth_name_ja": "",
        "u_front_road_width_ja": "",
        "front_road_type_name_ja": "",
        "land_use_name_ja": "",
        "u_building_coverage_ratio_ja": "",
        "u_floor_area_ratio_ja": "",
        "remark_name_ja": "",
        "future_use_purpose_name_ja": "",
        "remark_renovation_name_ja": ""
      }
    },
    {
      "type": "Feature",
      "geometry": {
        "type": "Point",
        "coordinates": [
          139.72100973129272,
          35.77781001831596
        ]
      },
      "properties": {
        "point_in_time_name_ja": "2025年第1四半期",
        "land_type_name_ja": "中古マンション等",
        "price_information_category_name_ja": "成約価格情報",
        "prefecture_name_ja": "東京都",
        "city_code": "13117",
        "city_name_ja": "北区",
        "district_code": "131170010",
        "district_name_ja": "赤羽",
        "use_category_name_ja": "",
        "u_transaction_price_total_ja": "2,500万円",
        "u_transaction_price_unit_price_square_meter_ja": "",
        "u_unit_price_per_tsubo_ja": "",
        "u_area_ja": "30㎡",
        "land_shape_name_ja": "",
        "u_land_frontage_ja": "",
        "building_use_name_ja": "",
        "building_structure_name_ja": "ＲＣ",
        "floor_plan_name_ja": "１Ｋ",
        "u_building_total_floor_area_ja": "",
        "u_construction_year_ja": "2007年",
        "front_road_azimuth_name_ja": "",
        "u_front_road_width_ja": "",
        "front_road_type_name_ja": "",
        "land_use_name_ja": "商業地域",
        "u_building_coverage_ratio_ja": "",
        "u_floor_area_ratio_ja": "",
        "remark_name_ja": "",
        "future_use_purpose_name_ja": "",
        "remark_renovation_name_ja": ""
      }
    },
    {
      "type": "Feature",
      "geometry": {
        "type": "Point",
        "coordinates": [
          139.72100973129272,
          35.77781001831596
        ]
      },
      "properties": {
        "point_in_time_name_ja": "2025年第1四半期",
        "land_type_name_ja": "中古マンション等",
        "price_information_category_name_ja": "成約価格情報",
        "prefecture_name_ja": "東京都",
        "city_code": "13117",
        "city_name_ja": "北区",
        "district_code": "131170010",
        "district_name_ja": "赤羽",
        "use_category_name_ja": "",
        "u_transaction_price_total_ja": "7,500万円",
        "u_transaction_price_unit_price_square_meter_ja": "",
        "u_unit_price_per_tsubo_ja": "",
        "u_area_ja": "65㎡",
        "land_shape_name_ja": "",
        "u_land_frontage_ja": "",
        "building_use_name_ja": "",
        "building_structure_name_ja": "ＲＣ",
        "floor_plan_name_ja": "３ＬＤＫ",
        "u_building_total_floor_area_ja": "",
        "u_construction_year_ja": "2019年",
        "front_road_azimuth_name_ja": "",
        "u_front_road_width_ja": "",
        "front_road_type_name_ja": "",
        "land_use_name_ja": "近隣商業地域",
        "u_building_coverage_ratio_ja": "",
        "u_floor_area_ratio_ja": "",
        "remark_name_ja": "",
        "future_use_purpose_name_ja": "",
        "remark_renovation_name_ja": ""
      }
    },
    {
      "type": "Feature",
      "geometry": {
        "type": "Point",
        "coordinates": [
          139.72100973129272,
          35.77781001831596
        ]
      },
      "properties": {
        "point_in_time_name_ja": "2025年第1四半期",
        "land_type_name_ja": "中古マンション等",
        "price_information_category_name_ja": "成約価格情報",
        "prefecture_name_ja": "東京都",
        "city_code": "13117",
        "city_name_ja": "北区",
        "district_code": "131170050",
        "district_name_ja": "赤羽南",
        "use_category_name_ja": "",
        "u_transaction_price_total_ja": "7,300万円",
        "u_transaction_price_unit_price_square_meter_ja": "",
        "u_unit_price_per_tsubo_ja": "",
        "u_area_ja": "60㎡",
        "land_shape_name_ja": "",
        "u_land_frontage_ja": "",
        "building_use_name_ja": "",
        "building_structure_name_ja": "ＲＣ",
        "floor_plan_name_ja": "２ＬＤＫ",
        "u_building_total_floor_area_ja": "",
        "u_construction_year_ja": "2021年",
        "front_road_azimuth_name_ja": "",
        "u_front_road_width_ja": "",
        "front_road_type_name_ja": "",
        "land_use_name_ja": "準工業地域",
        "u_building_coverage_ratio_ja": "",
        "u_floor_area_ratio_ja": "",
        "remark_name_ja": "",
        "future_use_purpose_name_ja": "",
        "remark_renovation_name_ja": ""
      }
    },
    {
      "type": "Feature",
      "geometry": {
        "type": "Point",
        "coordinates": [
          139.72100973129272,
          35.77781001831596
        ]
      },
      "properties": {
        "point_in_time_name_ja": "2025年第1四半期",
        "land_type_name_ja": "中古マンション等",
        "price_information_category_name_ja": "成約価格情報",
        "prefecture_name_ja": "東京都",
        "city_code": "13117",
        "city_name_ja": "北区",
        "district_code": "131170050",
        "district_name_ja": "赤羽南",
        "use_category_name_ja": "",
        "u_transaction_price_total_ja": "8,000万円",
        "u_transaction_price_unit_price_square_meter_ja": "",
        "u_unit_price_per_tsubo_ja": "",
        "u_area_ja": "70㎡",
        "land_shape_name_ja": "",
        "u_land_frontage_ja": "",
        "building_use_name_ja": "",
        "building_structure_name_ja": "ＲＣ",
        "floor_plan_name_ja": "３ＬＤＫ",
        "u_building_total_floor_area_ja": "",
        "u_construction_year_ja": "2012年",
        "front_road_azimuth_name_ja": "",
        "u_front_road_width_ja": "",
        "front_road_type_name_ja": "",
        "land_use_name_ja": "第１種低層住居専用地域",
        "u_building_coverage_ratio_ja": "",
        "u_floor_area_ratio_ja": "",
        "remark_name_ja": "",
        "future_use_purpose_name_ja": "",
        "remark_renovation_name_ja": ""
      }
    },
    {
      "type": "Feature",
      "geometry": {
        "type": "Point",
        "coordinates": [
          139.72100973129272,
          35.77781001831596
        ]
      },
      "properties": {
        "point_in_time_name_ja": "2025年第1四半期",
        "land_type_name_ja": "中古マンション等",
        "price_information_category_name_ja": "成約価格情報",
        "prefecture_name_ja": "東京都",
        "city_code": "13117",
        "city_name_ja": "北区",
        "district_code": "131170050",
        "district_name_ja": "赤羽南",
        "use_category_name_ja": "",
        "u_transaction_price_total_ja": "2,800万円",
        "u_transaction_price_unit_price_square_meter_ja": "",
        "u_unit_price_per_tsubo_ja": "",
        "u_area_ja": "55㎡",
        "land_shape_name_ja": "",
        "u_land_frontage_ja": "",
        "building_use_name_ja": "",
        "building_structure_name_ja": "ＳＲＣ",
        "floor_plan_name_ja": "３ＤＫ",
        "u_building_total_floor_area_ja": "",
        "u_construction_year_ja": "1980年",
        "front_road_azimuth_name_ja": "",
        "u_front_road_width_ja": "",
        "front_road_type_name_ja": "",
        "land_use_name_ja": "準工業地域",
        "u_building_coverage_ratio_ja": "",
        "u_floor_area_ratio_ja": "",
        "remark_name_ja": "",
        "future_use_purpose_name_ja": "",
        "remark_renovation_name_ja": ""
      }
    },
    {
      "type": "Feature",
      "geometry": {
        "type": "Point",
        "coordinates": [
          139.72100973129272,
          35.77781001831596
        ]
      },
      "properties": {
        "point_in_time_name_ja": "2025年第1四半期",
        "land_type_name_ja": "中古マンション等",
        "price_information_category_name_ja": "成約価格情報",
        "prefecture_name_ja": "東京都",
        "city_code": "13117",
        "city_name_ja": "北区",
        "district_code": "131170050",
        "district_name_ja": "赤羽南",
        "use_category_name_ja": "",
        "u_transaction_price_total_ja": "6,200万円",
        "u_transaction_price_unit_price_square_meter_ja": "",
        "u_unit_price_per_tsubo_ja": "",
        "u_area_ja": "60㎡",
        "land_shape_name_ja": "",
        "u_land_frontage_ja": "",
        "building_use_name_ja": "",
        "building_structure_name_ja": "ＲＣ",
        "floor_plan_name_ja": "１ＬＤＫ＋Ｓ",
        "u_building_total_floor_area_ja": "",
        "u_construction_year_ja": "2012年",
        "front_road_azimuth_name_ja": "",
        "u_front_road_width_ja": "",
        "front_road_type_name_ja": "",
        "land_use_name_ja": "商業地域",
        "u_building_coverage_ratio_ja": "",
        "u_floor_area_ratio_ja": "",
        "remark_name_ja": "",
        "future_use_purpose_name_ja": "",
        "remark_renovation_name_ja": ""
      }
    },
    {
      "type": "Feature",
      "geometry": {
        "type": "Point",
        "coordinates": [
          139.72100973129272,
          35.77781001831596
        ]
      },
      "properties": {
        "point_in_time_name_ja": "2025年第1四半期",
        "land_type_name_ja": "中古マンション等",
        "price_information_category_name_ja": "成約価格情報",
        "prefecture_name_ja": "東京都",
        "city_code": "13117",
        "city_name_ja": "北区",
        "district_code": "131170050",
        "district_name_ja": "赤羽南",
        "use_category_name_ja": "",
        "u_transaction_price_total_ja": "7,600万円",
        "u_transaction_price_unit_price_square_meter_ja": "",
        "u_unit_price_per_tsubo_ja": "",
        "u_area_ja": "75㎡",
        "land_shape_name_ja": "",
        "u_land_frontage_ja": "",
        "building_use_name_ja": "",
        "building_structure_name_ja": "ＲＣ",
        "floor_plan_name_ja": "２ＬＤＫ",
        "u_building_total_floor_area_ja": "",
        "u_construction_year_ja": "2008年",
        "front_road_azimuth_name_ja": "",
        "u_front_road_width_ja": "",
        "front_road_type_name_ja": "",
        "land_use_name_ja": "準工業地域",
        "u_building_coverage_ratio_ja": "",
        "u_floor_area_ratio_ja": "",
        "remark_name_ja": "",
        "future_use_purpose_name_ja": "",
        "remark_renovation_name_ja": ""
      }
    },
    {
      "type": "Feature",
      "geometry": {
        "type": "Point",
        "coordinates": [
          139.72100973129272,
          35.77781001831596
        ]
      },
      "properties": {
        "point_in_time_name_ja": "2025年第1四半期",
        "land_type_name_ja": "中古マンション等",
        "price_information_category_name_ja": "成約価格情報",
        "prefecture_name_ja": "東京都",
        "city_code": "13117",
        "city_name_ja": "北区",
        "district_code": "131170050",
        "district_name_ja": "赤羽南",
        "use_category_name_ja": "",
        "u_transaction_price_total_ja": "7,900万円",
        "u_transaction_price_unit_price_square_meter_ja": "",
        "u_unit_price_per_tsubo_ja": "",
        "u_area_ja": "80㎡",
        "land_shape_name_ja": "",
        "u_land_frontage_ja": "",
        "building_use_name_ja": "",
        "building_structure_name_ja": "ＲＣ",
        "floor_plan_name_ja": "２ＬＤＫ",
        "u_building_total_floor_area_ja": "",
        "u_construction_year_ja": "2008年",
        "front_road_azimuth_name_ja": "",
        "u_front_road_width_ja": "",
        "front_road_type_name_ja": "",
        "land_use_name_ja": "準工業地域",
        "u_building_coverage_ratio_ja": "",
        "u_floor_area_ratio_ja": "",
        "remark_name_ja": "",
        "future_use_purpose_name_ja": "",
        "remark_renovation_name_ja": ""
      }
    },
    {
      "type": "Feature",
      "geometry": {
        "type": "Point",
        "coordinates": [
          139.72100973129272,
          35.77781001831596
        ]
      },
      "properties": {
        "point_in_time_name_ja": "2025年第1四半期",
        "land_type_name_ja": "中古マンション等",
        "price_information_category_name_ja": "成約価格情報",
        "prefecture_name_ja": "東京都",
        "city_code": "13117",
        "city_name_ja": "北区",
        "district_code": "131170050",
        "district_name_ja": "赤羽南",
        "use_category_name_ja": "",
        "u_transaction_price_total_ja": "2,300万円",
        "u_transaction_price_unit_price_square_meter_ja": "",
        "u_unit_price_per_tsubo_ja": "",
        "u_area_ja": "30㎡",
        "land_shape_name_ja": "",
        "u_land_frontage_ja": "",
        "building_use_name_ja": "",
        "building_structure_name_ja": "ＲＣ",
        "floor_plan_name_ja": "１Ｒ",
        "u_building_total_floor_area_ja": "",
        "u_construction_year_ja": "2007年",
        "front_road_azimuth_name_ja": "",
        "u_front_road_width_ja": "",
        "front_road_type_name_ja": "",
        "land_use_name_ja": "準工業地域",
        "u_building_coverage_ratio_ja": "",
        "u_floor_area_ratio_ja": "",
        "remark_name_ja": "",
        "future_use_purpose_name_ja": "",
        "remark_renovation_name_ja": ""
      }
    },
    {
      "type": "Feature",
      "geometry": {
        "type": "Point",
        "coordinates": [
          139.72100973129272,
          35.77781001831596
        ]
      },
      "properties": {
        "point_in_time_name_ja": "2025年第2四半期",
        "land_type_name_ja": "中古マンション等",
        "price_information_category_name_ja": "成約価格情報",
        "prefecture_name_ja": "東京都",
        "city_code": "13117",
        "city_name_ja": "北区",
        "district_code": "131170010",
        "district_name_ja": "赤羽",
        "use_category_name_ja": "",
        "u_transaction_price_total_ja": "3,500万円",
        "u_transaction_price_unit_price_square_meter_ja": "",
        "u_unit_price_per_tsubo_ja": "",
        "u_area_ja": "30㎡",
        "land_shape_name_ja": "",
        "u_land_frontage_ja": "",
        "building_use_name_ja": "",
        "building_structure_name_ja": "ＲＣ",
        "floor_plan_name_ja": "１ＤＫ",
        "u_building_total_floor_area_ja": "",
        "u_construction_year_ja": "2020年",
        "front_road_azimuth_name_ja": "",
        "u_front_road_width_ja": "",
        "front_road_type_name_ja": "",
        "land_use_name_ja": "近隣商業地域",
        "u_building_coverage_ratio_ja": "",
        "u_floor_area_ratio_ja": "",
        "remark_name_ja": "",
        "future_use_purpose_name_ja": "",
        "remark_renovation_name_ja": ""
      }
    },
    {
      "type": "Feature",
      "geometry": {
        "type": "Point",
        "coordinates": [
          139.72100973129272,
          35.77781001831596
        ]
      },
      "properties": {
        "point_in_time_name_ja": "2025年第2四半期",
        "land_type_name_ja": "中古マンション等",
        "price_information_category_name_ja": "成約価格情報",
        "prefecture_name_ja": "東京都",
        "city_code": "13117",
        "city_name_ja": "北区",
        "district_code": "131170010",
        "district_name_ja": "赤羽",
        "use_category_name_ja": "",
        "u_transaction_price_total_ja": "8,200万円",
        "u_transaction_price_unit_price_square_meter_ja": "",
        "u_unit_price_per_tsubo_ja": "",
        "u_area_ja": "55㎡",
        "land_shape_name_ja": "",
        "u_land_frontage_ja": "",
        "building_use_name_ja": "",
        "building_structure_name_ja": "ＲＣ",
        "floor_plan_name_ja": "２ＬＤＫ",
        "u_building_total_floor_area_ja": "",
        "u_construction_year_ja": "2022年",
        "front_road_azimuth_name_ja": "",
        "u_front_road_width_ja": "",
        "front_road_type_name_ja": "",
        "land_use_name_ja": "商業地域",
        "u_building_coverage_ratio_ja": "",
        "u_floor_area_ratio_ja": "",
        "remark_name_ja": "",
        "future_use_purpose_name_ja": "",
        "remark_renovation_name_ja": ""
      }
    },
    {
      "type": "Feature",
      "geometry": {
        "type": "Point",
        "coordinates": [
          139.72100973129272,
          35.77781001831596
        ]
      },
      "properties": {
        "point_in_time_name_ja": "2025年第2四半期",
        "land_type_name_ja": "中古マンション等",
        "price_information_category_name_ja": "成約価格情報",
        "prefecture_name_ja": "東京都",
        "city_code": "13117",
        "city_name_ja": "北区",
        "district_code": "131170010",
        "district_name_ja": "赤羽",
        "use_category_name_ja": "",
        "u_transaction_price_total_ja": "3,300万円",
        "u_transaction_price_unit_price_square_meter_ja": "",
        "u_unit_price_per_tsubo_ja": "",
        "u_area_ja": "50㎡",
        "land_shape_name_ja": "",
        "u_land_frontage_ja": "",
        "building_use_name_ja": "",
        "building_structure_name_ja": "ＳＲＣ",
        "floor_plan_name_ja": "２ＤＫ",
        "u_building_total_floor_area_ja": "",
        "u_construction_year_ja": "1987年",
        "front_road_azimuth_name_ja": "",
        "u_front_road_width_ja": "",
        "front_road_type_name_ja": "",
        "land_use_name_ja": "商業地域",
        "u_building_coverage_ratio_ja": "",
        "u_floor_area_ratio_ja": "",
        "remark_name_ja": "",
        "future_use_purpose_name_ja": "",
        "remark_renovation_name_ja": ""
      }
    },
    {
      "type": "Feature",
      "geometry": {
        "type": "Point",
        "coordinates": [
          139.72100973129272,
          35.77781001831596
        ]
      },
      "properties": {
        "point_in_time_name_ja": "2025年第2四半期",
        "land_type_name_ja": "中古マンション等",
        "price_information_category_name_ja": "成約価格情報",
        "prefecture_name_ja": "東京都",
        "city_code": "13117",
        "city_name_ja": "北区",
        "district_code": "131170010",
        "district_name_ja": "赤羽",
        "use_category_name_ja": "",
        "u_transaction_price_total_ja": "3,200万円",
        "u_transaction_price_unit_price_square_meter_ja": "",
        "u_unit_price_per_tsubo_ja": "",
        "u_area_ja": "50㎡",
        "land_shape_name_ja": "",
        "u_land_frontage_ja": "",
        "building_use_name_ja": "",
        "building_structure_name_ja": "ＳＲＣ",
        "floor_plan_name_ja": "２ＤＫ",
        "u_building_total_floor_area_ja": "",
        "u_construction_year_ja": "1987年",
        "front_road_azimuth_name_ja": "",
        "u_front_road_width_ja": "",
        "front_road_type_name_ja": "",
        "land_use_name_ja": "商業地域",
        "u_building_coverage_ratio_ja": "",
        "u_floor_area_ratio_ja": "",
        "remark_name_ja": "",
        "future_use_purpose_name_ja": "",
        "remark_renovation_name_ja": ""
      }
    },
    {
      "type": "Feature",
      "geometry": {
        "type": "Point",
        "coordinates": [
          139.72100973129272,
          35.77781001831596
        ]
      },
      "properties": {
        "point_in_time_name_ja": "2025年第2四半期",
        "land_type_name_ja": "中古マンション等",
        "price_information_category_name_ja": "成約価格情報",
        "prefecture_name_ja": "東京都",
        "city_code": "13117",
        "city_name_ja": "北区",
        "district_code": "131170010",
        "district_name_ja": "赤羽",
        "use_category_name_ja": "",
        "u_transaction_price_total_ja": "6,700万円",
        "u_transaction_price_unit_price_square_meter_ja": "",
        "u_unit_price_per_tsubo_ja": "",
        "u_area_ja": "60㎡",
        "land_shape_name_ja": "",
        "u_land_frontage_ja": "",
        "building_use_name_ja": "",
        "building_structure_name_ja": "ＳＲＣ",
        "floor_plan_name_ja": "３ＬＤＫ",
        "u_building_total_floor_area_ja": "",
        "u_construction_year_ja": "1997年",
        "front_road_azimuth_name_ja": "",
        "u_front_road_width_ja": "",
        "front_road_type_name_ja": "",
        "land_use_name_ja": "商業地域",
        "u_building_coverage_ratio_ja": "",
        "u_floor_area_ratio_ja": "",
        "remark_name_ja": "",
        "future_use_purpose_name_ja": "",
        "remark_renovation_name_ja": ""
      }
    },
    {
      "type": "Feature",
      "geometry": {
        "type": "Point",
        "coordinates": [
          139.72100973129272,
          35.77781001831596
        ]
      },
      "properties": {
        "point_in_time_name_ja": "2025年第2四半期",
        "land_type_name_ja": "中古マンション等",
        "price_information_category_name_ja": "成約価格情報",
        "prefecture_name_ja": "東京都",
        "city_code": "13117",
        "city_name_ja": "北区",
        "district_code": "131170050",
        "district_name_ja": "赤羽南",
        "use_category_name_ja": "",
        "u_transaction_price_total_ja": "6,400万円",
        "u_transaction_price_unit_price_square_meter_ja": "",
        "u_unit_price_per_tsubo_ja": "",
        "u_area_ja": "65㎡",
        "land_shape_name_ja": "",
        "u_land_frontage_ja": "",
        "building_use_name_ja": "",
        "building_structure_name_ja": "ＳＲＣ",
        "floor_plan_name_ja": "３ＬＤＫ",
        "u_building_total_floor_area_ja": "",
        "u_construction_year_ja": "1998年",
        "front_road_azimuth_name_ja": "",
        "u_front_road_width_ja": "",
        "front_road_type_name_ja": "",
        "land_use_name_ja": "第１種住居地域",
        "u_building_coverage_ratio_ja": "",
        "u_floor_area_ratio_ja": "",
        "remark_name_ja": "",
        "future_use_purpose_name_ja": "",
        "remark_renovation_name_ja": ""
      }
    },
    {
      "type": "Feature",
      "geometry": {
        "type": "Point",
        "coordinates": [
          139.72100973129272,
          35.77781001831596
        ]
      },
      "properties": {
        "point_in_time_name_ja": "2025年第2四半期",
        "land_type_name_ja": "中古マンション等",
        "price_information_category_name_ja": "成約価格情報",
        "prefecture_name_ja": "東京都",
        "city_code": "13117",
        "city_name_ja": "北区",
        "district_code": "131170050",
        "district_name_ja": "赤羽南",
        "use_category_name_ja": "",
        "u_transaction_price_total_ja": "3,400万円",
        "u_transaction_price_unit_price_square_meter_ja": "",
        "u_unit_price_per_tsubo_ja": "",
        "u_area_ja": "50㎡",
        "land_shape_name_ja": "",
        "u_land_frontage_ja": "",
        "building_use_name_ja": "",
        "building_structure_name_ja": "ＳＲＣ",
        "floor_plan_name_ja": "２ＬＤＫ",
        "u_building_total_floor_area_ja": "",
        "u_construction_year_ja": "1977年",
        "front_road_azimuth_name_ja": "",
        "u_front_road_width_ja": "",
        "front_road_type_name_ja": "",
        "land_use_name_ja": "商業地域",
        "u_building_coverage_ratio_ja": "",
        "u_floor_area_ratio_ja": "",
        "remark_name_ja": "",
        "future_use_purpose_name_ja": "",
        "remark_renovation_name_ja": ""
      }
    },
    {
      "type": "Feature",
      "geometry": {
        "type": "Point",
        "coordinates": [
          139.72100973129272,
          35.77781001831596
        ]
      },
      "properties": {
        "point_in_time_name_ja": "2025年第2四半期",
        "land_type_name_ja": "中古マンション等",
        "price_information_category_name_ja": "成約価格情報",
        "prefecture_name_ja": "東京都",
        "city_code": "13117",
        "city_name_ja": "北区",
        "district_code": "131170050",
        "district_name_ja": "赤羽南",
        "use_category_name_ja": "",
        "u_transaction_price_total_ja": "3,500万円",
        "u_transaction_price_unit_price_square_meter_ja": "",
        "u_unit_price_per_tsubo_ja": "",
        "u_area_ja": "50㎡",
        "land_shape_name_ja": "",
        "u_land_frontage_ja": "",
        "building_use_name_ja": "",
        "building_structure_name_ja": "ＳＲＣ",
        "floor_plan_name_ja": "２ＬＤＫ",
        "u_building_total_floor_area_ja": "",
        "u_construction_year_ja": "1977年",
        "front_road_azimuth_name_ja": "",
        "u_front_road_width_ja": "",
        "front_road_type_name_ja": "",
        "land_use_name_ja": "商業地域",
        "u_building_coverage_ratio_ja": "",
        "u_floor_area_ratio_ja": "",
        "remark_name_ja": "",
        "future_use_purpose_name_ja": "",
        "remark_renovation_name_ja": "改装済み"
      }
    },
    {
      "type": "Feature",
      "geometry": {
        "type": "Point",
        "coordinates": [
          139.72100973129272,
          35.77781001831596
        ]
      },
      "properties": {
        "point_in_time_name_ja": "2025年第2四半期",
        "land_type_name_ja": "中古マンション等",
        "price_information_category_name_ja": "成約価格情報",
        "prefecture_name_ja": "東京都",
        "city_code": "13117",
        "city_name_ja": "北区",
        "district_code": "131170050",
        "district_name_ja": "赤羽南",
        "use_category_name_ja": "",
        "u_transaction_price_total_ja": "2,600万円",
        "u_transaction_price_unit_price_square_meter_ja": "",
        "u_unit_price_per_tsubo_ja": "",
        "u_area_ja": "55㎡",
        "land_shape_name_ja": "",
        "u_land_frontage_ja": "",
        "building_use_name_ja": "",
        "building_structure_name_ja": "ＳＲＣ",
        "floor_plan_name_ja": "２ＤＫ＋Ｓ",
        "u_building_total_floor_area_ja": "",
        "u_construction_year_ja": "1979年",
        "front_road_azimuth_name_ja": "",
        "u_front_road_width_ja": "",
        "front_road_type_name_ja": "",
        "land_use_name_ja": "商業地域",
        "u_building_coverage_ratio_ja": "",
        "u_floor_area_ratio_ja": "",
        "remark_name_ja": "",
        "future_use_purpose_name_ja": "",
        "remark_renovation_name_ja": ""
      }
    },
    {
      "type": "Feature",
      "geometry": {
        "type": "Point",
        "coordinates": [
          139.72100973129272,
          35.77781001831596
        ]
      },
      "properties": {
        "point_in_time_name_ja": "2025年第2四半期",
        "land_type_name_ja": "中古マンション等",
        "price_information_category_name_ja": "成約価格情報",
        "prefecture_name_ja": "東京都",
        "city_code": "13117",
        "city_name_ja": "北区",
        "district_code": "131170050",
        "district_name_ja": "赤羽南",
        "use_category_name_ja": "",
        "u_transaction_price_total_ja": "5,900万円",
        "u_transaction_price_unit_price_square_meter_ja": "",
        "u_unit_price_per_tsubo_ja": "",
        "u_area_ja": "45㎡",
        "land_shape_name_ja": "",
        "u_land_frontage_ja": "",
        "building_use_name_ja": "",
        "building_structure_name_ja": "ＳＲＣ",
        "floor_plan_name_ja": "１ＬＤＫ",
        "u_building_total_floor_area_ja": "",
        "u_construction_year_ja": "2003年",
        "front_road_azimuth_name_ja": "",
        "u_front_road_width_ja": "",
        "front_road_type_name_ja": "",
        "land_use_name_ja": "商業地域",
        "u_building_coverage_ratio_ja": "",
        "u_floor_area_ratio_ja": "",
        "remark_name_ja": "",
        "future_use_purpose_name_ja": "",
        "remark_renovation_name_ja": ""
      }
    },
    {
      "type": "Feature",
      "geometry": {
        "type": "Point",
        "coordinates": [
          139.72100973129272,
          35.77781001831596
        ]
      },
      "properties": {
        "point_in_time_name_ja": "2025年第3四半期",
        "land_type_name_ja": "中古マンション等",
        "price_information_category_name_ja": "成約価格情報",
        "prefecture_name_ja": "東京都",
        "city_code": "13117",
        "city_name_ja": "北区",
        "district_code": "131170010",
        "district_name_ja": "赤羽",
        "use_category_name_ja": "",
        "u_transaction_price_total_ja": "7,200万円",
        "u_transaction_price_unit_price_square_meter_ja": "",
        "u_unit_price_per_tsubo_ja": "",
        "u_area_ja": "100㎡",
        "land_shape_name_ja": "",
        "u_land_frontage_ja": "",
        "building_use_name_ja": "",
        "building_structure_name_ja": "ＲＣ",
        "floor_plan_name_ja": "３ＬＤＫ＋Ｓ",
        "u_building_total_floor_area_ja": "",
        "u_construction_year_ja": "1992年",
        "front_road_azimuth_name_ja": "",
        "u_front_road_width_ja": "",
        "front_road_type_name_ja": "",
        "land_use_name_ja": "商業地域",
        "u_building_coverage_ratio_ja": "",
        "u_floor_area_ratio_ja": "",
        "remark_name_ja": "",
        "future_use_purpose_name_ja": "",
        "remark_renovation_name_ja": ""
      }
    },
    {
      "type": "Feature",
      "geometry": {
        "type": "Point",
        "coordinates": [
          139.72100973129272,
          35.77781001831596
        ]
      },
      "properties": {
        "point_in_time_name_ja": "2025年第3四半期",
        "land_type_name_ja": "中古マンション等",
        "price_information_category_name_ja": "成約価格情報",
        "prefecture_name_ja": "東京都",
        "city_code": "13117",
        "city_name_ja": "北区",
        "district_code": "131170010",
        "district_name_ja": "赤羽",
        "use_category_name_ja": "",
        "u_transaction_price_total_ja": "8,000万円",
        "u_transaction_price_unit_price_square_meter_ja": "",
        "u_unit_price_per_tsubo_ja": "",
        "u_area_ja": "60㎡",
        "land_shape_name_ja": "",
        "u_land_frontage_ja": "",
        "building_use_name_ja": "",
        "building_structure_name_ja": "ＲＣ",
        "floor_plan_name_ja": "２ＬＤＫ",
        "u_building_total_floor_area_ja": "",
        "u_construction_year_ja": "2011年",
        "front_road_azimuth_name_ja": "",
        "u_front_road_width_ja": "",
        "front_road_type_name_ja": "",
        "land_use_name_ja": "商業地域",
        "u_building_coverage_ratio_ja": "",
        "u_floor_area_ratio_ja": "",
        "remark_name_ja": "",
        "future_use_purpose_name_ja": "",
        "remark_renovation_name_ja": ""
      }
    },
    {
      "type": "Feature",
      "geometry": {
        "type": "Point",
        "coordinates": [
          139.72100973129272,
          35.77781001831596
        ]
      },
      "properties": {
        "point_in_time_name_ja": "2025年第3四半期",
        "land_type_name_ja": "中古マンション等",
        "price_information_category_name_ja": "成約価格情報",
        "prefecture_name_ja": "東京都",
        "city_code": "13117",
        "city_name_ja": "北区",
        "district_code": "131170010",
        "district_name_ja": "赤羽",
        "use_category_name_ja": "",
        "u_transaction_price_total_ja": "2,600万円",
        "u_transaction_price_unit_price_square_meter_ja": "",
        "u_unit_price_per_tsubo_ja": "",
        "u_area_ja": "55㎡",
        "land_shape_name_ja": "",
        "u_land_frontage_ja": "",
        "building_use_name_ja": "",
        "building_structure_name_ja": "ＲＣ",
        "floor_plan_name_ja": "２ＤＫ",
        "u_building_total_floor_area_ja": "",
        "u_construction_year_ja": "1978年",
        "front_road_azimuth_name_ja": "",
        "u_front_road_width_ja": "",
        "front_road_type_name_ja": "",
        "land_use_name_ja": "商業地域",
        "u_building_coverage_ratio_ja": "",
        "u_floor_area_ratio_ja": "",
        "remark_name_ja": "",
        "future_use_purpose_name_ja": "",
        "remark_renovation_name_ja": ""
      }
    },
    {
      "type": "Feature",
      "geometry": {
        "type": "Point",
        "coordinates": [
          139.72100973129272,
          35.77781001831596
        ]
      },
      "properties": {
        "point_in_time_name_ja": "2025年第3四半期",
        "land_type_name_ja": "中古マンション等",
        "price_information_category_name_ja": "成約価格情報",
        "prefecture_name_ja": "東京都",
        "city_code": "13117",
        "city_name_ja": "北区",
        "district_code": "131170010",
        "district_name_ja": "赤羽",
        "use_category_name_ja": "",
        "u_transaction_price_total_ja": "7,800万円",
        "u_transaction_price_unit_price_square_meter_ja": "",
        "u_unit_price_per_tsubo_ja": "",
        "u_area_ja": "75㎡",
        "land_shape_name_ja": "",
        "u_land_frontage_ja": "",
        "building_use_name_ja": "",
        "building_structure_name_ja": "ＳＲＣ",
        "floor_plan_name_ja": "３ＬＤＫ",
        "u_building_total_floor_area_ja": "",
        "u_construction_year_ja": "2003年",
        "front_road_azimuth_name_ja": "",
        "u_front_road_width_ja": "",
        "front_road_type_name_ja": "",
        "land_use_name_ja": "商業地域",
        "u_building_coverage_ratio_ja": "",
        "u_floor_area_ratio_ja": "",
        "remark_name_ja": "",
        "future_use_purpose_name_ja": "",
        "remark_renovation_name_ja": "改装済み"
      }
    },
    {
      "type": "Feature",
      "geometry": {
        "type": "Point",
        "coordinates": [
          139.72100973129272,
          35.77781001831596
        ]
      },
      "properties": {
        "point_in_time_name_ja": "2025年第3四半期",
        "land_type_name_ja": "中古マンション等",
        "price_information_category_name_ja": "成約価格情報",
        "prefecture_name_ja": "東京都",
        "city_code": "13117",
        "city_name_ja": "北区",
        "district_code": "131170010",
        "district_name_ja": "赤羽",
        "use_category_name_ja": "",
        "u_transaction_price_total_ja": "8,600万円",
        "u_transaction_price_unit_price_square_meter_ja": "",
        "u_unit_price_per_tsubo_ja": "",
        "u_area_ja": "65㎡",
        "land_shape_name_ja": "",
        "u_land_frontage_ja": "",
        "building_use_name_ja": "",
        "building_structure_name_ja": "ＲＣ",
        "floor_plan_name_ja": "３ＬＤＫ",
        "u_building_total_floor_area_ja": "",
        "u_construction_year_ja": "2022年",
        "front_road_azimuth_name_ja": "",
        "u_front_road_width_ja": "",
        "front_road_type_name_ja": "",
        "land_use_name_ja": "近隣商業地域",
        "u_building_coverage_ratio_ja": "",
        "u_floor_area_ratio_ja": "",
        "remark_name_ja": "",
        "future_use_purpose_name_ja": "",
        "remark_renovation_name_ja": ""
      }
    },
    {
      "type": "Feature",
      "geometry": {
        "type": "Point",
        "coordinates": [
          139.72100973129272,
          35.77781001831596
        ]
      },
      "properties": {
        "point_in_time_name_ja": "2025年第3四半期",
        "land_type_name_ja": "中古マンション等",
        "price_information_category_name_ja": "成約価格情報",
        "prefecture_name_ja": "東京都",
        "city_code": "13117",
        "city_name_ja": "北区",
        "district_code": "131170010",
        "district_name_ja": "赤羽",
        "use_category_name_ja": "",
        "u_transaction_price_total_ja": "5,100万円",
        "u_transaction_price_unit_price_square_meter_ja": "",
        "u_unit_price_per_tsubo_ja": "",
        "u_area_ja": "35㎡",
        "land_shape_name_ja": "",
        "u_land_frontage_ja": "",
        "building_use_name_ja": "",
        "building_structure_name_ja": "ＲＣ",
        "floor_plan_name_ja": "１ＬＤＫ",
        "u_building_total_floor_area_ja": "",
        "u_construction_year_ja": "2022年",
        "front_road_azimuth_name_ja": "",
        "u_front_road_width_ja": "",
        "front_road_type_name_ja": "",
        "land_use_name_ja": "商業地域",
        "u_building_coverage_ratio_ja": "",
        "u_floor_area_ratio_ja": "",
        "remark_name_ja": "",
        "future_use_purpose_name_ja": "",
        "remark_renovation_name_ja": ""
      }
    },
    {
      "type": "Feature",
      "geometry": {
        "type": "Point",
        "coordinates": [
          139.72100973129272,
          35.77781001831596
        ]
      },
      "properties": {
        "point_in_time_name_ja": "2025年第3四半期",
        "land_type_name_ja": "中古マンション等",
        "price_information_category_name_ja": "成約価格情報",
        "prefecture_name_ja": "東京都",
        "city_code": "13117",
        "city_name_ja": "北区",
        "district_code": "131170050",
        "district_name_ja": "赤羽南",
        "use_category_name_ja": "",
        "u_transaction_price_total_ja": "4,400万円",
        "u_transaction_price_unit_price_square_meter_ja": "",
        "u_unit_price_per_tsubo_ja": "",
        "u_area_ja": "55㎡",
        "land_shape_name_ja": "",
        "u_land_frontage_ja": "",
        "building_use_name_ja": "",
        "building_structure_name_ja": "ＳＲＣ",
        "floor_plan_name_ja": "３ＬＤＫ",
        "u_building_total_floor_area_ja": "",
        "u_construction_year_ja": "1980年",
        "front_road_azimuth_name_ja": "",
        "u_front_road_width_ja": "",
        "front_road_type_name_ja": "",
        "land_use_name_ja": "準工業地域",
        "u_building_coverage_ratio_ja": "",
        "u_floor_area_ratio_ja": "",
        "remark_name_ja": "",
        "future_use_purpose_name_ja": "",
        "remark_renovation_name_ja": ""
      }
    },
    {
      "type": "Feature",
      "geometry": {
        "type": "Point",
        "coordinates": [
          139.72100973129272,
          35.77781001831596
        ]
      },
      "properties": {
        "point_in_time_name_ja": "2025年第3四半期",
        "land_type_name_ja": "中古マンション等",
        "price_information_category_name_ja": "成約価格情報",
        "prefecture_name_ja": "東京都",
        "city_code": "13117",
        "city_name_ja": "北区",
        "district_code": "131170050",
        "district_name_ja": "赤羽南",
        "use_category_name_ja": "",
        "u_transaction_price_total_ja": "7,400万円",
        "u_transaction_price_unit_price_square_meter_ja": "",
        "u_unit_price_per_tsubo_ja": "",
        "u_area_ja": "65㎡",
        "land_shape_name_ja": "",
        "u_land_frontage_ja": "",
        "building_use_name_ja": "",
        "building_structure_name_ja": "ＲＣ",
        "floor_plan_name_ja": "２ＬＤＫ",
        "u_building_total_floor_area_ja": "",
        "u_construction_year_ja": "2012年",
        "front_road_azimuth_name_ja": "",
        "u_front_road_width_ja": "",
        "front_road_type_name_ja": "",
        "land_use_name_ja": "商業地域",
        "u_building_coverage_ratio_ja": "",
        "u_floor_area_ratio_ja": "",
        "remark_name_ja": "",
        "future_use_purpose_name_ja": "",
        "remark_renovation_name_ja": ""
      }
    },
    {
      "type": "Feature",
      "geometry": {
        "type": "Point",
        "coordinates": [
          139.72100973129272,
          35.77781001831596
        ]
      },
      "properties": {
        "point_in_time_name_ja": "2025年第4四半期",
        "land_type_name_ja": "中古マンション等",
        "price_information_category_name_ja": "成約価格情報",
        "prefecture_name_ja": "東京都",
        "city_code": "13117",
        "city_name_ja": "北区",
        "district_code": "131170010",
        "district_name_ja": "赤羽",
        "use_category_name_ja": "",
        "u_transaction_price_total_ja": "4,300万円",
        "u_transaction_price_unit_price_square_meter_ja": "",
        "u_unit_price_per_tsubo_ja": "",
        "u_area_ja": "40㎡",
        "land_shape_name_ja": "",
        "u_land_frontage_ja": "",
        "building_use_name_ja": "",
        "building_structure_name_ja": "ＲＣ",
        "floor_plan_name_ja": "１ＬＤＫ",
        "u_building_total_floor_area_ja": "",
        "u_construction_year_ja": "2006年",
        "front_road_azimuth_name_ja": "",
        "u_front_road_width_ja": "",
        "front_road_type_name_ja": "",
        "land_use_name_ja": "商業地域",
        "u_building_coverage_ratio_ja": "",
        "u_floor_area_ratio_ja": "",
        "remark_name_ja": "",
        "future_use_purpose_name_ja": "",
        "remark_renovation_name_ja": ""
      }
    },
    {
      "type": "Feature",
      "geometry": {
        "type": "Point",
        "coordinates": [
          139.72100973129272,
          35.77781001831596
        ]
      },
      "properties": {
        "point_in_time_name_ja": "2025年第4四半期",
        "land_type_name_ja": "中古マンション等",
        "price_information_category_name_ja": "成約価格情報",
        "prefecture_name_ja": "東京都",
        "city_code": "13117",
        "city_name_ja": "北区",
        "district_code": "131170010",
        "district_name_ja": "赤羽",
        "use_category_name_ja": "",
        "u_transaction_price_total_ja": "8,700万円",
        "u_transaction_price_unit_price_square_meter_ja": "",
        "u_unit_price_per_tsubo_ja": "",
        "u_area_ja": "55㎡",
        "land_shape_name_ja": "",
        "u_land_frontage_ja": "",
        "building_use_name_ja": "",
        "building_structure_name_ja": "ＲＣ",
        "floor_plan_name_ja": "２ＬＤＫ",
        "u_building_total_floor_area_ja": "",
        "u_construction_year_ja": "2020年",
        "front_road_azimuth_name_ja": "",
        "u_front_road_width_ja": "",
        "front_road_type_name_ja": "",
        "land_use_name_ja": "近隣商業地域",
        "u_building_coverage_ratio_ja": "",
        "u_floor_area_ratio_ja": "",
        "remark_name_ja": "",
        "future_use_purpose_name_ja": "",
        "remark_renovation_name_ja": ""
      }
    },
    {
      "type": "Feature",
      "geometry": {
        "type": "Point",
        "coordinates": [
          139.72100973129272,
          35.77781001831596
        ]
      },
      "properties": {
        "point_in_time_name_ja": "2025年第4四半期",
        "land_type_name_ja": "中古マンション等",
        "price_information_category_name_ja": "成約価格情報",
        "prefecture_name_ja": "東京都",
        "city_code": "13117",
        "city_name_ja": "北区",
        "district_code": "131170050",
        "district_name_ja": "赤羽南",
        "use_category_name_ja": "",
        "u_transaction_price_total_ja": "1,400万円",
        "u_transaction_price_unit_price_square_meter_ja": "",
        "u_unit_price_per_tsubo_ja": "",
        "u_area_ja": "20㎡",
        "land_shape_name_ja": "",
        "u_land_frontage_ja": "",
        "building_use_name_ja": "",
        "building_structure_name_ja": "ＳＲＣ",
        "floor_plan_name_ja": "１Ｒ",
        "u_building_total_floor_area_ja": "",
        "u_construction_year_ja": "1992年",
        "front_road_azimuth_name_ja": "",
        "u_front_road_width_ja": "",
        "front_road_type_name_ja": "",
        "land_use_name_ja": "商業地域",
        "u_building_coverage_ratio_ja": "",
        "u_floor_area_ratio_ja": "",
        "remark_name_ja": "",
        "future_use_purpose_name_ja": "",
        "remark_renovation_name_ja": ""
      }
    },
    {
      "type": "Feature",
      "geometry": {
        "type": "Point",
        "coordinates": [
          139.72100973129272,
          35.77781001831596
        ]
      },
      "properties": {
        "point_in_time_name_ja": "2025年第4四半期",
        "land_type_name_ja": "中古マンション等",
        "price_information_category_name_ja": "成約価格情報",
        "prefecture_name_ja": "東京都",
        "city_code": "13117",
        "city_name_ja": "北区",
        "district_code": "131170050",
        "district_name_ja": "赤羽南",
        "use_category_name_ja": "",
        "u_transaction_price_total_ja": "3,700万円",
        "u_transaction_price_unit_price_square_meter_ja": "",
        "u_unit_price_per_tsubo_ja": "",
        "u_area_ja": "40㎡",
        "land_shape_name_ja": "",
        "u_land_frontage_ja": "",
        "building_use_name_ja": "",
        "building_structure_name_ja": "ＲＣ",
        "floor_plan_name_ja": "１ＤＫ",
        "u_building_total_floor_area_ja": "",
        "u_construction_year_ja": "2005年",
        "front_road_azimuth_name_ja": "",
        "u_front_road_width_ja": "",
        "front_road_type_name_ja": "",
        "land_use_name_ja": "商業地域",
        "u_building_coverage_ratio_ja": "",
        "u_floor_area_ratio_ja": "",
        "remark_name_ja": "",
        "future_use_purpose_name_ja": "",
        "remark_renovation_name_ja": ""
      }
    },
    {
      "type": "Feature",
      "geometry": {
        "type": "Point",
        "coordinates": [
          139.72100973129272,
          35.77781001831596
        ]
      },
      "properties": {
        "point_in_time_name_ja": "2025年第4四半期",
        "land_type_name_ja": "中古マンション等",
        "price_information_category_name_ja": "成約価格情報",
        "prefecture_name_ja": "東京都",
        "city_code": "13117",
        "city_name_ja": "北区",
        "district_code": "131170280",
        "district_name_ja": "東十条",
        "use_category_name_ja": "",
        "u_transaction_price_total_ja": "900万円",
        "u_transaction_price_unit_price_square_meter_ja": "",
        "u_unit_price_per_tsubo_ja": "",
        "u_area_ja": "15㎡",
        "land_shape_name_ja": "",
        "u_land_frontage_ja": "",
        "building_use_name_ja": "",
        "building_structure_name_ja": "ＲＣ",
        "floor_plan_name_ja": "１Ｒ",
        "u_building_total_floor_area_ja": "",
        "u_construction_year_ja": "1984年",
        "front_road_azimuth_name_ja": "",
        "u_front_road_width_ja": "",
        "front_road_type_name_ja": "",
        "land_use_name_ja": "準工業地域",
        "u_building_coverage_ratio_ja": "",
        "u_floor_area_ratio_ja": "",
        "remark_name_ja": "",
        "future_use_purpose_name_ja": "",
        "remark_renovation_name_ja": ""
      }
    },
    {
      "type": "Feature",
      "geometry": {
        "type": "Point",
        "coordinates": [
          139.72100973129272,
          35.77781001831596
        ]
      },
      "properties": {
        "point_in_time_name_ja": "2025年第1四半期",
        "land_type_name_ja": "中古マンション等",
        "price_information_category_name_ja": "成約価格情報",
        "prefecture_name_ja": "東京都",
        "city_code": "13117",
        "city_name_ja": "北区",
        "district_code": "131170040",
        "district_name_ja": "赤羽西",
        "use_category_name_ja": "",
        "u_transaction_price_total_ja": "2,800万円",
        "u_transaction_price_unit_price_square_meter_ja": "",
        "u_unit_price_per_tsubo_ja": "",
        "u_area_ja": "30㎡",
        "land_shape_name_ja": "",
        "u_land_frontage_ja": "",
        "building_use_name_ja": "",
        "building_structure_name_ja": "ＲＣ",
        "floor_plan_name_ja": "１Ｋ",
        "u_building_total_floor_area_ja": "",
        "u_construction_year_ja": "2018年",
        "front_road_azimuth_name_ja": "",
        "u_front_road_width_ja": "",
        "front_road_type_name_ja": "",
        "land_use_name_ja": "近隣商業地域",
        "u_building_coverage_ratio_ja": "",
        "u_floor_area_ratio_ja": "",
        "remark_name_ja": "",
        "future_use_purpose_name_ja": "",
        "remark_renovation_name_ja": ""
      }
    },
    {
      "type": "Feature",
      "geometry": {
        "type": "Point",
        "coordinates": [
          139.72100973129272,
          35.77781001831596
        ]
      },
      "properties": {
        "point_in_time_name_ja": "2025年第1四半期",
        "land_type_name_ja": "中古マンション等",
        "price_information_category_name_ja": "成約価格情報",
        "prefecture_name_ja": "東京都",
        "city_code": "13117",
        "city_name_ja": "北区",
        "district_code": "131170060",
        "district_name_ja": "岩淵町",
        "use_category_name_ja": "",
        "u_transaction_price_total_ja": "7,300万円",
        "u_transaction_price_unit_price_square_meter_ja": "",
        "u_unit_price_per_tsubo_ja": "",
        "u_area_ja": "75㎡",
        "land_shape_name_ja": "",
        "u_land_frontage_ja": "",
        "building_use_name_ja": "",
        "building_structure_name_ja": "ＲＣ",
        "floor_plan_name_ja": "３ＬＤＫ",
        "u_building_total_floor_area_ja": "",
        "u_construction_year_ja": "2012年",
        "front_road_azimuth_name_ja": "",
        "u_front_road_width_ja": "",
        "front_road_type_name_ja": "",
        "land_use_name_ja": "商業地域",
        "u_building_coverage_ratio_ja": "",
        "u_floor_area_ratio_ja": "",
        "remark_name_ja": "",
        "future_use_purpose_name_ja": "",
        "remark_renovation_name_ja": ""
      }
    },
    {
      "type": "Feature",
      "geometry": {
        "type": "Point",
        "coordinates": [
          139.72100973129272,
          35.77781001831596
        ]
      },
      "properties": {
        "point_in_time_name_ja": "2025年第1四半期",
        "land_type_name_ja": "中古マンション等",
        "price_information_category_name_ja": "成約価格情報",
        "prefecture_name_ja": "東京都",
        "city_code": "13117",
        "city_name_ja": "北区",
        "district_code": "131170060",
        "district_name_ja": "岩淵町",
        "use_category_name_ja": "",
        "u_transaction_price_total_ja": "2,200万円",
        "u_transaction_price_unit_price_square_meter_ja": "",
        "u_unit_price_per_tsubo_ja": "",
        "u_area_ja": "30㎡",
        "land_shape_name_ja": "",
        "u_land_frontage_ja": "",
        "building_use_name_ja": "",
        "building_structure_name_ja": "ＲＣ",
        "floor_plan_name_ja": "１Ｋ",
        "u_building_total_floor_area_ja": "",
        "u_construction_year_ja": "2012年",
        "front_road_azimuth_name_ja": "",
        "u_front_road_width_ja": "",
        "front_road_type_name_ja": "",
        "land_use_name_ja": "商業地域",
        "u_building_coverage_ratio_ja": "",
        "u_floor_area_ratio_ja": "",
        "remark_name_ja": "",
        "future_use_purpose_name_ja": "",
        "remark_renovation_name_ja": ""
      }
    },
    {
      "type": "Feature",
      "geometry": {
        "type": "Point",
        "coordinates": [
          139.72100973129272,
          35.77781001831596
        ]
      },
      "properties": {
        "point_in_time_name_ja": "2025年第2四半期",
        "land_type_name_ja": "中古マンション等",
        "price_information_category_name_ja": "成約価格情報",
        "prefecture_name_ja": "東京都",
        "city_code": "13117",
        "city_name_ja": "北区",
        "district_code": "131170040",
        "district_name_ja": "赤羽西",
        "use_category_name_ja": "",
        "u_transaction_price_total_ja": "7,800万円",
        "u_transaction_price_unit_price_square_meter_ja": "",
        "u_unit_price_per_tsubo_ja": "",
        "u_area_ja": "80㎡",
        "land_shape_name_ja": "",
        "u_land_frontage_ja": "",
        "building_use_name_ja": "",
        "building_structure_name_ja": "ＳＲＣ",
        "floor_plan_name_ja": "３ＬＤＫ＋Ｓ",
        "u_building_total_floor_area_ja": "",
        "u_construction_year_ja": "1986年",
        "front_road_azimuth_name_ja": "",
        "u_front_road_width_ja": "",
        "front_road_type_name_ja": "",
        "land_use_name_ja": "商業地域",
        "u_building_coverage_ratio_ja": "",
        "u_floor_area_ratio_ja": "",
        "remark_name_ja": "",
        "future_use_purpose_name_ja": "",
        "remark_renovation_name_ja": ""
      }
    },
    {
      "type": "Feature",
      "geometry": {
        "type": "Point",
        "coordinates": [
          139.72100973129272,
          35.77781001831596
        ]
      },
      "properties": {
        "point_in_time_name_ja": "2025年第2四半期",
        "land_type_name_ja": "中古マンション等",
        "price_information_category_name_ja": "成約価格情報",
        "prefecture_name_ja": "東京都",
        "city_code": "13117",
        "city_name_ja": "北区",
        "district_code": "131170040",
        "district_name_ja": "赤羽西",
        "use_category_name_ja": "",
        "u_transaction_price_total_ja": "12,000万円",
        "u_transaction_price_unit_price_square_meter_ja": "",
        "u_unit_price_per_tsubo_ja": "",
        "u_area_ja": "130㎡",
        "land_shape_name_ja": "",
        "u_land_frontage_ja": "",
        "building_use_name_ja": "",
        "building_structure_name_ja": "ＲＣ",
        "floor_plan_name_ja": "４ＬＤＫ＋Ｓ",
        "u_building_total_floor_area_ja": "",
        "u_construction_year_ja": "1995年",
        "front_road_azimuth_name_ja": "",
        "u_front_road_width_ja": "",
        "front_road_type_name_ja": "",
        "land_use_name_ja": "商業地域",
        "u_building_coverage_ratio_ja": "",
        "u_floor_area_ratio_ja": "",
        "remark_name_ja": "",
        "future_use_purpose_name_ja": "",
        "remark_renovation_name_ja": ""
      }
    },
    {
      "type": "Feature",
      "geometry": {
        "type": "Point",
        "coordinates": [
          139.72100973129272,
          35.77781001831596
        ]
      },
      "properties": {
        "point_in_time_name_ja": "2025年第2四半期",
        "land_type_name_ja": "中古マンション等",
        "price_information_category_name_ja": "成約価格情報",
        "prefecture_name_ja": "東京都",
        "city_code": "13117",
        "city_name_ja": "北区",
        "district_code": "131170040",
        "district_name_ja": "赤羽西",
        "use_category_name_ja": "",
        "u_transaction_price_total_ja": "6,200万円",
        "u_transaction_price_unit_price_square_meter_ja": "",
        "u_unit_price_per_tsubo_ja": "",
        "u_area_ja": "45㎡",
        "land_shape_name_ja": "",
        "u_land_frontage_ja": "",
        "building_use_name_ja": "",
        "building_structure_name_ja": "ＲＣ",
        "floor_plan_name_ja": "１ＬＤＫ",
        "u_building_total_floor_area_ja": "",
        "u_construction_year_ja": "2023年",
        "front_road_azimuth_name_ja": "",
        "u_front_road_width_ja": "",
        "front_road_type_name_ja": "",
        "land_use_name_ja": "商業地域",
        "u_building_coverage_ratio_ja": "",
        "u_floor_area_ratio_ja": "",
        "remark_name_ja": "",
        "future_use_purpose_name_ja": "",
        "remark_renovation_name_ja": ""
      }
    },
    {
      "type": "Feature",
      "geometry": {
        "type": "Point",
        "coordinates": [
          139.72100973129272,
          35.77781001831596
        ]
      },
      "properties": {
        "point_in_time_name_ja": "2025年第2四半期",
        "land_type_name_ja": "中古マンション等",
        "price_information_category_name_ja": "成約価格情報",
        "prefecture_name_ja": "東京都",
        "city_code": "13117",
        "city_name_ja": "北区",
        "district_code": "131170060",
        "district_name_ja": "岩淵町",
        "use_category_name_ja": "",
        "u_transaction_price_total_ja": "4,900万円",
        "u_transaction_price_unit_price_square_meter_ja": "",
        "u_unit_price_per_tsubo_ja": "",
        "u_area_ja": "75㎡",
        "land_shape_name_ja": "",
        "u_land_frontage_ja": "",
        "building_use_name_ja": "",
        "building_structure_name_ja": "ＳＲＣ",
        "floor_plan_name_ja": "１ＬＤＫ",
        "u_building_total_floor_area_ja": "",
        "u_construction_year_ja": "2006年",
        "front_road_azimuth_name_ja": "",
        "u_front_road_width_ja": "",
        "front_road_type_name_ja": "",
        "land_use_name_ja": "商業地域",
        "u_building_coverage_ratio_ja": "",
        "u_floor_area_ratio_ja": "",
        "remark_name_ja": "",
        "future_use_purpose_name_ja": "",
        "remark_renovation_name_ja": ""
      }
    },
    {
      "type": "Feature",
      "geometry": {
        "type": "Point",
        "coordinates": [
          139.72100973129272,
          35.77781001831596
        ]
      },
      "properties": {
        "point_in_time_name_ja": "2025年第3四半期",
        "land_type_name_ja": "中古マンション等",
        "price_information_category_name_ja": "成約価格情報",
        "prefecture_name_ja": "東京都",
        "city_code": "13117",
        "city_name_ja": "北区",
        "district_code": "131170040",
        "district_name_ja": "赤羽西",
        "use_category_name_ja": "",
        "u_transaction_price_total_ja": "2,100万円",
        "u_transaction_price_unit_price_square_meter_ja": "",
        "u_unit_price_per_tsubo_ja": "",
        "u_area_ja": "30㎡",
        "land_shape_name_ja": "",
        "u_land_frontage_ja": "",
        "building_use_name_ja": "",
        "building_structure_name_ja": "ＳＲＣ",
        "floor_plan_name_ja": "１ＤＫ",
        "u_building_total_floor_area_ja": "",
        "u_construction_year_ja": "1997年",
        "front_road_azimuth_name_ja": "",
        "u_front_road_width_ja": "",
        "front_road_type_name_ja": "",
        "land_use_name_ja": "近隣商業地域",
        "u_building_coverage_ratio_ja": "",
        "u_floor_area_ratio_ja": "",
        "remark_name_ja": "",
        "future_use_purpose_name_ja": "",
        "remark_renovation_name_ja": ""
      }
    },
    {
      "type": "Feature",
      "geometry": {
        "type": "Point",
        "coordinates": [
          139.72100973129272,
          35.77781001831596
        ]
      },
      "properties": {
        "point_in_time_name_ja": "2025年第3四半期",
        "land_type_name_ja": "中古マンション等",
        "price_information_category_name_ja": "成約価格情報",
        "prefecture_name_ja": "東京都",
        "city_code": "13117",
        "city_name_ja": "北区",
        "district_code": "131170040",
        "district_name_ja": "赤羽西",
        "use_category_name_ja": "",
        "u_transaction_price_total_ja": "1,300万円",
        "u_transaction_price_unit_price_square_meter_ja": "",
        "u_unit_price_per_tsubo_ja": "",
        "u_area_ja": "20㎡",
        "land_shape_name_ja": "",
        "u_land_frontage_ja": "",
        "building_use_name_ja": "",
        "building_structure_name_ja": "ＲＣ",
        "floor_plan_name_ja": "１Ｋ",
        "u_building_total_floor_area_ja": "",
        "u_construction_year_ja": "1988年",
        "front_road_azimuth_name_ja": "",
        "u_front_road_width_ja": "",
        "front_road_type_name_ja": "",
        "land_use_name_ja": "第１種中高層住居専用地域",
        "u_building_coverage_ratio_ja": "",
        "u_floor_area_ratio_ja": "",
        "remark_name_ja": "",
        "future_use_purpose_name_ja": "",
        "remark_renovation_name_ja": ""
      }
    },
    {
      "type": "Feature",
      "geometry": {
        "type": "Point",
        "coordinates": [
          139.72100973129272,
          35.77781001831596
        ]
      },
      "properties": {
        "point_in_time_name_ja": "2025年第3四半期",
        "land_type_name_ja": "中古マンション等",
        "price_information_category_name_ja": "成約価格情報",
        "prefecture_name_ja": "東京都",
        "city_code": "13117",
        "city_name_ja": "北区",
        "district_code": "131170040",
        "district_name_ja": "赤羽西",
        "use_category_name_ja": "",
        "u_transaction_price_total_ja": "1,900万円",
        "u_transaction_price_unit_price_square_meter_ja": "",
        "u_unit_price_per_tsubo_ja": "",
        "u_area_ja": "35㎡",
        "land_shape_name_ja": "",
        "u_land_frontage_ja": "",
        "building_use_name_ja": "",
        "building_structure_name_ja": "ＲＣ",
        "floor_plan_name_ja": "１ＤＫ",
        "u_building_total_floor_area_ja": "",
        "u_construction_year_ja": "1988年",
        "front_road_azimuth_name_ja": "",
        "u_front_road_width_ja": "",
        "front_road_type_name_ja": "",
        "land_use_name_ja": "第１種中高層住居専用地域",
        "u_building_coverage_ratio_ja": "",
        "u_floor_area_ratio_ja": "",
        "remark_name_ja": "",
        "future_use_purpose_name_ja": "",
        "remark_renovation_name_ja": ""
      }
    },
    {
      "type": "Feature",
      "geometry": {
        "type": "Point",
        "coordinates": [
          139.72100973129272,
          35.77781001831596
        ]
      },
      "properties": {
        "point_in_time_name_ja": "2025年第3四半期",
        "land_type_name_ja": "中古マンション等",
        "price_information_category_name_ja": "成約価格情報",
        "prefecture_name_ja": "東京都",
        "city_code": "13117",
        "city_name_ja": "北区",
        "district_code": "131170040",
        "district_name_ja": "赤羽西",
        "use_category_name_ja": "",
        "u_transaction_price_total_ja": "6,700万円",
        "u_transaction_price_unit_price_square_meter_ja": "",
        "u_unit_price_per_tsubo_ja": "",
        "u_area_ja": "75㎡",
        "land_shape_name_ja": "",
        "u_land_frontage_ja": "",
        "building_use_name_ja": "",
        "building_structure_name_ja": "ＳＲＣ",
        "floor_plan_name_ja": "３ＬＤＫ",
        "u_building_total_floor_area_ja": "",
        "u_construction_year_ja": "1986年",
        "front_road_azimuth_name_ja": "",
        "u_front_road_width_ja": "",
        "front_road_type_name_ja": "",
        "land_use_name_ja": "商業地域",
        "u_building_coverage_ratio_ja": "",
        "u_floor_area_ratio_ja": "",
        "remark_name_ja": "",
        "future_use_purpose_name_ja": "",
        "remark_renovation_name_ja": ""
      }
    },
    {
      "type": "Feature",
      "geometry": {
        "type": "Point",
        "coordinates": [
          139.72100973129272,
          35.77781001831596
        ]
      },
      "properties": {
        "point_in_time_name_ja": "2025年第3四半期",
        "land_type_name_ja": "中古マンション等",
        "price_information_category_name_ja": "成約価格情報",
        "prefecture_name_ja": "東京都",
        "city_code": "13117",
        "city_name_ja": "北区",
        "district_code": "131170040",
        "district_name_ja": "赤羽西",
        "use_category_name_ja": "",
        "u_transaction_price_total_ja": "2,800万円",
        "u_transaction_price_unit_price_square_meter_ja": "",
        "u_unit_price_per_tsubo_ja": "",
        "u_area_ja": "40㎡",
        "land_shape_name_ja": "",
        "u_land_frontage_ja": "",
        "building_use_name_ja": "",
        "building_structure_name_ja": "ＲＣ",
        "floor_plan_name_ja": "１Ｒ",
        "u_building_total_floor_area_ja": "",
        "u_construction_year_ja": "1987年",
        "front_road_azimuth_name_ja": "",
        "u_front_road_width_ja": "",
        "front_road_type_name_ja": "",
        "land_use_name_ja": "第１種中高層住居専用地域",
        "u_building_coverage_ratio_ja": "",
        "u_floor_area_ratio_ja": "",
        "remark_name_ja": "",
        "future_use_purpose_name_ja": "",
        "remark_renovation_name_ja": ""
      }
    },
    {
      "type": "Feature",
      "geometry": {
        "type": "Point",
        "coordinates": [
          139.72100973129272,
          35.77781001831596
        ]
      },
      "properties": {
        "point_in_time_name_ja": "2025年第3四半期",
        "land_type_name_ja": "中古マンション等",
        "price_information_category_name_ja": "成約価格情報",
        "prefecture_name_ja": "東京都",
        "city_code": "13117",
        "city_name_ja": "北区",
        "district_code": "131170040",
        "district_name_ja": "赤羽西",
        "use_category_name_ja": "",
        "u_transaction_price_total_ja": "6,700万円",
        "u_transaction_price_unit_price_square_meter_ja": "",
        "u_unit_price_per_tsubo_ja": "",
        "u_area_ja": "45㎡",
        "land_shape_name_ja": "",
        "u_land_frontage_ja": "",
        "building_use_name_ja": "",
        "building_structure_name_ja": "ＲＣ",
        "floor_plan_name_ja": "１ＬＤＫ",
        "u_building_total_floor_area_ja": "",
        "u_construction_year_ja": "2023年",
        "front_road_azimuth_name_ja": "",
        "u_front_road_width_ja": "",
        "front_road_type_name_ja": "",
        "land_use_name_ja": "商業地域",
        "u_building_coverage_ratio_ja": "",
        "u_floor_area_ratio_ja": "",
        "remark_name_ja": "",
        "future_use_purpose_name_ja": "",
        "remark_renovation_name_ja": ""
      }
    },
    {
      "type": "Feature",
      "geometry": {
        "type": "Point",
        "coordinates": [
          139.72100973129272,
          35.77781001831596
        ]
      },
      "properties": {
        "point_in_time_name_ja": "2025年第3四半期",
        "land_type_name_ja": "中古マンション等",
        "price_information_category_name_ja": "成約価格情報",
        "prefecture_name_ja": "東京都",
        "city_code": "13117",
        "city_name_ja": "北区",
        "district_code": "131170120",
        "district_name_ja": "神谷",
        "use_category_name_ja": "",
        "u_transaction_price_total_ja": "11,000万円",
        "u_transaction_price_unit_price_square_meter_ja": "",
        "u_unit_price_per_tsubo_ja": "",
        "u_area_ja": "70㎡",
        "land_shape_name_ja": "",
        "u_land_frontage_ja": "",
        "building_use_name_ja": "",
        "building_structure_name_ja": "ＲＣ",
        "floor_plan_name_ja": "３ＬＤＫ",
        "u_building_total_floor_area_ja": "",
        "u_construction_year_ja": "2023年",
        "front_road_azimuth_name_ja": "",
        "u_front_road_width_ja": "",
        "front_road_type_name_ja": "",
        "land_use_name_ja": "準工業地域",
        "u_building_coverage_ratio_ja": "",
        "u_floor_area_ratio_ja": "",
        "remark_name_ja": "",
        "future_use_purpose_name_ja": "",
        "remark_renovation_name_ja": ""
      }
    },
    {
      "type": "Feature",
      "geometry": {
        "type": "Point",
        "coordinates": [
          139.72100973129272,
          35.77781001831596
        ]
      },
      "properties": {
        "point_in_time_name_ja": "2025年第4四半期",
        "land_type_name_ja": "中古マンション等",
        "price_information_category_name_ja": "成約価格情報",
        "prefecture_name_ja": "東京都",
        "city_code": "13117",
        "city_name_ja": "北区",
        "district_code": "131170040",
        "district_name_ja": "赤羽西",
        "use_category_name_ja": "",
        "u_transaction_price_total_ja": "5,600万円",
        "u_transaction_price_unit_price_square_meter_ja": "",
        "u_unit_price_per_tsubo_ja": "",
        "u_area_ja": "60㎡",
        "land_shape_name_ja": "",
        "u_land_frontage_ja": "",
        "building_use_name_ja": "",
        "building_structure_name_ja": "ＲＣ",
        "floor_plan_name_ja": "２ＬＤＫ",
        "u_building_total_floor_area_ja": "",
        "u_construction_year_ja": "2018年",
        "front_road_azimuth_name_ja": "",
        "u_front_road_width_ja": "",
        "front_road_type_name_ja": "",
        "land_use_name_ja": "第１種中高層住居専用地域",
        "u_building_coverage_ratio_ja": "",
        "u_floor_area_ratio_ja": "",
        "remark_name_ja": "",
        "future_use_purpose_name_ja": "",
        "remark_renovation_name_ja": ""
      }
    },
    {
      "type": "Feature",
      "geometry": {
        "type": "Point",
        "coordinates": [
          139.72100973129272,
          35.77781001831596
        ]
      },
      "properties": {
        "point_in_time_name_ja": "2025年第4四半期",
        "land_type_name_ja": "中古マンション等",
        "price_information_category_name_ja": "成約価格情報",
        "prefecture_name_ja": "東京都",
        "city_code": "13117",
        "city_name_ja": "北区",
        "district_code": "131170040",
        "district_name_ja": "赤羽西",
        "use_category_name_ja": "",
        "u_transaction_price_total_ja": "6,000万円",
        "u_transaction_price_unit_price_square_meter_ja": "",
        "u_unit_price_per_tsubo_ja": "",
        "u_area_ja": "40㎡",
        "land_shape_name_ja": "",
        "u_land_frontage_ja": "",
        "building_use_name_ja": "",
        "building_structure_name_ja": "ＲＣ",
        "floor_plan_name_ja": "１ＬＤＫ",
        "u_building_total_floor_area_ja": "",
        "u_construction_year_ja": "2023年",
        "front_road_azimuth_name_ja": "",
        "u_front_road_width_ja": "",
        "front_road_type_name_ja": "",
        "land_use_name_ja": "商業地域",
        "u_building_coverage_ratio_ja": "",
        "u_floor_area_ratio_ja": "",
        "remark_name_ja": "",
        "future_use_purpose_name_ja": "",
        "remark_renovation_name_ja": ""
      }
    },
    {
      "type": "Feature",
      "geometry": {
        "type": "Point",
        "coordinates": [
          139.72100973129272,
          35.77781001831596
        ]
      },
      "properties": {
        "point_in_time_name_ja": "2025年第4四半期",
        "land_type_name_ja": "中古マンション等",
        "price_information_category_name_ja": "成約価格情報",
        "prefecture_name_ja": "東京都",
        "city_code": "13117",
        "city_name_ja": "北区",
        "district_code": "131170040",
        "district_name_ja": "赤羽西",
        "use_category_name_ja": "",
        "u_transaction_price_total_ja": "6,400万円",
        "u_transaction_price_unit_price_square_meter_ja": "",
        "u_unit_price_per_tsubo_ja": "",
        "u_area_ja": "45㎡",
        "land_shape_name_ja": "",
        "u_land_frontage_ja": "",
        "building_use_name_ja": "",
        "building_structure_name_ja": "ＲＣ",
        "floor_plan_name_ja": "１ＬＤＫ",
        "u_building_total_floor_area_ja": "",
        "u_construction_year_ja": "2023年",
        "front_road_azimuth_name_ja": "",
        "u_front_road_width_ja": "",
        "front_road_type_name_ja": "",
        "land_use_name_ja": "商業地域",
        "u_building_coverage_ratio_ja": "",
        "u_floor_area_ratio_ja": "",
        "remark_name_ja": "",
        "future_use_purpose_name_ja": "",
        "remark_renovation_name_ja": ""
      }
    },
    {
      "type": "Feature",
      "geometry": {
        "type": "Point",
        "coordinates": [
          139.72100973129272,
          35.77781001831596
        ]
      },
      "properties": {
        "point_in_time_name_ja": "2025年第4四半期",
        "land_type_name_ja": "中古マンション等",
        "price_information_category_name_ja": "成約価格情報",
        "prefecture_name_ja": "東京都",
        "city_code": "13117",
        "city_name_ja": "北区",
        "district_code": "131170040",
        "district_name_ja": "赤羽西",
        "use_category_name_ja": "",
        "u_transaction_price_total_ja": "6,200万円",
        "u_transaction_price_unit_price_square_meter_ja": "",
        "u_unit_price_per_tsubo_ja": "",
        "u_area_ja": "70㎡",
        "land_shape_name_ja": "",
        "u_land_frontage_ja": "",
        "building_use_name_ja": "",
        "building_structure_name_ja": "ＳＲＣ",
        "floor_plan_name_ja": "２ＬＤＫ",
        "u_building_total_floor_area_ja": "",
        "u_construction_year_ja": "1997年",
        "front_road_azimuth_name_ja": "",
        "u_front_road_width_ja": "",
        "front_road_type_name_ja": "",
        "land_use_name_ja": "近隣商業地域",
        "u_building_coverage_ratio_ja": "",
        "u_floor_area_ratio_ja": "",
        "remark_name_ja": "",
        "future_use_purpose_name_ja": "",
        "remark_renovation_name_ja": ""
      }
    },
    {
      "type": "Feature",
      "geometry": {
        "type": "Point",
        "coordinates": [
          139.72100973129272,
          35.77781001831596
        ]
      },
      "properties": {
        "point_in_time_name_ja": "2025年第4四半期",
        "land_type_name_ja": "中古マンション等",
        "price_information_category_name_ja": "成約価格情報",
        "prefecture_name_ja": "東京都",
        "city_code": "13117",
        "city_name_ja": "北区",
        "district_code": "131170040",
        "district_name_ja": "赤羽西",
        "use_category_name_ja": "",
        "u_transaction_price_total_ja": "7,500万円",
        "u_transaction_price_unit_price_square_meter_ja": "",
        "u_unit_price_per_tsubo_ja": "",
        "u_area_ja": "75㎡",
        "land_shape_name_ja": "",
        "u_land_frontage_ja": "",
        "building_use_name_ja": "",
        "building_structure_name_ja": "ＲＣ",
        "floor_plan_name_ja": "３ＬＤＫ",
        "u_building_total_floor_area_ja": "",
        "u_construction_year_ja": "1999年",
        "front_road_azimuth_name_ja": "",
        "u_front_road_width_ja": "",
        "front_road_type_name_ja": "",
        "land_use_name_ja": "商業地域",
        "u_building_coverage_ratio_ja": "",
        "u_floor_area_ratio_ja": "",
        "remark_name_ja": "",
        "future_use_purpose_name_ja": "",
        "remark_renovation_name_ja": ""
      }
    },
    {
      "type": "Feature",
      "geometry": {
        "type": "Point",
        "coordinates": [
          139.72100973129272,
          35.77781001831596
        ]
      },
      "properties": {
        "point_in_time_name_ja": "2025年第4四半期",
        "land_type_name_ja": "中古マンション等",
        "price_information_category_name_ja": "成約価格情報",
        "prefecture_name_ja": "東京都",
        "city_code": "13117",
        "city_name_ja": "北区",
        "district_code": "131170120",
        "district_name_ja": "神谷",
        "use_category_name_ja": "",
        "u_transaction_price_total_ja": "6,800万円",
        "u_transaction_price_unit_price_square_meter_ja": "",
        "u_unit_price_per_tsubo_ja": "",
        "u_area_ja": "65㎡",
        "land_shape_name_ja": "",
        "u_land_frontage_ja": "",
        "building_use_name_ja": "",
        "building_structure_name_ja": "ＲＣ",
        "floor_plan_name_ja": "３ＬＤＫ",
        "u_building_total_floor_area_ja": "",
        "u_construction_year_ja": "2006年",
        "front_road_azimuth_name_ja": "",
        "u_front_road_width_ja": "",
        "front_road_type_name_ja": "",
        "land_use_name_ja": "準工業地域",
        "u_building_coverage_ratio_ja": "",
        "u_floor_area_ratio_ja": "",
        "remark_name_ja": "",
        "future_use_purpose_name_ja": "",
        "remark_renovation_name_ja": ""
      }
    },
    {
      "type": "Feature",
      "geometry": {
        "type": "Point",
        "coordinates": [
          139.72100973129272,
          35.77781001831596
        ]
      },
      "properties": {
        "point_in_time_name_ja": "2025年第4四半期",
        "land_type_name_ja": "中古マンション等",
        "price_information_category_name_ja": "成約価格情報",
        "prefecture_name_ja": "東京都",
        "city_code": "13117",
        "city_name_ja": "北区",
        "district_code": "131170120",
        "district_name_ja": "神谷",
        "use_category_name_ja": "",
        "u_transaction_price_total_ja": "10,000万円",
        "u_transaction_price_unit_price_square_meter_ja": "",
        "u_unit_price_per_tsubo_ja": "",
        "u_area_ja": "70㎡",
        "land_shape_name_ja": "",
        "u_land_frontage_ja": "",
        "building_use_name_ja": "",
        "building_structure_name_ja": "ＲＣ",
        "floor_plan_name_ja": "１ＬＤＫ＋Ｓ",
        "u_building_total_floor_area_ja": "",
        "u_construction_year_ja": "2023年",
        "front_road_azimuth_name_ja": "",
        "u_front_road_width_ja": "",
        "front_road_type_name_ja": "",
        "land_use_name_ja": "準工業地域",
        "u_building_coverage_ratio_ja": "",
        "u_floor_area_ratio_ja": "",
        "remark_name_ja": "",
        "future_use_purpose_name_ja": "",
        "remark_renovation_name_ja": ""
      }
    },
    {
      "type": "Feature",
      "geometry": {
        "type": "Point",
        "coordinates": [
          139.70236837863922,
          35.76861785110363
        ]
      },
      "properties": {
        "point_in_time_name_ja": "2025年第1四半期",
        "land_type_name_ja": "中古マンション等",
        "price_information_category_name_ja": "成約価格情報",
        "prefecture_name_ja": "東京都",
        "city_code": "13117",
        "city_name_ja": "北区",
        "district_code": "131170040",
        "district_name_ja": "赤羽西",
        "use_category_name_ja": "",
        "u_transaction_price_total_ja": "2,100万円",
        "u_transaction_price_unit_price_square_meter_ja": "",
        "u_unit_price_per_tsubo_ja": "",
        "u_area_ja": "45㎡",
        "land_shape_name_ja": "",
        "u_land_frontage_ja": "",
        "building_use_name_ja": "",
        "building_structure_name_ja": "ＲＣ",
        "floor_plan_name_ja": "２ＤＫ",
        "u_building_total_floor_area_ja": "",
        "u_construction_year_ja": "1987年",
        "front_road_azimuth_name_ja": "",
        "u_front_road_width_ja": "",
        "front_road_type_name_ja": "",
        "land_use_name_ja": "準工業地域",
        "u_building_coverage_ratio_ja": "",
        "u_floor_area_ratio_ja": "",
        "remark_name_ja": "",
        "future_use_purpose_name_ja": "",
        "remark_renovation_name_ja": ""
      }
    },
    {
      "type": "Feature",
      "geometry": {
        "type": "Point",
        "coordinates": [
          139.70236837863922,
          35.76861785110363
        ]
      },
      "properties": {
        "point_in_time_name_ja": "2025年第1四半期",
        "land_type_name_ja": "中古マンション等",
        "price_information_category_name_ja": "成約価格情報",
        "prefecture_name_ja": "東京都",
        "city_code": "13117",
        "city_name_ja": "北区",
        "district_code": "131170040",
        "district_name_ja": "赤羽西",
        "use_category_name_ja": "",
        "u_transaction_price_total_ja": "6,900万円",
        "u_transaction_price_unit_price_square_meter_ja": "",
        "u_unit_price_per_tsubo_ja": "",
        "u_area_ja": "70㎡",
        "land_shape_name_ja": "",
        "u_land_frontage_ja": "",
        "building_use_name_ja": "",
        "building_structure_name_ja": "ＲＣ",
        "floor_plan_name_ja": "３ＬＤＫ",
        "u_building_total_floor_area_ja": "",
        "u_construction_year_ja": "2016年",
        "front_road_azimuth_name_ja": "",
        "u_front_road_width_ja": "",
        "front_road_type_name_ja": "",
        "land_use_name_ja": "準工業地域",
        "u_building_coverage_ratio_ja": "",
        "u_floor_area_ratio_ja": "",
        "remark_name_ja": "",
        "future_use_purpose_name_ja": "",
        "remark_renovation_name_ja": ""
      }
    },
    {
      "type": "Feature",
      "geometry": {
        "type": "Point",
        "coordinates": [
          139.70236837863922,
          35.76861785110363
        ]
      },
      "properties": {
        "point_in_time_name_ja": "2025年第1四半期",
        "land_type_name_ja": "中古マンション等",
        "price_information_category_name_ja": "成約価格情報",
        "prefecture_name_ja": "東京都",
        "city_code": "13117",
        "city_name_ja": "北区",
        "district_code": "131170040",
        "district_name_ja": "赤羽西",
        "use_category_name_ja": "",
        "u_transaction_price_total_ja": "2,100万円",
        "u_transaction_price_unit_price_square_meter_ja": "",
        "u_unit_price_per_tsubo_ja": "",
        "u_area_ja": "30㎡",
        "land_shape_name_ja": "",
        "u_land_frontage_ja": "",
        "building_use_name_ja": "",
        "building_structure_name_ja": "ＲＣ",
        "floor_plan_name_ja": "１Ｋ",
        "u_building_total_floor_area_ja": "",
        "u_construction_year_ja": "2016年",
        "front_road_azimuth_name_ja": "",
        "u_front_road_width_ja": "",
        "front_road_type_name_ja": "",
        "land_use_name_ja": "準工業地域",
        "u_building_coverage_ratio_ja": "",
        "u_floor_area_ratio_ja": "",
        "remark_name_ja": "",
        "future_use_purpose_name_ja": "",
        "remark_renovation_name_ja": ""
      }
    },
    {
      "type": "Feature",
      "geometry": {
        "type": "Point",
        "coordinates": [
          139.70236837863922,
          35.76861785110363
        ]
      },
      "properties": {
        "point_in_time_name_ja": "2025年第2四半期",
        "land_type_name_ja": "中古マンション等",
        "price_information_category_name_ja": "成約価格情報",
        "prefecture_name_ja": "東京都",
        "city_code": "13117",
        "city_name_ja": "北区",
        "district_code": "131170040",
        "district_name_ja": "赤羽西",
        "use_category_name_ja": "",
        "u_transaction_price_total_ja": "7,300万円",
        "u_transaction_price_unit_price_square_meter_ja": "",
        "u_unit_price_per_tsubo_ja": "",
        "u_area_ja": "75㎡",
        "land_shape_name_ja": "",
        "u_land_frontage_ja": "",
        "building_use_name_ja": "",
        "building_structure_name_ja": "ＲＣ",
        "floor_plan_name_ja": "２ＬＤＫ＋Ｓ",
        "u_building_total_floor_area_ja": "",
        "u_construction_year_ja": "2016年",
        "front_road_azimuth_name_ja": "",
        "u_front_road_width_ja": "",
        "front_road_type_name_ja": "",
        "land_use_name_ja": "準工業地域",
        "u_building_coverage_ratio_ja": "",
        "u_floor_area_ratio_ja": "",
        "remark_name_ja": "",
        "future_use_purpose_name_ja": "",
        "remark_renovation_name_ja": ""
      }
    },
    {
      "type": "Feature",
      "geometry": {
        "type": "Point",
        "coordinates": [
          139.70236837863922,
          35.76861785110363
        ]
      },
      "properties": {
        "point_in_time_name_ja": "2025年第2四半期",
        "land_type_name_ja": "中古マンション等",
        "price_information_category_name_ja": "成約価格情報",
        "prefecture_name_ja": "東京都",
        "city_code": "13117",
        "city_name_ja": "北区",
        "district_code": "131170040",
        "district_name_ja": "赤羽西",
        "use_category_name_ja": "",
        "u_transaction_price_total_ja": "7,000万円",
        "u_transaction_price_unit_price_square_meter_ja": "",
        "u_unit_price_per_tsubo_ja": "",
        "u_area_ja": "70㎡",
        "land_shape_name_ja": "",
        "u_land_frontage_ja": "",
        "building_use_name_ja": "",
        "building_structure_name_ja": "ＲＣ",
        "floor_plan_name_ja": "３ＬＤＫ",
        "u_building_total_floor_area_ja": "",
        "u_construction_year_ja": "2016年",
        "front_road_azimuth_name_ja": "",
        "u_front_road_width_ja": "",
        "front_road_type_name_ja": "",
        "land_use_name_ja": "準工業地域",
        "u_building_coverage_ratio_ja": "",
        "u_floor_area_ratio_ja": "",
        "remark_name_ja": "",
        "future_use_purpose_name_ja": "",
        "remark_renovation_name_ja": ""
      }
    },
    {
      "type": "Feature",
      "geometry": {
        "type": "Point",
        "coordinates": [
          139.70236837863922,
          35.76861785110363
        ]
      },
      "properties": {
        "point_in_time_name_ja": "2025年第3四半期",
        "land_type_name_ja": "中古マンション等",
        "price_information_category_name_ja": "成約価格情報",
        "prefecture_name_ja": "東京都",
        "city_code": "13117",
        "city_name_ja": "北区",
        "district_code": "131170040",
        "district_name_ja": "赤羽西",
        "use_category_name_ja": "",
        "u_transaction_price_total_ja": "950万円",
        "u_transaction_price_unit_price_square_meter_ja": "",
        "u_unit_price_per_tsubo_ja": "",
        "u_area_ja": "35㎡",
        "land_shape_name_ja": "",
        "u_land_frontage_ja": "",
        "building_use_name_ja": "",
        "building_structure_name_ja": "ブロック造",
        "floor_plan_name_ja": "２Ｋ",
        "u_building_total_floor_area_ja": "",
        "u_construction_year_ja": "1975年",
        "front_road_azimuth_name_ja": "",
        "u_front_road_width_ja": "",
        "front_road_type_name_ja": "",
        "land_use_name_ja": "商業地域",
        "u_building_coverage_ratio_ja": "",
        "u_floor_area_ratio_ja": "",
        "remark_name_ja": "",
        "future_use_purpose_name_ja": "",
        "remark_renovation_name_ja": ""
      }
    },
    {
      "type": "Feature",
      "geometry": {
        "type": "Point",
        "coordinates": [
          139.70236837863922,
          35.76861785110363
        ]
      },
      "properties": {
        "point_in_time_name_ja": "2025年第3四半期",
        "land_type_name_ja": "中古マンション等",
        "price_information_category_name_ja": "成約価格情報",
        "prefecture_name_ja": "東京都",
        "city_code": "13117",
        "city_name_ja": "北区",
        "district_code": "131170040",
        "district_name_ja": "赤羽西",
        "use_category_name_ja": "",
        "u_transaction_price_total_ja": "1,100万円",
        "u_transaction_price_unit_price_square_meter_ja": "",
        "u_unit_price_per_tsubo_ja": "",
        "u_area_ja": "25㎡",
        "land_shape_name_ja": "",
        "u_land_frontage_ja": "",
        "building_use_name_ja": "",
        "building_structure_name_ja": "ＲＣ",
        "floor_plan_name_ja": "１Ｋ",
        "u_building_total_floor_area_ja": "",
        "u_construction_year_ja": "1991年",
        "front_road_azimuth_name_ja": "",
        "u_front_road_width_ja": "",
        "front_road_type_name_ja": "",
        "land_use_name_ja": "近隣商業地域",
        "u_building_coverage_ratio_ja": "",
        "u_floor_area_ratio_ja": "",
        "remark_name_ja": "",
        "future_use_purpose_name_ja": "",
        "remark_renovation_name_ja": ""
      }
    },
    {
      "type": "Feature",
      "geometry": {
        "type": "Point",
        "coordinates": [
          139.70236837863922,
          35.76861785110363
        ]
      },
      "properties": {
        "point_in_time_name_ja": "2025年第3四半期",
        "land_type_name_ja": "中古マンション等",
        "price_information_category_name_ja": "成約価格情報",
        "prefecture_name_ja": "東京都",
        "city_code": "13117",
        "city_name_ja": "北区",
        "district_code": "131170040",
        "district_name_ja": "赤羽西",
        "use_category_name_ja": "",
        "u_transaction_price_total_ja": "7,700万円",
        "u_transaction_price_unit_price_square_meter_ja": "",
        "u_unit_price_per_tsubo_ja": "",
        "u_area_ja": "75㎡",
        "land_shape_name_ja": "",
        "u_land_frontage_ja": "",
        "building_use_name_ja": "",
        "building_structure_name_ja": "ＲＣ",
        "floor_plan_name_ja": "３ＬＤＫ",
        "u_building_total_floor_area_ja": "",
        "u_construction_year_ja": "2016年",
        "front_road_azimuth_name_ja": "",
        "u_front_road_width_ja": "",
        "front_road_type_name_ja": "",
        "land_use_name_ja": "準工業地域",
        "u_building_coverage_ratio_ja": "",
        "u_floor_area_ratio_ja": "",
        "remark_name_ja": "",
        "future_use_purpose_name_ja": "",
        "remark_renovation_name_ja": ""
      }
    },
    {
      "type": "Feature",
      "geometry": {
        "type": "Point",
        "coordinates": [
          139.70236837863922,
          35.76861785110363
        ]
      },
      "properties": {
        "point_in_time_name_ja": "2025年第4四半期",
        "land_type_name_ja": "中古マンション等",
        "price_information_category_name_ja": "成約価格情報",
        "prefecture_name_ja": "東京都",
        "city_code": "13117",
        "city_name_ja": "北区",
        "district_code": "131170040",
        "district_name_ja": "赤羽西",
        "use_category_name_ja": "",
        "u_transaction_price_total_ja": "6,000万円",
        "u_transaction_price_unit_price_square_meter_ja": "",
        "u_unit_price_per_tsubo_ja": "",
        "u_area_ja": "80㎡",
        "land_shape_name_ja": "",
        "u_land_frontage_ja": "",
        "building_use_name_ja": "",
        "building_structure_name_ja": "ＳＲＣ",
        "floor_plan_name_ja": "３ＬＤＫ＋Ｓ",
        "u_building_total_floor_area_ja": "",
        "u_construction_year_ja": "2000年",
        "front_road_azimuth_name_ja": "",
        "u_front_road_width_ja": "",
        "front_road_type_name_ja": "",
        "land_use_name_ja": "準工業地域",
        "u_building_coverage_ratio_ja": "",
        "u_floor_area_ratio_ja": "",
        "remark_name_ja": "",
        "future_use_purpose_name_ja": "",
        "remark_renovation_name_ja": ""
      }
    },
    {
      "type": "Feature",
      "geometry": {
        "type": "Point",
        "coordinates": [
          139.70236837863922,
          35.76861785110363
        ]
      },
      "properties": {
        "point_in_time_name_ja": "2025年第4四半期",
        "land_type_name_ja": "中古マンション等",
        "price_information_category_name_ja": "成約価格情報",
        "prefecture_name_ja": "東京都",
        "city_code": "13117",
        "city_name_ja": "北区",
        "district_code": "131170040",
        "district_name_ja": "赤羽西",
        "use_category_name_ja": "",
        "u_transaction_price_total_ja": "2,100万円",
        "u_transaction_price_unit_price_square_meter_ja": "",
        "u_unit_price_per_tsubo_ja": "",
        "u_area_ja": "55㎡",
        "land_shape_name_ja": "",
        "u_land_frontage_ja": "",
        "building_use_name_ja": "",
        "building_structure_name_ja": "ＳＲＣ",
        "floor_plan_name_ja": "３ＤＫ",
        "u_building_total_floor_area_ja": "",
        "u_construction_year_ja": "1982年",
        "front_road_azimuth_name_ja": "",
        "u_front_road_width_ja": "",
        "front_road_type_name_ja": "",
        "land_use_name_ja": "準工業地域",
        "u_building_coverage_ratio_ja": "",
        "u_floor_area_ratio_ja": "",
        "remark_name_ja": "",
        "future_use_purpose_name_ja": "",
        "remark_renovation_name_ja": ""
      }
    },
    {
      "type": "Feature",
      "geometry": {
        "type": "Point",
        "coordinates": [
          139.70236837863922,
          35.76861785110363
        ]
      },
      "properties": {
        "point_in_time_name_ja": "2025年第4四半期",
        "land_type_name_ja": "中古マンション等",
        "price_information_category_name_ja": "成約価格情報",
        "prefecture_name_ja": "東京都",
        "city_code": "13117",
        "city_name_ja": "北区",
        "district_code": "131170040",
        "district_name_ja": "赤羽西",
        "use_category_name_ja": "",
        "u_transaction_price_total_ja": "2,700万円",
        "u_transaction_price_unit_price_square_meter_ja": "",
        "u_unit_price_per_tsubo_ja": "",
        "u_area_ja": "55㎡",
        "land_shape_name_ja": "",
        "u_land_frontage_ja": "",
        "building_use_name_ja": "",
        "building_structure_name_ja": "ＲＣ",
        "floor_plan_name_ja": "２ＬＤＫ",
        "u_building_total_floor_area_ja": "",
        "u_construction_year_ja": "1979年",
        "front_road_azimuth_name_ja": "",
        "u_front_road_width_ja": "",
        "front_road_type_name_ja": "",
        "land_use_name_ja": "準工業地域",
        "u_building_coverage_ratio_ja": "",
        "u_floor_area_ratio_ja": "",
        "remark_name_ja": "",
        "future_use_purpose_name_ja": "",
        "remark_renovation_name_ja": "改装済み"
      }
    },
    {
      "type": "Feature",
      "geometry": {
        "type": "Point",
        "coordinates": [
          139.73250031471252,
          35.77806243973508
        ]
      },
      "properties": {
        "point_in_time_name_ja": "2025年第1四半期",
        "land_type_name_ja": "中古マンション等",
        "price_information_category_name_ja": "成約価格情報",
        "prefecture_name_ja": "東京都",
        "city_code": "13117",
        "city_name_ja": "北区",
        "district_code": "131170160",
        "district_name_ja": "志茂",
        "use_category_name_ja": "",
        "u_transaction_price_total_ja": "6,000万円",
        "u_transaction_price_unit_price_square_meter_ja": "",
        "u_unit_price_per_tsubo_ja": "",
        "u_area_ja": "75㎡",
        "land_shape_name_ja": "",
        "u_land_frontage_ja": "",
        "building_use_name_ja": "",
        "building_structure_name_ja": "ＲＣ",
        "floor_plan_name_ja": "３ＬＤＫ",
        "u_building_total_floor_area_ja": "",
        "u_construction_year_ja": "2019年",
        "front_road_azimuth_name_ja": "",
        "u_front_road_width_ja": "",
        "front_road_type_name_ja": "",
        "land_use_name_ja": "工業地域",
        "u_building_coverage_ratio_ja": "",
        "u_floor_area_ratio_ja": "",
        "remark_name_ja": "",
        "future_use_purpose_name_ja": "",
        "remark_renovation_name_ja": ""
      }
    },
    {
      "type": "Feature",
      "geometry": {
        "type": "Point",
        "coordinates": [
          139.73250031471252,
          35.77806243973508
        ]
      },
      "properties": {
        "point_in_time_name_ja": "2025年第1四半期",
        "land_type_name_ja": "中古マンション等",
        "price_information_category_name_ja": "成約価格情報",
        "prefecture_name_ja": "東京都",
        "city_code": "13117",
        "city_name_ja": "北区",
        "district_code": "131170160",
        "district_name_ja": "志茂",
        "use_category_name_ja": "",
        "u_transaction_price_total_ja": "6,200万円",
        "u_transaction_price_unit_price_square_meter_ja": "",
        "u_unit_price_per_tsubo_ja": "",
        "u_area_ja": "70㎡",
        "land_shape_name_ja": "",
        "u_land_frontage_ja": "",
        "building_use_name_ja": "",
        "building_structure_name_ja": "ＲＣ",
        "floor_plan_name_ja": "３ＬＤＫ",
        "u_building_total_floor_area_ja": "",
        "u_construction_year_ja": "2019年",
        "front_road_azimuth_name_ja": "",
        "u_front_road_width_ja": "",
        "front_road_type_name_ja": "",
        "land_use_name_ja": "工業地域",
        "u_building_coverage_ratio_ja": "",
        "u_floor_area_ratio_ja": "",
        "remark_name_ja": "",
        "future_use_purpose_name_ja": "",
        "remark_renovation_name_ja": ""
      }
    },
    {
      "type": "Feature",
      "geometry": {
        "type": "Point",
        "coordinates": [
          139.73250031471252,
          35.77806243973508
        ]
      },
      "properties": {
        "point_in_time_name_ja": "2025年第1四半期",
        "land_type_name_ja": "中古マンション等",
        "price_information_category_name_ja": "成約価格情報",
        "prefecture_name_ja": "東京都",
        "city_code": "13117",
        "city_name_ja": "北区",
        "district_code": "131170160",
        "district_name_ja": "志茂",
        "use_category_name_ja": "",
        "u_transaction_price_total_ja": "6,300万円",
        "u_transaction_price_unit_price_square_meter_ja": "",
        "u_unit_price_per_tsubo_ja": "",
        "u_area_ja": "70㎡",
        "land_shape_name_ja": "",
        "u_land_frontage_ja": "",
        "building_use_name_ja": "",
        "building_structure_name_ja": "ＲＣ",
        "floor_plan_name_ja": "３ＬＤＫ",
        "u_building_total_floor_area_ja": "",
        "u_construction_year_ja": "2021年",
        "front_road_azimuth_name_ja": "",
        "u_front_road_width_ja": "",
        "front_road_type_name_ja": "",
        "land_use_name_ja": "準工業地域",
        "u_building_coverage_ratio_ja": "",
        "u_floor_area_ratio_ja": "",
        "remark_name_ja": "",
        "future_use_purpose_name_ja": "",
        "remark_renovation_name_ja": ""
      }
    },
    {
      "type": "Feature",
      "geometry": {
        "type": "Point",
        "coordinates": [
          139.73250031471252,
          35.77806243973508
        ]
      },
      "properties": {
        "point_in_time_name_ja": "2025年第1四半期",
        "land_type_name_ja": "中古マンション等",
        "price_information_category_name_ja": "成約価格情報",
        "prefecture_name_ja": "東京都",
        "city_code": "13117",
        "city_name_ja": "北区",
        "district_code": "131170160",
        "district_name_ja": "志茂",
        "use_category_name_ja": "",
        "u_transaction_price_total_ja": "6,500万円",
        "u_transaction_price_unit_price_square_meter_ja": "",
        "u_unit_price_per_tsubo_ja": "",
        "u_area_ja": "70㎡",
        "land_shape_name_ja": "",
        "u_land_frontage_ja": "",
        "building_use_name_ja": "",
        "building_structure_name_ja": "ＲＣ",
        "floor_plan_name_ja": "３ＬＤＫ",
        "u_building_total_floor_area_ja": "",
        "u_construction_year_ja": "2021年",
        "front_road_azimuth_name_ja": "",
        "u_front_road_width_ja": "",
        "front_road_type_name_ja": "",
        "land_use_name_ja": "工業地域",
        "u_building_coverage_ratio_ja": "",
        "u_floor_area_ratio_ja": "",
        "remark_name_ja": "",
        "future_use_purpose_name_ja": "",
        "remark_renovation_name_ja": ""
      }
    },
    {
      "type": "Feature",
      "geometry": {
        "type": "Point",
        "coordinates": [
          139.73250031471252,
          35.77806243973508
        ]
      },
      "properties": {
        "point_in_time_name_ja": "2025年第1四半期",
        "land_type_name_ja": "中古マンション等",
        "price_information_category_name_ja": "成約価格情報",
        "prefecture_name_ja": "東京都",
        "city_code": "13117",
        "city_name_ja": "北区",
        "district_code": "131170160",
        "district_name_ja": "志茂",
        "use_category_name_ja": "",
        "u_transaction_price_total_ja": "6,000万円",
        "u_transaction_price_unit_price_square_meter_ja": "",
        "u_unit_price_per_tsubo_ja": "",
        "u_area_ja": "70㎡",
        "land_shape_name_ja": "",
        "u_land_frontage_ja": "",
        "building_use_name_ja": "",
        "building_structure_name_ja": "ＲＣ",
        "floor_plan_name_ja": "３ＬＤＫ",
        "u_building_total_floor_area_ja": "",
        "u_construction_year_ja": "2019年",
        "front_road_azimuth_name_ja": "",
        "u_front_road_width_ja": "",
        "front_road_type_name_ja": "",
        "land_use_name_ja": "工業地域",
        "u_building_coverage_ratio_ja": "",
        "u_floor_area_ratio_ja": "",
        "remark_name_ja": "",
        "future_use_purpose_name_ja": "",
        "remark_renovation_name_ja": ""
      }
    },
    {
      "type": "Feature",
      "geometry": {
        "type": "Point",
        "coordinates": [
          139.73250031471252,
          35.77806243973508
        ]
      },
      "properties": {
        "point_in_time_name_ja": "2025年第1四半期",
        "land_type_name_ja": "中古マンション等",
        "price_information_category_name_ja": "成約価格情報",
        "prefecture_name_ja": "東京都",
        "city_code": "13117",
        "city_name_ja": "北区",
        "district_code": "131170160",
        "district_name_ja": "志茂",
        "use_category_name_ja": "",
        "u_transaction_price_total_ja": "5,400万円",
        "u_transaction_price_unit_price_square_meter_ja": "",
        "u_unit_price_per_tsubo_ja": "",
        "u_area_ja": "70㎡",
        "land_shape_name_ja": "",
        "u_land_frontage_ja": "",
        "building_use_name_ja": "",
        "building_structure_name_ja": "ＲＣ",
        "floor_plan_name_ja": "３ＬＤＫ",
        "u_building_total_floor_area_ja": "",
        "u_construction_year_ja": "2005年",
        "front_road_azimuth_name_ja": "",
        "u_front_road_width_ja": "",
        "front_road_type_name_ja": "",
        "land_use_name_ja": "工業地域",
        "u_building_coverage_ratio_ja": "",
        "u_floor_area_ratio_ja": "",
        "remark_name_ja": "",
        "future_use_purpose_name_ja": "",
        "remark_renovation_name_ja": ""
      }
    },
    {
      "type": "Feature",
      "geometry": {
        "type": "Point",
        "coordinates": [
          139.73250031471252,
          35.77806243973508
        ]
      },
      "properties": {
        "point_in_time_name_ja": "2025年第1四半期",
        "land_type_name_ja": "中古マンション等",
        "price_information_category_name_ja": "成約価格情報",
        "prefecture_name_ja": "東京都",
        "city_code": "13117",
        "city_name_ja": "北区",
        "district_code": "131170160",
        "district_name_ja": "志茂",
        "use_category_name_ja": "",
        "u_transaction_price_total_ja": "6,600万円",
        "u_transaction_price_unit_price_square_meter_ja": "",
        "u_unit_price_per_tsubo_ja": "",
        "u_area_ja": "75㎡",
        "land_shape_name_ja": "",
        "u_land_frontage_ja": "",
        "building_use_name_ja": "",
        "building_structure_name_ja": "ＲＣ",
        "floor_plan_name_ja": "３ＬＤＫ",
        "u_building_total_floor_area_ja": "",
        "u_construction_year_ja": "2021年",
        "front_road_azimuth_name_ja": "",
        "u_front_road_width_ja": "",
        "front_road_type_name_ja": "",
        "land_use_name_ja": "工業地域",
        "u_building_coverage_ratio_ja": "",
        "u_floor_area_ratio_ja": "",
        "remark_name_ja": "",
        "future_use_purpose_name_ja": "",
        "remark_renovation_name_ja": ""
      }
    },
    {
      "type": "Feature",
      "geometry": {
        "type": "Point",
        "coordinates": [
          139.73250031471252,
          35.77806243973508
        ]
      },
      "properties": {
        "point_in_time_name_ja": "2025年第1四半期",
        "land_type_name_ja": "中古マンション等",
        "price_information_category_name_ja": "成約価格情報",
        "prefecture_name_ja": "東京都",
        "city_code": "13117",
        "city_name_ja": "北区",
        "district_code": "131170160",
        "district_name_ja": "志茂",
        "use_category_name_ja": "",
        "u_transaction_price_total_ja": "5,700万円",
        "u_transaction_price_unit_price_square_meter_ja": "",
        "u_unit_price_per_tsubo_ja": "",
        "u_area_ja": "70㎡",
        "land_shape_name_ja": "",
        "u_land_frontage_ja": "",
        "building_use_name_ja": "",
        "building_structure_name_ja": "ＲＣ",
        "floor_plan_name_ja": "３ＬＤＫ",
        "u_building_total_floor_area_ja": "",
        "u_construction_year_ja": "2019年",
        "front_road_azimuth_name_ja": "",
        "u_front_road_width_ja": "",
        "front_road_type_name_ja": "",
        "land_use_name_ja": "工業地域",
        "u_building_coverage_ratio_ja": "",
        "u_floor_area_ratio_ja": "",
        "remark_name_ja": "",
        "future_use_purpose_name_ja": "",
        "remark_renovation_name_ja": ""
      }
    },
    {
      "type": "Feature",
      "geometry": {
        "type": "Point",
        "coordinates": [
          139.73250031471252,
          35.77806243973508
        ]
      },
      "properties": {
        "point_in_time_name_ja": "2025年第1四半期",
        "land_type_name_ja": "中古マンション等",
        "price_information_category_name_ja": "成約価格情報",
        "prefecture_name_ja": "東京都",
        "city_code": "13117",
        "city_name_ja": "北区",
        "district_code": "131170160",
        "district_name_ja": "志茂",
        "use_category_name_ja": "",
        "u_transaction_price_total_ja": "6,000万円",
        "u_transaction_price_unit_price_square_meter_ja": "",
        "u_unit_price_per_tsubo_ja": "",
        "u_area_ja": "70㎡",
        "land_shape_name_ja": "",
        "u_land_frontage_ja": "",
        "building_use_name_ja": "",
        "building_structure_name_ja": "ＲＣ",
        "floor_plan_name_ja": "３ＬＤＫ",
        "u_building_total_floor_area_ja": "",
        "u_construction_year_ja": "2019年",
        "front_road_azimuth_name_ja": "",
        "u_front_road_width_ja": "",
        "front_road_type_name_ja": "",
        "land_use_name_ja": "工業地域",
        "u_building_coverage_ratio_ja": "",
        "u_floor_area_ratio_ja": "",
        "remark_name_ja": "",
        "future_use_purpose_name_ja": "",
        "remark_renovation_name_ja": ""
      }
    },
    {
      "type": "Feature",
      "geometry": {
        "type": "Point",
        "coordinates": [
          139.73250031471252,
          35.77806243973508
        ]
      },
      "properties": {
        "point_in_time_name_ja": "2025年第1四半期",
        "land_type_name_ja": "中古マンション等",
        "price_information_category_name_ja": "成約価格情報",
        "prefecture_name_ja": "東京都",
        "city_code": "13117",
        "city_name_ja": "北区",
        "district_code": "131170160",
        "district_name_ja": "志茂",
        "use_category_name_ja": "",
        "u_transaction_price_total_ja": "5,800万円",
        "u_transaction_price_unit_price_square_meter_ja": "",
        "u_unit_price_per_tsubo_ja": "",
        "u_area_ja": "65㎡",
        "land_shape_name_ja": "",
        "u_land_frontage_ja": "",
        "building_use_name_ja": "",
        "building_structure_name_ja": "ＲＣ",
        "floor_plan_name_ja": "３ＬＤＫ",
        "u_building_total_floor_area_ja": "",
        "u_construction_year_ja": "2019年",
        "front_road_azimuth_name_ja": "",
        "u_front_road_width_ja": "",
        "front_road_type_name_ja": "",
        "land_use_name_ja": "工業地域",
        "u_building_coverage_ratio_ja": "",
        "u_floor_area_ratio_ja": "",
        "remark_name_ja": "",
        "future_use_purpose_name_ja": "",
        "remark_renovation_name_ja": ""
      }
    },
    {
      "type": "Feature",
      "geometry": {
        "type": "Point",
        "coordinates": [
          139.73250031471252,
          35.77806243973508
        ]
      },
      "properties": {
        "point_in_time_name_ja": "2025年第2四半期",
        "land_type_name_ja": "中古マンション等",
        "price_information_category_name_ja": "成約価格情報",
        "prefecture_name_ja": "東京都",
        "city_code": "13117",
        "city_name_ja": "北区",
        "district_code": "131170160",
        "district_name_ja": "志茂",
        "use_category_name_ja": "",
        "u_transaction_price_total_ja": "2,400万円",
        "u_transaction_price_unit_price_square_meter_ja": "",
        "u_unit_price_per_tsubo_ja": "",
        "u_area_ja": "30㎡",
        "land_shape_name_ja": "",
        "u_land_frontage_ja": "",
        "building_use_name_ja": "",
        "building_structure_name_ja": "ＲＣ",
        "floor_plan_name_ja": "１Ｋ",
        "u_building_total_floor_area_ja": "",
        "u_construction_year_ja": "2016年",
        "front_road_azimuth_name_ja": "",
        "u_front_road_width_ja": "",
        "front_road_type_name_ja": "",
        "land_use_name_ja": "工業地域",
        "u_building_coverage_ratio_ja": "",
        "u_floor_area_ratio_ja": "",
        "remark_name_ja": "",
        "future_use_purpose_name_ja": "",
        "remark_renovation_name_ja": ""
      }
    },
    {
      "type": "Feature",
      "geometry": {
        "type": "Point",
        "coordinates": [
          139.73250031471252,
          35.77806243973508
        ]
      },
      "properties": {
        "point_in_time_name_ja": "2025年第2四半期",
        "land_type_name_ja": "中古マンション等",
        "price_information_category_name_ja": "成約価格情報",
        "prefecture_name_ja": "東京都",
        "city_code": "13117",
        "city_name_ja": "北区",
        "district_code": "131170160",
        "district_name_ja": "志茂",
        "use_category_name_ja": "",
        "u_transaction_price_total_ja": "6,200万円",
        "u_transaction_price_unit_price_square_meter_ja": "",
        "u_unit_price_per_tsubo_ja": "",
        "u_area_ja": "70㎡",
        "land_shape_name_ja": "",
        "u_land_frontage_ja": "",
        "building_use_name_ja": "",
        "building_structure_name_ja": "ＲＣ",
        "floor_plan_name_ja": "３ＬＤＫ",
        "u_building_total_floor_area_ja": "",
        "u_construction_year_ja": "2019年",
        "front_road_azimuth_name_ja": "",
        "u_front_road_width_ja": "",
        "front_road_type_name_ja": "",
        "land_use_name_ja": "工業地域",
        "u_building_coverage_ratio_ja": "",
        "u_floor_area_ratio_ja": "",
        "remark_name_ja": "",
        "future_use_purpose_name_ja": "",
        "remark_renovation_name_ja": ""
      }
    },
    {
      "type": "Feature",
      "geometry": {
        "type": "Point",
        "coordinates": [
          139.73250031471252,
          35.77806243973508
        ]
      },
      "properties": {
        "point_in_time_name_ja": "2025年第2四半期",
        "land_type_name_ja": "中古マンション等",
        "price_information_category_name_ja": "成約価格情報",
        "prefecture_name_ja": "東京都",
        "city_code": "13117",
        "city_name_ja": "北区",
        "district_code": "131170160",
        "district_name_ja": "志茂",
        "use_category_name_ja": "",
        "u_transaction_price_total_ja": "5,700万円",
        "u_transaction_price_unit_price_square_meter_ja": "",
        "u_unit_price_per_tsubo_ja": "",
        "u_area_ja": "70㎡",
        "land_shape_name_ja": "",
        "u_land_frontage_ja": "",
        "building_use_name_ja": "",
        "building_structure_name_ja": "ＲＣ",
        "floor_plan_name_ja": "３ＬＤＫ",
        "u_building_total_floor_area_ja": "",
        "u_construction_year_ja": "2019年",
        "front_road_azimuth_name_ja": "",
        "u_front_road_width_ja": "",
        "front_road_type_name_ja": "",
        "land_use_name_ja": "工業地域",
        "u_building_coverage_ratio_ja": "",
        "u_floor_area_ratio_ja": "",
        "remark_name_ja": "",
        "future_use_purpose_name_ja": "",
        "remark_renovation_name_ja": ""
      }
    },
    {
      "type": "Feature",
      "geometry": {
        "type": "Point",
        "coordinates": [
          139.73250031471252,
          35.77806243973508
        ]
      },
      "properties": {
        "point_in_time_name_ja": "2025年第2四半期",
        "land_type_name_ja": "中古マンション等",
        "price_information_category_name_ja": "成約価格情報",
        "prefecture_name_ja": "東京都",
        "city_code": "13117",
        "city_name_ja": "北区",
        "district_code": "131170160",
        "district_name_ja": "志茂",
        "use_category_name_ja": "",
        "u_transaction_price_total_ja": "6,100万円",
        "u_transaction_price_unit_price_square_meter_ja": "",
        "u_unit_price_per_tsubo_ja": "",
        "u_area_ja": "70㎡",
        "land_shape_name_ja": "",
        "u_land_frontage_ja": "",
        "building_use_name_ja": "",
        "building_structure_name_ja": "ＲＣ",
        "floor_plan_name_ja": "３ＬＤＫ",
        "u_building_total_floor_area_ja": "",
        "u_construction_year_ja": "2019年",
        "front_road_azimuth_name_ja": "",
        "u_front_road_width_ja": "",
        "front_road_type_name_ja": "",
        "land_use_name_ja": "工業地域",
        "u_building_coverage_ratio_ja": "",
        "u_floor_area_ratio_ja": "",
        "remark_name_ja": "",
        "future_use_purpose_name_ja": "",
        "remark_renovation_name_ja": ""
      }
    },
    {
      "type": "Feature",
      "geometry": {
        "type": "Point",
        "coordinates": [
          139.73250031471252,
          35.77806243973508
        ]
      },
      "properties": {
        "point_in_time_name_ja": "2025年第2四半期",
        "land_type_name_ja": "中古マンション等",
        "price_information_category_name_ja": "成約価格情報",
        "prefecture_name_ja": "東京都",
        "city_code": "13117",
        "city_name_ja": "北区",
        "district_code": "131170160",
        "district_name_ja": "志茂",
        "use_category_name_ja": "",
        "u_transaction_price_total_ja": "6,100万円",
        "u_transaction_price_unit_price_square_meter_ja": "",
        "u_unit_price_per_tsubo_ja": "",
        "u_area_ja": "70㎡",
        "land_shape_name_ja": "",
        "u_land_frontage_ja": "",
        "building_use_name_ja": "",
        "building_structure_name_ja": "ＲＣ",
        "floor_plan_name_ja": "３ＬＤＫ",
        "u_building_total_floor_area_ja": "",
        "u_construction_year_ja": "2019年",
        "front_road_azimuth_name_ja": "",
        "u_front_road_width_ja": "",
        "front_road_type_name_ja": "",
        "land_use_name_ja": "工業地域",
        "u_building_coverage_ratio_ja": "",
        "u_floor_area_ratio_ja": "",
        "remark_name_ja": "",
        "future_use_purpose_name_ja": "",
        "remark_renovation_name_ja": ""
      }
    },
    {
      "type": "Feature",
      "geometry": {
        "type": "Point",
        "coordinates": [
          139.73250031471252,
          35.77806243973508
        ]
      },
      "properties": {
        "point_in_time_name_ja": "2025年第2四半期",
        "land_type_name_ja": "中古マンション等",
        "price_information_category_name_ja": "成約価格情報",
        "prefecture_name_ja": "東京都",
        "city_code": "13117",
        "city_name_ja": "北区",
        "district_code": "131170160",
        "district_name_ja": "志茂",
        "use_category_name_ja": "",
        "u_transaction_price_total_ja": "4,300万円",
        "u_transaction_price_unit_price_square_meter_ja": "",
        "u_unit_price_per_tsubo_ja": "",
        "u_area_ja": "65㎡",
        "land_shape_name_ja": "",
        "u_land_frontage_ja": "",
        "building_use_name_ja": "",
        "building_structure_name_ja": "ＳＲＣ",
        "floor_plan_name_ja": "３ＬＤＫ",
        "u_building_total_floor_area_ja": "",
        "u_construction_year_ja": "2000年",
        "front_road_azimuth_name_ja": "",
        "u_front_road_width_ja": "",
        "front_road_type_name_ja": "",
        "land_use_name_ja": "商業地域",
        "u_building_coverage_ratio_ja": "",
        "u_floor_area_ratio_ja": "",
        "remark_name_ja": "",
        "future_use_purpose_name_ja": "",
        "remark_renovation_name_ja": ""
      }
    },
    {
      "type": "Feature",
      "geometry": {
        "type": "Point",
        "coordinates": [
          139.73250031471252,
          35.77806243973508
        ]
      },
      "properties": {
        "point_in_time_name_ja": "2025年第2四半期",
        "land_type_name_ja": "中古マンション等",
        "price_information_category_name_ja": "成約価格情報",
        "prefecture_name_ja": "東京都",
        "city_code": "13117",
        "city_name_ja": "北区",
        "district_code": "131170160",
        "district_name_ja": "志茂",
        "use_category_name_ja": "",
        "u_transaction_price_total_ja": "7,600万円",
        "u_transaction_price_unit_price_square_meter_ja": "",
        "u_unit_price_per_tsubo_ja": "",
        "u_area_ja": "80㎡",
        "land_shape_name_ja": "",
        "u_land_frontage_ja": "",
        "building_use_name_ja": "",
        "building_structure_name_ja": "ＲＣ",
        "floor_plan_name_ja": "３ＬＤＫ",
        "u_building_total_floor_area_ja": "",
        "u_construction_year_ja": "2021年",
        "front_road_azimuth_name_ja": "",
        "u_front_road_width_ja": "",
        "front_road_type_name_ja": "",
        "land_use_name_ja": "工業地域",
        "u_building_coverage_ratio_ja": "",
        "u_floor_area_ratio_ja": "",
        "remark_name_ja": "",
        "future_use_purpose_name_ja": "",
        "remark_renovation_name_ja": ""
      }
    },
    {
      "type": "Feature",
      "geometry": {
        "type": "Point",
        "coordinates": [
          139.73250031471252,
          35.77806243973508
        ]
      },
      "properties": {
        "point_in_time_name_ja": "2025年第2四半期",
        "land_type_name_ja": "中古マンション等",
        "price_information_category_name_ja": "成約価格情報",
        "prefecture_name_ja": "東京都",
        "city_code": "13117",
        "city_name_ja": "北区",
        "district_code": "131170160",
        "district_name_ja": "志茂",
        "use_category_name_ja": "",
        "u_transaction_price_total_ja": "6,600万円",
        "u_transaction_price_unit_price_square_meter_ja": "",
        "u_unit_price_per_tsubo_ja": "",
        "u_area_ja": "75㎡",
        "land_shape_name_ja": "",
        "u_land_frontage_ja": "",
        "building_use_name_ja": "",
        "building_structure_name_ja": "ＲＣ",
        "floor_plan_name_ja": "３ＬＤＫ",
        "u_building_total_floor_area_ja": "",
        "u_construction_year_ja": "2019年",
        "front_road_azimuth_name_ja": "",
        "u_front_road_width_ja": "",
        "front_road_type_name_ja": "",
        "land_use_name_ja": "工業地域",
        "u_building_coverage_ratio_ja": "",
        "u_floor_area_ratio_ja": "",
        "remark_name_ja": "",
        "future_use_purpose_name_ja": "",
        "remark_renovation_name_ja": ""
      }
    },
    {
      "type": "Feature",
      "geometry": {
        "type": "Point",
        "coordinates": [
          139.73250031471252,
          35.77806243973508
        ]
      },
      "properties": {
        "point_in_time_name_ja": "2025年第2四半期",
        "land_type_name_ja": "中古マンション等",
        "price_information_category_name_ja": "成約価格情報",
        "prefecture_name_ja": "東京都",
        "city_code": "13117",
        "city_name_ja": "北区",
        "district_code": "131170160",
        "district_name_ja": "志茂",
        "use_category_name_ja": "",
        "u_transaction_price_total_ja": "4,500万円",
        "u_transaction_price_unit_price_square_meter_ja": "",
        "u_unit_price_per_tsubo_ja": "",
        "u_area_ja": "35㎡",
        "land_shape_name_ja": "",
        "u_land_frontage_ja": "",
        "building_use_name_ja": "",
        "building_structure_name_ja": "ＲＣ",
        "floor_plan_name_ja": "１ＬＤＫ",
        "u_building_total_floor_area_ja": "",
        "u_construction_year_ja": "2019年",
        "front_road_azimuth_name_ja": "",
        "u_front_road_width_ja": "",
        "front_road_type_name_ja": "",
        "land_use_name_ja": "商業地域",
        "u_building_coverage_ratio_ja": "",
        "u_floor_area_ratio_ja": "",
        "remark_name_ja": "",
        "future_use_purpose_name_ja": "",
        "remark_renovation_name_ja": ""
      }
    },
    {
      "type": "Feature",
      "geometry": {
        "type": "Point",
        "coordinates": [
          139.73250031471252,
          35.77806243973508
        ]
      },
      "properties": {
        "point_in_time_name_ja": "2025年第2四半期",
        "land_type_name_ja": "中古マンション等",
        "price_information_category_name_ja": "成約価格情報",
        "prefecture_name_ja": "東京都",
        "city_code": "13117",
        "city_name_ja": "北区",
        "district_code": "131170160",
        "district_name_ja": "志茂",
        "use_category_name_ja": "",
        "u_transaction_price_total_ja": "7,000万円",
        "u_transaction_price_unit_price_square_meter_ja": "",
        "u_unit_price_per_tsubo_ja": "",
        "u_area_ja": "85㎡",
        "land_shape_name_ja": "",
        "u_land_frontage_ja": "",
        "building_use_name_ja": "",
        "building_structure_name_ja": "ＲＣ",
        "floor_plan_name_ja": "２ＬＤＫ＋Ｓ",
        "u_building_total_floor_area_ja": "",
        "u_construction_year_ja": "2015年",
        "front_road_azimuth_name_ja": "",
        "u_front_road_width_ja": "",
        "front_road_type_name_ja": "",
        "land_use_name_ja": "第１種中高層住居専用地域",
        "u_building_coverage_ratio_ja": "",
        "u_floor_area_ratio_ja": "",
        "remark_name_ja": "",
        "future_use_purpose_name_ja": "",
        "remark_renovation_name_ja": ""
      }
    },
    {
      "type": "Feature",
      "geometry": {
        "type": "Point",
        "coordinates": [
          139.73250031471252,
          35.77806243973508
        ]
      },
      "properties": {
        "point_in_time_name_ja": "2025年第3四半期",
        "land_type_name_ja": "中古マンション等",
        "price_information_category_name_ja": "成約価格情報",
        "prefecture_name_ja": "東京都",
        "city_code": "13117",
        "city_name_ja": "北区",
        "district_code": "131170160",
        "district_name_ja": "志茂",
        "use_category_name_ja": "",
        "u_transaction_price_total_ja": "2,400万円",
        "u_transaction_price_unit_price_square_meter_ja": "",
        "u_unit_price_per_tsubo_ja": "",
        "u_area_ja": "45㎡",
        "land_shape_name_ja": "",
        "u_land_frontage_ja": "",
        "building_use_name_ja": "",
        "building_structure_name_ja": "ＲＣ",
        "floor_plan_name_ja": "１ＬＤＫ",
        "u_building_total_floor_area_ja": "",
        "u_construction_year_ja": "1979年",
        "front_road_azimuth_name_ja": "",
        "u_front_road_width_ja": "",
        "front_road_type_name_ja": "",
        "land_use_name_ja": "近隣商業地域",
        "u_building_coverage_ratio_ja": "",
        "u_floor_area_ratio_ja": "",
        "remark_name_ja": "",
        "future_use_purpose_name_ja": "",
        "remark_renovation_name_ja": ""
      }
    },
    {
      "type": "Feature",
      "geometry": {
        "type": "Point",
        "coordinates": [
          139.73250031471252,
          35.77806243973508
        ]
      },
      "properties": {
        "point_in_time_name_ja": "2025年第3四半期",
        "land_type_name_ja": "中古マンション等",
        "price_information_category_name_ja": "成約価格情報",
        "prefecture_name_ja": "東京都",
        "city_code": "13117",
        "city_name_ja": "北区",
        "district_code": "131170160",
        "district_name_ja": "志茂",
        "use_category_name_ja": "",
        "u_transaction_price_total_ja": "2,000万円",
        "u_transaction_price_unit_price_square_meter_ja": "",
        "u_unit_price_per_tsubo_ja": "",
        "u_area_ja": "30㎡",
        "land_shape_name_ja": "",
        "u_land_frontage_ja": "",
        "building_use_name_ja": "",
        "building_structure_name_ja": "ＳＲＣ",
        "floor_plan_name_ja": "１Ｋ",
        "u_building_total_floor_area_ja": "",
        "u_construction_year_ja": "2011年",
        "front_road_azimuth_name_ja": "",
        "u_front_road_width_ja": "",
        "front_road_type_name_ja": "",
        "land_use_name_ja": "商業地域",
        "u_building_coverage_ratio_ja": "",
        "u_floor_area_ratio_ja": "",
        "remark_name_ja": "",
        "future_use_purpose_name_ja": "",
        "remark_renovation_name_ja": ""
      }
    },
    {
      "type": "Feature",
      "geometry": {
        "type": "Point",
        "coordinates": [
          139.73250031471252,
          35.77806243973508
        ]
      },
      "properties": {
        "point_in_time_name_ja": "2025年第3四半期",
        "land_type_name_ja": "中古マンション等",
        "price_information_category_name_ja": "成約価格情報",
        "prefecture_name_ja": "東京都",
        "city_code": "13117",
        "city_name_ja": "北区",
        "district_code": "131170160",
        "district_name_ja": "志茂",
        "use_category_name_ja": "",
        "u_transaction_price_total_ja": "7,000万円",
        "u_transaction_price_unit_price_square_meter_ja": "",
        "u_unit_price_per_tsubo_ja": "",
        "u_area_ja": "70㎡",
        "land_shape_name_ja": "",
        "u_land_frontage_ja": "",
        "building_use_name_ja": "",
        "building_structure_name_ja": "ＲＣ",
        "floor_plan_name_ja": "３ＬＤＫ",
        "u_building_total_floor_area_ja": "",
        "u_construction_year_ja": "2019年",
        "front_road_azimuth_name_ja": "",
        "u_front_road_width_ja": "",
        "front_road_type_name_ja": "",
        "land_use_name_ja": "工業地域",
        "u_building_coverage_ratio_ja": "",
        "u_floor_area_ratio_ja": "",
        "remark_name_ja": "",
        "future_use_purpose_name_ja": "",
        "remark_renovation_name_ja": ""
      }
    },
    {
      "type": "Feature",
      "geometry": {
        "type": "Point",
        "coordinates": [
          139.73250031471252,
          35.77806243973508
        ]
      },
      "properties": {
        "point_in_time_name_ja": "2025年第3四半期",
        "land_type_name_ja": "中古マンション等",
        "price_information_category_name_ja": "成約価格情報",
        "prefecture_name_ja": "東京都",
        "city_code": "13117",
        "city_name_ja": "北区",
        "district_code": "131170160",
        "district_name_ja": "志茂",
        "use_category_name_ja": "",
        "u_transaction_price_total_ja": "840万円",
        "u_transaction_price_unit_price_square_meter_ja": "",
        "u_unit_price_per_tsubo_ja": "",
        "u_area_ja": "20㎡",
        "land_shape_name_ja": "",
        "u_land_frontage_ja": "",
        "building_use_name_ja": "",
        "building_structure_name_ja": "ＲＣ",
        "floor_plan_name_ja": "１Ｒ",
        "u_building_total_floor_area_ja": "",
        "u_construction_year_ja": "1988年",
        "front_road_azimuth_name_ja": "",
        "u_front_road_width_ja": "",
        "front_road_type_name_ja": "",
        "land_use_name_ja": "準工業地域",
        "u_building_coverage_ratio_ja": "",
        "u_floor_area_ratio_ja": "",
        "remark_name_ja": "",
        "future_use_purpose_name_ja": "",
        "remark_renovation_name_ja": ""
      }
    },
    {
      "type": "Feature",
      "geometry": {
        "type": "Point",
        "coordinates": [
          139.73250031471252,
          35.77806243973508
        ]
      },
      "properties": {
        "point_in_time_name_ja": "2025年第3四半期",
        "land_type_name_ja": "中古マンション等",
        "price_information_category_name_ja": "成約価格情報",
        "prefecture_name_ja": "東京都",
        "city_code": "13117",
        "city_name_ja": "北区",
        "district_code": "131170160",
        "district_name_ja": "志茂",
        "use_category_name_ja": "",
        "u_transaction_price_total_ja": "6,800万円",
        "u_transaction_price_unit_price_square_meter_ja": "",
        "u_unit_price_per_tsubo_ja": "",
        "u_area_ja": "70㎡",
        "land_shape_name_ja": "",
        "u_land_frontage_ja": "",
        "building_use_name_ja": "",
        "building_structure_name_ja": "ＲＣ",
        "floor_plan_name_ja": "３ＬＤＫ",
        "u_building_total_floor_area_ja": "",
        "u_construction_year_ja": "2019年",
        "front_road_azimuth_name_ja": "",
        "u_front_road_width_ja": "",
        "front_road_type_name_ja": "",
        "land_use_name_ja": "工業地域",
        "u_building_coverage_ratio_ja": "",
        "u_floor_area_ratio_ja": "",
        "remark_name_ja": "",
        "future_use_purpose_name_ja": "",
        "remark_renovation_name_ja": ""
      }
    },
    {
      "type": "Feature",
      "geometry": {
        "type": "Point",
        "coordinates": [
          139.73250031471252,
          35.77806243973508
        ]
      },
      "properties": {
        "point_in_time_name_ja": "2025年第3四半期",
        "land_type_name_ja": "中古マンション等",
        "price_information_category_name_ja": "成約価格情報",
        "prefecture_name_ja": "東京都",
        "city_code": "13117",
        "city_name_ja": "北区",
        "district_code": "131170160",
        "district_name_ja": "志茂",
        "use_category_name_ja": "",
        "u_transaction_price_total_ja": "6,500万円",
        "u_transaction_price_unit_price_square_meter_ja": "",
        "u_unit_price_per_tsubo_ja": "",
        "u_area_ja": "55㎡",
        "land_shape_name_ja": "",
        "u_land_frontage_ja": "",
        "building_use_name_ja": "",
        "building_structure_name_ja": "ＲＣ",
        "floor_plan_name_ja": "２ＬＤＫ",
        "u_building_total_floor_area_ja": "",
        "u_construction_year_ja": "2020年",
        "front_road_azimuth_name_ja": "",
        "u_front_road_width_ja": "",
        "front_road_type_name_ja": "",
        "land_use_name_ja": "商業地域",
        "u_building_coverage_ratio_ja": "",
        "u_floor_area_ratio_ja": "",
        "remark_name_ja": "",
        "future_use_purpose_name_ja": "",
        "remark_renovation_name_ja": ""
      }
    },
    {
      "type": "Feature",
      "geometry": {
        "type": "Point",
        "coordinates": [
          139.73250031471252,
          35.77806243973508
        ]
      },
      "properties": {
        "point_in_time_name_ja": "2025年第3四半期",
        "land_type_name_ja": "中古マンション等",
        "price_information_category_name_ja": "成約価格情報",
        "prefecture_name_ja": "東京都",
        "city_code": "13117",
        "city_name_ja": "北区",
        "district_code": "131170160",
        "district_name_ja": "志茂",
        "use_category_name_ja": "",
        "u_transaction_price_total_ja": "4,500万円",
        "u_transaction_price_unit_price_square_meter_ja": "",
        "u_unit_price_per_tsubo_ja": "",
        "u_area_ja": "35㎡",
        "land_shape_name_ja": "",
        "u_land_frontage_ja": "",
        "building_use_name_ja": "",
        "building_structure_name_ja": "ＲＣ",
        "floor_plan_name_ja": "１ＬＤＫ",
        "u_building_total_floor_area_ja": "",
        "u_construction_year_ja": "2019年",
        "front_road_azimuth_name_ja": "",
        "u_front_road_width_ja": "",
        "front_road_type_name_ja": "",
        "land_use_name_ja": "商業地域",
        "u_building_coverage_ratio_ja": "",
        "u_floor_area_ratio_ja": "",
        "remark_name_ja": "",
        "future_use_purpose_name_ja": "",
        "remark_renovation_name_ja": ""
      }
    },
    {
      "type": "Feature",
      "geometry": {
        "type": "Point",
        "coordinates": [
          139.73250031471252,
          35.77806243973508
        ]
      },
      "properties": {
        "point_in_time_name_ja": "2025年第3四半期",
        "land_type_name_ja": "中古マンション等",
        "price_information_category_name_ja": "成約価格情報",
        "prefecture_name_ja": "東京都",
        "city_code": "13117",
        "city_name_ja": "北区",
        "district_code": "131170160",
        "district_name_ja": "志茂",
        "use_category_name_ja": "",
        "u_transaction_price_total_ja": "4,100万円",
        "u_transaction_price_unit_price_square_meter_ja": "",
        "u_unit_price_per_tsubo_ja": "",
        "u_area_ja": "35㎡",
        "land_shape_name_ja": "",
        "u_land_frontage_ja": "",
        "building_use_name_ja": "",
        "building_structure_name_ja": "ＲＣ",
        "floor_plan_name_ja": "１ＬＤＫ",
        "u_building_total_floor_area_ja": "",
        "u_construction_year_ja": "2020年",
        "front_road_azimuth_name_ja": "",
        "u_front_road_width_ja": "",
        "front_road_type_name_ja": "",
        "land_use_name_ja": "商業地域",
        "u_building_coverage_ratio_ja": "",
        "u_floor_area_ratio_ja": "",
        "remark_name_ja": "",
        "future_use_purpose_name_ja": "",
        "remark_renovation_name_ja": ""
      }
    },
    {
      "type": "Feature",
      "geometry": {
        "type": "Point",
        "coordinates": [
          139.73250031471252,
          35.77806243973508
        ]
      },
      "properties": {
        "point_in_time_name_ja": "2025年第3四半期",
        "land_type_name_ja": "中古マンション等",
        "price_information_category_name_ja": "成約価格情報",
        "prefecture_name_ja": "東京都",
        "city_code": "13117",
        "city_name_ja": "北区",
        "district_code": "131170160",
        "district_name_ja": "志茂",
        "use_category_name_ja": "",
        "u_transaction_price_total_ja": "6,300万円",
        "u_transaction_price_unit_price_square_meter_ja": "",
        "u_unit_price_per_tsubo_ja": "",
        "u_area_ja": "75㎡",
        "land_shape_name_ja": "",
        "u_land_frontage_ja": "",
        "building_use_name_ja": "",
        "building_structure_name_ja": "ＲＣ",
        "floor_plan_name_ja": "３ＬＤＫ",
        "u_building_total_floor_area_ja": "",
        "u_construction_year_ja": "2019年",
        "front_road_azimuth_name_ja": "",
        "u_front_road_width_ja": "",
        "front_road_type_name_ja": "",
        "land_use_name_ja": "工業地域",
        "u_building_coverage_ratio_ja": "",
        "u_floor_area_ratio_ja": "",
        "remark_name_ja": "",
        "future_use_purpose_name_ja": "",
        "remark_renovation_name_ja": ""
      }
    },
    {
      "type": "Feature",
      "geometry": {
        "type": "Point",
        "coordinates": [
          139.73250031471252,
          35.77806243973508
        ]
      },
      "properties": {
        "point_in_time_name_ja": "2025年第3四半期",
        "land_type_name_ja": "中古マンション等",
        "price_information_category_name_ja": "成約価格情報",
        "prefecture_name_ja": "東京都",
        "city_code": "13117",
        "city_name_ja": "北区",
        "district_code": "131170160",
        "district_name_ja": "志茂",
        "use_category_name_ja": "",
        "u_transaction_price_total_ja": "7,000万円",
        "u_transaction_price_unit_price_square_meter_ja": "",
        "u_unit_price_per_tsubo_ja": "",
        "u_area_ja": "70㎡",
        "land_shape_name_ja": "",
        "u_land_frontage_ja": "",
        "building_use_name_ja": "",
        "building_structure_name_ja": "ＲＣ",
        "floor_plan_name_ja": "３ＬＤＫ",
        "u_building_total_floor_area_ja": "",
        "u_construction_year_ja": "2019年",
        "front_road_azimuth_name_ja": "",
        "u_front_road_width_ja": "",
        "front_road_type_name_ja": "",
        "land_use_name_ja": "工業地域",
        "u_building_coverage_ratio_ja": "",
        "u_floor_area_ratio_ja": "",
        "remark_name_ja": "",
        "future_use_purpose_name_ja": "",
        "remark_renovation_name_ja": ""
      }
    },
    {
      "type": "Feature",
      "geometry": {
        "type": "Point",
        "coordinates": [
          139.73250031471252,
          35.77806243973508
        ]
      },
      "properties": {
        "point_in_time_name_ja": "2025年第4四半期",
        "land_type_name_ja": "中古マンション等",
        "price_information_category_name_ja": "成約価格情報",
        "prefecture_name_ja": "東京都",
        "city_code": "13117",
        "city_name_ja": "北区",
        "district_code": "131170160",
        "district_name_ja": "志茂",
        "use_category_name_ja": "",
        "u_transaction_price_total_ja": "5,500万円",
        "u_transaction_price_unit_price_square_meter_ja": "",
        "u_unit_price_per_tsubo_ja": "",
        "u_area_ja": "50㎡",
        "land_shape_name_ja": "",
        "u_land_frontage_ja": "",
        "building_use_name_ja": "",
        "building_structure_name_ja": "ＲＣ",
        "floor_plan_name_ja": "２ＬＤＫ",
        "u_building_total_floor_area_ja": "",
        "u_construction_year_ja": "2019年",
        "front_road_azimuth_name_ja": "",
        "u_front_road_width_ja": "",
        "front_road_type_name_ja": "",
        "land_use_name_ja": "商業地域",
        "u_building_coverage_ratio_ja": "",
        "u_floor_area_ratio_ja": "",
        "remark_name_ja": "",
        "future_use_purpose_name_ja": "",
        "remark_renovation_name_ja": ""
      }
    },
    {
      "type": "Feature",
      "geometry": {
        "type": "Point",
        "coordinates": [
          139.73250031471252,
          35.77806243973508
        ]
      },
      "properties": {
        "point_in_time_name_ja": "2025年第4四半期",
        "land_type_name_ja": "中古マンション等",
        "price_information_category_name_ja": "成約価格情報",
        "prefecture_name_ja": "東京都",
        "city_code": "13117",
        "city_name_ja": "北区",
        "district_code": "131170160",
        "district_name_ja": "志茂",
        "use_category_name_ja": "",
        "u_transaction_price_total_ja": "6,300万円",
        "u_transaction_price_unit_price_square_meter_ja": "",
        "u_unit_price_per_tsubo_ja": "",
        "u_area_ja": "70㎡",
        "land_shape_name_ja": "",
        "u_land_frontage_ja": "",
        "building_use_name_ja": "",
        "building_structure_name_ja": "ＲＣ",
        "floor_plan_name_ja": "３ＬＤＫ",
        "u_building_total_floor_area_ja": "",
        "u_construction_year_ja": "2021年",
        "front_road_azimuth_name_ja": "",
        "u_front_road_width_ja": "",
        "front_road_type_name_ja": "",
        "land_use_name_ja": "工業地域",
        "u_building_coverage_ratio_ja": "",
        "u_floor_area_ratio_ja": "",
        "remark_name_ja": "",
        "future_use_purpose_name_ja": "",
        "remark_renovation_name_ja": ""
      }
    },
    {
      "type": "Feature",
      "geometry": {
        "type": "Point",
        "coordinates": [
          139.73250031471252,
          35.77806243973508
        ]
      },
      "properties": {
        "point_in_time_name_ja": "2025年第4四半期",
        "land_type_name_ja": "中古マンション等",
        "price_information_category_name_ja": "成約価格情報",
        "prefecture_name_ja": "東京都",
        "city_code": "13117",
        "city_name_ja": "北区",
        "district_code": "131170160",
        "district_name_ja": "志茂",
        "use_category_name_ja": "",
        "u_transaction_price_total_ja": "6,500万円",
        "u_transaction_price_unit_price_square_meter_ja": "",
        "u_unit_price_per_tsubo_ja": "",
        "u_area_ja": "75㎡",
        "land_shape_name_ja": "",
        "u_land_frontage_ja": "",
        "building_use_name_ja": "",
        "building_structure_name_ja": "ＲＣ",
        "floor_plan_name_ja": "３ＬＤＫ",
        "u_building_total_floor_area_ja": "",
        "u_construction_year_ja": "2019年",
        "front_road_azimuth_name_ja": "",
        "u_front_road_width_ja": "",
        "front_road_type_name_ja": "",
        "land_use_name_ja": "工業地域",
        "u_building_coverage_ratio_ja": "",
        "u_floor_area_ratio_ja": "",
        "remark_name_ja": "",
        "future_use_purpose_name_ja": "",
        "remark_renovation_name_ja": ""
      }
    },
    {
      "type": "Feature",
      "geometry": {
        "type": "Point",
        "coordinates": [
          139.73250031471252,
          35.77806243973508
        ]
      },
      "properties": {
        "point_in_time_name_ja": "2025年第4四半期",
        "land_type_name_ja": "中古マンション等",
        "price_information_category_name_ja": "成約価格情報",
        "prefecture_name_ja": "東京都",
        "city_code": "13117",
        "city_name_ja": "北区",
        "district_code": "131170160",
        "district_name_ja": "志茂",
        "use_category_name_ja": "",
        "u_transaction_price_total_ja": "6,400万円",
        "u_transaction_price_unit_price_square_meter_ja": "",
        "u_unit_price_per_tsubo_ja": "",
        "u_area_ja": "70㎡",
        "land_shape_name_ja": "",
        "u_land_frontage_ja": "",
        "building_use_name_ja": "",
        "building_structure_name_ja": "ＲＣ",
        "floor_plan_name_ja": "３ＬＤＫ",
        "u_building_total_floor_area_ja": "",
        "u_construction_year_ja": "2019年",
        "front_road_azimuth_name_ja": "",
        "u_front_road_width_ja": "",
        "front_road_type_name_ja": "",
        "land_use_name_ja": "工業地域",
        "u_building_coverage_ratio_ja": "",
        "u_floor_area_ratio_ja": "",
        "remark_name_ja": "",
        "future_use_purpose_name_ja": "",
        "remark_renovation_name_ja": ""
      }
    },
    {
      "type": "Feature",
      "geometry": {
        "type": "Point",
        "coordinates": [
          139.73250031471252,
          35.77806243973508
        ]
      },
      "properties": {
        "point_in_time_name_ja": "2025年第4四半期",
        "land_type_name_ja": "中古マンション等",
        "price_information_category_name_ja": "成約価格情報",
        "prefecture_name_ja": "東京都",
        "city_code": "13117",
        "city_name_ja": "北区",
        "district_code": "131170160",
        "district_name_ja": "志茂",
        "use_category_name_ja": "",
        "u_transaction_price_total_ja": "1,600万円",
        "u_transaction_price_unit_price_square_meter_ja": "",
        "u_unit_price_per_tsubo_ja": "",
        "u_area_ja": "30㎡",
        "land_shape_name_ja": "",
        "u_land_frontage_ja": "",
        "building_use_name_ja": "",
        "building_structure_name_ja": "ＲＣ",
        "floor_plan_name_ja": "１Ｋ",
        "u_building_total_floor_area_ja": "",
        "u_construction_year_ja": "2008年",
        "front_road_azimuth_name_ja": "",
        "u_front_road_width_ja": "",
        "front_road_type_name_ja": "",
        "land_use_name_ja": "商業地域",
        "u_building_coverage_ratio_ja": "",
        "u_floor_area_ratio_ja": "",
        "remark_name_ja": "",
        "future_use_purpose_name_ja": "",
        "remark_renovation_name_ja": ""
      }
    },
    {
      "type": "Feature",
      "geometry": {
        "type": "Point",
        "coordinates": [
          139.73250031471252,
          35.77806243973508
        ]
      },
      "properties": {
        "point_in_time_name_ja": "2025年第4四半期",
        "land_type_name_ja": "中古マンション等",
        "price_information_category_name_ja": "成約価格情報",
        "prefecture_name_ja": "東京都",
        "city_code": "13117",
        "city_name_ja": "北区",
        "district_code": "131170160",
        "district_name_ja": "志茂",
        "use_category_name_ja": "",
        "u_transaction_price_total_ja": "4,200万円",
        "u_transaction_price_unit_price_square_meter_ja": "",
        "u_unit_price_per_tsubo_ja": "",
        "u_area_ja": "35㎡",
        "land_shape_name_ja": "",
        "u_land_frontage_ja": "",
        "building_use_name_ja": "",
        "building_structure_name_ja": "ＲＣ",
        "floor_plan_name_ja": "１ＬＤＫ",
        "u_building_total_floor_area_ja": "",
        "u_construction_year_ja": "2019年",
        "front_road_azimuth_name_ja": "",
        "u_front_road_width_ja": "",
        "front_road_type_name_ja": "",
        "land_use_name_ja": "商業地域",
        "u_building_coverage_ratio_ja": "",
        "u_floor_area_ratio_ja": "",
        "remark_name_ja": "",
        "future_use_purpose_name_ja": "",
        "remark_renovation_name_ja": "改装済み"
      }
    },
    {
      "type": "Feature",
      "geometry": {
        "type": "Point",
        "coordinates": [
          139.73250031471252,
          35.77806243973508
        ]
      },
      "properties": {
        "point_in_time_name_ja": "2025年第4四半期",
        "land_type_name_ja": "中古マンション等",
        "price_information_category_name_ja": "成約価格情報",
        "prefecture_name_ja": "東京都",
        "city_code": "13117",
        "city_name_ja": "北区",
        "district_code": "131170160",
        "district_name_ja": "志茂",
        "use_category_name_ja": "",
        "u_transaction_price_total_ja": "5,600万円",
        "u_transaction_price_unit_price_square_meter_ja": "",
        "u_unit_price_per_tsubo_ja": "",
        "u_area_ja": "75㎡",
        "land_shape_name_ja": "",
        "u_land_frontage_ja": "",
        "building_use_name_ja": "",
        "building_structure_name_ja": "ＲＣ",
        "floor_plan_name_ja": "３ＬＤＫ",
        "u_building_total_floor_area_ja": "",
        "u_construction_year_ja": "2005年",
        "front_road_azimuth_name_ja": "",
        "u_front_road_width_ja": "",
        "front_road_type_name_ja": "",
        "land_use_name_ja": "工業地域",
        "u_building_coverage_ratio_ja": "",
        "u_floor_area_ratio_ja": "",
        "remark_name_ja": "",
        "future_use_purpose_name_ja": "",
        "remark_renovation_name_ja": ""
      }
    },
    {
      "type": "Feature",
      "geometry": {
        "type": "Point",
        "coordinates": [
          139.73250031471252,
          35.77806243973508
        ]
      },
      "properties": {
        "point_in_time_name_ja": "2025年第4四半期",
        "land_type_name_ja": "中古マンション等",
        "price_information_category_name_ja": "成約価格情報",
        "prefecture_name_ja": "東京都",
        "city_code": "13117",
        "city_name_ja": "北区",
        "district_code": "131170160",
        "district_name_ja": "志茂",
        "use_category_name_ja": "",
        "u_transaction_price_total_ja": "6,300万円",
        "u_transaction_price_unit_price_square_meter_ja": "",
        "u_unit_price_per_tsubo_ja": "",
        "u_area_ja": "70㎡",
        "land_shape_name_ja": "",
        "u_land_frontage_ja": "",
        "building_use_name_ja": "",
        "building_structure_name_ja": "ＲＣ",
        "floor_plan_name_ja": "３ＬＤＫ",
        "u_building_total_floor_area_ja": "",
        "u_construction_year_ja": "2019年",
        "front_road_azimuth_name_ja": "",
        "u_front_road_width_ja": "",
        "front_road_type_name_ja": "",
        "land_use_name_ja": "工業地域",
        "u_building_coverage_ratio_ja": "",
        "u_floor_area_ratio_ja": "",
        "remark_name_ja": "",
        "future_use_purpose_name_ja": "",
        "remark_renovation_name_ja": ""
      }
    },
    {
      "type": "Feature",
      "geometry": {
        "type": "Point",
        "coordinates": [
          139.73250031471252,
          35.77806243973508
        ]
      },
      "properties": {
        "point_in_time_name_ja": "2025年第4四半期",
        "land_type_name_ja": "中古マンション等",
        "price_information_category_name_ja": "成約価格情報",
        "prefecture_name_ja": "東京都",
        "city_code": "13117",
        "city_name_ja": "北区",
        "district_code": "131170160",
        "district_name_ja": "志茂",
        "use_category_name_ja": "",
        "u_transaction_price_total_ja": "4,300万円",
        "u_transaction_price_unit_price_square_meter_ja": "",
        "u_unit_price_per_tsubo_ja": "",
        "u_area_ja": "35㎡",
        "land_shape_name_ja": "",
        "u_land_frontage_ja": "",
        "building_use_name_ja": "",
        "building_structure_name_ja": "ＲＣ",
        "floor_plan_name_ja": "１ＬＤＫ",
        "u_building_total_floor_area_ja": "",
        "u_construction_year_ja": "2019年",
        "front_road_azimuth_name_ja": "",
        "u_front_road_width_ja": "",
        "front_road_type_name_ja": "",
        "land_use_name_ja": "商業地域",
        "u_building_coverage_ratio_ja": "",
        "u_floor_area_ratio_ja": "",
        "remark_name_ja": "",
        "future_use_purpose_name_ja": "",
        "remark_renovation_name_ja": ""
      }
    },
    {
      "type": "Feature",
      "geometry": {
        "type": "Point",
        "coordinates": [
          139.73250031471252,
          35.77806243973508
        ]
      },
      "properties": {
        "point_in_time_name_ja": "2025年第4四半期",
        "land_type_name_ja": "中古マンション等",
        "price_information_category_name_ja": "成約価格情報",
        "prefecture_name_ja": "東京都",
        "city_code": "13117",
        "city_name_ja": "北区",
        "district_code": "131170160",
        "district_name_ja": "志茂",
        "use_category_name_ja": "",
        "u_transaction_price_total_ja": "7,200万円",
        "u_transaction_price_unit_price_square_meter_ja": "",
        "u_unit_price_per_tsubo_ja": "",
        "u_area_ja": "75㎡",
        "land_shape_name_ja": "",
        "u_land_frontage_ja": "",
        "building_use_name_ja": "",
        "building_structure_name_ja": "ＲＣ",
        "floor_plan_name_ja": "３ＬＤＫ",
        "u_building_total_floor_area_ja": "",
        "u_construction_year_ja": "2019年",
        "front_road_azimuth_name_ja": "",
        "u_front_road_width_ja": "",
        "front_road_type_name_ja": "",
        "land_use_name_ja": "工業地域",
        "u_building_coverage_ratio_ja": "",
        "u_floor_area_ratio_ja": "",
        "remark_name_ja": "",
        "future_use_purpose_name_ja": "",
        "remark_renovation_name_ja": ""
      }
    },
    {
      "type": "Feature",
      "geometry": {
        "type": "Point",
        "coordinates": [
          139.73250031471252,
          35.77806243973508
        ]
      },
      "properties": {
        "point_in_time_name_ja": "2025年第2四半期",
        "land_type_name_ja": "中古マンション等",
        "price_information_category_name_ja": "成約価格情報",
        "prefecture_name_ja": "東京都",
        "city_code": "13117",
        "city_name_ja": "北区",
        "district_code": "131170120",
        "district_name_ja": "神谷",
        "use_category_name_ja": "",
        "u_transaction_price_total_ja": "5,200万円",
        "u_transaction_price_unit_price_square_meter_ja": "",
        "u_unit_price_per_tsubo_ja": "",
        "u_area_ja": "75㎡",
        "land_shape_name_ja": "",
        "u_land_frontage_ja": "",
        "building_use_name_ja": "",
        "building_structure_name_ja": "ＲＣ",
        "floor_plan_name_ja": "３ＬＤＫ",
        "u_building_total_floor_area_ja": "",
        "u_construction_year_ja": "2006年",
        "front_road_azimuth_name_ja": "",
        "u_front_road_width_ja": "",
        "front_road_type_name_ja": "",
        "land_use_name_ja": "準工業地域",
        "u_building_coverage_ratio_ja": "",
        "u_floor_area_ratio_ja": "",
        "remark_name_ja": "",
        "future_use_purpose_name_ja": "",
        "remark_renovation_name_ja": ""
      }
    },
    {
      "type": "Feature",
      "geometry": {
        "type": "Point",
        "coordinates": [
          139.73250031471252,
          35.77806243973508
        ]
      },
      "properties": {
        "point_in_time_name_ja": "2025年第3四半期",
        "land_type_name_ja": "中古マンション等",
        "price_information_category_name_ja": "成約価格情報",
        "prefecture_name_ja": "東京都",
        "city_code": "13117",
        "city_name_ja": "北区",
        "district_code": "131170120",
        "district_name_ja": "神谷",
        "use_category_name_ja": "",
        "u_transaction_price_total_ja": "4,500万円",
        "u_transaction_price_unit_price_square_meter_ja": "",
        "u_unit_price_per_tsubo_ja": "",
        "u_area_ja": "70㎡",
        "land_shape_name_ja": "",
        "u_land_frontage_ja": "",
        "building_use_name_ja": "",
        "building_structure_name_ja": "ＳＲＣ",
        "floor_plan_name_ja": "２ＬＤＫ",
        "u_building_total_floor_area_ja": "",
        "u_construction_year_ja": "1981年",
        "front_road_azimuth_name_ja": "",
        "u_front_road_width_ja": "",
        "front_road_type_name_ja": "",
        "land_use_name_ja": "工業地域",
        "u_building_coverage_ratio_ja": "",
        "u_floor_area_ratio_ja": "",
        "remark_name_ja": "",
        "future_use_purpose_name_ja": "",
        "remark_renovation_name_ja": ""
      }
    },
    {
      "type": "Feature",
      "geometry": {
        "type": "Point",
        "coordinates": [
          139.73250031471252,
          35.77806243973508
        ]
      },
      "properties": {
        "point_in_time_name_ja": "2025年第4四半期",
        "land_type_name_ja": "中古マンション等",
        "price_information_category_name_ja": "成約価格情報",
        "prefecture_name_ja": "東京都",
        "city_code": "13117",
        "city_name_ja": "北区",
        "district_code": "131170120",
        "district_name_ja": "神谷",
        "use_category_name_ja": "",
        "u_transaction_price_total_ja": "4,000万円",
        "u_transaction_price_unit_price_square_meter_ja": "",
        "u_unit_price_per_tsubo_ja": "",
        "u_area_ja": "70㎡",
        "land_shape_name_ja": "",
        "u_land_frontage_ja": "",
        "building_use_name_ja": "",
        "building_structure_name_ja": "ＳＲＣ",
        "floor_plan_name_ja": "２ＬＤＫ",
        "u_building_total_floor_area_ja": "",
        "u_construction_year_ja": "1981年",
        "front_road_azimuth_name_ja": "",
        "u_front_road_width_ja": "",
        "front_road_type_name_ja": "",
        "land_use_name_ja": "工業地域",
        "u_building_coverage_ratio_ja": "",
        "u_floor_area_ratio_ja": "",
        "remark_name_ja": "",
        "future_use_purpose_name_ja": "",
        "remark_renovation_name_ja": ""
      }
    },
    {
      "type": "Feature",
      "geometry": {
        "type": "Point",
        "coordinates": [
          139.73250031471252,
          35.77806243973508
        ]
      },
      "properties": {
        "point_in_time_name_ja": "2025年第4四半期",
        "land_type_name_ja": "中古マンション等",
        "price_information_category_name_ja": "成約価格情報",
        "prefecture_name_ja": "東京都",
        "city_code": "13117",
        "city_name_ja": "北区",
        "district_code": "131170120",
        "district_name_ja": "神谷",
        "use_category_name_ja": "",
        "u_transaction_price_total_ja": "7,000万円",
        "u_transaction_price_unit_price_square_meter_ja": "",
        "u_unit_price_per_tsubo_ja": "",
        "u_area_ja": "65㎡",
        "land_shape_name_ja": "",
        "u_land_frontage_ja": "",
        "building_use_name_ja": "",
        "building_structure_name_ja": "ＲＣ",
        "floor_plan_name_ja": "２ＬＤＫ",
        "u_building_total_floor_area_ja": "",
        "u_construction_year_ja": "2017年",
        "front_road_azimuth_name_ja": "",
        "u_front_road_width_ja": "",
        "front_road_type_name_ja": "",
        "land_use_name_ja": "準工業地域",
        "u_building_coverage_ratio_ja": "",
        "u_floor_area_ratio_ja": "",
        "remark_name_ja": "",
        "future_use_purpose_name_ja": "",
        "remark_renovation_name_ja": ""
      }
    },
    {
      "type": "Feature",
      "geometry": {
        "type": "Point",
        "coordinates": [
          139.73576188087463,
          35.76499204978927
        ]
      },
      "properties": {
        "point_in_time_name_ja": "2025年第1四半期",
        "land_type_name_ja": "中古マンション等",
        "price_information_category_name_ja": "成約価格情報",
        "prefecture_name_ja": "東京都",
        "city_code": "13117",
        "city_name_ja": "北区",
        "district_code": "131170230",
        "district_name_ja": "豊島",
        "use_category_name_ja": "",
        "u_transaction_price_total_ja": "4,400万円",
        "u_transaction_price_unit_price_square_meter_ja": "",
        "u_unit_price_per_tsubo_ja": "",
        "u_area_ja": "65㎡",
        "land_shape_name_ja": "",
        "u_land_frontage_ja": "",
        "building_use_name_ja": "",
        "building_structure_name_ja": "ＲＣ",
        "floor_plan_name_ja": "３ＬＤＫ",
        "u_building_total_floor_area_ja": "",
        "u_construction_year_ja": "1995年",
        "front_road_azimuth_name_ja": "",
        "u_front_road_width_ja": "",
        "front_road_type_name_ja": "",
        "land_use_name_ja": "第１種住居地域",
        "u_building_coverage_ratio_ja": "",
        "u_floor_area_ratio_ja": "",
        "remark_name_ja": "",
        "future_use_purpose_name_ja": "",
        "remark_renovation_name_ja": ""
      }
    },
    {
      "type": "Feature",
      "geometry": {
        "type": "Point",
        "coordinates": [
          139.73576188087463,
          35.76499204978927
        ]
      },
      "properties": {
        "point_in_time_name_ja": "2025年第1四半期",
        "land_type_name_ja": "中古マンション等",
        "price_information_category_name_ja": "成約価格情報",
        "prefecture_name_ja": "東京都",
        "city_code": "13117",
        "city_name_ja": "北区",
        "district_code": "131170230",
        "district_name_ja": "豊島",
        "use_category_name_ja": "",
        "u_transaction_price_total_ja": "4,700万円",
        "u_transaction_price_unit_price_square_meter_ja": "",
        "u_unit_price_per_tsubo_ja": "",
        "u_area_ja": "65㎡",
        "land_shape_name_ja": "",
        "u_land_frontage_ja": "",
        "building_use_name_ja": "",
        "building_structure_name_ja": "ＲＣ",
        "floor_plan_name_ja": "３ＬＤＫ",
        "u_building_total_floor_area_ja": "",
        "u_construction_year_ja": "2016年",
        "front_road_azimuth_name_ja": "",
        "u_front_road_width_ja": "",
        "front_road_type_name_ja": "",
        "land_use_name_ja": "近隣商業地域",
        "u_building_coverage_ratio_ja": "",
        "u_floor_area_ratio_ja": "",
        "remark_name_ja": "",
        "future_use_purpose_name_ja": "",
        "remark_renovation_name_ja": ""
      }
    },
    {
      "type": "Feature",
      "geometry": {
        "type": "Point",
        "coordinates": [
          139.73576188087463,
          35.76499204978927
        ]
      },
      "properties": {
        "point_in_time_name_ja": "2025年第1四半期",
        "land_type_name_ja": "中古マンション等",
        "price_information_category_name_ja": "成約価格情報",
        "prefecture_name_ja": "東京都",
        "city_code": "13117",
        "city_name_ja": "北区",
        "district_code": "131170230",
        "district_name_ja": "豊島",
        "use_category_name_ja": "",
        "u_transaction_price_total_ja": "6,000万円",
        "u_transaction_price_unit_price_square_meter_ja": "",
        "u_unit_price_per_tsubo_ja": "",
        "u_area_ja": "80㎡",
        "land_shape_name_ja": "",
        "u_land_frontage_ja": "",
        "building_use_name_ja": "",
        "building_structure_name_ja": "ＳＲＣ",
        "floor_plan_name_ja": "３ＬＤＫ",
        "u_building_total_floor_area_ja": "",
        "u_construction_year_ja": "2012年",
        "front_road_azimuth_name_ja": "",
        "u_front_road_width_ja": "",
        "front_road_type_name_ja": "",
        "land_use_name_ja": "工業地域",
        "u_building_coverage_ratio_ja": "",
        "u_floor_area_ratio_ja": "",
        "remark_name_ja": "",
        "future_use_purpose_name_ja": "",
        "remark_renovation_name_ja": ""
      }
    },
    {
      "type": "Feature",
      "geometry": {
        "type": "Point",
        "coordinates": [
          139.73576188087463,
          35.76499204978927
        ]
      },
      "properties": {
        "point_in_time_name_ja": "2025年第1四半期",
        "land_type_name_ja": "中古マンション等",
        "price_information_category_name_ja": "成約価格情報",
        "prefecture_name_ja": "東京都",
        "city_code": "13117",
        "city_name_ja": "北区",
        "district_code": "131170230",
        "district_name_ja": "豊島",
        "use_category_name_ja": "",
        "u_transaction_price_total_ja": "5,100万円",
        "u_transaction_price_unit_price_square_meter_ja": "",
        "u_unit_price_per_tsubo_ja": "",
        "u_area_ja": "85㎡",
        "land_shape_name_ja": "",
        "u_land_frontage_ja": "",
        "building_use_name_ja": "",
        "building_structure_name_ja": "ＳＲＣ",
        "floor_plan_name_ja": "３ＬＤＫ",
        "u_building_total_floor_area_ja": "",
        "u_construction_year_ja": "2012年",
        "front_road_azimuth_name_ja": "",
        "u_front_road_width_ja": "",
        "front_road_type_name_ja": "",
        "land_use_name_ja": "工業地域",
        "u_building_coverage_ratio_ja": "",
        "u_floor_area_ratio_ja": "",
        "remark_name_ja": "",
        "future_use_purpose_name_ja": "",
        "remark_renovation_name_ja": ""
      }
    },
    {
      "type": "Feature",
      "geometry": {
        "type": "Point",
        "coordinates": [
          139.73576188087463,
          35.76499204978927
        ]
      },
      "properties": {
        "point_in_time_name_ja": "2025年第1四半期",
        "land_type_name_ja": "中古マンション等",
        "price_information_category_name_ja": "成約価格情報",
        "prefecture_name_ja": "東京都",
        "city_code": "13117",
        "city_name_ja": "北区",
        "district_code": "131170230",
        "district_name_ja": "豊島",
        "use_category_name_ja": "",
        "u_transaction_price_total_ja": "6,900万円",
        "u_transaction_price_unit_price_square_meter_ja": "",
        "u_unit_price_per_tsubo_ja": "",
        "u_area_ja": "80㎡",
        "land_shape_name_ja": "",
        "u_land_frontage_ja": "",
        "building_use_name_ja": "",
        "building_structure_name_ja": "ＲＣ",
        "floor_plan_name_ja": "２ＬＤＫ",
        "u_building_total_floor_area_ja": "",
        "u_construction_year_ja": "2007年",
        "front_road_azimuth_name_ja": "",
        "u_front_road_width_ja": "",
        "front_road_type_name_ja": "",
        "land_use_name_ja": "工業地域",
        "u_building_coverage_ratio_ja": "",
        "u_floor_area_ratio_ja": "",
        "remark_name_ja": "",
        "future_use_purpose_name_ja": "",
        "remark_renovation_name_ja": ""
      }
    },
    {
      "type": "Feature",
      "geometry": {
        "type": "Point",
        "coordinates": [
          139.73576188087463,
          35.76499204978927
        ]
      },
      "properties": {
        "point_in_time_name_ja": "2025年第1四半期",
        "land_type_name_ja": "中古マンション等",
        "price_information_category_name_ja": "成約価格情報",
        "prefecture_name_ja": "東京都",
        "city_code": "13117",
        "city_name_ja": "北区",
        "district_code": "131170230",
        "district_name_ja": "豊島",
        "use_category_name_ja": "",
        "u_transaction_price_total_ja": "4,100万円",
        "u_transaction_price_unit_price_square_meter_ja": "",
        "u_unit_price_per_tsubo_ja": "",
        "u_area_ja": "75㎡",
        "land_shape_name_ja": "",
        "u_land_frontage_ja": "",
        "building_use_name_ja": "",
        "building_structure_name_ja": "ＳＲＣ",
        "floor_plan_name_ja": "３ＬＤＫ",
        "u_building_total_floor_area_ja": "",
        "u_construction_year_ja": "1998年",
        "front_road_azimuth_name_ja": "",
        "u_front_road_width_ja": "",
        "front_road_type_name_ja": "",
        "land_use_name_ja": "工業地域",
        "u_building_coverage_ratio_ja": "",
        "u_floor_area_ratio_ja": "",
        "remark_name_ja": "",
        "future_use_purpose_name_ja": "",
        "remark_renovation_name_ja": ""
      }
    },
    {
      "type": "Feature",
      "geometry": {
        "type": "Point",
        "coordinates": [
          139.73576188087463,
          35.76499204978927
        ]
      },
      "properties": {
        "point_in_time_name_ja": "2025年第3四半期",
        "land_type_name_ja": "中古マンション等",
        "price_information_category_name_ja": "成約価格情報",
        "prefecture_name_ja": "東京都",
        "city_code": "13117",
        "city_name_ja": "北区",
        "district_code": "131170230",
        "district_name_ja": "豊島",
        "use_category_name_ja": "",
        "u_transaction_price_total_ja": "6,200万円",
        "u_transaction_price_unit_price_square_meter_ja": "",
        "u_unit_price_per_tsubo_ja": "",
        "u_area_ja": "65㎡",
        "land_shape_name_ja": "",
        "u_land_frontage_ja": "",
        "building_use_name_ja": "",
        "building_structure_name_ja": "ＲＣ",
        "floor_plan_name_ja": "３ＬＤＫ",
        "u_building_total_floor_area_ja": "",
        "u_construction_year_ja": "2005年",
        "front_road_azimuth_name_ja": "",
        "u_front_road_width_ja": "",
        "front_road_type_name_ja": "",
        "land_use_name_ja": "第１種住居地域",
        "u_building_coverage_ratio_ja": "",
        "u_floor_area_ratio_ja": "",
        "remark_name_ja": "",
        "future_use_purpose_name_ja": "",
        "remark_renovation_name_ja": ""
      }
    },
    {
      "type": "Feature",
      "geometry": {
        "type": "Point",
        "coordinates": [
          139.73576188087463,
          35.76499204978927
        ]
      },
      "properties": {
        "point_in_time_name_ja": "2025年第3四半期",
        "land_type_name_ja": "中古マンション等",
        "price_information_category_name_ja": "成約価格情報",
        "prefecture_name_ja": "東京都",
        "city_code": "13117",
        "city_name_ja": "北区",
        "district_code": "131170230",
        "district_name_ja": "豊島",
        "use_category_name_ja": "",
        "u_transaction_price_total_ja": "5,500万円",
        "u_transaction_price_unit_price_square_meter_ja": "",
        "u_unit_price_per_tsubo_ja": "",
        "u_area_ja": "65㎡",
        "land_shape_name_ja": "",
        "u_land_frontage_ja": "",
        "building_use_name_ja": "",
        "building_structure_name_ja": "ＲＣ",
        "floor_plan_name_ja": "２ＬＤＫ",
        "u_building_total_floor_area_ja": "",
        "u_construction_year_ja": "2007年",
        "front_road_azimuth_name_ja": "",
        "u_front_road_width_ja": "",
        "front_road_type_name_ja": "",
        "land_use_name_ja": "工業地域",
        "u_building_coverage_ratio_ja": "",
        "u_floor_area_ratio_ja": "",
        "remark_name_ja": "",
        "future_use_purpose_name_ja": "",
        "remark_renovation_name_ja": ""
      }
    },
    {
      "type": "Feature",
      "geometry": {
        "type": "Point",
        "coordinates": [
          139.73576188087463,
          35.76499204978927
        ]
      },
      "properties": {
        "point_in_time_name_ja": "2025年第4四半期",
        "land_type_name_ja": "中古マンション等",
        "price_information_category_name_ja": "成約価格情報",
        "prefecture_name_ja": "東京都",
        "city_code": "13117",
        "city_name_ja": "北区",
        "district_code": "131170230",
        "district_name_ja": "豊島",
        "use_category_name_ja": "",
        "u_transaction_price_total_ja": "5,900万円",
        "u_transaction_price_unit_price_square_meter_ja": "",
        "u_unit_price_per_tsubo_ja": "",
        "u_area_ja": "90㎡",
        "land_shape_name_ja": "",
        "u_land_frontage_ja": "",
        "building_use_name_ja": "",
        "building_structure_name_ja": "ＳＲＣ",
        "floor_plan_name_ja": "３ＬＤＫ",
        "u_building_total_floor_area_ja": "",
        "u_construction_year_ja": "2012年",
        "front_road_azimuth_name_ja": "",
        "u_front_road_width_ja": "",
        "front_road_type_name_ja": "",
        "land_use_name_ja": "工業地域",
        "u_building_coverage_ratio_ja": "",
        "u_floor_area_ratio_ja": "",
        "remark_name_ja": "",
        "future_use_purpose_name_ja": "",
        "remark_renovation_name_ja": ""
      }
    },
    {
      "type": "Feature",
      "geometry": {
        "type": "Point",
        "coordinates": [
          139.73576188087463,
          35.76499204978927
        ]
      },
      "properties": {
        "point_in_time_name_ja": "2025年第4四半期",
        "land_type_name_ja": "中古マンション等",
        "price_information_category_name_ja": "成約価格情報",
        "prefecture_name_ja": "東京都",
        "city_code": "13117",
        "city_name_ja": "北区",
        "district_code": "131170230",
        "district_name_ja": "豊島",
        "use_category_name_ja": "",
        "u_transaction_price_total_ja": "5,800万円",
        "u_transaction_price_unit_price_square_meter_ja": "",
        "u_unit_price_per_tsubo_ja": "",
        "u_area_ja": "70㎡",
        "land_shape_name_ja": "",
        "u_land_frontage_ja": "",
        "building_use_name_ja": "",
        "building_structure_name_ja": "ＳＲＣ",
        "floor_plan_name_ja": "３ＬＤＫ",
        "u_building_total_floor_area_ja": "",
        "u_construction_year_ja": "1998年",
        "front_road_azimuth_name_ja": "",
        "u_front_road_width_ja": "",
        "front_road_type_name_ja": "",
        "land_use_name_ja": "第１種住居地域",
        "u_building_coverage_ratio_ja": "",
        "u_floor_area_ratio_ja": "",
        "remark_name_ja": "",
        "future_use_purpose_name_ja": "",
        "remark_renovation_name_ja": ""
      }
    },
    {
      "type": "Feature",
      "geometry": {
        "type": "Point",
        "coordinates": [
          139.73576188087463,
          35.76499204978927
        ]
      },
      "properties": {
        "point_in_time_name_ja": "2025年第4四半期",
        "land_type_name_ja": "中古マンション等",
        "price_information_category_name_ja": "成約価格情報",
        "prefecture_name_ja": "東京都",
        "city_code": "13117",
        "city_name_ja": "北区",
        "district_code": "131170230",
        "district_name_ja": "豊島",
        "use_category_name_ja": "",
        "u_transaction_price_total_ja": "5,000万円",
        "u_transaction_price_unit_price_square_meter_ja": "",
        "u_unit_price_per_tsubo_ja": "",
        "u_area_ja": "75㎡",
        "land_shape_name_ja": "",
        "u_land_frontage_ja": "",
        "building_use_name_ja": "",
        "building_structure_name_ja": "ＳＲＣ",
        "floor_plan_name_ja": "２ＬＤＫ",
        "u_building_total_floor_area_ja": "",
        "u_construction_year_ja": "1998年",
        "front_road_azimuth_name_ja": "",
        "u_front_road_width_ja": "",
        "front_road_type_name_ja": "",
        "land_use_name_ja": "工業地域",
        "u_building_coverage_ratio_ja": "",
        "u_floor_area_ratio_ja": "",
        "remark_name_ja": "",
        "future_use_purpose_name_ja": "",
        "remark_renovation_name_ja": ""
      }
    },
    {
      "type": "Feature",
      "geometry": {
        "type": "Point",
        "coordinates": [
          139.73576188087463,
          35.76499204978927
        ]
      },
      "properties": {
        "point_in_time_name_ja": "2025年第1四半期",
        "land_type_name_ja": "中古マンション等",
        "price_information_category_name_ja": "成約価格情報",
        "prefecture_name_ja": "東京都",
        "city_code": "13117",
        "city_name_ja": "北区",
        "district_code": "131170280",
        "district_name_ja": "東十条",
        "use_category_name_ja": "",
        "u_transaction_price_total_ja": "3,600万円",
        "u_transaction_price_unit_price_square_meter_ja": "",
        "u_unit_price_per_tsubo_ja": "",
        "u_area_ja": "75㎡",
        "land_shape_name_ja": "",
        "u_land_frontage_ja": "",
        "building_use_name_ja": "",
        "building_structure_name_ja": "ＳＲＣ",
        "floor_plan_name_ja": "３ＬＤＫ＋Ｓ",
        "u_building_total_floor_area_ja": "",
        "u_construction_year_ja": "1975年",
        "front_road_azimuth_name_ja": "",
        "u_front_road_width_ja": "",
        "front_road_type_name_ja": "",
        "land_use_name_ja": "第１種住居地域",
        "u_building_coverage_ratio_ja": "",
        "u_floor_area_ratio_ja": "",
        "remark_name_ja": "",
        "future_use_purpose_name_ja": "",
        "remark_renovation_name_ja": ""
      }
    },
    {
      "type": "Feature",
      "geometry": {
        "type": "Point",
        "coordinates": [
          139.73576188087463,
          35.76499204978927
        ]
      },
      "properties": {
        "point_in_time_name_ja": "2025年第3四半期",
        "land_type_name_ja": "中古マンション等",
        "price_information_category_name_ja": "成約価格情報",
        "prefecture_name_ja": "東京都",
        "city_code": "13117",
        "city_name_ja": "北区",
        "district_code": "131170280",
        "district_name_ja": "東十条",
        "use_category_name_ja": "",
        "u_transaction_price_total_ja": "5,200万円",
        "u_transaction_price_unit_price_square_meter_ja": "",
        "u_unit_price_per_tsubo_ja": "",
        "u_area_ja": "75㎡",
        "land_shape_name_ja": "",
        "u_land_frontage_ja": "",
        "building_use_name_ja": "",
        "building_structure_name_ja": "ＳＲＣ",
        "floor_plan_name_ja": "３ＬＤＫ",
        "u_building_total_floor_area_ja": "",
        "u_construction_year_ja": "1975年",
        "front_road_azimuth_name_ja": "",
        "u_front_road_width_ja": "",
        "front_road_type_name_ja": "",
        "land_use_name_ja": "第１種住居地域",
        "u_building_coverage_ratio_ja": "",
        "u_floor_area_ratio_ja": "",
        "remark_name_ja": "",
        "future_use_purpose_name_ja": "",
        "remark_renovation_name_ja": ""
      }
    },
    {
      "type": "Feature",
      "geometry": {
        "type": "Point",
        "coordinates": [
          139.73576188087463,
          35.76499204978927
        ]
      },
      "properties": {
        "point_in_time_name_ja": "2025年第3四半期",
        "land_type_name_ja": "中古マンション等",
        "price_information_category_name_ja": "成約価格情報",
        "prefecture_name_ja": "東京都",
        "city_code": "13117",
        "city_name_ja": "北区",
        "district_code": "131170280",
        "district_name_ja": "東十条",
        "use_category_name_ja": "",
        "u_transaction_price_total_ja": "3,800万円",
        "u_transaction_price_unit_price_square_meter_ja": "",
        "u_unit_price_per_tsubo_ja": "",
        "u_area_ja": "60㎡",
        "land_shape_name_ja": "",
        "u_land_frontage_ja": "",
        "building_use_name_ja": "",
        "building_structure_name_ja": "ＳＲＣ",
        "floor_plan_name_ja": "３ＤＫ",
        "u_building_total_floor_area_ja": "",
        "u_construction_year_ja": "1974年",
        "front_road_azimuth_name_ja": "",
        "u_front_road_width_ja": "",
        "front_road_type_name_ja": "",
        "land_use_name_ja": "近隣商業地域",
        "u_building_coverage_ratio_ja": "",
        "u_floor_area_ratio_ja": "",
        "remark_name_ja": "",
        "future_use_purpose_name_ja": "",
        "remark_renovation_name_ja": ""
      }
    },
    {
      "type": "Feature",
      "geometry": {
        "type": "Point",
        "coordinates": [
          139.73576188087463,
          35.76499204978927
        ]
      },
      "properties": {
        "point_in_time_name_ja": "2025年第1四半期",
        "land_type_name_ja": "中古マンション等",
        "price_information_category_name_ja": "成約価格情報",
        "prefecture_name_ja": "東京都",
        "city_code": "13117",
        "city_name_ja": "北区",
        "district_code": "131170080",
        "district_name_ja": "王子",
        "use_category_name_ja": "",
        "u_transaction_price_total_ja": "9,000万円",
        "u_transaction_price_unit_price_square_meter_ja": "",
        "u_unit_price_per_tsubo_ja": "",
        "u_area_ja": "75㎡",
        "land_shape_name_ja": "",
        "u_land_frontage_ja": "",
        "building_use_name_ja": "",
        "building_structure_name_ja": "ＲＣ",
        "floor_plan_name_ja": "３ＬＤＫ",
        "u_building_total_floor_area_ja": "",
        "u_construction_year_ja": "2022年",
        "front_road_azimuth_name_ja": "",
        "u_front_road_width_ja": "",
        "front_road_type_name_ja": "",
        "land_use_name_ja": "第１種住居地域",
        "u_building_coverage_ratio_ja": "",
        "u_floor_area_ratio_ja": "",
        "remark_name_ja": "",
        "future_use_purpose_name_ja": "",
        "remark_renovation_name_ja": ""
      }
    },
    {
      "type": "Feature",
      "geometry": {
        "type": "Point",
        "coordinates": [
          139.73576188087463,
          35.76499204978927
        ]
      },
      "properties": {
        "point_in_time_name_ja": "2025年第1四半期",
        "land_type_name_ja": "中古マンション等",
        "price_information_category_name_ja": "成約価格情報",
        "prefecture_name_ja": "東京都",
        "city_code": "13117",
        "city_name_ja": "北区",
        "district_code": "131170120",
        "district_name_ja": "神谷",
        "use_category_name_ja": "",
        "u_transaction_price_total_ja": "5,200万円",
        "u_transaction_price_unit_price_square_meter_ja": "",
        "u_unit_price_per_tsubo_ja": "",
        "u_area_ja": "65㎡",
        "land_shape_name_ja": "",
        "u_land_frontage_ja": "",
        "building_use_name_ja": "",
        "building_structure_name_ja": "ＳＲＣ",
        "floor_plan_name_ja": "３ＬＤＫ",
        "u_building_total_floor_area_ja": "",
        "u_construction_year_ja": "2004年",
        "front_road_azimuth_name_ja": "",
        "u_front_road_width_ja": "",
        "front_road_type_name_ja": "",
        "land_use_name_ja": "商業地域",
        "u_building_coverage_ratio_ja": "",
        "u_floor_area_ratio_ja": "",
        "remark_name_ja": "",
        "future_use_purpose_name_ja": "",
        "remark_renovation_name_ja": ""
      }
    },
    {
      "type": "Feature",
      "geometry": {
        "type": "Point",
        "coordinates": [
          139.73576188087463,
          35.76499204978927
        ]
      },
      "properties": {
        "point_in_time_name_ja": "2025年第1四半期",
        "land_type_name_ja": "中古マンション等",
        "price_information_category_name_ja": "成約価格情報",
        "prefecture_name_ja": "東京都",
        "city_code": "13117",
        "city_name_ja": "北区",
        "district_code": "131170120",
        "district_name_ja": "神谷",
        "use_category_name_ja": "",
        "u_transaction_price_total_ja": "5,500万円",
        "u_transaction_price_unit_price_square_meter_ja": "",
        "u_unit_price_per_tsubo_ja": "",
        "u_area_ja": "70㎡",
        "land_shape_name_ja": "",
        "u_land_frontage_ja": "",
        "building_use_name_ja": "",
        "building_structure_name_ja": "ＳＲＣ",
        "floor_plan_name_ja": "３ＬＤＫ",
        "u_building_total_floor_area_ja": "",
        "u_construction_year_ja": "2000年",
        "front_road_azimuth_name_ja": "",
        "u_front_road_width_ja": "",
        "front_road_type_name_ja": "",
        "land_use_name_ja": "商業地域",
        "u_building_coverage_ratio_ja": "",
        "u_floor_area_ratio_ja": "",
        "remark_name_ja": "",
        "future_use_purpose_name_ja": "",
        "remark_renovation_name_ja": ""
      }
    },
    {
      "type": "Feature",
      "geometry": {
        "type": "Point",
        "coordinates": [
          139.73576188087463,
          35.76499204978927
        ]
      },
      "properties": {
        "point_in_time_name_ja": "2025年第1四半期",
        "land_type_name_ja": "中古マンション等",
        "price_information_category_name_ja": "成約価格情報",
        "prefecture_name_ja": "東京都",
        "city_code": "13117",
        "city_name_ja": "北区",
        "district_code": "131170120",
        "district_name_ja": "神谷",
        "use_category_name_ja": "",
        "u_transaction_price_total_ja": "4,800万円",
        "u_transaction_price_unit_price_square_meter_ja": "",
        "u_unit_price_per_tsubo_ja": "",
        "u_area_ja": "60㎡",
        "land_shape_name_ja": "",
        "u_land_frontage_ja": "",
        "building_use_name_ja": "",
        "building_structure_name_ja": "ＳＲＣ",
        "floor_plan_name_ja": "２ＬＤＫ＋Ｓ",
        "u_building_total_floor_area_ja": "",
        "u_construction_year_ja": "1996年",
        "front_road_azimuth_name_ja": "",
        "u_front_road_width_ja": "",
        "front_road_type_name_ja": "",
        "land_use_name_ja": "商業地域",
        "u_building_coverage_ratio_ja": "",
        "u_floor_area_ratio_ja": "",
        "remark_name_ja": "",
        "future_use_purpose_name_ja": "",
        "remark_renovation_name_ja": ""
      }
    },
    {
      "type": "Feature",
      "geometry": {
        "type": "Point",
        "coordinates": [
          139.73576188087463,
          35.76499204978927
        ]
      },
      "properties": {
        "point_in_time_name_ja": "2025年第2四半期",
        "land_type_name_ja": "中古マンション等",
        "price_information_category_name_ja": "成約価格情報",
        "prefecture_name_ja": "東京都",
        "city_code": "13117",
        "city_name_ja": "北区",
        "district_code": "131170120",
        "district_name_ja": "神谷",
        "use_category_name_ja": "",
        "u_transaction_price_total_ja": "5,400万円",
        "u_transaction_price_unit_price_square_meter_ja": "",
        "u_unit_price_per_tsubo_ja": "",
        "u_area_ja": "65㎡",
        "land_shape_name_ja": "",
        "u_land_frontage_ja": "",
        "building_use_name_ja": "",
        "building_structure_name_ja": "ＲＣ",
        "floor_plan_name_ja": "３ＬＤＫ",
        "u_building_total_floor_area_ja": "",
        "u_construction_year_ja": "2015年",
        "front_road_azimuth_name_ja": "",
        "u_front_road_width_ja": "",
        "front_road_type_name_ja": "",
        "land_use_name_ja": "近隣商業地域",
        "u_building_coverage_ratio_ja": "",
        "u_floor_area_ratio_ja": "",
        "remark_name_ja": "",
        "future_use_purpose_name_ja": "",
        "remark_renovation_name_ja": ""
      }
    },
    {
      "type": "Feature",
      "geometry": {
        "type": "Point",
        "coordinates": [
          139.73576188087463,
          35.76499204978927
        ]
      },
      "properties": {
        "point_in_time_name_ja": "2025年第2四半期",
        "land_type_name_ja": "中古マンション等",
        "price_information_category_name_ja": "成約価格情報",
        "prefecture_name_ja": "東京都",
        "city_code": "13117",
        "city_name_ja": "北区",
        "district_code": "131170120",
        "district_name_ja": "神谷",
        "use_category_name_ja": "",
        "u_transaction_price_total_ja": "2,900万円",
        "u_transaction_price_unit_price_square_meter_ja": "",
        "u_unit_price_per_tsubo_ja": "",
        "u_area_ja": "30㎡",
        "land_shape_name_ja": "",
        "u_land_frontage_ja": "",
        "building_use_name_ja": "",
        "building_structure_name_ja": "ＲＣ",
        "floor_plan_name_ja": "１Ｋ",
        "u_building_total_floor_area_ja": "",
        "u_construction_year_ja": "2011年",
        "front_road_azimuth_name_ja": "",
        "u_front_road_width_ja": "",
        "front_road_type_name_ja": "",
        "land_use_name_ja": "商業地域",
        "u_building_coverage_ratio_ja": "",
        "u_floor_area_ratio_ja": "",
        "remark_name_ja": "",
        "future_use_purpose_name_ja": "",
        "remark_renovation_name_ja": ""
      }
    },
    {
      "type": "Feature",
      "geometry": {
        "type": "Point",
        "coordinates": [
          139.73576188087463,
          35.76499204978927
        ]
      },
      "properties": {
        "point_in_time_name_ja": "2025年第2四半期",
        "land_type_name_ja": "中古マンション等",
        "price_information_category_name_ja": "成約価格情報",
        "prefecture_name_ja": "東京都",
        "city_code": "13117",
        "city_name_ja": "北区",
        "district_code": "131170120",
        "district_name_ja": "神谷",
        "use_category_name_ja": "",
        "u_transaction_price_total_ja": "6,300万円",
        "u_transaction_price_unit_price_square_meter_ja": "",
        "u_unit_price_per_tsubo_ja": "",
        "u_area_ja": "80㎡",
        "land_shape_name_ja": "",
        "u_land_frontage_ja": "",
        "building_use_name_ja": "",
        "building_structure_name_ja": "ＲＣ",
        "floor_plan_name_ja": "４ＬＤＫ",
        "u_building_total_floor_area_ja": "",
        "u_construction_year_ja": "2007年",
        "front_road_azimuth_name_ja": "",
        "u_front_road_width_ja": "",
        "front_road_type_name_ja": "",
        "land_use_name_ja": "工業地域",
        "u_building_coverage_ratio_ja": "",
        "u_floor_area_ratio_ja": "",
        "remark_name_ja": "",
        "future_use_purpose_name_ja": "",
        "remark_renovation_name_ja": ""
      }
    },
    {
      "type": "Feature",
      "geometry": {
        "type": "Point",
        "coordinates": [
          139.73576188087463,
          35.76499204978927
        ]
      },
      "properties": {
        "point_in_time_name_ja": "2025年第3四半期",
        "land_type_name_ja": "中古マンション等",
        "price_information_category_name_ja": "成約価格情報",
        "prefecture_name_ja": "東京都",
        "city_code": "13117",
        "city_name_ja": "北区",
        "district_code": "131170120",
        "district_name_ja": "神谷",
        "use_category_name_ja": "",
        "u_transaction_price_total_ja": "3,100万円",
        "u_transaction_price_unit_price_square_meter_ja": "",
        "u_unit_price_per_tsubo_ja": "",
        "u_area_ja": "40㎡",
        "land_shape_name_ja": "",
        "u_land_frontage_ja": "",
        "building_use_name_ja": "",
        "building_structure_name_ja": "ＳＲＣ",
        "floor_plan_name_ja": "２ＤＫ",
        "u_building_total_floor_area_ja": "",
        "u_construction_year_ja": "1996年",
        "front_road_azimuth_name_ja": "",
        "u_front_road_width_ja": "",
        "front_road_type_name_ja": "",
        "land_use_name_ja": "商業地域",
        "u_building_coverage_ratio_ja": "",
        "u_floor_area_ratio_ja": "",
        "remark_name_ja": "",
        "future_use_purpose_name_ja": "",
        "remark_renovation_name_ja": ""
      }
    },
    {
      "type": "Feature",
      "geometry": {
        "type": "Point",
        "coordinates": [
          139.73576188087463,
          35.76499204978927
        ]
      },
      "properties": {
        "point_in_time_name_ja": "2025年第4四半期",
        "land_type_name_ja": "中古マンション等",
        "price_information_category_name_ja": "成約価格情報",
        "prefecture_name_ja": "東京都",
        "city_code": "13117",
        "city_name_ja": "北区",
        "district_code": "131170080",
        "district_name_ja": "王子",
        "use_category_name_ja": "",
        "u_transaction_price_total_ja": "10,000万円",
        "u_transaction_price_unit_price_square_meter_ja": "",
        "u_unit_price_per_tsubo_ja": "",
        "u_area_ja": "75㎡",
        "land_shape_name_ja": "",
        "u_land_frontage_ja": "",
        "building_use_name_ja": "",
        "building_structure_name_ja": "ＲＣ",
        "floor_plan_name_ja": "３ＬＤＫ",
        "u_building_total_floor_area_ja": "",
        "u_construction_year_ja": "2023年",
        "front_road_azimuth_name_ja": "",
        "u_front_road_width_ja": "",
        "front_road_type_name_ja": "",
        "land_use_name_ja": "商業地域",
        "u_building_coverage_ratio_ja": "",
        "u_floor_area_ratio_ja": "",
        "remark_name_ja": "",
        "future_use_purpose_name_ja": "",
        "remark_renovation_name_ja": ""
      }
    },
    {
      "type": "Feature",
      "geometry": {
        "type": "Point",
        "coordinates": [
          139.73576188087463,
          35.76499204978927
        ]
      },
      "properties": {
        "point_in_time_name_ja": "2025年第4四半期",
        "land_type_name_ja": "中古マンション等",
        "price_information_category_name_ja": "成約価格情報",
        "prefecture_name_ja": "東京都",
        "city_code": "13117",
        "city_name_ja": "北区",
        "district_code": "131170080",
        "district_name_ja": "王子",
        "use_category_name_ja": "",
        "u_transaction_price_total_ja": "3,700万円",
        "u_transaction_price_unit_price_square_meter_ja": "",
        "u_unit_price_per_tsubo_ja": "",
        "u_area_ja": "45㎡",
        "land_shape_name_ja": "",
        "u_land_frontage_ja": "",
        "building_use_name_ja": "",
        "building_structure_name_ja": "ＳＲＣ",
        "floor_plan_name_ja": "２ＤＫ＋Ｓ",
        "u_building_total_floor_area_ja": "",
        "u_construction_year_ja": "1986年",
        "front_road_azimuth_name_ja": "",
        "u_front_road_width_ja": "",
        "front_road_type_name_ja": "",
        "land_use_name_ja": "商業地域",
        "u_building_coverage_ratio_ja": "",
        "u_floor_area_ratio_ja": "",
        "remark_name_ja": "",
        "future_use_purpose_name_ja": "",
        "remark_renovation_name_ja": ""
      }
    },
    {
      "type": "Feature",
      "geometry": {
        "type": "Point",
        "coordinates": [
          139.73576188087463,
          35.76499204978927
        ]
      },
      "properties": {
        "point_in_time_name_ja": "2025年第4四半期",
        "land_type_name_ja": "中古マンション等",
        "price_information_category_name_ja": "成約価格情報",
        "prefecture_name_ja": "東京都",
        "city_code": "13117",
        "city_name_ja": "北区",
        "district_code": "131170080",
        "district_name_ja": "王子",
        "use_category_name_ja": "",
        "u_transaction_price_total_ja": "2,000万円",
        "u_transaction_price_unit_price_square_meter_ja": "",
        "u_unit_price_per_tsubo_ja": "",
        "u_area_ja": "30㎡",
        "land_shape_name_ja": "",
        "u_land_frontage_ja": "",
        "building_use_name_ja": "",
        "building_structure_name_ja": "ＲＣ",
        "floor_plan_name_ja": "１Ｋ",
        "u_building_total_floor_area_ja": "",
        "u_construction_year_ja": "2008年",
        "front_road_azimuth_name_ja": "",
        "u_front_road_width_ja": "",
        "front_road_type_name_ja": "",
        "land_use_name_ja": "第１種住居地域",
        "u_building_coverage_ratio_ja": "",
        "u_floor_area_ratio_ja": "",
        "remark_name_ja": "",
        "future_use_purpose_name_ja": "",
        "remark_renovation_name_ja": ""
      }
    },
    {
      "type": "Feature",
      "geometry": {
        "type": "Point",
        "coordinates": [
          139.73576188087463,
          35.76499204978927
        ]
      },
      "properties": {
        "point_in_time_name_ja": "2025年第4四半期",
        "land_type_name_ja": "中古マンション等",
        "price_information_category_name_ja": "成約価格情報",
        "prefecture_name_ja": "東京都",
        "city_code": "13117",
        "city_name_ja": "北区",
        "district_code": "131170120",
        "district_name_ja": "神谷",
        "use_category_name_ja": "",
        "u_transaction_price_total_ja": "3,700万円",
        "u_transaction_price_unit_price_square_meter_ja": "",
        "u_unit_price_per_tsubo_ja": "",
        "u_area_ja": "50㎡",
        "land_shape_name_ja": "",
        "u_land_frontage_ja": "",
        "building_use_name_ja": "",
        "building_structure_name_ja": "ＲＣ",
        "floor_plan_name_ja": "２ＬＤＫ",
        "u_building_total_floor_area_ja": "",
        "u_construction_year_ja": "1981年",
        "front_road_azimuth_name_ja": "",
        "u_front_road_width_ja": "",
        "front_road_type_name_ja": "",
        "land_use_name_ja": "近隣商業地域",
        "u_building_coverage_ratio_ja": "",
        "u_floor_area_ratio_ja": "",
        "remark_name_ja": "",
        "future_use_purpose_name_ja": "",
        "remark_renovation_name_ja": ""
      }
    },
    {
      "type": "Feature",
      "geometry": {
        "type": "Point",
        "coordinates": [
          139.73576188087463,
          35.76499204978927
        ]
      },
      "properties": {
        "point_in_time_name_ja": "2025年第4四半期",
        "land_type_name_ja": "中古マンション等",
        "price_information_category_name_ja": "成約価格情報",
        "prefecture_name_ja": "東京都",
        "city_code": "13117",
        "city_name_ja": "北区",
        "district_code": "131170120",
        "district_name_ja": "神谷",
        "use_category_name_ja": "",
        "u_transaction_price_total_ja": "8,200万円",
        "u_transaction_price_unit_price_square_meter_ja": "",
        "u_unit_price_per_tsubo_ja": "",
        "u_area_ja": "85㎡",
        "land_shape_name_ja": "",
        "u_land_frontage_ja": "",
        "building_use_name_ja": "",
        "building_structure_name_ja": "ＳＲＣ",
        "floor_plan_name_ja": "３ＬＤＫ",
        "u_building_total_floor_area_ja": "",
        "u_construction_year_ja": "2000年",
        "front_road_azimuth_name_ja": "",
        "u_front_road_width_ja": "",
        "front_road_type_name_ja": "",
        "land_use_name_ja": "商業地域",
        "u_building_coverage_ratio_ja": "",
        "u_floor_area_ratio_ja": "",
        "remark_name_ja": "",
        "future_use_purpose_name_ja": "",
        "remark_renovation_name_ja": ""
      }
    },
    {
      "type": "Feature",
      "geometry": {
        "type": "Point",
        "coordinates": [
          139.73576188087463,
          35.76499204978927
        ]
      },
      "properties": {
        "point_in_time_name_ja": "2025年第4四半期",
        "land_type_name_ja": "中古マンション等",
        "price_information_category_name_ja": "成約価格情報",
        "prefecture_name_ja": "東京都",
        "city_code": "13117",
        "city_name_ja": "北区",
        "district_code": "131170120",
        "district_name_ja": "神谷",
        "use_category_name_ja": "",
        "u_transaction_price_total_ja": "4,900万円",
        "u_transaction_price_unit_price_square_meter_ja": "",
        "u_unit_price_per_tsubo_ja": "",
        "u_area_ja": "55㎡",
        "land_shape_name_ja": "",
        "u_land_frontage_ja": "",
        "building_use_name_ja": "",
        "building_structure_name_ja": "ＲＣ",
        "floor_plan_name_ja": "１ＬＤＫ",
        "u_building_total_floor_area_ja": "",
        "u_construction_year_ja": "2007年",
        "front_road_azimuth_name_ja": "",
        "u_front_road_width_ja": "",
        "front_road_type_name_ja": "",
        "land_use_name_ja": "工業地域",
        "u_building_coverage_ratio_ja": "",
        "u_floor_area_ratio_ja": "",
        "remark_name_ja": "",
        "future_use_purpose_name_ja": "",
        "remark_renovation_name_ja": ""
      }
    },
    {
      "type": "Feature",
      "geometry": {
        "type": "Point",
        "coordinates": [
          139.73576188087463,
          35.76499204978927
        ]
      },
      "properties": {
        "point_in_time_name_ja": "2025年第4四半期",
        "land_type_name_ja": "中古マンション等",
        "price_information_category_name_ja": "成約価格情報",
        "prefecture_name_ja": "東京都",
        "city_code": "13117",
        "city_name_ja": "北区",
        "district_code": "131170120",
        "district_name_ja": "神谷",
        "use_category_name_ja": "",
        "u_transaction_price_total_ja": "8,700万円",
        "u_transaction_price_unit_price_square_meter_ja": "",
        "u_unit_price_per_tsubo_ja": "",
        "u_area_ja": "80㎡",
        "land_shape_name_ja": "",
        "u_land_frontage_ja": "",
        "building_use_name_ja": "",
        "building_structure_name_ja": "ＲＣ",
        "floor_plan_name_ja": "４ＬＤＫ",
        "u_building_total_floor_area_ja": "",
        "u_construction_year_ja": "2007年",
        "front_road_azimuth_name_ja": "",
        "u_front_road_width_ja": "",
        "front_road_type_name_ja": "",
        "land_use_name_ja": "工業地域",
        "u_building_coverage_ratio_ja": "",
        "u_floor_area_ratio_ja": "",
        "remark_name_ja": "",
        "future_use_purpose_name_ja": "",
        "remark_renovation_name_ja": ""
      }
    },
    {
      "type": "Feature",
      "geometry": {
        "type": "Point",
        "coordinates": [
          139.7382241487503,
          35.75234180187405
        ]
      },
      "properties": {
        "point_in_time_name_ja": "2025年第1四半期",
        "land_type_name_ja": "中古マンション等",
        "price_information_category_name_ja": "成約価格情報",
        "prefecture_name_ja": "東京都",
        "city_code": "13117",
        "city_name_ja": "北区",
        "district_code": "131170230",
        "district_name_ja": "豊島",
        "use_category_name_ja": "",
        "u_transaction_price_total_ja": "5,500万円",
        "u_transaction_price_unit_price_square_meter_ja": "",
        "u_unit_price_per_tsubo_ja": "",
        "u_area_ja": "45㎡",
        "land_shape_name_ja": "",
        "u_land_frontage_ja": "",
        "building_use_name_ja": "",
        "building_structure_name_ja": "ＲＣ",
        "floor_plan_name_ja": "１ＬＤＫ",
        "u_building_total_floor_area_ja": "",
        "u_construction_year_ja": "2024年",
        "front_road_azimuth_name_ja": "",
        "u_front_road_width_ja": "",
        "front_road_type_name_ja": "",
        "land_use_name_ja": "近隣商業地域",
        "u_building_coverage_ratio_ja": "",
        "u_floor_area_ratio_ja": "",
        "remark_name_ja": "",
        "future_use_purpose_name_ja": "",
        "remark_renovation_name_ja": ""
      }
    },
    {
      "type": "Feature",
      "geometry": {
        "type": "Point",
        "coordinates": [
          139.7382241487503,
          35.75234180187405
        ]
      },
      "properties": {
        "point_in_time_name_ja": "2025年第1四半期",
        "land_type_name_ja": "中古マンション等",
        "price_information_category_name_ja": "成約価格情報",
        "prefecture_name_ja": "東京都",
        "city_code": "13117",
        "city_name_ja": "北区",
        "district_code": "131170230",
        "district_name_ja": "豊島",
        "use_category_name_ja": "",
        "u_transaction_price_total_ja": "5,600万円",
        "u_transaction_price_unit_price_square_meter_ja": "",
        "u_unit_price_per_tsubo_ja": "",
        "u_area_ja": "65㎡",
        "land_shape_name_ja": "",
        "u_land_frontage_ja": "",
        "building_use_name_ja": "",
        "building_structure_name_ja": "ＳＲＣ",
        "floor_plan_name_ja": "２ＬＤＫ",
        "u_building_total_floor_area_ja": "",
        "u_construction_year_ja": "2010年",
        "front_road_azimuth_name_ja": "",
        "u_front_road_width_ja": "",
        "front_road_type_name_ja": "",
        "land_use_name_ja": "商業地域",
        "u_building_coverage_ratio_ja": "",
        "u_floor_area_ratio_ja": "",
        "remark_name_ja": "",
        "future_use_purpose_name_ja": "",
        "remark_renovation_name_ja": ""
      }
    },
    {
      "type": "Feature",
      "geometry": {
        "type": "Point",
        "coordinates": [
          139.7382241487503,
          35.75234180187405
        ]
      },
      "properties": {
        "point_in_time_name_ja": "2025年第1四半期",
        "land_type_name_ja": "中古マンション等",
        "price_information_category_name_ja": "成約価格情報",
        "prefecture_name_ja": "東京都",
        "city_code": "13117",
        "city_name_ja": "北区",
        "district_code": "131170230",
        "district_name_ja": "豊島",
        "use_category_name_ja": "",
        "u_transaction_price_total_ja": "7,200万円",
        "u_transaction_price_unit_price_square_meter_ja": "",
        "u_unit_price_per_tsubo_ja": "",
        "u_area_ja": "60㎡",
        "land_shape_name_ja": "",
        "u_land_frontage_ja": "",
        "building_use_name_ja": "",
        "building_structure_name_ja": "ＲＣ",
        "floor_plan_name_ja": "２ＬＤＫ",
        "u_building_total_floor_area_ja": "",
        "u_construction_year_ja": "2024年",
        "front_road_azimuth_name_ja": "",
        "u_front_road_width_ja": "",
        "front_road_type_name_ja": "",
        "land_use_name_ja": "近隣商業地域",
        "u_building_coverage_ratio_ja": "",
        "u_floor_area_ratio_ja": "",
        "remark_name_ja": "",
        "future_use_purpose_name_ja": "",
        "remark_renovation_name_ja": ""
      }
    },
    {
      "type": "Feature",
      "geometry": {
        "type": "Point",
        "coordinates": [
          139.7382241487503,
          35.75234180187405
        ]
      },
      "properties": {
        "point_in_time_name_ja": "2025年第1四半期",
        "land_type_name_ja": "中古マンション等",
        "price_information_category_name_ja": "成約価格情報",
        "prefecture_name_ja": "東京都",
        "city_code": "13117",
        "city_name_ja": "北区",
        "district_code": "131170230",
        "district_name_ja": "豊島",
        "use_category_name_ja": "",
        "u_transaction_price_total_ja": "1,900万円",
        "u_transaction_price_unit_price_square_meter_ja": "",
        "u_unit_price_per_tsubo_ja": "",
        "u_area_ja": "25㎡",
        "land_shape_name_ja": "",
        "u_land_frontage_ja": "",
        "building_use_name_ja": "",
        "building_structure_name_ja": "ＲＣ",
        "floor_plan_name_ja": "１Ｋ",
        "u_building_total_floor_area_ja": "",
        "u_construction_year_ja": "2007年",
        "front_road_azimuth_name_ja": "",
        "u_front_road_width_ja": "",
        "front_road_type_name_ja": "",
        "land_use_name_ja": "近隣商業地域",
        "u_building_coverage_ratio_ja": "",
        "u_floor_area_ratio_ja": "",
        "remark_name_ja": "",
        "future_use_purpose_name_ja": "",
        "remark_renovation_name_ja": ""
      }
    },
    {
      "type": "Feature",
      "geometry": {
        "type": "Point",
        "coordinates": [
          139.7382241487503,
          35.75234180187405
        ]
      },
      "properties": {
        "point_in_time_name_ja": "2025年第1四半期",
        "land_type_name_ja": "中古マンション等",
        "price_information_category_name_ja": "成約価格情報",
        "prefecture_name_ja": "東京都",
        "city_code": "13117",
        "city_name_ja": "北区",
        "district_code": "131170230",
        "district_name_ja": "豊島",
        "use_category_name_ja": "",
        "u_transaction_price_total_ja": "4,400万円",
        "u_transaction_price_unit_price_square_meter_ja": "",
        "u_unit_price_per_tsubo_ja": "",
        "u_area_ja": "70㎡",
        "land_shape_name_ja": "",
        "u_land_frontage_ja": "",
        "building_use_name_ja": "",
        "building_structure_name_ja": "ＳＲＣ",
        "floor_plan_name_ja": "３ＬＤＫ",
        "u_building_total_floor_area_ja": "",
        "u_construction_year_ja": "1975年",
        "front_road_azimuth_name_ja": "",
        "u_front_road_width_ja": "",
        "front_road_type_name_ja": "",
        "land_use_name_ja": "商業地域",
        "u_building_coverage_ratio_ja": "",
        "u_floor_area_ratio_ja": "",
        "remark_name_ja": "",
        "future_use_purpose_name_ja": "",
        "remark_renovation_name_ja": ""
      }
    },
    {
      "type": "Feature",
      "geometry": {
        "type": "Point",
        "coordinates": [
          139.7382241487503,
          35.75234180187405
        ]
      },
      "properties": {
        "point_in_time_name_ja": "2025年第1四半期",
        "land_type_name_ja": "中古マンション等",
        "price_information_category_name_ja": "成約価格情報",
        "prefecture_name_ja": "東京都",
        "city_code": "13117",
        "city_name_ja": "北区",
        "district_code": "131170230",
        "district_name_ja": "豊島",
        "use_category_name_ja": "",
        "u_transaction_price_total_ja": "1,200万円",
        "u_transaction_price_unit_price_square_meter_ja": "",
        "u_unit_price_per_tsubo_ja": "",
        "u_area_ja": "25㎡",
        "land_shape_name_ja": "",
        "u_land_frontage_ja": "",
        "building_use_name_ja": "",
        "building_structure_name_ja": "ＳＲＣ",
        "floor_plan_name_ja": "１Ｒ",
        "u_building_total_floor_area_ja": "",
        "u_construction_year_ja": "1984年",
        "front_road_azimuth_name_ja": "",
        "u_front_road_width_ja": "",
        "front_road_type_name_ja": "",
        "land_use_name_ja": "商業地域",
        "u_building_coverage_ratio_ja": "",
        "u_floor_area_ratio_ja": "",
        "remark_name_ja": "",
        "future_use_purpose_name_ja": "",
        "remark_renovation_name_ja": ""
      }
    },
    {
      "type": "Feature",
      "geometry": {
        "type": "Point",
        "coordinates": [
          139.7382241487503,
          35.75234180187405
        ]
      },
      "properties": {
        "point_in_time_name_ja": "2025年第1四半期",
        "land_type_name_ja": "中古マンション等",
        "price_information_category_name_ja": "成約価格情報",
        "prefecture_name_ja": "東京都",
        "city_code": "13117",
        "city_name_ja": "北区",
        "district_code": "131170230",
        "district_name_ja": "豊島",
        "use_category_name_ja": "",
        "u_transaction_price_total_ja": "2,900万円",
        "u_transaction_price_unit_price_square_meter_ja": "",
        "u_unit_price_per_tsubo_ja": "",
        "u_area_ja": "65㎡",
        "land_shape_name_ja": "",
        "u_land_frontage_ja": "",
        "building_use_name_ja": "",
        "building_structure_name_ja": "ＳＲＣ",
        "floor_plan_name_ja": "２ＬＤＫ",
        "u_building_total_floor_area_ja": "",
        "u_construction_year_ja": "1983年",
        "front_road_azimuth_name_ja": "",
        "u_front_road_width_ja": "",
        "front_road_type_name_ja": "",
        "land_use_name_ja": "準工業地域",
        "u_building_coverage_ratio_ja": "",
        "u_floor_area_ratio_ja": "",
        "remark_name_ja": "",
        "future_use_purpose_name_ja": "",
        "remark_renovation_name_ja": ""
      }
    },
    {
      "type": "Feature",
      "geometry": {
        "type": "Point",
        "coordinates": [
          139.7382241487503,
          35.75234180187405
        ]
      },
      "properties": {
        "point_in_time_name_ja": "2025年第1四半期",
        "land_type_name_ja": "中古マンション等",
        "price_information_category_name_ja": "成約価格情報",
        "prefecture_name_ja": "東京都",
        "city_code": "13117",
        "city_name_ja": "北区",
        "district_code": "131170300",
        "district_name_ja": "堀船",
        "use_category_name_ja": "",
        "u_transaction_price_total_ja": "4,000万円",
        "u_transaction_price_unit_price_square_meter_ja": "",
        "u_unit_price_per_tsubo_ja": "",
        "u_area_ja": "40㎡",
        "land_shape_name_ja": "",
        "u_land_frontage_ja": "",
        "building_use_name_ja": "",
        "building_structure_name_ja": "ＲＣ",
        "floor_plan_name_ja": "１Ｋ",
        "u_building_total_floor_area_ja": "",
        "u_construction_year_ja": "2009年",
        "front_road_azimuth_name_ja": "",
        "u_front_road_width_ja": "",
        "front_road_type_name_ja": "",
        "land_use_name_ja": "近隣商業地域",
        "u_building_coverage_ratio_ja": "",
        "u_floor_area_ratio_ja": "",
        "remark_name_ja": "",
        "future_use_purpose_name_ja": "",
        "remark_renovation_name_ja": ""
      }
    },
    {
      "type": "Feature",
      "geometry": {
        "type": "Point",
        "coordinates": [
          139.7382241487503,
          35.75234180187405
        ]
      },
      "properties": {
        "point_in_time_name_ja": "2025年第1四半期",
        "land_type_name_ja": "中古マンション等",
        "price_information_category_name_ja": "成約価格情報",
        "prefecture_name_ja": "東京都",
        "city_code": "13117",
        "city_name_ja": "北区",
        "district_code": "131170300",
        "district_name_ja": "堀船",
        "use_category_name_ja": "",
        "u_transaction_price_total_ja": "9,300万円",
        "u_transaction_price_unit_price_square_meter_ja": "",
        "u_unit_price_per_tsubo_ja": "",
        "u_area_ja": "75㎡",
        "land_shape_name_ja": "",
        "u_land_frontage_ja": "",
        "building_use_name_ja": "",
        "building_structure_name_ja": "ＲＣ",
        "floor_plan_name_ja": "３ＬＤＫ",
        "u_building_total_floor_area_ja": "",
        "u_construction_year_ja": "2016年",
        "front_road_azimuth_name_ja": "",
        "u_front_road_width_ja": "",
        "front_road_type_name_ja": "",
        "land_use_name_ja": "商業地域",
        "u_building_coverage_ratio_ja": "",
        "u_floor_area_ratio_ja": "",
        "remark_name_ja": "",
        "future_use_purpose_name_ja": "",
        "remark_renovation_name_ja": ""
      }
    },
    {
      "type": "Feature",
      "geometry": {
        "type": "Point",
        "coordinates": [
          139.7382241487503,
          35.75234180187405
        ]
      },
      "properties": {
        "point_in_time_name_ja": "2025年第1四半期",
        "land_type_name_ja": "中古マンション等",
        "price_information_category_name_ja": "成約価格情報",
        "prefecture_name_ja": "東京都",
        "city_code": "13117",
        "city_name_ja": "北区",
        "district_code": "131170300",
        "district_name_ja": "堀船",
        "use_category_name_ja": "",
        "u_transaction_price_total_ja": "8,300万円",
        "u_transaction_price_unit_price_square_meter_ja": "",
        "u_unit_price_per_tsubo_ja": "",
        "u_area_ja": "75㎡",
        "land_shape_name_ja": "",
        "u_land_frontage_ja": "",
        "building_use_name_ja": "",
        "building_structure_name_ja": "ＲＣ",
        "floor_plan_name_ja": "３ＬＤＫ",
        "u_building_total_floor_area_ja": "",
        "u_construction_year_ja": "2021年",
        "front_road_azimuth_name_ja": "",
        "u_front_road_width_ja": "",
        "front_road_type_name_ja": "",
        "land_use_name_ja": "工業地域",
        "u_building_coverage_ratio_ja": "",
        "u_floor_area_ratio_ja": "",
        "remark_name_ja": "",
        "future_use_purpose_name_ja": "",
        "remark_renovation_name_ja": ""
      }
    },
    {
      "type": "Feature",
      "geometry": {
        "type": "Point",
        "coordinates": [
          139.7382241487503,
          35.75234180187405
        ]
      },
      "properties": {
        "point_in_time_name_ja": "2025年第1四半期",
        "land_type_name_ja": "中古マンション等",
        "price_information_category_name_ja": "成約価格情報",
        "prefecture_name_ja": "東京都",
        "city_code": "13117",
        "city_name_ja": "北区",
        "district_code": "131170300",
        "district_name_ja": "堀船",
        "use_category_name_ja": "",
        "u_transaction_price_total_ja": "4,600万円",
        "u_transaction_price_unit_price_square_meter_ja": "",
        "u_unit_price_per_tsubo_ja": "",
        "u_area_ja": "55㎡",
        "land_shape_name_ja": "",
        "u_land_frontage_ja": "",
        "building_use_name_ja": "",
        "building_structure_name_ja": "ＲＣ",
        "floor_plan_name_ja": "３ＤＫ",
        "u_building_total_floor_area_ja": "",
        "u_construction_year_ja": "1999年",
        "front_road_azimuth_name_ja": "",
        "u_front_road_width_ja": "",
        "front_road_type_name_ja": "",
        "land_use_name_ja": "工業地域",
        "u_building_coverage_ratio_ja": "",
        "u_floor_area_ratio_ja": "",
        "remark_name_ja": "",
        "future_use_purpose_name_ja": "",
        "remark_renovation_name_ja": ""
      }
    },
    {
      "type": "Feature",
      "geometry": {
        "type": "Point",
        "coordinates": [
          139.7382241487503,
          35.75234180187405
        ]
      },
      "properties": {
        "point_in_time_name_ja": "2025年第1四半期",
        "land_type_name_ja": "中古マンション等",
        "price_information_category_name_ja": "成約価格情報",
        "prefecture_name_ja": "東京都",
        "city_code": "13117",
        "city_name_ja": "北区",
        "district_code": "131170300",
        "district_name_ja": "堀船",
        "use_category_name_ja": "",
        "u_transaction_price_total_ja": "8,900万円",
        "u_transaction_price_unit_price_square_meter_ja": "",
        "u_unit_price_per_tsubo_ja": "",
        "u_area_ja": "75㎡",
        "land_shape_name_ja": "",
        "u_land_frontage_ja": "",
        "building_use_name_ja": "",
        "building_structure_name_ja": "ＲＣ",
        "floor_plan_name_ja": "３ＬＤＫ",
        "u_building_total_floor_area_ja": "",
        "u_construction_year_ja": "2021年",
        "front_road_azimuth_name_ja": "",
        "u_front_road_width_ja": "",
        "front_road_type_name_ja": "",
        "land_use_name_ja": "工業地域",
        "u_building_coverage_ratio_ja": "",
        "u_floor_area_ratio_ja": "",
        "remark_name_ja": "",
        "future_use_purpose_name_ja": "",
        "remark_renovation_name_ja": ""
      }
    },
    {
      "type": "Feature",
      "geometry": {
        "type": "Point",
        "coordinates": [
          139.7382241487503,
          35.75234180187405
        ]
      },
      "properties": {
        "point_in_time_name_ja": "2025年第1四半期",
        "land_type_name_ja": "中古マンション等",
        "price_information_category_name_ja": "成約価格情報",
        "prefecture_name_ja": "東京都",
        "city_code": "13117",
        "city_name_ja": "北区",
        "district_code": "131170300",
        "district_name_ja": "堀船",
        "use_category_name_ja": "",
        "u_transaction_price_total_ja": "4,000万円",
        "u_transaction_price_unit_price_square_meter_ja": "",
        "u_unit_price_per_tsubo_ja": "",
        "u_area_ja": "40㎡",
        "land_shape_name_ja": "",
        "u_land_frontage_ja": "",
        "building_use_name_ja": "",
        "building_structure_name_ja": "ＲＣ",
        "floor_plan_name_ja": "１Ｋ",
        "u_building_total_floor_area_ja": "",
        "u_construction_year_ja": "2009年",
        "front_road_azimuth_name_ja": "",
        "u_front_road_width_ja": "",
        "front_road_type_name_ja": "",
        "land_use_name_ja": "近隣商業地域",
        "u_building_coverage_ratio_ja": "",
        "u_floor_area_ratio_ja": "",
        "remark_name_ja": "",
        "future_use_purpose_name_ja": "",
        "remark_renovation_name_ja": ""
      }
    },
    {
      "type": "Feature",
      "geometry": {
        "type": "Point",
        "coordinates": [
          139.7382241487503,
          35.75234180187405
        ]
      },
      "properties": {
        "point_in_time_name_ja": "2025年第1四半期",
        "land_type_name_ja": "中古マンション等",
        "price_information_category_name_ja": "成約価格情報",
        "prefecture_name_ja": "東京都",
        "city_code": "13117",
        "city_name_ja": "北区",
        "district_code": "131170300",
        "district_name_ja": "堀船",
        "use_category_name_ja": "",
        "u_transaction_price_total_ja": "4,000万円",
        "u_transaction_price_unit_price_square_meter_ja": "",
        "u_unit_price_per_tsubo_ja": "",
        "u_area_ja": "40㎡",
        "land_shape_name_ja": "",
        "u_land_frontage_ja": "",
        "building_use_name_ja": "",
        "building_structure_name_ja": "ＲＣ",
        "floor_plan_name_ja": "１Ｋ",
        "u_building_total_floor_area_ja": "",
        "u_construction_year_ja": "2009年",
        "front_road_azimuth_name_ja": "",
        "u_front_road_width_ja": "",
        "front_road_type_name_ja": "",
        "land_use_name_ja": "近隣商業地域",
        "u_building_coverage_ratio_ja": "",
        "u_floor_area_ratio_ja": "",
        "remark_name_ja": "",
        "future_use_purpose_name_ja": "",
        "remark_renovation_name_ja": ""
      }
    },
    {
      "type": "Feature",
      "geometry": {
        "type": "Point",
        "coordinates": [
          139.7382241487503,
          35.75234180187405
        ]
      },
      "properties": {
        "point_in_time_name_ja": "2025年第2四半期",
        "land_type_name_ja": "中古マンション等",
        "price_information_category_name_ja": "成約価格情報",
        "prefecture_name_ja": "東京都",
        "city_code": "13117",
        "city_name_ja": "北区",
        "district_code": "131170230",
        "district_name_ja": "豊島",
        "use_category_name_ja": "",
        "u_transaction_price_total_ja": "1,700万円",
        "u_transaction_price_unit_price_square_meter_ja": "",
        "u_unit_price_per_tsubo_ja": "",
        "u_area_ja": "40㎡",
        "land_shape_name_ja": "",
        "u_land_frontage_ja": "",
        "building_use_name_ja": "",
        "building_structure_name_ja": "ＲＣ",
        "floor_plan_name_ja": "２ＤＫ",
        "u_building_total_floor_area_ja": "",
        "u_construction_year_ja": "1980年",
        "front_road_azimuth_name_ja": "",
        "u_front_road_width_ja": "",
        "front_road_type_name_ja": "",
        "land_use_name_ja": "準工業地域",
        "u_building_coverage_ratio_ja": "",
        "u_floor_area_ratio_ja": "",
        "remark_name_ja": "",
        "future_use_purpose_name_ja": "",
        "remark_renovation_name_ja": ""
      }
    },
    {
      "type": "Feature",
      "geometry": {
        "type": "Point",
        "coordinates": [
          139.7382241487503,
          35.75234180187405
        ]
      },
      "properties": {
        "point_in_time_name_ja": "2025年第2四半期",
        "land_type_name_ja": "中古マンション等",
        "price_information_category_name_ja": "成約価格情報",
        "prefecture_name_ja": "東京都",
        "city_code": "13117",
        "city_name_ja": "北区",
        "district_code": "131170230",
        "district_name_ja": "豊島",
        "use_category_name_ja": "",
        "u_transaction_price_total_ja": "5,200万円",
        "u_transaction_price_unit_price_square_meter_ja": "",
        "u_unit_price_per_tsubo_ja": "",
        "u_area_ja": "75㎡",
        "land_shape_name_ja": "",
        "u_land_frontage_ja": "",
        "building_use_name_ja": "",
        "building_structure_name_ja": "ＲＣ",
        "floor_plan_name_ja": "３ＬＤＫ",
        "u_building_total_floor_area_ja": "",
        "u_construction_year_ja": "2016年",
        "front_road_azimuth_name_ja": "",
        "u_front_road_width_ja": "",
        "front_road_type_name_ja": "",
        "land_use_name_ja": "近隣商業地域",
        "u_building_coverage_ratio_ja": "",
        "u_floor_area_ratio_ja": "",
        "remark_name_ja": "",
        "future_use_purpose_name_ja": "",
        "remark_renovation_name_ja": ""
      }
    },
    {
      "type": "Feature",
      "geometry": {
        "type": "Point",
        "coordinates": [
          139.7382241487503,
          35.75234180187405
        ]
      },
      "properties": {
        "point_in_time_name_ja": "2025年第2四半期",
        "land_type_name_ja": "中古マンション等",
        "price_information_category_name_ja": "成約価格情報",
        "prefecture_name_ja": "東京都",
        "city_code": "13117",
        "city_name_ja": "北区",
        "district_code": "131170230",
        "district_name_ja": "豊島",
        "use_category_name_ja": "",
        "u_transaction_price_total_ja": "2,200万円",
        "u_transaction_price_unit_price_square_meter_ja": "",
        "u_unit_price_per_tsubo_ja": "",
        "u_area_ja": "50㎡",
        "land_shape_name_ja": "",
        "u_land_frontage_ja": "",
        "building_use_name_ja": "",
        "building_structure_name_ja": "ＳＲＣ",
        "floor_plan_name_ja": "２ＤＫ",
        "u_building_total_floor_area_ja": "",
        "u_construction_year_ja": "1985年",
        "front_road_azimuth_name_ja": "",
        "u_front_road_width_ja": "",
        "front_road_type_name_ja": "",
        "land_use_name_ja": "商業地域",
        "u_building_coverage_ratio_ja": "",
        "u_floor_area_ratio_ja": "",
        "remark_name_ja": "",
        "future_use_purpose_name_ja": "",
        "remark_renovation_name_ja": ""
      }
    },
    {
      "type": "Feature",
      "geometry": {
        "type": "Point",
        "coordinates": [
          139.7382241487503,
          35.75234180187405
        ]
      },
      "properties": {
        "point_in_time_name_ja": "2025年第2四半期",
        "land_type_name_ja": "中古マンション等",
        "price_information_category_name_ja": "成約価格情報",
        "prefecture_name_ja": "東京都",
        "city_code": "13117",
        "city_name_ja": "北区",
        "district_code": "131170230",
        "district_name_ja": "豊島",
        "use_category_name_ja": "",
        "u_transaction_price_total_ja": "2,000万円",
        "u_transaction_price_unit_price_square_meter_ja": "",
        "u_unit_price_per_tsubo_ja": "",
        "u_area_ja": "30㎡",
        "land_shape_name_ja": "",
        "u_land_frontage_ja": "",
        "building_use_name_ja": "",
        "building_structure_name_ja": "ＲＣ",
        "floor_plan_name_ja": "１Ｋ",
        "u_building_total_floor_area_ja": "",
        "u_construction_year_ja": "2006年",
        "front_road_azimuth_name_ja": "",
        "u_front_road_width_ja": "",
        "front_road_type_name_ja": "",
        "land_use_name_ja": "商業地域",
        "u_building_coverage_ratio_ja": "",
        "u_floor_area_ratio_ja": "",
        "remark_name_ja": "",
        "future_use_purpose_name_ja": "",
        "remark_renovation_name_ja": ""
      }
    },
    {
      "type": "Feature",
      "geometry": {
        "type": "Point",
        "coordinates": [
          139.7382241487503,
          35.75234180187405
        ]
      },
      "properties": {
        "point_in_time_name_ja": "2025年第2四半期",
        "land_type_name_ja": "中古マンション等",
        "price_information_category_name_ja": "成約価格情報",
        "prefecture_name_ja": "東京都",
        "city_code": "13117",
        "city_name_ja": "北区",
        "district_code": "131170230",
        "district_name_ja": "豊島",
        "use_category_name_ja": "",
        "u_transaction_price_total_ja": "4,700万円",
        "u_transaction_price_unit_price_square_meter_ja": "",
        "u_unit_price_per_tsubo_ja": "",
        "u_area_ja": "70㎡",
        "land_shape_name_ja": "",
        "u_land_frontage_ja": "",
        "building_use_name_ja": "",
        "building_structure_name_ja": "ＲＣ",
        "floor_plan_name_ja": "３ＬＤＫ",
        "u_building_total_floor_area_ja": "",
        "u_construction_year_ja": "2020年",
        "front_road_azimuth_name_ja": "",
        "u_front_road_width_ja": "",
        "front_road_type_name_ja": "",
        "land_use_name_ja": "工業地域",
        "u_building_coverage_ratio_ja": "",
        "u_floor_area_ratio_ja": "",
        "remark_name_ja": "",
        "future_use_purpose_name_ja": "",
        "remark_renovation_name_ja": ""
      }
    },
    {
      "type": "Feature",
      "geometry": {
        "type": "Point",
        "coordinates": [
          139.7382241487503,
          35.75234180187405
        ]
      },
      "properties": {
        "point_in_time_name_ja": "2025年第2四半期",
        "land_type_name_ja": "中古マンション等",
        "price_information_category_name_ja": "成約価格情報",
        "prefecture_name_ja": "東京都",
        "city_code": "13117",
        "city_name_ja": "北区",
        "district_code": "131170230",
        "district_name_ja": "豊島",
        "use_category_name_ja": "",
        "u_transaction_price_total_ja": "3,700万円",
        "u_transaction_price_unit_price_square_meter_ja": "",
        "u_unit_price_per_tsubo_ja": "",
        "u_area_ja": "80㎡",
        "land_shape_name_ja": "",
        "u_land_frontage_ja": "",
        "building_use_name_ja": "",
        "building_structure_name_ja": "ＲＣ",
        "floor_plan_name_ja": "３ＬＤＫ",
        "u_building_total_floor_area_ja": "",
        "u_construction_year_ja": "1983年",
        "front_road_azimuth_name_ja": "",
        "u_front_road_width_ja": "",
        "front_road_type_name_ja": "",
        "land_use_name_ja": "近隣商業地域",
        "u_building_coverage_ratio_ja": "",
        "u_floor_area_ratio_ja": "",
        "remark_name_ja": "",
        "future_use_purpose_name_ja": "",
        "remark_renovation_name_ja": ""
      }
    },
    {
      "type": "Feature",
      "geometry": {
        "type": "Point",
        "coordinates": [
          139.7382241487503,
          35.75234180187405
        ]
      },
      "properties": {
        "point_in_time_name_ja": "2025年第2四半期",
        "land_type_name_ja": "中古マンション等",
        "price_information_category_name_ja": "成約価格情報",
        "prefecture_name_ja": "東京都",
        "city_code": "13117",
        "city_name_ja": "北区",
        "district_code": "131170230",
        "district_name_ja": "豊島",
        "use_category_name_ja": "",
        "u_transaction_price_total_ja": "2,800万円",
        "u_transaction_price_unit_price_square_meter_ja": "",
        "u_unit_price_per_tsubo_ja": "",
        "u_area_ja": "40㎡",
        "land_shape_name_ja": "",
        "u_land_frontage_ja": "",
        "building_use_name_ja": "",
        "building_structure_name_ja": "ＳＲＣ",
        "floor_plan_name_ja": "２ＤＫ",
        "u_building_total_floor_area_ja": "",
        "u_construction_year_ja": "1988年",
        "front_road_azimuth_name_ja": "",
        "u_front_road_width_ja": "",
        "front_road_type_name_ja": "",
        "land_use_name_ja": "準工業地域",
        "u_building_coverage_ratio_ja": "",
        "u_floor_area_ratio_ja": "",
        "remark_name_ja": "",
        "future_use_purpose_name_ja": "",
        "remark_renovation_name_ja": ""
      }
    },
    {
      "type": "Feature",
      "geometry": {
        "type": "Point",
        "coordinates": [
          139.7382241487503,
          35.75234180187405
        ]
      },
      "properties": {
        "point_in_time_name_ja": "2025年第2四半期",
        "land_type_name_ja": "中古マンション等",
        "price_information_category_name_ja": "成約価格情報",
        "prefecture_name_ja": "東京都",
        "city_code": "13117",
        "city_name_ja": "北区",
        "district_code": "131170300",
        "district_name_ja": "堀船",
        "use_category_name_ja": "",
        "u_transaction_price_total_ja": "8,800万円",
        "u_transaction_price_unit_price_square_meter_ja": "",
        "u_unit_price_per_tsubo_ja": "",
        "u_area_ja": "70㎡",
        "land_shape_name_ja": "",
        "u_land_frontage_ja": "",
        "building_use_name_ja": "",
        "building_structure_name_ja": "ＲＣ",
        "floor_plan_name_ja": "３ＬＤＫ",
        "u_building_total_floor_area_ja": "",
        "u_construction_year_ja": "2021年",
        "front_road_azimuth_name_ja": "",
        "u_front_road_width_ja": "",
        "front_road_type_name_ja": "",
        "land_use_name_ja": "工業地域",
        "u_building_coverage_ratio_ja": "",
        "u_floor_area_ratio_ja": "",
        "remark_name_ja": "",
        "future_use_purpose_name_ja": "",
        "remark_renovation_name_ja": ""
      }
    },
    {
      "type": "Feature",
      "geometry": {
        "type": "Point",
        "coordinates": [
          139.7382241487503,
          35.75234180187405
        ]
      },
      "properties": {
        "point_in_time_name_ja": "2025年第2四半期",
        "land_type_name_ja": "中古マンション等",
        "price_information_category_name_ja": "成約価格情報",
        "prefecture_name_ja": "東京都",
        "city_code": "13117",
        "city_name_ja": "北区",
        "district_code": "131170300",
        "district_name_ja": "堀船",
        "use_category_name_ja": "",
        "u_transaction_price_total_ja": "2,400万円",
        "u_transaction_price_unit_price_square_meter_ja": "",
        "u_unit_price_per_tsubo_ja": "",
        "u_area_ja": "40㎡",
        "land_shape_name_ja": "",
        "u_land_frontage_ja": "",
        "building_use_name_ja": "",
        "building_structure_name_ja": "ＳＲＣ",
        "floor_plan_name_ja": "１ＤＫ",
        "u_building_total_floor_area_ja": "",
        "u_construction_year_ja": "1991年",
        "front_road_azimuth_name_ja": "",
        "u_front_road_width_ja": "",
        "front_road_type_name_ja": "",
        "land_use_name_ja": "商業地域",
        "u_building_coverage_ratio_ja": "",
        "u_floor_area_ratio_ja": "",
        "remark_name_ja": "",
        "future_use_purpose_name_ja": "",
        "remark_renovation_name_ja": ""
      }
    },
    {
      "type": "Feature",
      "geometry": {
        "type": "Point",
        "coordinates": [
          139.7382241487503,
          35.75234180187405
        ]
      },
      "properties": {
        "point_in_time_name_ja": "2025年第3四半期",
        "land_type_name_ja": "中古マンション等",
        "price_information_category_name_ja": "成約価格情報",
        "prefecture_name_ja": "東京都",
        "city_code": "13117",
        "city_name_ja": "北区",
        "district_code": "131170230",
        "district_name_ja": "豊島",
        "use_category_name_ja": "",
        "u_transaction_price_total_ja": "2,500万円",
        "u_transaction_price_unit_price_square_meter_ja": "",
        "u_unit_price_per_tsubo_ja": "",
        "u_area_ja": "30㎡",
        "land_shape_name_ja": "",
        "u_land_frontage_ja": "",
        "building_use_name_ja": "",
        "building_structure_name_ja": "ＲＣ",
        "floor_plan_name_ja": "１Ｋ",
        "u_building_total_floor_area_ja": "",
        "u_construction_year_ja": "2007年",
        "front_road_azimuth_name_ja": "",
        "u_front_road_width_ja": "",
        "front_road_type_name_ja": "",
        "land_use_name_ja": "近隣商業地域",
        "u_building_coverage_ratio_ja": "",
        "u_floor_area_ratio_ja": "",
        "remark_name_ja": "",
        "future_use_purpose_name_ja": "",
        "remark_renovation_name_ja": "改装済み"
      }
    },
    {
      "type": "Feature",
      "geometry": {
        "type": "Point",
        "coordinates": [
          139.7382241487503,
          35.75234180187405
        ]
      },
      "properties": {
        "point_in_time_name_ja": "2025年第3四半期",
        "land_type_name_ja": "中古マンション等",
        "price_information_category_name_ja": "成約価格情報",
        "prefecture_name_ja": "東京都",
        "city_code": "13117",
        "city_name_ja": "北区",
        "district_code": "131170230",
        "district_name_ja": "豊島",
        "use_category_name_ja": "",
        "u_transaction_price_total_ja": "3,200万円",
        "u_transaction_price_unit_price_square_meter_ja": "",
        "u_unit_price_per_tsubo_ja": "",
        "u_area_ja": "55㎡",
        "land_shape_name_ja": "",
        "u_land_frontage_ja": "",
        "building_use_name_ja": "",
        "building_structure_name_ja": "ＳＲＣ",
        "floor_plan_name_ja": "２ＬＤＫ",
        "u_building_total_floor_area_ja": "",
        "u_construction_year_ja": "1984年",
        "front_road_azimuth_name_ja": "",
        "u_front_road_width_ja": "",
        "front_road_type_name_ja": "",
        "land_use_name_ja": "商業地域",
        "u_building_coverage_ratio_ja": "",
        "u_floor_area_ratio_ja": "",
        "remark_name_ja": "",
        "future_use_purpose_name_ja": "",
        "remark_renovation_name_ja": ""
      }
    },
    {
      "type": "Feature",
      "geometry": {
        "type": "Point",
        "coordinates": [
          139.7382241487503,
          35.75234180187405
        ]
      },
      "properties": {
        "point_in_time_name_ja": "2025年第3四半期",
        "land_type_name_ja": "中古マンション等",
        "price_information_category_name_ja": "成約価格情報",
        "prefecture_name_ja": "東京都",
        "city_code": "13117",
        "city_name_ja": "北区",
        "district_code": "131170230",
        "district_name_ja": "豊島",
        "use_category_name_ja": "",
        "u_transaction_price_total_ja": "5,800万円",
        "u_transaction_price_unit_price_square_meter_ja": "",
        "u_unit_price_per_tsubo_ja": "",
        "u_area_ja": "80㎡",
        "land_shape_name_ja": "",
        "u_land_frontage_ja": "",
        "building_use_name_ja": "",
        "building_structure_name_ja": "ＲＣ",
        "floor_plan_name_ja": "４ＬＤＫ",
        "u_building_total_floor_area_ja": "",
        "u_construction_year_ja": "2020年",
        "front_road_azimuth_name_ja": "",
        "u_front_road_width_ja": "",
        "front_road_type_name_ja": "",
        "land_use_name_ja": "第２種住居地域",
        "u_building_coverage_ratio_ja": "",
        "u_floor_area_ratio_ja": "",
        "remark_name_ja": "",
        "future_use_purpose_name_ja": "",
        "remark_renovation_name_ja": ""
      }
    },
    {
      "type": "Feature",
      "geometry": {
        "type": "Point",
        "coordinates": [
          139.7382241487503,
          35.75234180187405
        ]
      },
      "properties": {
        "point_in_time_name_ja": "2025年第3四半期",
        "land_type_name_ja": "中古マンション等",
        "price_information_category_name_ja": "成約価格情報",
        "prefecture_name_ja": "東京都",
        "city_code": "13117",
        "city_name_ja": "北区",
        "district_code": "131170230",
        "district_name_ja": "豊島",
        "use_category_name_ja": "",
        "u_transaction_price_total_ja": "4,500万円",
        "u_transaction_price_unit_price_square_meter_ja": "",
        "u_unit_price_per_tsubo_ja": "",
        "u_area_ja": "50㎡",
        "land_shape_name_ja": "",
        "u_land_frontage_ja": "",
        "building_use_name_ja": "",
        "building_structure_name_ja": "ＳＲＣ",
        "floor_plan_name_ja": "１ＬＤＫ＋Ｓ",
        "u_building_total_floor_area_ja": "",
        "u_construction_year_ja": "1986年",
        "front_road_azimuth_name_ja": "",
        "u_front_road_width_ja": "",
        "front_road_type_name_ja": "",
        "land_use_name_ja": "商業地域",
        "u_building_coverage_ratio_ja": "",
        "u_floor_area_ratio_ja": "",
        "remark_name_ja": "",
        "future_use_purpose_name_ja": "",
        "remark_renovation_name_ja": ""
      }
    },
    {
      "type": "Feature",
      "geometry": {
        "type": "Point",
        "coordinates": [
          139.7382241487503,
          35.75234180187405
        ]
      },
      "properties": {
        "point_in_time_name_ja": "2025年第3四半期",
        "land_type_name_ja": "中古マンション等",
        "price_information_category_name_ja": "成約価格情報",
        "prefecture_name_ja": "東京都",
        "city_code": "13117",
        "city_name_ja": "北区",
        "district_code": "131170230",
        "district_name_ja": "豊島",
        "use_category_name_ja": "",
        "u_transaction_price_total_ja": "4,200万円",
        "u_transaction_price_unit_price_square_meter_ja": "",
        "u_unit_price_per_tsubo_ja": "",
        "u_area_ja": "50㎡",
        "land_shape_name_ja": "",
        "u_land_frontage_ja": "",
        "building_use_name_ja": "",
        "building_structure_name_ja": "ＳＲＣ",
        "floor_plan_name_ja": "２ＬＤＫ",
        "u_building_total_floor_area_ja": "",
        "u_construction_year_ja": "1986年",
        "front_road_azimuth_name_ja": "",
        "u_front_road_width_ja": "",
        "front_road_type_name_ja": "",
        "land_use_name_ja": "商業地域",
        "u_building_coverage_ratio_ja": "",
        "u_floor_area_ratio_ja": "",
        "remark_name_ja": "",
        "future_use_purpose_name_ja": "",
        "remark_renovation_name_ja": ""
      }
    },
    {
      "type": "Feature",
      "geometry": {
        "type": "Point",
        "coordinates": [
          139.7382241487503,
          35.75234180187405
        ]
      },
      "properties": {
        "point_in_time_name_ja": "2025年第3四半期",
        "land_type_name_ja": "中古マンション等",
        "price_information_category_name_ja": "成約価格情報",
        "prefecture_name_ja": "東京都",
        "city_code": "13117",
        "city_name_ja": "北区",
        "district_code": "131170230",
        "district_name_ja": "豊島",
        "use_category_name_ja": "",
        "u_transaction_price_total_ja": "3,500万円",
        "u_transaction_price_unit_price_square_meter_ja": "",
        "u_unit_price_per_tsubo_ja": "",
        "u_area_ja": "65㎡",
        "land_shape_name_ja": "",
        "u_land_frontage_ja": "",
        "building_use_name_ja": "",
        "building_structure_name_ja": "ＳＲＣ",
        "floor_plan_name_ja": "３ＬＤＫ",
        "u_building_total_floor_area_ja": "",
        "u_construction_year_ja": "1983年",
        "front_road_azimuth_name_ja": "",
        "u_front_road_width_ja": "",
        "front_road_type_name_ja": "",
        "land_use_name_ja": "準工業地域",
        "u_building_coverage_ratio_ja": "",
        "u_floor_area_ratio_ja": "",
        "remark_name_ja": "",
        "future_use_purpose_name_ja": "",
        "remark_renovation_name_ja": ""
      }
    },
    {
      "type": "Feature",
      "geometry": {
        "type": "Point",
        "coordinates": [
          139.7382241487503,
          35.75234180187405
        ]
      },
      "properties": {
        "point_in_time_name_ja": "2025年第3四半期",
        "land_type_name_ja": "中古マンション等",
        "price_information_category_name_ja": "成約価格情報",
        "prefecture_name_ja": "東京都",
        "city_code": "13117",
        "city_name_ja": "北区",
        "district_code": "131170230",
        "district_name_ja": "豊島",
        "use_category_name_ja": "",
        "u_transaction_price_total_ja": "3,800万円",
        "u_transaction_price_unit_price_square_meter_ja": "",
        "u_unit_price_per_tsubo_ja": "",
        "u_area_ja": "40㎡",
        "land_shape_name_ja": "",
        "u_land_frontage_ja": "",
        "building_use_name_ja": "",
        "building_structure_name_ja": "ＳＲＣ",
        "floor_plan_name_ja": "１ＬＤＫ",
        "u_building_total_floor_area_ja": "",
        "u_construction_year_ja": "1986年",
        "front_road_azimuth_name_ja": "",
        "u_front_road_width_ja": "",
        "front_road_type_name_ja": "",
        "land_use_name_ja": "商業地域",
        "u_building_coverage_ratio_ja": "",
        "u_floor_area_ratio_ja": "",
        "remark_name_ja": "",
        "future_use_purpose_name_ja": "",
        "remark_renovation_name_ja": "改装済み"
      }
    },
    {
      "type": "Feature",
      "geometry": {
        "type": "Point",
        "coordinates": [
          139.7382241487503,
          35.75234180187405
        ]
      },
      "properties": {
        "point_in_time_name_ja": "2025年第3四半期",
        "land_type_name_ja": "中古マンション等",
        "price_information_category_name_ja": "成約価格情報",
        "prefecture_name_ja": "東京都",
        "city_code": "13117",
        "city_name_ja": "北区",
        "district_code": "131170230",
        "district_name_ja": "豊島",
        "use_category_name_ja": "",
        "u_transaction_price_total_ja": "6,300万円",
        "u_transaction_price_unit_price_square_meter_ja": "",
        "u_unit_price_per_tsubo_ja": "",
        "u_area_ja": "80㎡",
        "land_shape_name_ja": "",
        "u_land_frontage_ja": "",
        "building_use_name_ja": "",
        "building_structure_name_ja": "ＲＣ",
        "floor_plan_name_ja": "４ＬＤＫ",
        "u_building_total_floor_area_ja": "",
        "u_construction_year_ja": "2020年",
        "front_road_azimuth_name_ja": "",
        "u_front_road_width_ja": "",
        "front_road_type_name_ja": "",
        "land_use_name_ja": "第２種住居地域",
        "u_building_coverage_ratio_ja": "",
        "u_floor_area_ratio_ja": "",
        "remark_name_ja": "",
        "future_use_purpose_name_ja": "",
        "remark_renovation_name_ja": ""
      }
    },
    {
      "type": "Feature",
      "geometry": {
        "type": "Point",
        "coordinates": [
          139.7382241487503,
          35.75234180187405
        ]
      },
      "properties": {
        "point_in_time_name_ja": "2025年第3四半期",
        "land_type_name_ja": "中古マンション等",
        "price_information_category_name_ja": "成約価格情報",
        "prefecture_name_ja": "東京都",
        "city_code": "13117",
        "city_name_ja": "北区",
        "district_code": "131170300",
        "district_name_ja": "堀船",
        "use_category_name_ja": "",
        "u_transaction_price_total_ja": "8,700万円",
        "u_transaction_price_unit_price_square_meter_ja": "",
        "u_unit_price_per_tsubo_ja": "",
        "u_area_ja": "70㎡",
        "land_shape_name_ja": "",
        "u_land_frontage_ja": "",
        "building_use_name_ja": "",
        "building_structure_name_ja": "ＲＣ",
        "floor_plan_name_ja": "３ＬＤＫ",
        "u_building_total_floor_area_ja": "",
        "u_construction_year_ja": "2021年",
        "front_road_azimuth_name_ja": "",
        "u_front_road_width_ja": "",
        "front_road_type_name_ja": "",
        "land_use_name_ja": "工業地域",
        "u_building_coverage_ratio_ja": "",
        "u_floor_area_ratio_ja": "",
        "remark_name_ja": "",
        "future_use_purpose_name_ja": "",
        "remark_renovation_name_ja": ""
      }
    },
    {
      "type": "Feature",
      "geometry": {
        "type": "Point",
        "coordinates": [
          139.7382241487503,
          35.75234180187405
        ]
      },
      "properties": {
        "point_in_time_name_ja": "2025年第3四半期",
        "land_type_name_ja": "中古マンション等",
        "price_information_category_name_ja": "成約価格情報",
        "prefecture_name_ja": "東京都",
        "city_code": "13117",
        "city_name_ja": "北区",
        "district_code": "131170300",
        "district_name_ja": "堀船",
        "use_category_name_ja": "",
        "u_transaction_price_total_ja": "7,900万円",
        "u_transaction_price_unit_price_square_meter_ja": "",
        "u_unit_price_per_tsubo_ja": "",
        "u_area_ja": "65㎡",
        "land_shape_name_ja": "",
        "u_land_frontage_ja": "",
        "building_use_name_ja": "",
        "building_structure_name_ja": "ＲＣ",
        "floor_plan_name_ja": "２ＬＤＫ",
        "u_building_total_floor_area_ja": "",
        "u_construction_year_ja": "2016年",
        "front_road_azimuth_name_ja": "",
        "u_front_road_width_ja": "",
        "front_road_type_name_ja": "",
        "land_use_name_ja": "商業地域",
        "u_building_coverage_ratio_ja": "",
        "u_floor_area_ratio_ja": "",
        "remark_name_ja": "",
        "future_use_purpose_name_ja": "",
        "remark_renovation_name_ja": ""
      }
    },
    {
      "type": "Feature",
      "geometry": {
        "type": "Point",
        "coordinates": [
          139.7382241487503,
          35.75234180187405
        ]
      },
      "properties": {
        "point_in_time_name_ja": "2025年第3四半期",
        "land_type_name_ja": "中古マンション等",
        "price_information_category_name_ja": "成約価格情報",
        "prefecture_name_ja": "東京都",
        "city_code": "13117",
        "city_name_ja": "北区",
        "district_code": "131170300",
        "district_name_ja": "堀船",
        "use_category_name_ja": "",
        "u_transaction_price_total_ja": "5,100万円",
        "u_transaction_price_unit_price_square_meter_ja": "",
        "u_unit_price_per_tsubo_ja": "",
        "u_area_ja": "40㎡",
        "land_shape_name_ja": "",
        "u_land_frontage_ja": "",
        "building_use_name_ja": "",
        "building_structure_name_ja": "ＲＣ",
        "floor_plan_name_ja": "１ＬＤＫ",
        "u_building_total_floor_area_ja": "",
        "u_construction_year_ja": "2016年",
        "front_road_azimuth_name_ja": "",
        "u_front_road_width_ja": "",
        "front_road_type_name_ja": "",
        "land_use_name_ja": "商業地域",
        "u_building_coverage_ratio_ja": "",
        "u_floor_area_ratio_ja": "",
        "remark_name_ja": "",
        "future_use_purpose_name_ja": "",
        "remark_renovation_name_ja": ""
      }
    },
    {
      "type": "Feature",
      "geometry": {
        "type": "Point",
        "coordinates": [
          139.7382241487503,
          35.75234180187405
        ]
      },
      "properties": {
        "point_in_time_name_ja": "2025年第3四半期",
        "land_type_name_ja": "中古マンション等",
        "price_information_category_name_ja": "成約価格情報",
        "prefecture_name_ja": "東京都",
        "city_code": "13117",
        "city_name_ja": "北区",
        "district_code": "131170300",
        "district_name_ja": "堀船",
        "use_category_name_ja": "",
        "u_transaction_price_total_ja": "10,000万円",
        "u_transaction_price_unit_price_square_meter_ja": "",
        "u_unit_price_per_tsubo_ja": "",
        "u_area_ja": "75㎡",
        "land_shape_name_ja": "",
        "u_land_frontage_ja": "",
        "building_use_name_ja": "",
        "building_structure_name_ja": "ＲＣ",
        "floor_plan_name_ja": "３ＬＤＫ",
        "u_building_total_floor_area_ja": "",
        "u_construction_year_ja": "2021年",
        "front_road_azimuth_name_ja": "",
        "u_front_road_width_ja": "",
        "front_road_type_name_ja": "",
        "land_use_name_ja": "工業地域",
        "u_building_coverage_ratio_ja": "",
        "u_floor_area_ratio_ja": "",
        "remark_name_ja": "",
        "future_use_purpose_name_ja": "",
        "remark_renovation_name_ja": ""
      }
    },
    {
      "type": "Feature",
      "geometry": {
        "type": "Point",
        "coordinates": [
          139.7382241487503,
          35.75234180187405
        ]
      },
      "properties": {
        "point_in_time_name_ja": "2025年第4四半期",
        "land_type_name_ja": "中古マンション等",
        "price_information_category_name_ja": "成約価格情報",
        "prefecture_name_ja": "東京都",
        "city_code": "13117",
        "city_name_ja": "北区",
        "district_code": "131170230",
        "district_name_ja": "豊島",
        "use_category_name_ja": "",
        "u_transaction_price_total_ja": "6,800万円",
        "u_transaction_price_unit_price_square_meter_ja": "",
        "u_unit_price_per_tsubo_ja": "",
        "u_area_ja": "75㎡",
        "land_shape_name_ja": "",
        "u_land_frontage_ja": "",
        "building_use_name_ja": "",
        "building_structure_name_ja": "ＲＣ",
        "floor_plan_name_ja": "４ＬＤＫ",
        "u_building_total_floor_area_ja": "",
        "u_construction_year_ja": "2004年",
        "front_road_azimuth_name_ja": "",
        "u_front_road_width_ja": "",
        "front_road_type_name_ja": "",
        "land_use_name_ja": "近隣商業地域",
        "u_building_coverage_ratio_ja": "",
        "u_floor_area_ratio_ja": "",
        "remark_name_ja": "",
        "future_use_purpose_name_ja": "",
        "remark_renovation_name_ja": ""
      }
    },
    {
      "type": "Feature",
      "geometry": {
        "type": "Point",
        "coordinates": [
          139.7382241487503,
          35.75234180187405
        ]
      },
      "properties": {
        "point_in_time_name_ja": "2025年第4四半期",
        "land_type_name_ja": "中古マンション等",
        "price_information_category_name_ja": "成約価格情報",
        "prefecture_name_ja": "東京都",
        "city_code": "13117",
        "city_name_ja": "北区",
        "district_code": "131170230",
        "district_name_ja": "豊島",
        "use_category_name_ja": "",
        "u_transaction_price_total_ja": "2,600万円",
        "u_transaction_price_unit_price_square_meter_ja": "",
        "u_unit_price_per_tsubo_ja": "",
        "u_area_ja": "25㎡",
        "land_shape_name_ja": "",
        "u_land_frontage_ja": "",
        "building_use_name_ja": "",
        "building_structure_name_ja": "ＲＣ",
        "floor_plan_name_ja": "１Ｋ",
        "u_building_total_floor_area_ja": "",
        "u_construction_year_ja": "2008年",
        "front_road_azimuth_name_ja": "",
        "u_front_road_width_ja": "",
        "front_road_type_name_ja": "",
        "land_use_name_ja": "近隣商業地域",
        "u_building_coverage_ratio_ja": "",
        "u_floor_area_ratio_ja": "",
        "remark_name_ja": "",
        "future_use_purpose_name_ja": "",
        "remark_renovation_name_ja": ""
      }
    },
    {
      "type": "Feature",
      "geometry": {
        "type": "Point",
        "coordinates": [
          139.7382241487503,
          35.75234180187405
        ]
      },
      "properties": {
        "point_in_time_name_ja": "2025年第4四半期",
        "land_type_name_ja": "中古マンション等",
        "price_information_category_name_ja": "成約価格情報",
        "prefecture_name_ja": "東京都",
        "city_code": "13117",
        "city_name_ja": "北区",
        "district_code": "131170300",
        "district_name_ja": "堀船",
        "use_category_name_ja": "",
        "u_transaction_price_total_ja": "2,900万円",
        "u_transaction_price_unit_price_square_meter_ja": "",
        "u_unit_price_per_tsubo_ja": "",
        "u_area_ja": "65㎡",
        "land_shape_name_ja": "",
        "u_land_frontage_ja": "",
        "building_use_name_ja": "",
        "building_structure_name_ja": "ＲＣ",
        "floor_plan_name_ja": "１ＬＤＫ",
        "u_building_total_floor_area_ja": "",
        "u_construction_year_ja": "1984年",
        "front_road_azimuth_name_ja": "",
        "u_front_road_width_ja": "",
        "front_road_type_name_ja": "",
        "land_use_name_ja": "商業地域",
        "u_building_coverage_ratio_ja": "",
        "u_floor_area_ratio_ja": "",
        "remark_name_ja": "",
        "future_use_purpose_name_ja": "",
        "remark_renovation_name_ja": ""
      }
    },
    {
      "type": "Feature",
      "geometry": {
        "type": "Point",
        "coordinates": [
          139.7382241487503,
          35.75234180187405
        ]
      },
      "properties": {
        "point_in_time_name_ja": "2025年第4四半期",
        "land_type_name_ja": "中古マンション等",
        "price_information_category_name_ja": "成約価格情報",
        "prefecture_name_ja": "東京都",
        "city_code": "13117",
        "city_name_ja": "北区",
        "district_code": "131170300",
        "district_name_ja": "堀船",
        "use_category_name_ja": "",
        "u_transaction_price_total_ja": "9,700万円",
        "u_transaction_price_unit_price_square_meter_ja": "",
        "u_unit_price_per_tsubo_ja": "",
        "u_area_ja": "70㎡",
        "land_shape_name_ja": "",
        "u_land_frontage_ja": "",
        "building_use_name_ja": "",
        "building_structure_name_ja": "ＲＣ",
        "floor_plan_name_ja": "３ＬＤＫ",
        "u_building_total_floor_area_ja": "",
        "u_construction_year_ja": "2021年",
        "front_road_azimuth_name_ja": "",
        "u_front_road_width_ja": "",
        "front_road_type_name_ja": "",
        "land_use_name_ja": "工業地域",
        "u_building_coverage_ratio_ja": "",
        "u_floor_area_ratio_ja": "",
        "remark_name_ja": "",
        "future_use_purpose_name_ja": "",
        "remark_renovation_name_ja": ""
      }
    },
    {
      "type": "Feature",
      "geometry": {
        "type": "Point",
        "coordinates": [
          139.7382241487503,
          35.75234180187405
        ]
      },
      "properties": {
        "point_in_time_name_ja": "2025年第4四半期",
        "land_type_name_ja": "中古マンション等",
        "price_information_category_name_ja": "成約価格情報",
        "prefecture_name_ja": "東京都",
        "city_code": "13117",
        "city_name_ja": "北区",
        "district_code": "131170300",
        "district_name_ja": "堀船",
        "use_category_name_ja": "",
        "u_transaction_price_total_ja": "8,600万円",
        "u_transaction_price_unit_price_square_meter_ja": "",
        "u_unit_price_per_tsubo_ja": "",
        "u_area_ja": "70㎡",
        "land_shape_name_ja": "",
        "u_land_frontage_ja": "",
        "building_use_name_ja": "",
        "building_structure_name_ja": "ＲＣ",
        "floor_plan_name_ja": "３ＬＤＫ",
        "u_building_total_floor_area_ja": "",
        "u_construction_year_ja": "2021年",
        "front_road_azimuth_name_ja": "",
        "u_front_road_width_ja": "",
        "front_road_type_name_ja": "",
        "land_use_name_ja": "工業地域",
        "u_building_coverage_ratio_ja": "",
        "u_floor_area_ratio_ja": "",
        "remark_name_ja": "",
        "future_use_purpose_name_ja": "",
        "remark_renovation_name_ja": ""
      }
    },
    {
      "type": "Feature",
      "geometry": {
        "type": "Point",
        "coordinates": [
          139.7382241487503,
          35.75234180187405
        ]
      },
      "properties": {
        "point_in_time_name_ja": "2025年第4四半期",
        "land_type_name_ja": "中古マンション等",
        "price_information_category_name_ja": "成約価格情報",
        "prefecture_name_ja": "東京都",
        "city_code": "13117",
        "city_name_ja": "北区",
        "district_code": "131170300",
        "district_name_ja": "堀船",
        "use_category_name_ja": "",
        "u_transaction_price_total_ja": "8,800万円",
        "u_transaction_price_unit_price_square_meter_ja": "",
        "u_unit_price_per_tsubo_ja": "",
        "u_area_ja": "75㎡",
        "land_shape_name_ja": "",
        "u_land_frontage_ja": "",
        "building_use_name_ja": "",
        "building_structure_name_ja": "ＲＣ",
        "floor_plan_name_ja": "３ＬＤＫ",
        "u_building_total_floor_area_ja": "",
        "u_construction_year_ja": "2021年",
        "front_road_azimuth_name_ja": "",
        "u_front_road_width_ja": "",
        "front_road_type_name_ja": "",
        "land_use_name_ja": "工業地域",
        "u_building_coverage_ratio_ja": "",
        "u_floor_area_ratio_ja": "",
        "remark_name_ja": "",
        "future_use_purpose_name_ja": "",
        "remark_renovation_name_ja": ""
      }
    },
    {
      "type": "Feature",
      "geometry": {
        "type": "Point",
        "coordinates": [
          139.7382241487503,
          35.75234180187405
        ]
      },
      "properties": {
        "point_in_time_name_ja": "2025年第4四半期",
        "land_type_name_ja": "中古マンション等",
        "price_information_category_name_ja": "成約価格情報",
        "prefecture_name_ja": "東京都",
        "city_code": "13117",
        "city_name_ja": "北区",
        "district_code": "131170300",
        "district_name_ja": "堀船",
        "use_category_name_ja": "",
        "u_transaction_price_total_ja": "9,000万円",
        "u_transaction_price_unit_price_square_meter_ja": "",
        "u_unit_price_per_tsubo_ja": "",
        "u_area_ja": "70㎡",
        "land_shape_name_ja": "",
        "u_land_frontage_ja": "",
        "building_use_name_ja": "",
        "building_structure_name_ja": "ＲＣ",
        "floor_plan_name_ja": "３ＬＤＫ",
        "u_building_total_floor_area_ja": "",
        "u_construction_year_ja": "2021年",
        "front_road_azimuth_name_ja": "",
        "u_front_road_width_ja": "",
        "front_road_type_name_ja": "",
        "land_use_name_ja": "工業地域",
        "u_building_coverage_ratio_ja": "",
        "u_floor_area_ratio_ja": "",
        "remark_name_ja": "",
        "future_use_purpose_name_ja": "",
        "remark_renovation_name_ja": ""
      }
    },
    {
      "type": "Feature",
      "geometry": {
        "type": "Point",
        "coordinates": [
          139.7382241487503,
          35.75234180187405
        ]
      },
      "properties": {
        "point_in_time_name_ja": "2025年第4四半期",
        "land_type_name_ja": "中古マンション等",
        "price_information_category_name_ja": "成約価格情報",
        "prefecture_name_ja": "東京都",
        "city_code": "13117",
        "city_name_ja": "北区",
        "district_code": "131170300",
        "district_name_ja": "堀船",
        "use_category_name_ja": "",
        "u_transaction_price_total_ja": "11,000万円",
        "u_transaction_price_unit_price_square_meter_ja": "",
        "u_unit_price_per_tsubo_ja": "",
        "u_area_ja": "75㎡",
        "land_shape_name_ja": "",
        "u_land_frontage_ja": "",
        "building_use_name_ja": "",
        "building_structure_name_ja": "ＲＣ",
        "floor_plan_name_ja": "２ＬＤＫ",
        "u_building_total_floor_area_ja": "",
        "u_construction_year_ja": "2016年",
        "front_road_azimuth_name_ja": "",
        "u_front_road_width_ja": "",
        "front_road_type_name_ja": "",
        "land_use_name_ja": "商業地域",
        "u_building_coverage_ratio_ja": "",
        "u_floor_area_ratio_ja": "",
        "remark_name_ja": "",
        "future_use_purpose_name_ja": "",
        "remark_renovation_name_ja": ""
      }
    },
    {
      "type": "Feature",
      "geometry": {
        "type": "Point",
        "coordinates": [
          139.7382241487503,
          35.75234180187405
        ]
      },
      "properties": {
        "point_in_time_name_ja": "2025年第1四半期",
        "land_type_name_ja": "中古マンション等",
        "price_information_category_name_ja": "成約価格情報",
        "prefecture_name_ja": "東京都",
        "city_code": "13117",
        "city_name_ja": "北区",
        "district_code": "131170200",
        "district_name_ja": "滝野川",
        "use_category_name_ja": "",
        "u_transaction_price_total_ja": "5,100万円",
        "u_transaction_price_unit_price_square_meter_ja": "",
        "u_unit_price_per_tsubo_ja": "",
        "u_area_ja": "65㎡",
        "land_shape_name_ja": "",
        "u_land_frontage_ja": "",
        "building_use_name_ja": "",
        "building_structure_name_ja": "ＳＲＣ",
        "floor_plan_name_ja": "３ＬＤＫ",
        "u_building_total_floor_area_ja": "",
        "u_construction_year_ja": "2000年",
        "front_road_azimuth_name_ja": "",
        "u_front_road_width_ja": "",
        "front_road_type_name_ja": "",
        "land_use_name_ja": "商業地域",
        "u_building_coverage_ratio_ja": "",
        "u_floor_area_ratio_ja": "",
        "remark_name_ja": "",
        "future_use_purpose_name_ja": "",
        "remark_renovation_name_ja": ""
      }
    },
    {
      "type": "Feature",
      "geometry": {
        "type": "Point",
        "coordinates": [
          139.7382241487503,
          35.75234180187405
        ]
      },
      "properties": {
        "point_in_time_name_ja": "2025年第1四半期",
        "land_type_name_ja": "中古マンション等",
        "price_information_category_name_ja": "成約価格情報",
        "prefecture_name_ja": "東京都",
        "city_code": "13117",
        "city_name_ja": "北区",
        "district_code": "131170200",
        "district_name_ja": "滝野川",
        "use_category_name_ja": "",
        "u_transaction_price_total_ja": "6,500万円",
        "u_transaction_price_unit_price_square_meter_ja": "",
        "u_unit_price_per_tsubo_ja": "",
        "u_area_ja": "55㎡",
        "land_shape_name_ja": "",
        "u_land_frontage_ja": "",
        "building_use_name_ja": "",
        "building_structure_name_ja": "ＲＣ",
        "floor_plan_name_ja": "２ＬＤＫ",
        "u_building_total_floor_area_ja": "",
        "u_construction_year_ja": "2020年",
        "front_road_azimuth_name_ja": "",
        "u_front_road_width_ja": "",
        "front_road_type_name_ja": "",
        "land_use_name_ja": "商業地域",
        "u_building_coverage_ratio_ja": "",
        "u_floor_area_ratio_ja": "",
        "remark_name_ja": "",
        "future_use_purpose_name_ja": "",
        "remark_renovation_name_ja": ""
      }
    },
    {
      "type": "Feature",
      "geometry": {
        "type": "Point",
        "coordinates": [
          139.7382241487503,
          35.75234180187405
        ]
      },
      "properties": {
        "point_in_time_name_ja": "2025年第1四半期",
        "land_type_name_ja": "中古マンション等",
        "price_information_category_name_ja": "成約価格情報",
        "prefecture_name_ja": "東京都",
        "city_code": "13117",
        "city_name_ja": "北区",
        "district_code": "131170200",
        "district_name_ja": "滝野川",
        "use_category_name_ja": "",
        "u_transaction_price_total_ja": "4,800万円",
        "u_transaction_price_unit_price_square_meter_ja": "",
        "u_unit_price_per_tsubo_ja": "",
        "u_area_ja": "60㎡",
        "land_shape_name_ja": "",
        "u_land_frontage_ja": "",
        "building_use_name_ja": "",
        "building_structure_name_ja": "ＳＲＣ",
        "floor_plan_name_ja": "２ＬＤＫ",
        "u_building_total_floor_area_ja": "",
        "u_construction_year_ja": "2000年",
        "front_road_azimuth_name_ja": "",
        "u_front_road_width_ja": "",
        "front_road_type_name_ja": "",
        "land_use_name_ja": "第１種住居地域",
        "u_building_coverage_ratio_ja": "",
        "u_floor_area_ratio_ja": "",
        "remark_name_ja": "",
        "future_use_purpose_name_ja": "",
        "remark_renovation_name_ja": ""
      }
    },
    {
      "type": "Feature",
      "geometry": {
        "type": "Point",
        "coordinates": [
          139.7382241487503,
          35.75234180187405
        ]
      },
      "properties": {
        "point_in_time_name_ja": "2025年第1四半期",
        "land_type_name_ja": "中古マンション等",
        "price_information_category_name_ja": "成約価格情報",
        "prefecture_name_ja": "東京都",
        "city_code": "13117",
        "city_name_ja": "北区",
        "district_code": "131170200",
        "district_name_ja": "滝野川",
        "use_category_name_ja": "",
        "u_transaction_price_total_ja": "8,200万円",
        "u_transaction_price_unit_price_square_meter_ja": "",
        "u_unit_price_per_tsubo_ja": "",
        "u_area_ja": "90㎡",
        "land_shape_name_ja": "",
        "u_land_frontage_ja": "",
        "building_use_name_ja": "",
        "building_structure_name_ja": "ＲＣ",
        "floor_plan_name_ja": "３ＬＤＫ",
        "u_building_total_floor_area_ja": "",
        "u_construction_year_ja": "2006年",
        "front_road_azimuth_name_ja": "",
        "u_front_road_width_ja": "",
        "front_road_type_name_ja": "",
        "land_use_name_ja": "商業地域",
        "u_building_coverage_ratio_ja": "",
        "u_floor_area_ratio_ja": "",
        "remark_name_ja": "",
        "future_use_purpose_name_ja": "",
        "remark_renovation_name_ja": ""
      }
    },
    {
      "type": "Feature",
      "geometry": {
        "type": "Point",
        "coordinates": [
          139.7382241487503,
          35.75234180187405
        ]
      },
      "properties": {
        "point_in_time_name_ja": "2025年第1四半期",
        "land_type_name_ja": "中古マンション等",
        "price_information_category_name_ja": "成約価格情報",
        "prefecture_name_ja": "東京都",
        "city_code": "13117",
        "city_name_ja": "北区",
        "district_code": "131170200",
        "district_name_ja": "滝野川",
        "use_category_name_ja": "",
        "u_transaction_price_total_ja": "6,500万円",
        "u_transaction_price_unit_price_square_meter_ja": "",
        "u_unit_price_per_tsubo_ja": "",
        "u_area_ja": "55㎡",
        "land_shape_name_ja": "",
        "u_land_frontage_ja": "",
        "building_use_name_ja": "",
        "building_structure_name_ja": "ＲＣ",
        "floor_plan_name_ja": "２ＬＤＫ",
        "u_building_total_floor_area_ja": "",
        "u_construction_year_ja": "2020年",
        "front_road_azimuth_name_ja": "",
        "u_front_road_width_ja": "",
        "front_road_type_name_ja": "",
        "land_use_name_ja": "商業地域",
        "u_building_coverage_ratio_ja": "",
        "u_floor_area_ratio_ja": "",
        "remark_name_ja": "",
        "future_use_purpose_name_ja": "",
        "remark_renovation_name_ja": ""
      }
    },
    {
      "type": "Feature",
      "geometry": {
        "type": "Point",
        "coordinates": [
          139.7382241487503,
          35.75234180187405
        ]
      },
      "properties": {
        "point_in_time_name_ja": "2025年第2四半期",
        "land_type_name_ja": "中古マンション等",
        "price_information_category_name_ja": "成約価格情報",
        "prefecture_name_ja": "東京都",
        "city_code": "13117",
        "city_name_ja": "北区",
        "district_code": "131170200",
        "district_name_ja": "滝野川",
        "use_category_name_ja": "",
        "u_transaction_price_total_ja": "8,100万円",
        "u_transaction_price_unit_price_square_meter_ja": "",
        "u_unit_price_per_tsubo_ja": "",
        "u_area_ja": "90㎡",
        "land_shape_name_ja": "",
        "u_land_frontage_ja": "",
        "building_use_name_ja": "",
        "building_structure_name_ja": "ＲＣ",
        "floor_plan_name_ja": "３ＬＤＫ＋Ｓ",
        "u_building_total_floor_area_ja": "",
        "u_construction_year_ja": "2006年",
        "front_road_azimuth_name_ja": "",
        "u_front_road_width_ja": "",
        "front_road_type_name_ja": "",
        "land_use_name_ja": "商業地域",
        "u_building_coverage_ratio_ja": "",
        "u_floor_area_ratio_ja": "",
        "remark_name_ja": "",
        "future_use_purpose_name_ja": "",
        "remark_renovation_name_ja": ""
      }
    },
    {
      "type": "Feature",
      "geometry": {
        "type": "Point",
        "coordinates": [
          139.7382241487503,
          35.75234180187405
        ]
      },
      "properties": {
        "point_in_time_name_ja": "2025年第2四半期",
        "land_type_name_ja": "中古マンション等",
        "price_information_category_name_ja": "成約価格情報",
        "prefecture_name_ja": "東京都",
        "city_code": "13117",
        "city_name_ja": "北区",
        "district_code": "131170200",
        "district_name_ja": "滝野川",
        "use_category_name_ja": "",
        "u_transaction_price_total_ja": "4,200万円",
        "u_transaction_price_unit_price_square_meter_ja": "",
        "u_unit_price_per_tsubo_ja": "",
        "u_area_ja": "35㎡",
        "land_shape_name_ja": "",
        "u_land_frontage_ja": "",
        "building_use_name_ja": "",
        "building_structure_name_ja": "ＲＣ",
        "floor_plan_name_ja": "１ＬＤＫ",
        "u_building_total_floor_area_ja": "",
        "u_construction_year_ja": "2019年",
        "front_road_azimuth_name_ja": "",
        "u_front_road_width_ja": "",
        "front_road_type_name_ja": "",
        "land_use_name_ja": "商業地域",
        "u_building_coverage_ratio_ja": "",
        "u_floor_area_ratio_ja": "",
        "remark_name_ja": "",
        "future_use_purpose_name_ja": "",
        "remark_renovation_name_ja": ""
      }
    },
    {
      "type": "Feature",
      "geometry": {
        "type": "Point",
        "coordinates": [
          139.7382241487503,
          35.75234180187405
        ]
      },
      "properties": {
        "point_in_time_name_ja": "2025年第2四半期",
        "land_type_name_ja": "中古マンション等",
        "price_information_category_name_ja": "成約価格情報",
        "prefecture_name_ja": "東京都",
        "city_code": "13117",
        "city_name_ja": "北区",
        "district_code": "131170200",
        "district_name_ja": "滝野川",
        "use_category_name_ja": "",
        "u_transaction_price_total_ja": "2,800万円",
        "u_transaction_price_unit_price_square_meter_ja": "",
        "u_unit_price_per_tsubo_ja": "",
        "u_area_ja": "40㎡",
        "land_shape_name_ja": "",
        "u_land_frontage_ja": "",
        "building_use_name_ja": "",
        "building_structure_name_ja": "ＳＲＣ",
        "floor_plan_name_ja": "１ＤＫ",
        "u_building_total_floor_area_ja": "",
        "u_construction_year_ja": "1993年",
        "front_road_azimuth_name_ja": "",
        "u_front_road_width_ja": "",
        "front_road_type_name_ja": "",
        "land_use_name_ja": "商業地域",
        "u_building_coverage_ratio_ja": "",
        "u_floor_area_ratio_ja": "",
        "remark_name_ja": "",
        "future_use_purpose_name_ja": "",
        "remark_renovation_name_ja": ""
      }
    },
    {
      "type": "Feature",
      "geometry": {
        "type": "Point",
        "coordinates": [
          139.7382241487503,
          35.75234180187405
        ]
      },
      "properties": {
        "point_in_time_name_ja": "2025年第3四半期",
        "land_type_name_ja": "中古マンション等",
        "price_information_category_name_ja": "成約価格情報",
        "prefecture_name_ja": "東京都",
        "city_code": "13117",
        "city_name_ja": "北区",
        "district_code": "131170130",
        "district_name_ja": "岸町",
        "use_category_name_ja": "",
        "u_transaction_price_total_ja": "2,200万円",
        "u_transaction_price_unit_price_square_meter_ja": "",
        "u_unit_price_per_tsubo_ja": "",
        "u_area_ja": "30㎡",
        "land_shape_name_ja": "",
        "u_land_frontage_ja": "",
        "building_use_name_ja": "",
        "building_structure_name_ja": "ＲＣ",
        "floor_plan_name_ja": "１Ｋ",
        "u_building_total_floor_area_ja": "",
        "u_construction_year_ja": "2012年",
        "front_road_azimuth_name_ja": "",
        "u_front_road_width_ja": "",
        "front_road_type_name_ja": "",
        "land_use_name_ja": "商業地域",
        "u_building_coverage_ratio_ja": "",
        "u_floor_area_ratio_ja": "",
        "remark_name_ja": "",
        "future_use_purpose_name_ja": "",
        "remark_renovation_name_ja": ""
      }
    },
    {
      "type": "Feature",
      "geometry": {
        "type": "Point",
        "coordinates": [
          139.7382241487503,
          35.75234180187405
        ]
      },
      "properties": {
        "point_in_time_name_ja": "2025年第3四半期",
        "land_type_name_ja": "中古マンション等",
        "price_information_category_name_ja": "成約価格情報",
        "prefecture_name_ja": "東京都",
        "city_code": "13117",
        "city_name_ja": "北区",
        "district_code": "131170130",
        "district_name_ja": "岸町",
        "use_category_name_ja": "",
        "u_transaction_price_total_ja": "2,600万円",
        "u_transaction_price_unit_price_square_meter_ja": "",
        "u_unit_price_per_tsubo_ja": "",
        "u_area_ja": "55㎡",
        "land_shape_name_ja": "",
        "u_land_frontage_ja": "",
        "building_use_name_ja": "",
        "building_structure_name_ja": "ＲＣ",
        "floor_plan_name_ja": "２ＬＤＫ",
        "u_building_total_floor_area_ja": "",
        "u_construction_year_ja": "1981年",
        "front_road_azimuth_name_ja": "",
        "u_front_road_width_ja": "",
        "front_road_type_name_ja": "",
        "land_use_name_ja": "第１種中高層住居専用地域",
        "u_building_coverage_ratio_ja": "",
        "u_floor_area_ratio_ja": "",
        "remark_name_ja": "",
        "future_use_purpose_name_ja": "",
        "remark_renovation_name_ja": ""
      }
    },
    {
      "type": "Feature",
      "geometry": {
        "type": "Point",
        "coordinates": [
          139.7382241487503,
          35.75234180187405
        ]
      },
      "properties": {
        "point_in_time_name_ja": "2025年第3四半期",
        "land_type_name_ja": "中古マンション等",
        "price_information_category_name_ja": "成約価格情報",
        "prefecture_name_ja": "東京都",
        "city_code": "13117",
        "city_name_ja": "北区",
        "district_code": "131170200",
        "district_name_ja": "滝野川",
        "use_category_name_ja": "",
        "u_transaction_price_total_ja": "4,300万円",
        "u_transaction_price_unit_price_square_meter_ja": "",
        "u_unit_price_per_tsubo_ja": "",
        "u_area_ja": "35㎡",
        "land_shape_name_ja": "",
        "u_land_frontage_ja": "",
        "building_use_name_ja": "",
        "building_structure_name_ja": "ＲＣ",
        "floor_plan_name_ja": "１ＬＤＫ",
        "u_building_total_floor_area_ja": "",
        "u_construction_year_ja": "2020年",
        "front_road_azimuth_name_ja": "",
        "u_front_road_width_ja": "",
        "front_road_type_name_ja": "",
        "land_use_name_ja": "商業地域",
        "u_building_coverage_ratio_ja": "",
        "u_floor_area_ratio_ja": "",
        "remark_name_ja": "",
        "future_use_purpose_name_ja": "",
        "remark_renovation_name_ja": ""
      }
    },
    {
      "type": "Feature",
      "geometry": {
        "type": "Point",
        "coordinates": [
          139.7382241487503,
          35.75234180187405
        ]
      },
      "properties": {
        "point_in_time_name_ja": "2025年第3四半期",
        "land_type_name_ja": "中古マンション等",
        "price_information_category_name_ja": "成約価格情報",
        "prefecture_name_ja": "東京都",
        "city_code": "13117",
        "city_name_ja": "北区",
        "district_code": "131170200",
        "district_name_ja": "滝野川",
        "use_category_name_ja": "",
        "u_transaction_price_total_ja": "4,500万円",
        "u_transaction_price_unit_price_square_meter_ja": "",
        "u_unit_price_per_tsubo_ja": "",
        "u_area_ja": "35㎡",
        "land_shape_name_ja": "",
        "u_land_frontage_ja": "",
        "building_use_name_ja": "",
        "building_structure_name_ja": "ＲＣ",
        "floor_plan_name_ja": "１ＬＤＫ",
        "u_building_total_floor_area_ja": "",
        "u_construction_year_ja": "2019年",
        "front_road_azimuth_name_ja": "",
        "u_front_road_width_ja": "",
        "front_road_type_name_ja": "",
        "land_use_name_ja": "商業地域",
        "u_building_coverage_ratio_ja": "",
        "u_floor_area_ratio_ja": "",
        "remark_name_ja": "",
        "future_use_purpose_name_ja": "",
        "remark_renovation_name_ja": ""
      }
    },
    {
      "type": "Feature",
      "geometry": {
        "type": "Point",
        "coordinates": [
          139.7382241487503,
          35.75234180187405
        ]
      },
      "properties": {
        "point_in_time_name_ja": "2025年第3四半期",
        "land_type_name_ja": "中古マンション等",
        "price_information_category_name_ja": "成約価格情報",
        "prefecture_name_ja": "東京都",
        "city_code": "13117",
        "city_name_ja": "北区",
        "district_code": "131170200",
        "district_name_ja": "滝野川",
        "use_category_name_ja": "",
        "u_transaction_price_total_ja": "4,700万円",
        "u_transaction_price_unit_price_square_meter_ja": "",
        "u_unit_price_per_tsubo_ja": "",
        "u_area_ja": "35㎡",
        "land_shape_name_ja": "",
        "u_land_frontage_ja": "",
        "building_use_name_ja": "",
        "building_structure_name_ja": "ＲＣ",
        "floor_plan_name_ja": "１ＬＤＫ",
        "u_building_total_floor_area_ja": "",
        "u_construction_year_ja": "2019年",
        "front_road_azimuth_name_ja": "",
        "u_front_road_width_ja": "",
        "front_road_type_name_ja": "",
        "land_use_name_ja": "商業地域",
        "u_building_coverage_ratio_ja": "",
        "u_floor_area_ratio_ja": "",
        "remark_name_ja": "",
        "future_use_purpose_name_ja": "",
        "remark_renovation_name_ja": ""
      }
    },
    {
      "type": "Feature",
      "geometry": {
        "type": "Point",
        "coordinates": [
          139.7382241487503,
          35.75234180187405
        ]
      },
      "properties": {
        "point_in_time_name_ja": "2025年第3四半期",
        "land_type_name_ja": "中古マンション等",
        "price_information_category_name_ja": "成約価格情報",
        "prefecture_name_ja": "東京都",
        "city_code": "13117",
        "city_name_ja": "北区",
        "district_code": "131170200",
        "district_name_ja": "滝野川",
        "use_category_name_ja": "",
        "u_transaction_price_total_ja": "7,000万円",
        "u_transaction_price_unit_price_square_meter_ja": "",
        "u_unit_price_per_tsubo_ja": "",
        "u_area_ja": "55㎡",
        "land_shape_name_ja": "",
        "u_land_frontage_ja": "",
        "building_use_name_ja": "",
        "building_structure_name_ja": "ＲＣ",
        "floor_plan_name_ja": "２ＬＤＫ",
        "u_building_total_floor_area_ja": "",
        "u_construction_year_ja": "2020年",
        "front_road_azimuth_name_ja": "",
        "u_front_road_width_ja": "",
        "front_road_type_name_ja": "",
        "land_use_name_ja": "商業地域",
        "u_building_coverage_ratio_ja": "",
        "u_floor_area_ratio_ja": "",
        "remark_name_ja": "",
        "future_use_purpose_name_ja": "",
        "remark_renovation_name_ja": ""
      }
    },
    {
      "type": "Feature",
      "geometry": {
        "type": "Point",
        "coordinates": [
          139.7382241487503,
          35.75234180187405
        ]
      },
      "properties": {
        "point_in_time_name_ja": "2025年第4四半期",
        "land_type_name_ja": "中古マンション等",
        "price_information_category_name_ja": "成約価格情報",
        "prefecture_name_ja": "東京都",
        "city_code": "13117",
        "city_name_ja": "北区",
        "district_code": "131170200",
        "district_name_ja": "滝野川",
        "use_category_name_ja": "",
        "u_transaction_price_total_ja": "3,100万円",
        "u_transaction_price_unit_price_square_meter_ja": "",
        "u_unit_price_per_tsubo_ja": "",
        "u_area_ja": "50㎡",
        "land_shape_name_ja": "",
        "u_land_frontage_ja": "",
        "building_use_name_ja": "",
        "building_structure_name_ja": "ＳＲＣ",
        "floor_plan_name_ja": "１ＬＤＫ",
        "u_building_total_floor_area_ja": "",
        "u_construction_year_ja": "1973年",
        "front_road_azimuth_name_ja": "",
        "u_front_road_width_ja": "",
        "front_road_type_name_ja": "",
        "land_use_name_ja": "第１種中高層住居専用地域",
        "u_building_coverage_ratio_ja": "",
        "u_floor_area_ratio_ja": "",
        "remark_name_ja": "",
        "future_use_purpose_name_ja": "",
        "remark_renovation_name_ja": ""
      }
    },
    {
      "type": "Feature",
      "geometry": {
        "type": "Point",
        "coordinates": [
          139.7382241487503,
          35.75234180187405
        ]
      },
      "properties": {
        "point_in_time_name_ja": "2025年第4四半期",
        "land_type_name_ja": "中古マンション等",
        "price_information_category_name_ja": "成約価格情報",
        "prefecture_name_ja": "東京都",
        "city_code": "13117",
        "city_name_ja": "北区",
        "district_code": "131170200",
        "district_name_ja": "滝野川",
        "use_category_name_ja": "",
        "u_transaction_price_total_ja": "8,500万円",
        "u_transaction_price_unit_price_square_meter_ja": "",
        "u_unit_price_per_tsubo_ja": "",
        "u_area_ja": "80㎡",
        "land_shape_name_ja": "",
        "u_land_frontage_ja": "",
        "building_use_name_ja": "",
        "building_structure_name_ja": "ＲＣ",
        "floor_plan_name_ja": "３ＬＤＫ",
        "u_building_total_floor_area_ja": "",
        "u_construction_year_ja": "2005年",
        "front_road_azimuth_name_ja": "",
        "u_front_road_width_ja": "",
        "front_road_type_name_ja": "",
        "land_use_name_ja": "第１種中高層住居専用地域",
        "u_building_coverage_ratio_ja": "",
        "u_floor_area_ratio_ja": "",
        "remark_name_ja": "",
        "future_use_purpose_name_ja": "",
        "remark_renovation_name_ja": ""
      }
    },
    {
      "type": "Feature",
      "geometry": {
        "type": "Point",
        "coordinates": [
          139.7382241487503,
          35.75234180187405
        ]
      },
      "properties": {
        "point_in_time_name_ja": "2025年第4四半期",
        "land_type_name_ja": "中古マンション等",
        "price_information_category_name_ja": "成約価格情報",
        "prefecture_name_ja": "東京都",
        "city_code": "13117",
        "city_name_ja": "北区",
        "district_code": "131170200",
        "district_name_ja": "滝野川",
        "use_category_name_ja": "",
        "u_transaction_price_total_ja": "6,000万円",
        "u_transaction_price_unit_price_square_meter_ja": "",
        "u_unit_price_per_tsubo_ja": "",
        "u_area_ja": "65㎡",
        "land_shape_name_ja": "",
        "u_land_frontage_ja": "",
        "building_use_name_ja": "",
        "building_structure_name_ja": "ＲＣ",
        "floor_plan_name_ja": "３ＬＤＫ",
        "u_building_total_floor_area_ja": "",
        "u_construction_year_ja": "2005年",
        "front_road_azimuth_name_ja": "",
        "u_front_road_width_ja": "",
        "front_road_type_name_ja": "",
        "land_use_name_ja": "第１種中高層住居専用地域",
        "u_building_coverage_ratio_ja": "",
        "u_floor_area_ratio_ja": "",
        "remark_name_ja": "",
        "future_use_purpose_name_ja": "",
        "remark_renovation_name_ja": ""
      }
    },
    {
      "type": "Feature",
      "geometry": {
        "type": "Point",
        "coordinates": [
          139.7382241487503,
          35.75234180187405
        ]
      },
      "properties": {
        "point_in_time_name_ja": "2025年第1四半期",
        "land_type_name_ja": "中古マンション等",
        "price_information_category_name_ja": "成約価格情報",
        "prefecture_name_ja": "東京都",
        "city_code": "13117",
        "city_name_ja": "北区",
        "district_code": "131170080",
        "district_name_ja": "王子",
        "use_category_name_ja": "",
        "u_transaction_price_total_ja": "2,300万円",
        "u_transaction_price_unit_price_square_meter_ja": "",
        "u_unit_price_per_tsubo_ja": "",
        "u_area_ja": "30㎡",
        "land_shape_name_ja": "",
        "u_land_frontage_ja": "",
        "building_use_name_ja": "",
        "building_structure_name_ja": "ＲＣ",
        "floor_plan_name_ja": "１Ｋ",
        "u_building_total_floor_area_ja": "",
        "u_construction_year_ja": "2013年",
        "front_road_azimuth_name_ja": "",
        "u_front_road_width_ja": "",
        "front_road_type_name_ja": "",
        "land_use_name_ja": "商業地域",
        "u_building_coverage_ratio_ja": "",
        "u_floor_area_ratio_ja": "",
        "remark_name_ja": "",
        "future_use_purpose_name_ja": "",
        "remark_renovation_name_ja": ""
      }
    },
    {
      "type": "Feature",
      "geometry": {
        "type": "Point",
        "coordinates": [
          139.7382241487503,
          35.75234180187405
        ]
      },
      "properties": {
        "point_in_time_name_ja": "2025年第1四半期",
        "land_type_name_ja": "中古マンション等",
        "price_information_category_name_ja": "成約価格情報",
        "prefecture_name_ja": "東京都",
        "city_code": "13117",
        "city_name_ja": "北区",
        "district_code": "131170080",
        "district_name_ja": "王子",
        "use_category_name_ja": "",
        "u_transaction_price_total_ja": "4,500万円",
        "u_transaction_price_unit_price_square_meter_ja": "",
        "u_unit_price_per_tsubo_ja": "",
        "u_area_ja": "65㎡",
        "land_shape_name_ja": "",
        "u_land_frontage_ja": "",
        "building_use_name_ja": "",
        "building_structure_name_ja": "ＲＣ",
        "floor_plan_name_ja": "３ＬＤＫ",
        "u_building_total_floor_area_ja": "",
        "u_construction_year_ja": "2003年",
        "front_road_azimuth_name_ja": "",
        "u_front_road_width_ja": "",
        "front_road_type_name_ja": "",
        "land_use_name_ja": "第１種住居地域",
        "u_building_coverage_ratio_ja": "",
        "u_floor_area_ratio_ja": "",
        "remark_name_ja": "",
        "future_use_purpose_name_ja": "",
        "remark_renovation_name_ja": ""
      }
    },
    {
      "type": "Feature",
      "geometry": {
        "type": "Point",
        "coordinates": [
          139.7382241487503,
          35.75234180187405
        ]
      },
      "properties": {
        "point_in_time_name_ja": "2025年第1四半期",
        "land_type_name_ja": "中古マンション等",
        "price_information_category_name_ja": "成約価格情報",
        "prefecture_name_ja": "東京都",
        "city_code": "13117",
        "city_name_ja": "北区",
        "district_code": "131170080",
        "district_name_ja": "王子",
        "use_category_name_ja": "",
        "u_transaction_price_total_ja": "2,600万円",
        "u_transaction_price_unit_price_square_meter_ja": "",
        "u_unit_price_per_tsubo_ja": "",
        "u_area_ja": "30㎡",
        "land_shape_name_ja": "",
        "u_land_frontage_ja": "",
        "building_use_name_ja": "",
        "building_structure_name_ja": "ＲＣ",
        "floor_plan_name_ja": "１Ｋ",
        "u_building_total_floor_area_ja": "",
        "u_construction_year_ja": "2018年",
        "front_road_azimuth_name_ja": "",
        "u_front_road_width_ja": "",
        "front_road_type_name_ja": "",
        "land_use_name_ja": "近隣商業地域",
        "u_building_coverage_ratio_ja": "",
        "u_floor_area_ratio_ja": "",
        "remark_name_ja": "",
        "future_use_purpose_name_ja": "",
        "remark_renovation_name_ja": ""
      }
    },
    {
      "type": "Feature",
      "geometry": {
        "type": "Point",
        "coordinates": [
          139.7382241487503,
          35.75234180187405
        ]
      },
      "properties": {
        "point_in_time_name_ja": "2025年第1四半期",
        "land_type_name_ja": "中古マンション等",
        "price_information_category_name_ja": "成約価格情報",
        "prefecture_name_ja": "東京都",
        "city_code": "13117",
        "city_name_ja": "北区",
        "district_code": "131170080",
        "district_name_ja": "王子",
        "use_category_name_ja": "",
        "u_transaction_price_total_ja": "7,500万円",
        "u_transaction_price_unit_price_square_meter_ja": "",
        "u_unit_price_per_tsubo_ja": "",
        "u_area_ja": "80㎡",
        "land_shape_name_ja": "",
        "u_land_frontage_ja": "",
        "building_use_name_ja": "",
        "building_structure_name_ja": "ＳＲＣ",
        "floor_plan_name_ja": "２ＬＤＫ",
        "u_building_total_floor_area_ja": "",
        "u_construction_year_ja": "2003年",
        "front_road_azimuth_name_ja": "",
        "u_front_road_width_ja": "",
        "front_road_type_name_ja": "",
        "land_use_name_ja": "商業地域",
        "u_building_coverage_ratio_ja": "",
        "u_floor_area_ratio_ja": "",
        "remark_name_ja": "",
        "future_use_purpose_name_ja": "",
        "remark_renovation_name_ja": ""
      }
    },
    {
      "type": "Feature",
      "geometry": {
        "type": "Point",
        "coordinates": [
          139.7382241487503,
          35.75234180187405
        ]
      },
      "properties": {
        "point_in_time_name_ja": "2025年第1四半期",
        "land_type_name_ja": "中古マンション等",
        "price_information_category_name_ja": "成約価格情報",
        "prefecture_name_ja": "東京都",
        "city_code": "13117",
        "city_name_ja": "北区",
        "district_code": "131170090",
        "district_name_ja": "王子本町",
        "use_category_name_ja": "",
        "u_transaction_price_total_ja": "5,000万円",
        "u_transaction_price_unit_price_square_meter_ja": "",
        "u_unit_price_per_tsubo_ja": "",
        "u_area_ja": "60㎡",
        "land_shape_name_ja": "",
        "u_land_frontage_ja": "",
        "building_use_name_ja": "",
        "building_structure_name_ja": "ＲＣ",
        "floor_plan_name_ja": "２ＬＤＫ",
        "u_building_total_floor_area_ja": "",
        "u_construction_year_ja": "1995年",
        "front_road_azimuth_name_ja": "",
        "u_front_road_width_ja": "",
        "front_road_type_name_ja": "",
        "land_use_name_ja": "第１種中高層住居専用地域",
        "u_building_coverage_ratio_ja": "",
        "u_floor_area_ratio_ja": "",
        "remark_name_ja": "",
        "future_use_purpose_name_ja": "",
        "remark_renovation_name_ja": ""
      }
    },
    {
      "type": "Feature",
      "geometry": {
        "type": "Point",
        "coordinates": [
          139.7382241487503,
          35.75234180187405
        ]
      },
      "properties": {
        "point_in_time_name_ja": "2025年第1四半期",
        "land_type_name_ja": "中古マンション等",
        "price_information_category_name_ja": "成約価格情報",
        "prefecture_name_ja": "東京都",
        "city_code": "13117",
        "city_name_ja": "北区",
        "district_code": "131170090",
        "district_name_ja": "王子本町",
        "use_category_name_ja": "",
        "u_transaction_price_total_ja": "2,800万円",
        "u_transaction_price_unit_price_square_meter_ja": "",
        "u_unit_price_per_tsubo_ja": "",
        "u_area_ja": "50㎡",
        "land_shape_name_ja": "",
        "u_land_frontage_ja": "",
        "building_use_name_ja": "",
        "building_structure_name_ja": "ＲＣ",
        "floor_plan_name_ja": "２ＤＫ",
        "u_building_total_floor_area_ja": "",
        "u_construction_year_ja": "1983年",
        "front_road_azimuth_name_ja": "",
        "u_front_road_width_ja": "",
        "front_road_type_name_ja": "",
        "land_use_name_ja": "第１種中高層住居専用地域",
        "u_building_coverage_ratio_ja": "",
        "u_floor_area_ratio_ja": "",
        "remark_name_ja": "",
        "future_use_purpose_name_ja": "",
        "remark_renovation_name_ja": ""
      }
    },
    {
      "type": "Feature",
      "geometry": {
        "type": "Point",
        "coordinates": [
          139.7382241487503,
          35.75234180187405
        ]
      },
      "properties": {
        "point_in_time_name_ja": "2025年第1四半期",
        "land_type_name_ja": "中古マンション等",
        "price_information_category_name_ja": "成約価格情報",
        "prefecture_name_ja": "東京都",
        "city_code": "13117",
        "city_name_ja": "北区",
        "district_code": "131170090",
        "district_name_ja": "王子本町",
        "use_category_name_ja": "",
        "u_transaction_price_total_ja": "9,700万円",
        "u_transaction_price_unit_price_square_meter_ja": "",
        "u_unit_price_per_tsubo_ja": "",
        "u_area_ja": "80㎡",
        "land_shape_name_ja": "",
        "u_land_frontage_ja": "",
        "building_use_name_ja": "",
        "building_structure_name_ja": "ＲＣ",
        "floor_plan_name_ja": "３ＬＤＫ",
        "u_building_total_floor_area_ja": "",
        "u_construction_year_ja": "2013年",
        "front_road_azimuth_name_ja": "",
        "u_front_road_width_ja": "",
        "front_road_type_name_ja": "",
        "land_use_name_ja": "第１種中高層住居専用地域",
        "u_building_coverage_ratio_ja": "",
        "u_floor_area_ratio_ja": "",
        "remark_name_ja": "",
        "future_use_purpose_name_ja": "",
        "remark_renovation_name_ja": ""
      }
    },
    {
      "type": "Feature",
      "geometry": {
        "type": "Point",
        "coordinates": [
          139.7382241487503,
          35.75234180187405
        ]
      },
      "properties": {
        "point_in_time_name_ja": "2025年第1四半期",
        "land_type_name_ja": "中古マンション等",
        "price_information_category_name_ja": "成約価格情報",
        "prefecture_name_ja": "東京都",
        "city_code": "13117",
        "city_name_ja": "北区",
        "district_code": "131170170",
        "district_name_ja": "十条台",
        "use_category_name_ja": "",
        "u_transaction_price_total_ja": "6,700万円",
        "u_transaction_price_unit_price_square_meter_ja": "",
        "u_unit_price_per_tsubo_ja": "",
        "u_area_ja": "80㎡",
        "land_shape_name_ja": "",
        "u_land_frontage_ja": "",
        "building_use_name_ja": "",
        "building_structure_name_ja": "ＲＣ",
        "floor_plan_name_ja": "２ＬＤＫ",
        "u_building_total_floor_area_ja": "",
        "u_construction_year_ja": "2007年",
        "front_road_azimuth_name_ja": "",
        "u_front_road_width_ja": "",
        "front_road_type_name_ja": "",
        "land_use_name_ja": "第１種中高層住居専用地域",
        "u_building_coverage_ratio_ja": "",
        "u_floor_area_ratio_ja": "",
        "remark_name_ja": "",
        "future_use_purpose_name_ja": "",
        "remark_renovation_name_ja": ""
      }
    },
    {
      "type": "Feature",
      "geometry": {
        "type": "Point",
        "coordinates": [
          139.7382241487503,
          35.75234180187405
        ]
      },
      "properties": {
        "point_in_time_name_ja": "2025年第2四半期",
        "land_type_name_ja": "中古マンション等",
        "price_information_category_name_ja": "成約価格情報",
        "prefecture_name_ja": "東京都",
        "city_code": "13117",
        "city_name_ja": "北区",
        "district_code": "131170080",
        "district_name_ja": "王子",
        "use_category_name_ja": "",
        "u_transaction_price_total_ja": "2,500万円",
        "u_transaction_price_unit_price_square_meter_ja": "",
        "u_unit_price_per_tsubo_ja": "",
        "u_area_ja": "25㎡",
        "land_shape_name_ja": "",
        "u_land_frontage_ja": "",
        "building_use_name_ja": "",
        "building_structure_name_ja": "ＲＣ",
        "floor_plan_name_ja": "１Ｋ",
        "u_building_total_floor_area_ja": "",
        "u_construction_year_ja": "2018年",
        "front_road_azimuth_name_ja": "",
        "u_front_road_width_ja": "",
        "front_road_type_name_ja": "",
        "land_use_name_ja": "近隣商業地域",
        "u_building_coverage_ratio_ja": "",
        "u_floor_area_ratio_ja": "",
        "remark_name_ja": "",
        "future_use_purpose_name_ja": "",
        "remark_renovation_name_ja": ""
      }
    },
    {
      "type": "Feature",
      "geometry": {
        "type": "Point",
        "coordinates": [
          139.7382241487503,
          35.75234180187405
        ]
      },
      "properties": {
        "point_in_time_name_ja": "2025年第2四半期",
        "land_type_name_ja": "中古マンション等",
        "price_information_category_name_ja": "成約価格情報",
        "prefecture_name_ja": "東京都",
        "city_code": "13117",
        "city_name_ja": "北区",
        "district_code": "131170080",
        "district_name_ja": "王子",
        "use_category_name_ja": "",
        "u_transaction_price_total_ja": "4,000万円",
        "u_transaction_price_unit_price_square_meter_ja": "",
        "u_unit_price_per_tsubo_ja": "",
        "u_area_ja": "50㎡",
        "land_shape_name_ja": "",
        "u_land_frontage_ja": "",
        "building_use_name_ja": "",
        "building_structure_name_ja": "ＲＣ",
        "floor_plan_name_ja": "１ＬＤＫ",
        "u_building_total_floor_area_ja": "",
        "u_construction_year_ja": "2012年",
        "front_road_azimuth_name_ja": "",
        "u_front_road_width_ja": "",
        "front_road_type_name_ja": "",
        "land_use_name_ja": "商業地域",
        "u_building_coverage_ratio_ja": "",
        "u_floor_area_ratio_ja": "",
        "remark_name_ja": "",
        "future_use_purpose_name_ja": "",
        "remark_renovation_name_ja": "改装済み"
      }
    },
    {
      "type": "Feature",
      "geometry": {
        "type": "Point",
        "coordinates": [
          139.7382241487503,
          35.75234180187405
        ]
      },
      "properties": {
        "point_in_time_name_ja": "2025年第2四半期",
        "land_type_name_ja": "中古マンション等",
        "price_information_category_name_ja": "成約価格情報",
        "prefecture_name_ja": "東京都",
        "city_code": "13117",
        "city_name_ja": "北区",
        "district_code": "131170080",
        "district_name_ja": "王子",
        "use_category_name_ja": "",
        "u_transaction_price_total_ja": "5,400万円",
        "u_transaction_price_unit_price_square_meter_ja": "",
        "u_unit_price_per_tsubo_ja": "",
        "u_area_ja": "65㎡",
        "land_shape_name_ja": "",
        "u_land_frontage_ja": "",
        "building_use_name_ja": "",
        "building_structure_name_ja": "ＲＣ",
        "floor_plan_name_ja": "３ＬＤＫ",
        "u_building_total_floor_area_ja": "",
        "u_construction_year_ja": "2003年",
        "front_road_azimuth_name_ja": "",
        "u_front_road_width_ja": "",
        "front_road_type_name_ja": "",
        "land_use_name_ja": "第１種住居地域",
        "u_building_coverage_ratio_ja": "",
        "u_floor_area_ratio_ja": "",
        "remark_name_ja": "",
        "future_use_purpose_name_ja": "",
        "remark_renovation_name_ja": ""
      }
    },
    {
      "type": "Feature",
      "geometry": {
        "type": "Point",
        "coordinates": [
          139.7382241487503,
          35.75234180187405
        ]
      },
      "properties": {
        "point_in_time_name_ja": "2025年第2四半期",
        "land_type_name_ja": "中古マンション等",
        "price_information_category_name_ja": "成約価格情報",
        "prefecture_name_ja": "東京都",
        "city_code": "13117",
        "city_name_ja": "北区",
        "district_code": "131170080",
        "district_name_ja": "王子",
        "use_category_name_ja": "",
        "u_transaction_price_total_ja": "4,500万円",
        "u_transaction_price_unit_price_square_meter_ja": "",
        "u_unit_price_per_tsubo_ja": "",
        "u_area_ja": "70㎡",
        "land_shape_name_ja": "",
        "u_land_frontage_ja": "",
        "building_use_name_ja": "",
        "building_structure_name_ja": "ＳＲＣ",
        "floor_plan_name_ja": "３ＬＤＫ",
        "u_building_total_floor_area_ja": "",
        "u_construction_year_ja": "1984年",
        "front_road_azimuth_name_ja": "",
        "u_front_road_width_ja": "",
        "front_road_type_name_ja": "",
        "land_use_name_ja": "商業地域",
        "u_building_coverage_ratio_ja": "",
        "u_floor_area_ratio_ja": "",
        "remark_name_ja": "",
        "future_use_purpose_name_ja": "",
        "remark_renovation_name_ja": ""
      }
    },
    {
      "type": "Feature",
      "geometry": {
        "type": "Point",
        "coordinates": [
          139.7382241487503,
          35.75234180187405
        ]
      },
      "properties": {
        "point_in_time_name_ja": "2025年第2四半期",
        "land_type_name_ja": "中古マンション等",
        "price_information_category_name_ja": "成約価格情報",
        "prefecture_name_ja": "東京都",
        "city_code": "13117",
        "city_name_ja": "北区",
        "district_code": "131170090",
        "district_name_ja": "王子本町",
        "use_category_name_ja": "",
        "u_transaction_price_total_ja": "2,700万円",
        "u_transaction_price_unit_price_square_meter_ja": "",
        "u_unit_price_per_tsubo_ja": "",
        "u_area_ja": "30㎡",
        "land_shape_name_ja": "",
        "u_land_frontage_ja": "",
        "building_use_name_ja": "",
        "building_structure_name_ja": "ＲＣ",
        "floor_plan_name_ja": "１Ｋ",
        "u_building_total_floor_area_ja": "",
        "u_construction_year_ja": "2015年",
        "front_road_azimuth_name_ja": "",
        "u_front_road_width_ja": "",
        "front_road_type_name_ja": "",
        "land_use_name_ja": "近隣商業地域",
        "u_building_coverage_ratio_ja": "",
        "u_floor_area_ratio_ja": "",
        "remark_name_ja": "",
        "future_use_purpose_name_ja": "",
        "remark_renovation_name_ja": ""
      }
    },
    {
      "type": "Feature",
      "geometry": {
        "type": "Point",
        "coordinates": [
          139.7382241487503,
          35.75234180187405
        ]
      },
      "properties": {
        "point_in_time_name_ja": "2025年第3四半期",
        "land_type_name_ja": "中古マンション等",
        "price_information_category_name_ja": "成約価格情報",
        "prefecture_name_ja": "東京都",
        "city_code": "13117",
        "city_name_ja": "北区",
        "district_code": "131170080",
        "district_name_ja": "王子",
        "use_category_name_ja": "",
        "u_transaction_price_total_ja": "3,000万円",
        "u_transaction_price_unit_price_square_meter_ja": "",
        "u_unit_price_per_tsubo_ja": "",
        "u_area_ja": "45㎡",
        "land_shape_name_ja": "",
        "u_land_frontage_ja": "",
        "building_use_name_ja": "",
        "building_structure_name_ja": "ＳＲＣ",
        "floor_plan_name_ja": "１ＬＤＫ",
        "u_building_total_floor_area_ja": "",
        "u_construction_year_ja": "1978年",
        "front_road_azimuth_name_ja": "",
        "u_front_road_width_ja": "",
        "front_road_type_name_ja": "",
        "land_use_name_ja": "商業地域",
        "u_building_coverage_ratio_ja": "",
        "u_floor_area_ratio_ja": "",
        "remark_name_ja": "",
        "future_use_purpose_name_ja": "",
        "remark_renovation_name_ja": ""
      }
    },
    {
      "type": "Feature",
      "geometry": {
        "type": "Point",
        "coordinates": [
          139.7382241487503,
          35.75234180187405
        ]
      },
      "properties": {
        "point_in_time_name_ja": "2025年第3四半期",
        "land_type_name_ja": "中古マンション等",
        "price_information_category_name_ja": "成約価格情報",
        "prefecture_name_ja": "東京都",
        "city_code": "13117",
        "city_name_ja": "北区",
        "district_code": "131170080",
        "district_name_ja": "王子",
        "use_category_name_ja": "",
        "u_transaction_price_total_ja": "4,400万円",
        "u_transaction_price_unit_price_square_meter_ja": "",
        "u_unit_price_per_tsubo_ja": "",
        "u_area_ja": "40㎡",
        "land_shape_name_ja": "",
        "u_land_frontage_ja": "",
        "building_use_name_ja": "",
        "building_structure_name_ja": "ＲＣ",
        "floor_plan_name_ja": "１ＬＤＫ",
        "u_building_total_floor_area_ja": "",
        "u_construction_year_ja": "2018年",
        "front_road_azimuth_name_ja": "",
        "u_front_road_width_ja": "",
        "front_road_type_name_ja": "",
        "land_use_name_ja": "商業地域",
        "u_building_coverage_ratio_ja": "",
        "u_floor_area_ratio_ja": "",
        "remark_name_ja": "",
        "future_use_purpose_name_ja": "",
        "remark_renovation_name_ja": ""
      }
    },
    {
      "type": "Feature",
      "geometry": {
        "type": "Point",
        "coordinates": [
          139.7382241487503,
          35.75234180187405
        ]
      },
      "properties": {
        "point_in_time_name_ja": "2025年第3四半期",
        "land_type_name_ja": "中古マンション等",
        "price_information_category_name_ja": "成約価格情報",
        "prefecture_name_ja": "東京都",
        "city_code": "13117",
        "city_name_ja": "北区",
        "district_code": "131170080",
        "district_name_ja": "王子",
        "use_category_name_ja": "",
        "u_transaction_price_total_ja": "5,700万円",
        "u_transaction_price_unit_price_square_meter_ja": "",
        "u_unit_price_per_tsubo_ja": "",
        "u_area_ja": "60㎡",
        "land_shape_name_ja": "",
        "u_land_frontage_ja": "",
        "building_use_name_ja": "",
        "building_structure_name_ja": "ＲＣ",
        "floor_plan_name_ja": "２ＬＤＫ",
        "u_building_total_floor_area_ja": "",
        "u_construction_year_ja": "2014年",
        "front_road_azimuth_name_ja": "",
        "u_front_road_width_ja": "",
        "front_road_type_name_ja": "",
        "land_use_name_ja": "商業地域",
        "u_building_coverage_ratio_ja": "",
        "u_floor_area_ratio_ja": "",
        "remark_name_ja": "",
        "future_use_purpose_name_ja": "",
        "remark_renovation_name_ja": ""
      }
    },
    {
      "type": "Feature",
      "geometry": {
        "type": "Point",
        "coordinates": [
          139.7382241487503,
          35.75234180187405
        ]
      },
      "properties": {
        "point_in_time_name_ja": "2025年第3四半期",
        "land_type_name_ja": "中古マンション等",
        "price_information_category_name_ja": "成約価格情報",
        "prefecture_name_ja": "東京都",
        "city_code": "13117",
        "city_name_ja": "北区",
        "district_code": "131170080",
        "district_name_ja": "王子",
        "use_category_name_ja": "",
        "u_transaction_price_total_ja": "2,500万円",
        "u_transaction_price_unit_price_square_meter_ja": "",
        "u_unit_price_per_tsubo_ja": "",
        "u_area_ja": "50㎡",
        "land_shape_name_ja": "",
        "u_land_frontage_ja": "",
        "building_use_name_ja": "",
        "building_structure_name_ja": "ＳＲＣ",
        "floor_plan_name_ja": "２ＤＫ",
        "u_building_total_floor_area_ja": "",
        "u_construction_year_ja": "1981年",
        "front_road_azimuth_name_ja": "",
        "u_front_road_width_ja": "",
        "front_road_type_name_ja": "",
        "land_use_name_ja": "商業地域",
        "u_building_coverage_ratio_ja": "",
        "u_floor_area_ratio_ja": "",
        "remark_name_ja": "",
        "future_use_purpose_name_ja": "",
        "remark_renovation_name_ja": ""
      }
    },
    {
      "type": "Feature",
      "geometry": {
        "type": "Point",
        "coordinates": [
          139.7382241487503,
          35.75234180187405
        ]
      },
      "properties": {
        "point_in_time_name_ja": "2025年第3四半期",
        "land_type_name_ja": "中古マンション等",
        "price_information_category_name_ja": "成約価格情報",
        "prefecture_name_ja": "東京都",
        "city_code": "13117",
        "city_name_ja": "北区",
        "district_code": "131170090",
        "district_name_ja": "王子本町",
        "use_category_name_ja": "",
        "u_transaction_price_total_ja": "7,000万円",
        "u_transaction_price_unit_price_square_meter_ja": "",
        "u_unit_price_per_tsubo_ja": "",
        "u_area_ja": "60㎡",
        "land_shape_name_ja": "",
        "u_land_frontage_ja": "",
        "building_use_name_ja": "",
        "building_structure_name_ja": "ＲＣ",
        "floor_plan_name_ja": "２ＬＤＫ",
        "u_building_total_floor_area_ja": "",
        "u_construction_year_ja": "2021年",
        "front_road_azimuth_name_ja": "",
        "u_front_road_width_ja": "",
        "front_road_type_name_ja": "",
        "land_use_name_ja": "第１種住居地域",
        "u_building_coverage_ratio_ja": "",
        "u_floor_area_ratio_ja": "",
        "remark_name_ja": "",
        "future_use_purpose_name_ja": "",
        "remark_renovation_name_ja": ""
      }
    },
    {
      "type": "Feature",
      "geometry": {
        "type": "Point",
        "coordinates": [
          139.7382241487503,
          35.75234180187405
        ]
      },
      "properties": {
        "point_in_time_name_ja": "2025年第3四半期",
        "land_type_name_ja": "中古マンション等",
        "price_information_category_name_ja": "成約価格情報",
        "prefecture_name_ja": "東京都",
        "city_code": "13117",
        "city_name_ja": "北区",
        "district_code": "131170150",
        "district_name_ja": "栄町",
        "use_category_name_ja": "",
        "u_transaction_price_total_ja": "6,000万円",
        "u_transaction_price_unit_price_square_meter_ja": "",
        "u_unit_price_per_tsubo_ja": "",
        "u_area_ja": "50㎡",
        "land_shape_name_ja": "",
        "u_land_frontage_ja": "",
        "building_use_name_ja": "",
        "building_structure_name_ja": "ＲＣ",
        "floor_plan_name_ja": "２ＬＤＫ",
        "u_building_total_floor_area_ja": "",
        "u_construction_year_ja": "2017年",
        "front_road_azimuth_name_ja": "",
        "u_front_road_width_ja": "",
        "front_road_type_name_ja": "",
        "land_use_name_ja": "準工業地域",
        "u_building_coverage_ratio_ja": "",
        "u_floor_area_ratio_ja": "",
        "remark_name_ja": "",
        "future_use_purpose_name_ja": "",
        "remark_renovation_name_ja": ""
      }
    },
    {
      "type": "Feature",
      "geometry": {
        "type": "Point",
        "coordinates": [
          139.7382241487503,
          35.75234180187405
        ]
      },
      "properties": {
        "point_in_time_name_ja": "2025年第4四半期",
        "land_type_name_ja": "中古マンション等",
        "price_information_category_name_ja": "成約価格情報",
        "prefecture_name_ja": "東京都",
        "city_code": "13117",
        "city_name_ja": "北区",
        "district_code": "131170080",
        "district_name_ja": "王子",
        "use_category_name_ja": "",
        "u_transaction_price_total_ja": "6,300万円",
        "u_transaction_price_unit_price_square_meter_ja": "",
        "u_unit_price_per_tsubo_ja": "",
        "u_area_ja": "70㎡",
        "land_shape_name_ja": "",
        "u_land_frontage_ja": "",
        "building_use_name_ja": "",
        "building_structure_name_ja": "ＳＲＣ",
        "floor_plan_name_ja": "３ＬＤＫ",
        "u_building_total_floor_area_ja": "",
        "u_construction_year_ja": "1984年",
        "front_road_azimuth_name_ja": "",
        "u_front_road_width_ja": "",
        "front_road_type_name_ja": "",
        "land_use_name_ja": "商業地域",
        "u_building_coverage_ratio_ja": "",
        "u_floor_area_ratio_ja": "",
        "remark_name_ja": "",
        "future_use_purpose_name_ja": "",
        "remark_renovation_name_ja": "改装済み"
      }
    },
    {
      "type": "Feature",
      "geometry": {
        "type": "Point",
        "coordinates": [
          139.7382241487503,
          35.75234180187405
        ]
      },
      "properties": {
        "point_in_time_name_ja": "2025年第4四半期",
        "land_type_name_ja": "中古マンション等",
        "price_information_category_name_ja": "成約価格情報",
        "prefecture_name_ja": "東京都",
        "city_code": "13117",
        "city_name_ja": "北区",
        "district_code": "131170080",
        "district_name_ja": "王子",
        "use_category_name_ja": "",
        "u_transaction_price_total_ja": "2,000万円",
        "u_transaction_price_unit_price_square_meter_ja": "",
        "u_unit_price_per_tsubo_ja": "",
        "u_area_ja": "30㎡",
        "land_shape_name_ja": "",
        "u_land_frontage_ja": "",
        "building_use_name_ja": "",
        "building_structure_name_ja": "ＲＣ",
        "floor_plan_name_ja": "１Ｒ",
        "u_building_total_floor_area_ja": "",
        "u_construction_year_ja": "2014年",
        "front_road_azimuth_name_ja": "",
        "u_front_road_width_ja": "",
        "front_road_type_name_ja": "",
        "land_use_name_ja": "商業地域",
        "u_building_coverage_ratio_ja": "",
        "u_floor_area_ratio_ja": "",
        "remark_name_ja": "",
        "future_use_purpose_name_ja": "",
        "remark_renovation_name_ja": ""
      }
    },
    {
      "type": "Feature",
      "geometry": {
        "type": "Point",
        "coordinates": [
          139.7382241487503,
          35.75234180187405
        ]
      },
      "properties": {
        "point_in_time_name_ja": "2025年第4四半期",
        "land_type_name_ja": "中古マンション等",
        "price_information_category_name_ja": "成約価格情報",
        "prefecture_name_ja": "東京都",
        "city_code": "13117",
        "city_name_ja": "北区",
        "district_code": "131170080",
        "district_name_ja": "王子",
        "use_category_name_ja": "",
        "u_transaction_price_total_ja": "1,900万円",
        "u_transaction_price_unit_price_square_meter_ja": "",
        "u_unit_price_per_tsubo_ja": "",
        "u_area_ja": "30㎡",
        "land_shape_name_ja": "",
        "u_land_frontage_ja": "",
        "building_use_name_ja": "",
        "building_structure_name_ja": "ＲＣ",
        "floor_plan_name_ja": "１Ｒ",
        "u_building_total_floor_area_ja": "",
        "u_construction_year_ja": "2014年",
        "front_road_azimuth_name_ja": "",
        "u_front_road_width_ja": "",
        "front_road_type_name_ja": "",
        "land_use_name_ja": "商業地域",
        "u_building_coverage_ratio_ja": "",
        "u_floor_area_ratio_ja": "",
        "remark_name_ja": "",
        "future_use_purpose_name_ja": "",
        "remark_renovation_name_ja": ""
      }
    },
    {
      "type": "Feature",
      "geometry": {
        "type": "Point",
        "coordinates": [
          139.7382241487503,
          35.75234180187405
        ]
      },
      "properties": {
        "point_in_time_name_ja": "2025年第4四半期",
        "land_type_name_ja": "中古マンション等",
        "price_information_category_name_ja": "成約価格情報",
        "prefecture_name_ja": "東京都",
        "city_code": "13117",
        "city_name_ja": "北区",
        "district_code": "131170080",
        "district_name_ja": "王子",
        "use_category_name_ja": "",
        "u_transaction_price_total_ja": "6,300万円",
        "u_transaction_price_unit_price_square_meter_ja": "",
        "u_unit_price_per_tsubo_ja": "",
        "u_area_ja": "60㎡",
        "land_shape_name_ja": "",
        "u_land_frontage_ja": "",
        "building_use_name_ja": "",
        "building_structure_name_ja": "ＲＣ",
        "floor_plan_name_ja": "２ＬＤＫ",
        "u_building_total_floor_area_ja": "",
        "u_construction_year_ja": "2013年",
        "front_road_azimuth_name_ja": "",
        "u_front_road_width_ja": "",
        "front_road_type_name_ja": "",
        "land_use_name_ja": "第１種住居地域",
        "u_building_coverage_ratio_ja": "",
        "u_floor_area_ratio_ja": "",
        "remark_name_ja": "",
        "future_use_purpose_name_ja": "",
        "remark_renovation_name_ja": ""
      }
    },
    {
      "type": "Feature",
      "geometry": {
        "type": "Point",
        "coordinates": [
          139.7382241487503,
          35.75234180187405
        ]
      },
      "properties": {
        "point_in_time_name_ja": "2025年第4四半期",
        "land_type_name_ja": "中古マンション等",
        "price_information_category_name_ja": "成約価格情報",
        "prefecture_name_ja": "東京都",
        "city_code": "13117",
        "city_name_ja": "北区",
        "district_code": "131170080",
        "district_name_ja": "王子",
        "use_category_name_ja": "",
        "u_transaction_price_total_ja": "4,800万円",
        "u_transaction_price_unit_price_square_meter_ja": "",
        "u_unit_price_per_tsubo_ja": "",
        "u_area_ja": "40㎡",
        "land_shape_name_ja": "",
        "u_land_frontage_ja": "",
        "building_use_name_ja": "",
        "building_structure_name_ja": "ＲＣ",
        "floor_plan_name_ja": "１ＬＤＫ",
        "u_building_total_floor_area_ja": "",
        "u_construction_year_ja": "2018年",
        "front_road_azimuth_name_ja": "",
        "u_front_road_width_ja": "",
        "front_road_type_name_ja": "",
        "land_use_name_ja": "商業地域",
        "u_building_coverage_ratio_ja": "",
        "u_floor_area_ratio_ja": "",
        "remark_name_ja": "",
        "future_use_purpose_name_ja": "",
        "remark_renovation_name_ja": ""
      }
    },
    {
      "type": "Feature",
      "geometry": {
        "type": "Point",
        "coordinates": [
          139.7382241487503,
          35.75234180187405
        ]
      },
      "properties": {
        "point_in_time_name_ja": "2025年第4四半期",
        "land_type_name_ja": "中古マンション等",
        "price_information_category_name_ja": "成約価格情報",
        "prefecture_name_ja": "東京都",
        "city_code": "13117",
        "city_name_ja": "北区",
        "district_code": "131170080",
        "district_name_ja": "王子",
        "use_category_name_ja": "",
        "u_transaction_price_total_ja": "1,200万円",
        "u_transaction_price_unit_price_square_meter_ja": "",
        "u_unit_price_per_tsubo_ja": "",
        "u_area_ja": "20㎡",
        "land_shape_name_ja": "",
        "u_land_frontage_ja": "",
        "building_use_name_ja": "",
        "building_structure_name_ja": "ＳＲＣ",
        "floor_plan_name_ja": "１Ｒ",
        "u_building_total_floor_area_ja": "",
        "u_construction_year_ja": "1992年",
        "front_road_azimuth_name_ja": "",
        "u_front_road_width_ja": "",
        "front_road_type_name_ja": "",
        "land_use_name_ja": "商業地域",
        "u_building_coverage_ratio_ja": "",
        "u_floor_area_ratio_ja": "",
        "remark_name_ja": "",
        "future_use_purpose_name_ja": "",
        "remark_renovation_name_ja": ""
      }
    },
    {
      "type": "Feature",
      "geometry": {
        "type": "Point",
        "coordinates": [
          139.7382241487503,
          35.75234180187405
        ]
      },
      "properties": {
        "point_in_time_name_ja": "2025年第4四半期",
        "land_type_name_ja": "中古マンション等",
        "price_information_category_name_ja": "成約価格情報",
        "prefecture_name_ja": "東京都",
        "city_code": "13117",
        "city_name_ja": "北区",
        "district_code": "131170150",
        "district_name_ja": "栄町",
        "use_category_name_ja": "",
        "u_transaction_price_total_ja": "4,300万円",
        "u_transaction_price_unit_price_square_meter_ja": "",
        "u_unit_price_per_tsubo_ja": "",
        "u_area_ja": "35㎡",
        "land_shape_name_ja": "",
        "u_land_frontage_ja": "",
        "building_use_name_ja": "",
        "building_structure_name_ja": "ＲＣ",
        "floor_plan_name_ja": "１ＬＤＫ",
        "u_building_total_floor_area_ja": "",
        "u_construction_year_ja": "2017年",
        "front_road_azimuth_name_ja": "",
        "u_front_road_width_ja": "",
        "front_road_type_name_ja": "",
        "land_use_name_ja": "準工業地域",
        "u_building_coverage_ratio_ja": "",
        "u_floor_area_ratio_ja": "",
        "remark_name_ja": "",
        "future_use_purpose_name_ja": "",
        "remark_renovation_name_ja": ""
      }
    },
    {
      "type": "Feature",
      "geometry": {
        "type": "Point",
        "coordinates": [
          139.7382241487503,
          35.75234180187405
        ]
      },
      "properties": {
        "point_in_time_name_ja": "2025年第4四半期",
        "land_type_name_ja": "中古マンション等",
        "price_information_category_name_ja": "成約価格情報",
        "prefecture_name_ja": "東京都",
        "city_code": "13117",
        "city_name_ja": "北区",
        "district_code": "131170150",
        "district_name_ja": "栄町",
        "use_category_name_ja": "",
        "u_transaction_price_total_ja": "4,700万円",
        "u_transaction_price_unit_price_square_meter_ja": "",
        "u_unit_price_per_tsubo_ja": "",
        "u_area_ja": "60㎡",
        "land_shape_name_ja": "",
        "u_land_frontage_ja": "",
        "building_use_name_ja": "",
        "building_structure_name_ja": "ＲＣ",
        "floor_plan_name_ja": "２ＬＤＫ",
        "u_building_total_floor_area_ja": "",
        "u_construction_year_ja": "2017年",
        "front_road_azimuth_name_ja": "",
        "u_front_road_width_ja": "",
        "front_road_type_name_ja": "",
        "land_use_name_ja": "準工業地域",
        "u_building_coverage_ratio_ja": "",
        "u_floor_area_ratio_ja": "",
        "remark_name_ja": "",
        "future_use_purpose_name_ja": "",
        "remark_renovation_name_ja": ""
      }
    },
    {
      "type": "Feature",
      "geometry": {
        "type": "Point",
        "coordinates": [
          139.7382241487503,
          35.75234180187405
        ]
      },
      "properties": {
        "point_in_time_name_ja": "2025年第4四半期",
        "land_type_name_ja": "中古マンション等",
        "price_information_category_name_ja": "成約価格情報",
        "prefecture_name_ja": "東京都",
        "city_code": "13117",
        "city_name_ja": "北区",
        "district_code": "131170170",
        "district_name_ja": "十条台",
        "use_category_name_ja": "",
        "u_transaction_price_total_ja": "5,200万円",
        "u_transaction_price_unit_price_square_meter_ja": "",
        "u_unit_price_per_tsubo_ja": "",
        "u_area_ja": "60㎡",
        "land_shape_name_ja": "",
        "u_land_frontage_ja": "",
        "building_use_name_ja": "",
        "building_structure_name_ja": "ＲＣ",
        "floor_plan_name_ja": "２ＬＤＫ",
        "u_building_total_floor_area_ja": "",
        "u_construction_year_ja": "2007年",
        "front_road_azimuth_name_ja": "",
        "u_front_road_width_ja": "",
        "front_road_type_name_ja": "",
        "land_use_name_ja": "第１種中高層住居専用地域",
        "u_building_coverage_ratio_ja": "",
        "u_floor_area_ratio_ja": "",
        "remark_name_ja": "",
        "future_use_purpose_name_ja": "",
        "remark_renovation_name_ja": ""
      }
    },
    {
      "type": "Feature",
      "geometry": {
        "type": "Point",
        "coordinates": [
          139.72684621810913,
          35.763903841879284
        ]
      },
      "properties": {
        "point_in_time_name_ja": "2025年第1四半期",
        "land_type_name_ja": "中古マンション等",
        "price_information_category_name_ja": "成約価格情報",
        "prefecture_name_ja": "東京都",
        "city_code": "13117",
        "city_name_ja": "北区",
        "district_code": "131170180",
        "district_name_ja": "十条仲原",
        "use_category_name_ja": "",
        "u_transaction_price_total_ja": "4,000万円",
        "u_transaction_price_unit_price_square_meter_ja": "",
        "u_unit_price_per_tsubo_ja": "",
        "u_area_ja": "35㎡",
        "land_shape_name_ja": "",
        "u_land_frontage_ja": "",
        "building_use_name_ja": "",
        "building_structure_name_ja": "ＲＣ",
        "floor_plan_name_ja": "１ＬＤＫ",
        "u_building_total_floor_area_ja": "",
        "u_construction_year_ja": "2021年",
        "front_road_azimuth_name_ja": "",
        "u_front_road_width_ja": "",
        "front_road_type_name_ja": "",
        "land_use_name_ja": "近隣商業地域",
        "u_building_coverage_ratio_ja": "",
        "u_floor_area_ratio_ja": "",
        "remark_name_ja": "",
        "future_use_purpose_name_ja": "",
        "remark_renovation_name_ja": ""
      }
    },
    {
      "type": "Feature",
      "geometry": {
        "type": "Point",
        "coordinates": [
          139.72684621810913,
          35.763903841879284
        ]
      },
      "properties": {
        "point_in_time_name_ja": "2025年第1四半期",
        "land_type_name_ja": "中古マンション等",
        "price_information_category_name_ja": "成約価格情報",
        "prefecture_name_ja": "東京都",
        "city_code": "13117",
        "city_name_ja": "北区",
        "district_code": "131170180",
        "district_name_ja": "十条仲原",
        "use_category_name_ja": "",
        "u_transaction_price_total_ja": "5,300万円",
        "u_transaction_price_unit_price_square_meter_ja": "",
        "u_unit_price_per_tsubo_ja": "",
        "u_area_ja": "60㎡",
        "land_shape_name_ja": "",
        "u_land_frontage_ja": "",
        "building_use_name_ja": "",
        "building_structure_name_ja": "ＲＣ",
        "floor_plan_name_ja": "３ＬＤＫ",
        "u_building_total_floor_area_ja": "",
        "u_construction_year_ja": "1986年",
        "front_road_azimuth_name_ja": "",
        "u_front_road_width_ja": "",
        "front_road_type_name_ja": "",
        "land_use_name_ja": "近隣商業地域",
        "u_building_coverage_ratio_ja": "",
        "u_floor_area_ratio_ja": "",
        "remark_name_ja": "",
        "future_use_purpose_name_ja": "",
        "remark_renovation_name_ja": ""
      }
    },
    {
      "type": "Feature",
      "geometry": {
        "type": "Point",
        "coordinates": [
          139.72684621810913,
          35.763903841879284
        ]
      },
      "properties": {
        "point_in_time_name_ja": "2025年第2四半期",
        "land_type_name_ja": "中古マンション等",
        "price_information_category_name_ja": "成約価格情報",
        "prefecture_name_ja": "東京都",
        "city_code": "13117",
        "city_name_ja": "北区",
        "district_code": "131170180",
        "district_name_ja": "十条仲原",
        "use_category_name_ja": "",
        "u_transaction_price_total_ja": "5,800万円",
        "u_transaction_price_unit_price_square_meter_ja": "",
        "u_unit_price_per_tsubo_ja": "",
        "u_area_ja": "65㎡",
        "land_shape_name_ja": "",
        "u_land_frontage_ja": "",
        "building_use_name_ja": "",
        "building_structure_name_ja": "ＳＲＣ",
        "floor_plan_name_ja": "２ＬＤＫ",
        "u_building_total_floor_area_ja": "",
        "u_construction_year_ja": "1995年",
        "front_road_azimuth_name_ja": "",
        "u_front_road_width_ja": "",
        "front_road_type_name_ja": "",
        "land_use_name_ja": "第１種中高層住居専用地域",
        "u_building_coverage_ratio_ja": "",
        "u_floor_area_ratio_ja": "",
        "remark_name_ja": "",
        "future_use_purpose_name_ja": "",
        "remark_renovation_name_ja": ""
      }
    },
    {
      "type": "Feature",
      "geometry": {
        "type": "Point",
        "coordinates": [
          139.72684621810913,
          35.763903841879284
        ]
      },
      "properties": {
        "point_in_time_name_ja": "2025年第3四半期",
        "land_type_name_ja": "中古マンション等",
        "price_information_category_name_ja": "成約価格情報",
        "prefecture_name_ja": "東京都",
        "city_code": "13117",
        "city_name_ja": "北区",
        "district_code": "131170180",
        "district_name_ja": "十条仲原",
        "use_category_name_ja": "",
        "u_transaction_price_total_ja": "4,200万円",
        "u_transaction_price_unit_price_square_meter_ja": "",
        "u_unit_price_per_tsubo_ja": "",
        "u_area_ja": "35㎡",
        "land_shape_name_ja": "",
        "u_land_frontage_ja": "",
        "building_use_name_ja": "",
        "building_structure_name_ja": "ＲＣ",
        "floor_plan_name_ja": "１ＬＤＫ",
        "u_building_total_floor_area_ja": "",
        "u_construction_year_ja": "2021年",
        "front_road_azimuth_name_ja": "",
        "u_front_road_width_ja": "",
        "front_road_type_name_ja": "",
        "land_use_name_ja": "第１種住居地域",
        "u_building_coverage_ratio_ja": "",
        "u_floor_area_ratio_ja": "",
        "remark_name_ja": "",
        "future_use_purpose_name_ja": "",
        "remark_renovation_name_ja": ""
      }
    },
    {
      "type": "Feature",
      "geometry": {
        "type": "Point",
        "coordinates": [
          139.72684621810913,
          35.763903841879284
        ]
      },
      "properties": {
        "point_in_time_name_ja": "2025年第3四半期",
        "land_type_name_ja": "中古マンション等",
        "price_information_category_name_ja": "成約価格情報",
        "prefecture_name_ja": "東京都",
        "city_code": "13117",
        "city_name_ja": "北区",
        "district_code": "131170180",
        "district_name_ja": "十条仲原",
        "use_category_name_ja": "",
        "u_transaction_price_total_ja": "5,700万円",
        "u_transaction_price_unit_price_square_meter_ja": "",
        "u_unit_price_per_tsubo_ja": "",
        "u_area_ja": "55㎡",
        "land_shape_name_ja": "",
        "u_land_frontage_ja": "",
        "building_use_name_ja": "",
        "building_structure_name_ja": "ＲＣ",
        "floor_plan_name_ja": "２ＬＤＫ",
        "u_building_total_floor_area_ja": "",
        "u_construction_year_ja": "2021年",
        "front_road_azimuth_name_ja": "",
        "u_front_road_width_ja": "",
        "front_road_type_name_ja": "",
        "land_use_name_ja": "近隣商業地域",
        "u_building_coverage_ratio_ja": "",
        "u_floor_area_ratio_ja": "",
        "remark_name_ja": "",
        "future_use_purpose_name_ja": "",
        "remark_renovation_name_ja": ""
      }
    },
    {
      "type": "Feature",
      "geometry": {
        "type": "Point",
        "coordinates": [
          139.72684621810913,
          35.763903841879284
        ]
      },
      "properties": {
        "point_in_time_name_ja": "2025年第3四半期",
        "land_type_name_ja": "中古マンション等",
        "price_information_category_name_ja": "成約価格情報",
        "prefecture_name_ja": "東京都",
        "city_code": "13117",
        "city_name_ja": "北区",
        "district_code": "131170180",
        "district_name_ja": "十条仲原",
        "use_category_name_ja": "",
        "u_transaction_price_total_ja": "3,000万円",
        "u_transaction_price_unit_price_square_meter_ja": "",
        "u_unit_price_per_tsubo_ja": "",
        "u_area_ja": "55㎡",
        "land_shape_name_ja": "",
        "u_land_frontage_ja": "",
        "building_use_name_ja": "",
        "building_structure_name_ja": "ＲＣ",
        "floor_plan_name_ja": "１ＬＤＫ＋Ｓ",
        "u_building_total_floor_area_ja": "",
        "u_construction_year_ja": "1983年",
        "front_road_azimuth_name_ja": "",
        "u_front_road_width_ja": "",
        "front_road_type_name_ja": "",
        "land_use_name_ja": "第１種中高層住居専用地域",
        "u_building_coverage_ratio_ja": "",
        "u_floor_area_ratio_ja": "",
        "remark_name_ja": "",
        "future_use_purpose_name_ja": "",
        "remark_renovation_name_ja": ""
      }
    },
    {
      "type": "Feature",
      "geometry": {
        "type": "Point",
        "coordinates": [
          139.72684621810913,
          35.763903841879284
        ]
      },
      "properties": {
        "point_in_time_name_ja": "2025年第4四半期",
        "land_type_name_ja": "中古マンション等",
        "price_information_category_name_ja": "成約価格情報",
        "prefecture_name_ja": "東京都",
        "city_code": "13117",
        "city_name_ja": "北区",
        "district_code": "131170180",
        "district_name_ja": "十条仲原",
        "use_category_name_ja": "",
        "u_transaction_price_total_ja": "4,500万円",
        "u_transaction_price_unit_price_square_meter_ja": "",
        "u_unit_price_per_tsubo_ja": "",
        "u_area_ja": "35㎡",
        "land_shape_name_ja": "",
        "u_land_frontage_ja": "",
        "building_use_name_ja": "",
        "building_structure_name_ja": "ＲＣ",
        "floor_plan_name_ja": "１ＬＤＫ",
        "u_building_total_floor_area_ja": "",
        "u_construction_year_ja": "2021年",
        "front_road_azimuth_name_ja": "",
        "u_front_road_width_ja": "",
        "front_road_type_name_ja": "",
        "land_use_name_ja": "第１種住居地域",
        "u_building_coverage_ratio_ja": "",
        "u_floor_area_ratio_ja": "",
        "remark_name_ja": "",
        "future_use_purpose_name_ja": "",
        "remark_renovation_name_ja": ""
      }
    },
    {
      "type": "Feature",
      "geometry": {
        "type": "Point",
        "coordinates": [
          139.72684621810913,
          35.763903841879284
        ]
      },
      "properties": {
        "point_in_time_name_ja": "2025年第1四半期",
        "land_type_name_ja": "中古マンション等",
        "price_information_category_name_ja": "成約価格情報",
        "prefecture_name_ja": "東京都",
        "city_code": "13117",
        "city_name_ja": "北区",
        "district_code": "131170280",
        "district_name_ja": "東十条",
        "use_category_name_ja": "",
        "u_transaction_price_total_ja": "1,100万円",
        "u_transaction_price_unit_price_square_meter_ja": "",
        "u_unit_price_per_tsubo_ja": "",
        "u_area_ja": "30㎡",
        "land_shape_name_ja": "",
        "u_land_frontage_ja": "",
        "building_use_name_ja": "",
        "building_structure_name_ja": "ＲＣ",
        "floor_plan_name_ja": "１Ｋ",
        "u_building_total_floor_area_ja": "",
        "u_construction_year_ja": "1988年",
        "front_road_azimuth_name_ja": "",
        "u_front_road_width_ja": "",
        "front_road_type_name_ja": "",
        "land_use_name_ja": "近隣商業地域",
        "u_building_coverage_ratio_ja": "",
        "u_floor_area_ratio_ja": "",
        "remark_name_ja": "",
        "future_use_purpose_name_ja": "",
        "remark_renovation_name_ja": ""
      }
    },
    {
      "type": "Feature",
      "geometry": {
        "type": "Point",
        "coordinates": [
          139.72684621810913,
          35.763903841879284
        ]
      },
      "properties": {
        "point_in_time_name_ja": "2025年第1四半期",
        "land_type_name_ja": "中古マンション等",
        "price_information_category_name_ja": "成約価格情報",
        "prefecture_name_ja": "東京都",
        "city_code": "13117",
        "city_name_ja": "北区",
        "district_code": "131170280",
        "district_name_ja": "東十条",
        "use_category_name_ja": "",
        "u_transaction_price_total_ja": "7,500万円",
        "u_transaction_price_unit_price_square_meter_ja": "",
        "u_unit_price_per_tsubo_ja": "",
        "u_area_ja": "70㎡",
        "land_shape_name_ja": "",
        "u_land_frontage_ja": "",
        "building_use_name_ja": "",
        "building_structure_name_ja": "ＲＣ",
        "floor_plan_name_ja": "３ＬＤＫ",
        "u_building_total_floor_area_ja": "",
        "u_construction_year_ja": "2015年",
        "front_road_azimuth_name_ja": "",
        "u_front_road_width_ja": "",
        "front_road_type_name_ja": "",
        "land_use_name_ja": "準工業地域",
        "u_building_coverage_ratio_ja": "",
        "u_floor_area_ratio_ja": "",
        "remark_name_ja": "",
        "future_use_purpose_name_ja": "",
        "remark_renovation_name_ja": ""
      }
    },
    {
      "type": "Feature",
      "geometry": {
        "type": "Point",
        "coordinates": [
          139.72684621810913,
          35.763903841879284
        ]
      },
      "properties": {
        "point_in_time_name_ja": "2025年第1四半期",
        "land_type_name_ja": "中古マンション等",
        "price_information_category_name_ja": "成約価格情報",
        "prefecture_name_ja": "東京都",
        "city_code": "13117",
        "city_name_ja": "北区",
        "district_code": "131170280",
        "district_name_ja": "東十条",
        "use_category_name_ja": "",
        "u_transaction_price_total_ja": "3,000万円",
        "u_transaction_price_unit_price_square_meter_ja": "",
        "u_unit_price_per_tsubo_ja": "",
        "u_area_ja": "45㎡",
        "land_shape_name_ja": "",
        "u_land_frontage_ja": "",
        "building_use_name_ja": "",
        "building_structure_name_ja": "ＲＣ",
        "floor_plan_name_ja": "１ＬＤＫ",
        "u_building_total_floor_area_ja": "",
        "u_construction_year_ja": "2009年",
        "front_road_azimuth_name_ja": "",
        "u_front_road_width_ja": "",
        "front_road_type_name_ja": "",
        "land_use_name_ja": "準工業地域",
        "u_building_coverage_ratio_ja": "",
        "u_floor_area_ratio_ja": "",
        "remark_name_ja": "",
        "future_use_purpose_name_ja": "",
        "remark_renovation_name_ja": ""
      }
    },
    {
      "type": "Feature",
      "geometry": {
        "type": "Point",
        "coordinates": [
          139.72684621810913,
          35.763903841879284
        ]
      },
      "properties": {
        "point_in_time_name_ja": "2025年第1四半期",
        "land_type_name_ja": "中古マンション等",
        "price_information_category_name_ja": "成約価格情報",
        "prefecture_name_ja": "東京都",
        "city_code": "13117",
        "city_name_ja": "北区",
        "district_code": "131170280",
        "district_name_ja": "東十条",
        "use_category_name_ja": "",
        "u_transaction_price_total_ja": "2,500万円",
        "u_transaction_price_unit_price_square_meter_ja": "",
        "u_unit_price_per_tsubo_ja": "",
        "u_area_ja": "60㎡",
        "land_shape_name_ja": "",
        "u_land_frontage_ja": "",
        "building_use_name_ja": "",
        "building_structure_name_ja": "ＳＲＣ",
        "floor_plan_name_ja": "３ＤＫ",
        "u_building_total_floor_area_ja": "",
        "u_construction_year_ja": "1970年",
        "front_road_azimuth_name_ja": "",
        "u_front_road_width_ja": "",
        "front_road_type_name_ja": "",
        "land_use_name_ja": "準工業地域",
        "u_building_coverage_ratio_ja": "",
        "u_floor_area_ratio_ja": "",
        "remark_name_ja": "",
        "future_use_purpose_name_ja": "",
        "remark_renovation_name_ja": ""
      }
    },
    {
      "type": "Feature",
      "geometry": {
        "type": "Point",
        "coordinates": [
          139.72684621810913,
          35.763903841879284
        ]
      },
      "properties": {
        "point_in_time_name_ja": "2025年第2四半期",
        "land_type_name_ja": "中古マンション等",
        "price_information_category_name_ja": "成約価格情報",
        "prefecture_name_ja": "東京都",
        "city_code": "13117",
        "city_name_ja": "北区",
        "district_code": "131170280",
        "district_name_ja": "東十条",
        "use_category_name_ja": "",
        "u_transaction_price_total_ja": "2,700万円",
        "u_transaction_price_unit_price_square_meter_ja": "",
        "u_unit_price_per_tsubo_ja": "",
        "u_area_ja": "30㎡",
        "land_shape_name_ja": "",
        "u_land_frontage_ja": "",
        "building_use_name_ja": "",
        "building_structure_name_ja": "ＲＣ",
        "floor_plan_name_ja": "１Ｋ",
        "u_building_total_floor_area_ja": "",
        "u_construction_year_ja": "2019年",
        "front_road_azimuth_name_ja": "",
        "u_front_road_width_ja": "",
        "front_road_type_name_ja": "",
        "land_use_name_ja": "近隣商業地域",
        "u_building_coverage_ratio_ja": "",
        "u_floor_area_ratio_ja": "",
        "remark_name_ja": "",
        "future_use_purpose_name_ja": "",
        "remark_renovation_name_ja": ""
      }
    },
    {
      "type": "Feature",
      "geometry": {
        "type": "Point",
        "coordinates": [
          139.72684621810913,
          35.763903841879284
        ]
      },
      "properties": {
        "point_in_time_name_ja": "2025年第2四半期",
        "land_type_name_ja": "中古マンション等",
        "price_information_category_name_ja": "成約価格情報",
        "prefecture_name_ja": "東京都",
        "city_code": "13117",
        "city_name_ja": "北区",
        "district_code": "131170280",
        "district_name_ja": "東十条",
        "use_category_name_ja": "",
        "u_transaction_price_total_ja": "2,100万円",
        "u_transaction_price_unit_price_square_meter_ja": "",
        "u_unit_price_per_tsubo_ja": "",
        "u_area_ja": "45㎡",
        "land_shape_name_ja": "",
        "u_land_frontage_ja": "",
        "building_use_name_ja": "",
        "building_structure_name_ja": "ＲＣ",
        "floor_plan_name_ja": "１ＬＤＫ",
        "u_building_total_floor_area_ja": "",
        "u_construction_year_ja": "1994年",
        "front_road_azimuth_name_ja": "",
        "u_front_road_width_ja": "",
        "front_road_type_name_ja": "",
        "land_use_name_ja": "商業地域",
        "u_building_coverage_ratio_ja": "",
        "u_floor_area_ratio_ja": "",
        "remark_name_ja": "",
        "future_use_purpose_name_ja": "",
        "remark_renovation_name_ja": ""
      }
    },
    {
      "type": "Feature",
      "geometry": {
        "type": "Point",
        "coordinates": [
          139.72684621810913,
          35.763903841879284
        ]
      },
      "properties": {
        "point_in_time_name_ja": "2025年第2四半期",
        "land_type_name_ja": "中古マンション等",
        "price_information_category_name_ja": "成約価格情報",
        "prefecture_name_ja": "東京都",
        "city_code": "13117",
        "city_name_ja": "北区",
        "district_code": "131170280",
        "district_name_ja": "東十条",
        "use_category_name_ja": "",
        "u_transaction_price_total_ja": "4,300万円",
        "u_transaction_price_unit_price_square_meter_ja": "",
        "u_unit_price_per_tsubo_ja": "",
        "u_area_ja": "55㎡",
        "land_shape_name_ja": "",
        "u_land_frontage_ja": "",
        "building_use_name_ja": "",
        "building_structure_name_ja": "ＳＲＣ",
        "floor_plan_name_ja": "３ＤＫ",
        "u_building_total_floor_area_ja": "",
        "u_construction_year_ja": "1985年",
        "front_road_azimuth_name_ja": "",
        "u_front_road_width_ja": "",
        "front_road_type_name_ja": "",
        "land_use_name_ja": "商業地域",
        "u_building_coverage_ratio_ja": "",
        "u_floor_area_ratio_ja": "",
        "remark_name_ja": "",
        "future_use_purpose_name_ja": "",
        "remark_renovation_name_ja": ""
      }
    },
    {
      "type": "Feature",
      "geometry": {
        "type": "Point",
        "coordinates": [
          139.72684621810913,
          35.763903841879284
        ]
      },
      "properties": {
        "point_in_time_name_ja": "2025年第2四半期",
        "land_type_name_ja": "中古マンション等",
        "price_information_category_name_ja": "成約価格情報",
        "prefecture_name_ja": "東京都",
        "city_code": "13117",
        "city_name_ja": "北区",
        "district_code": "131170280",
        "district_name_ja": "東十条",
        "use_category_name_ja": "",
        "u_transaction_price_total_ja": "3,500万円",
        "u_transaction_price_unit_price_square_meter_ja": "",
        "u_unit_price_per_tsubo_ja": "",
        "u_area_ja": "45㎡",
        "land_shape_name_ja": "",
        "u_land_frontage_ja": "",
        "building_use_name_ja": "",
        "building_structure_name_ja": "",
        "floor_plan_name_ja": "１ＬＤＫ",
        "u_building_total_floor_area_ja": "",
        "u_construction_year_ja": "1985年",
        "front_road_azimuth_name_ja": "",
        "u_front_road_width_ja": "",
        "front_road_type_name_ja": "",
        "land_use_name_ja": "商業地域",
        "u_building_coverage_ratio_ja": "",
        "u_floor_area_ratio_ja": "",
        "remark_name_ja": "",
        "future_use_purpose_name_ja": "",
        "remark_renovation_name_ja": "改装済み"
      }
    },
    {
      "type": "Feature",
      "geometry": {
        "type": "Point",
        "coordinates": [
          139.72684621810913,
          35.763903841879284
        ]
      },
      "properties": {
        "point_in_time_name_ja": "2025年第2四半期",
        "land_type_name_ja": "中古マンション等",
        "price_information_category_name_ja": "成約価格情報",
        "prefecture_name_ja": "東京都",
        "city_code": "13117",
        "city_name_ja": "北区",
        "district_code": "131170280",
        "district_name_ja": "東十条",
        "use_category_name_ja": "",
        "u_transaction_price_total_ja": "5,000万円",
        "u_transaction_price_unit_price_square_meter_ja": "",
        "u_unit_price_per_tsubo_ja": "",
        "u_area_ja": "60㎡",
        "land_shape_name_ja": "",
        "u_land_frontage_ja": "",
        "building_use_name_ja": "",
        "building_structure_name_ja": "ＳＲＣ",
        "floor_plan_name_ja": "３ＬＤＫ",
        "u_building_total_floor_area_ja": "",
        "u_construction_year_ja": "1985年",
        "front_road_azimuth_name_ja": "",
        "u_front_road_width_ja": "",
        "front_road_type_name_ja": "",
        "land_use_name_ja": "商業地域",
        "u_building_coverage_ratio_ja": "",
        "u_floor_area_ratio_ja": "",
        "remark_name_ja": "",
        "future_use_purpose_name_ja": "",
        "remark_renovation_name_ja": ""
      }
    },
    {
      "type": "Feature",
      "geometry": {
        "type": "Point",
        "coordinates": [
          139.72684621810913,
          35.763903841879284
        ]
      },
      "properties": {
        "point_in_time_name_ja": "2025年第2四半期",
        "land_type_name_ja": "中古マンション等",
        "price_information_category_name_ja": "成約価格情報",
        "prefecture_name_ja": "東京都",
        "city_code": "13117",
        "city_name_ja": "北区",
        "district_code": "131170280",
        "district_name_ja": "東十条",
        "use_category_name_ja": "",
        "u_transaction_price_total_ja": "4,000万円",
        "u_transaction_price_unit_price_square_meter_ja": "",
        "u_unit_price_per_tsubo_ja": "",
        "u_area_ja": "55㎡",
        "land_shape_name_ja": "",
        "u_land_frontage_ja": "",
        "building_use_name_ja": "",
        "building_structure_name_ja": "",
        "floor_plan_name_ja": "３ＤＫ",
        "u_building_total_floor_area_ja": "",
        "u_construction_year_ja": "1985年",
        "front_road_azimuth_name_ja": "",
        "u_front_road_width_ja": "",
        "front_road_type_name_ja": "",
        "land_use_name_ja": "商業地域",
        "u_building_coverage_ratio_ja": "",
        "u_floor_area_ratio_ja": "",
        "remark_name_ja": "",
        "future_use_purpose_name_ja": "",
        "remark_renovation_name_ja": ""
      }
    },
    {
      "type": "Feature",
      "geometry": {
        "type": "Point",
        "coordinates": [
          139.72684621810913,
          35.763903841879284
        ]
      },
      "properties": {
        "point_in_time_name_ja": "2025年第2四半期",
        "land_type_name_ja": "中古マンション等",
        "price_information_category_name_ja": "成約価格情報",
        "prefecture_name_ja": "東京都",
        "city_code": "13117",
        "city_name_ja": "北区",
        "district_code": "131170280",
        "district_name_ja": "東十条",
        "use_category_name_ja": "",
        "u_transaction_price_total_ja": "6,200万円",
        "u_transaction_price_unit_price_square_meter_ja": "",
        "u_unit_price_per_tsubo_ja": "",
        "u_area_ja": "60㎡",
        "land_shape_name_ja": "",
        "u_land_frontage_ja": "",
        "building_use_name_ja": "",
        "building_structure_name_ja": "ＲＣ",
        "floor_plan_name_ja": "１ＬＤＫ",
        "u_building_total_floor_area_ja": "",
        "u_construction_year_ja": "2012年",
        "front_road_azimuth_name_ja": "",
        "u_front_road_width_ja": "",
        "front_road_type_name_ja": "",
        "land_use_name_ja": "商業地域",
        "u_building_coverage_ratio_ja": "",
        "u_floor_area_ratio_ja": "",
        "remark_name_ja": "",
        "future_use_purpose_name_ja": "",
        "remark_renovation_name_ja": ""
      }
    },
    {
      "type": "Feature",
      "geometry": {
        "type": "Point",
        "coordinates": [
          139.72684621810913,
          35.763903841879284
        ]
      },
      "properties": {
        "point_in_time_name_ja": "2025年第2四半期",
        "land_type_name_ja": "中古マンション等",
        "price_information_category_name_ja": "成約価格情報",
        "prefecture_name_ja": "東京都",
        "city_code": "13117",
        "city_name_ja": "北区",
        "district_code": "131170280",
        "district_name_ja": "東十条",
        "use_category_name_ja": "",
        "u_transaction_price_total_ja": "1,600万円",
        "u_transaction_price_unit_price_square_meter_ja": "",
        "u_unit_price_per_tsubo_ja": "",
        "u_area_ja": "25㎡",
        "land_shape_name_ja": "",
        "u_land_frontage_ja": "",
        "building_use_name_ja": "",
        "building_structure_name_ja": "ＳＲＣ",
        "floor_plan_name_ja": "１Ｋ",
        "u_building_total_floor_area_ja": "",
        "u_construction_year_ja": "1996年",
        "front_road_azimuth_name_ja": "",
        "u_front_road_width_ja": "",
        "front_road_type_name_ja": "",
        "land_use_name_ja": "商業地域",
        "u_building_coverage_ratio_ja": "",
        "u_floor_area_ratio_ja": "",
        "remark_name_ja": "",
        "future_use_purpose_name_ja": "",
        "remark_renovation_name_ja": ""
      }
    },
    {
      "type": "Feature",
      "geometry": {
        "type": "Point",
        "coordinates": [
          139.72684621810913,
          35.763903841879284
        ]
      },
      "properties": {
        "point_in_time_name_ja": "2025年第2四半期",
        "land_type_name_ja": "中古マンション等",
        "price_information_category_name_ja": "成約価格情報",
        "prefecture_name_ja": "東京都",
        "city_code": "13117",
        "city_name_ja": "北区",
        "district_code": "131170280",
        "district_name_ja": "東十条",
        "use_category_name_ja": "",
        "u_transaction_price_total_ja": "5,000万円",
        "u_transaction_price_unit_price_square_meter_ja": "",
        "u_unit_price_per_tsubo_ja": "",
        "u_area_ja": "80㎡",
        "land_shape_name_ja": "",
        "u_land_frontage_ja": "",
        "building_use_name_ja": "",
        "building_structure_name_ja": "ＳＲＣ",
        "floor_plan_name_ja": "３ＬＤＫ",
        "u_building_total_floor_area_ja": "",
        "u_construction_year_ja": "2003年",
        "front_road_azimuth_name_ja": "",
        "u_front_road_width_ja": "",
        "front_road_type_name_ja": "",
        "land_use_name_ja": "近隣商業地域",
        "u_building_coverage_ratio_ja": "",
        "u_floor_area_ratio_ja": "",
        "remark_name_ja": "",
        "future_use_purpose_name_ja": "",
        "remark_renovation_name_ja": ""
      }
    },
    {
      "type": "Feature",
      "geometry": {
        "type": "Point",
        "coordinates": [
          139.72684621810913,
          35.763903841879284
        ]
      },
      "properties": {
        "point_in_time_name_ja": "2025年第2四半期",
        "land_type_name_ja": "中古マンション等",
        "price_information_category_name_ja": "成約価格情報",
        "prefecture_name_ja": "東京都",
        "city_code": "13117",
        "city_name_ja": "北区",
        "district_code": "131170280",
        "district_name_ja": "東十条",
        "use_category_name_ja": "",
        "u_transaction_price_total_ja": "3,600万円",
        "u_transaction_price_unit_price_square_meter_ja": "",
        "u_unit_price_per_tsubo_ja": "",
        "u_area_ja": "60㎡",
        "land_shape_name_ja": "",
        "u_land_frontage_ja": "",
        "building_use_name_ja": "",
        "building_structure_name_ja": "ＳＲＣ",
        "floor_plan_name_ja": "３ＤＫ",
        "u_building_total_floor_area_ja": "",
        "u_construction_year_ja": "1974年",
        "front_road_azimuth_name_ja": "",
        "u_front_road_width_ja": "",
        "front_road_type_name_ja": "",
        "land_use_name_ja": "近隣商業地域",
        "u_building_coverage_ratio_ja": "",
        "u_floor_area_ratio_ja": "",
        "remark_name_ja": "",
        "future_use_purpose_name_ja": "",
        "remark_renovation_name_ja": ""
      }
    },
    {
      "type": "Feature",
      "geometry": {
        "type": "Point",
        "coordinates": [
          139.72684621810913,
          35.763903841879284
        ]
      },
      "properties": {
        "point_in_time_name_ja": "2025年第2四半期",
        "land_type_name_ja": "中古マンション等",
        "price_information_category_name_ja": "成約価格情報",
        "prefecture_name_ja": "東京都",
        "city_code": "13117",
        "city_name_ja": "北区",
        "district_code": "131170280",
        "district_name_ja": "東十条",
        "use_category_name_ja": "",
        "u_transaction_price_total_ja": "6,400万円",
        "u_transaction_price_unit_price_square_meter_ja": "",
        "u_unit_price_per_tsubo_ja": "",
        "u_area_ja": "60㎡",
        "land_shape_name_ja": "",
        "u_land_frontage_ja": "",
        "building_use_name_ja": "",
        "building_structure_name_ja": "ＲＣ",
        "floor_plan_name_ja": "２ＬＤＫ",
        "u_building_total_floor_area_ja": "",
        "u_construction_year_ja": "2013年",
        "front_road_azimuth_name_ja": "",
        "u_front_road_width_ja": "",
        "front_road_type_name_ja": "",
        "land_use_name_ja": "準工業地域",
        "u_building_coverage_ratio_ja": "",
        "u_floor_area_ratio_ja": "",
        "remark_name_ja": "",
        "future_use_purpose_name_ja": "",
        "remark_renovation_name_ja": ""
      }
    },
    {
      "type": "Feature",
      "geometry": {
        "type": "Point",
        "coordinates": [
          139.72684621810913,
          35.763903841879284
        ]
      },
      "properties": {
        "point_in_time_name_ja": "2025年第2四半期",
        "land_type_name_ja": "中古マンション等",
        "price_information_category_name_ja": "成約価格情報",
        "prefecture_name_ja": "東京都",
        "city_code": "13117",
        "city_name_ja": "北区",
        "district_code": "131170280",
        "district_name_ja": "東十条",
        "use_category_name_ja": "",
        "u_transaction_price_total_ja": "2,900万円",
        "u_transaction_price_unit_price_square_meter_ja": "",
        "u_unit_price_per_tsubo_ja": "",
        "u_area_ja": "50㎡",
        "land_shape_name_ja": "",
        "u_land_frontage_ja": "",
        "building_use_name_ja": "",
        "building_structure_name_ja": "",
        "floor_plan_name_ja": "２ＤＫ＋Ｓ",
        "u_building_total_floor_area_ja": "",
        "u_construction_year_ja": "1985年",
        "front_road_azimuth_name_ja": "",
        "u_front_road_width_ja": "",
        "front_road_type_name_ja": "",
        "land_use_name_ja": "商業地域",
        "u_building_coverage_ratio_ja": "",
        "u_floor_area_ratio_ja": "",
        "remark_name_ja": "",
        "future_use_purpose_name_ja": "",
        "remark_renovation_name_ja": ""
      }
    },
    {
      "type": "Feature",
      "geometry": {
        "type": "Point",
        "coordinates": [
          139.72684621810913,
          35.763903841879284
        ]
      },
      "properties": {
        "point_in_time_name_ja": "2025年第2四半期",
        "land_type_name_ja": "中古マンション等",
        "price_information_category_name_ja": "成約価格情報",
        "prefecture_name_ja": "東京都",
        "city_code": "13117",
        "city_name_ja": "北区",
        "district_code": "131170280",
        "district_name_ja": "東十条",
        "use_category_name_ja": "",
        "u_transaction_price_total_ja": "4,100万円",
        "u_transaction_price_unit_price_square_meter_ja": "",
        "u_unit_price_per_tsubo_ja": "",
        "u_area_ja": "80㎡",
        "land_shape_name_ja": "",
        "u_land_frontage_ja": "",
        "building_use_name_ja": "",
        "building_structure_name_ja": "ＳＲＣ",
        "floor_plan_name_ja": "３ＬＤＫ",
        "u_building_total_floor_area_ja": "",
        "u_construction_year_ja": "1975年",
        "front_road_azimuth_name_ja": "",
        "u_front_road_width_ja": "",
        "front_road_type_name_ja": "",
        "land_use_name_ja": "第１種住居地域",
        "u_building_coverage_ratio_ja": "",
        "u_floor_area_ratio_ja": "",
        "remark_name_ja": "",
        "future_use_purpose_name_ja": "",
        "remark_renovation_name_ja": ""
      }
    },
    {
      "type": "Feature",
      "geometry": {
        "type": "Point",
        "coordinates": [
          139.72684621810913,
          35.763903841879284
        ]
      },
      "properties": {
        "point_in_time_name_ja": "2025年第2四半期",
        "land_type_name_ja": "中古マンション等",
        "price_information_category_name_ja": "成約価格情報",
        "prefecture_name_ja": "東京都",
        "city_code": "13117",
        "city_name_ja": "北区",
        "district_code": "131170280",
        "district_name_ja": "東十条",
        "use_category_name_ja": "",
        "u_transaction_price_total_ja": "6,500万円",
        "u_transaction_price_unit_price_square_meter_ja": "",
        "u_unit_price_per_tsubo_ja": "",
        "u_area_ja": "65㎡",
        "land_shape_name_ja": "",
        "u_land_frontage_ja": "",
        "building_use_name_ja": "",
        "building_structure_name_ja": "ＲＣ",
        "floor_plan_name_ja": "２ＬＤＫ",
        "u_building_total_floor_area_ja": "",
        "u_construction_year_ja": "2015年",
        "front_road_azimuth_name_ja": "",
        "u_front_road_width_ja": "",
        "front_road_type_name_ja": "",
        "land_use_name_ja": "準工業地域",
        "u_building_coverage_ratio_ja": "",
        "u_floor_area_ratio_ja": "",
        "remark_name_ja": "",
        "future_use_purpose_name_ja": "",
        "remark_renovation_name_ja": ""
      }
    },
    {
      "type": "Feature",
      "geometry": {
        "type": "Point",
        "coordinates": [
          139.72684621810913,
          35.763903841879284
        ]
      },
      "properties": {
        "point_in_time_name_ja": "2025年第2四半期",
        "land_type_name_ja": "中古マンション等",
        "price_information_category_name_ja": "成約価格情報",
        "prefecture_name_ja": "東京都",
        "city_code": "13117",
        "city_name_ja": "北区",
        "district_code": "131170280",
        "district_name_ja": "東十条",
        "use_category_name_ja": "",
        "u_transaction_price_total_ja": "4,500万円",
        "u_transaction_price_unit_price_square_meter_ja": "",
        "u_unit_price_per_tsubo_ja": "",
        "u_area_ja": "45㎡",
        "land_shape_name_ja": "",
        "u_land_frontage_ja": "",
        "building_use_name_ja": "",
        "building_structure_name_ja": "ＲＣ",
        "floor_plan_name_ja": "１ＬＤＫ",
        "u_building_total_floor_area_ja": "",
        "u_construction_year_ja": "2009年",
        "front_road_azimuth_name_ja": "",
        "u_front_road_width_ja": "",
        "front_road_type_name_ja": "",
        "land_use_name_ja": "準工業地域",
        "u_building_coverage_ratio_ja": "",
        "u_floor_area_ratio_ja": "",
        "remark_name_ja": "",
        "future_use_purpose_name_ja": "",
        "remark_renovation_name_ja": ""
      }
    },
    {
      "type": "Feature",
      "geometry": {
        "type": "Point",
        "coordinates": [
          139.72684621810913,
          35.763903841879284
        ]
      },
      "properties": {
        "point_in_time_name_ja": "2025年第2四半期",
        "land_type_name_ja": "中古マンション等",
        "price_information_category_name_ja": "成約価格情報",
        "prefecture_name_ja": "東京都",
        "city_code": "13117",
        "city_name_ja": "北区",
        "district_code": "131170280",
        "district_name_ja": "東十条",
        "use_category_name_ja": "",
        "u_transaction_price_total_ja": "3,500万円",
        "u_transaction_price_unit_price_square_meter_ja": "",
        "u_unit_price_per_tsubo_ja": "",
        "u_area_ja": "55㎡",
        "land_shape_name_ja": "",
        "u_land_frontage_ja": "",
        "building_use_name_ja": "",
        "building_structure_name_ja": "ＳＲＣ",
        "floor_plan_name_ja": "１ＬＤＫ＋Ｓ",
        "u_building_total_floor_area_ja": "",
        "u_construction_year_ja": "1974年",
        "front_road_azimuth_name_ja": "",
        "u_front_road_width_ja": "",
        "front_road_type_name_ja": "",
        "land_use_name_ja": "第１種住居地域",
        "u_building_coverage_ratio_ja": "",
        "u_floor_area_ratio_ja": "",
        "remark_name_ja": "",
        "future_use_purpose_name_ja": "",
        "remark_renovation_name_ja": ""
      }
    },
    {
      "type": "Feature",
      "geometry": {
        "type": "Point",
        "coordinates": [
          139.72684621810913,
          35.763903841879284
        ]
      },
      "properties": {
        "point_in_time_name_ja": "2025年第2四半期",
        "land_type_name_ja": "中古マンション等",
        "price_information_category_name_ja": "成約価格情報",
        "prefecture_name_ja": "東京都",
        "city_code": "13117",
        "city_name_ja": "北区",
        "district_code": "131170280",
        "district_name_ja": "東十条",
        "use_category_name_ja": "",
        "u_transaction_price_total_ja": "7,100万円",
        "u_transaction_price_unit_price_square_meter_ja": "",
        "u_unit_price_per_tsubo_ja": "",
        "u_area_ja": "60㎡",
        "land_shape_name_ja": "",
        "u_land_frontage_ja": "",
        "building_use_name_ja": "",
        "building_structure_name_ja": "ＲＣ",
        "floor_plan_name_ja": "２ＬＤＫ",
        "u_building_total_floor_area_ja": "",
        "u_construction_year_ja": "2020年",
        "front_road_azimuth_name_ja": "",
        "u_front_road_width_ja": "",
        "front_road_type_name_ja": "",
        "land_use_name_ja": "近隣商業地域",
        "u_building_coverage_ratio_ja": "",
        "u_floor_area_ratio_ja": "",
        "remark_name_ja": "",
        "future_use_purpose_name_ja": "",
        "remark_renovation_name_ja": ""
      }
    },
    {
      "type": "Feature",
      "geometry": {
        "type": "Point",
        "coordinates": [
          139.72684621810913,
          35.763903841879284
        ]
      },
      "properties": {
        "point_in_time_name_ja": "2025年第3四半期",
        "land_type_name_ja": "中古マンション等",
        "price_information_category_name_ja": "成約価格情報",
        "prefecture_name_ja": "東京都",
        "city_code": "13117",
        "city_name_ja": "北区",
        "district_code": "131170280",
        "district_name_ja": "東十条",
        "use_category_name_ja": "",
        "u_transaction_price_total_ja": "2,700万円",
        "u_transaction_price_unit_price_square_meter_ja": "",
        "u_unit_price_per_tsubo_ja": "",
        "u_area_ja": "55㎡",
        "land_shape_name_ja": "",
        "u_land_frontage_ja": "",
        "building_use_name_ja": "",
        "building_structure_name_ja": "ＳＲＣ",
        "floor_plan_name_ja": "２ＬＤＫ",
        "u_building_total_floor_area_ja": "",
        "u_construction_year_ja": "1978年",
        "front_road_azimuth_name_ja": "",
        "u_front_road_width_ja": "",
        "front_road_type_name_ja": "",
        "land_use_name_ja": "商業地域",
        "u_building_coverage_ratio_ja": "",
        "u_floor_area_ratio_ja": "",
        "remark_name_ja": "",
        "future_use_purpose_name_ja": "",
        "remark_renovation_name_ja": "改装済み"
      }
    },
    {
      "type": "Feature",
      "geometry": {
        "type": "Point",
        "coordinates": [
          139.72684621810913,
          35.763903841879284
        ]
      },
      "properties": {
        "point_in_time_name_ja": "2025年第3四半期",
        "land_type_name_ja": "中古マンション等",
        "price_information_category_name_ja": "成約価格情報",
        "prefecture_name_ja": "東京都",
        "city_code": "13117",
        "city_name_ja": "北区",
        "district_code": "131170280",
        "district_name_ja": "東十条",
        "use_category_name_ja": "",
        "u_transaction_price_total_ja": "2,900万円",
        "u_transaction_price_unit_price_square_meter_ja": "",
        "u_unit_price_per_tsubo_ja": "",
        "u_area_ja": "65㎡",
        "land_shape_name_ja": "",
        "u_land_frontage_ja": "",
        "building_use_name_ja": "",
        "building_structure_name_ja": "ＳＲＣ",
        "floor_plan_name_ja": "２ＬＤＫ＋Ｓ",
        "u_building_total_floor_area_ja": "",
        "u_construction_year_ja": "1980年",
        "front_road_azimuth_name_ja": "",
        "u_front_road_width_ja": "",
        "front_road_type_name_ja": "",
        "land_use_name_ja": "商業地域",
        "u_building_coverage_ratio_ja": "",
        "u_floor_area_ratio_ja": "",
        "remark_name_ja": "",
        "future_use_purpose_name_ja": "",
        "remark_renovation_name_ja": ""
      }
    },
    {
      "type": "Feature",
      "geometry": {
        "type": "Point",
        "coordinates": [
          139.72684621810913,
          35.763903841879284
        ]
      },
      "properties": {
        "point_in_time_name_ja": "2025年第3四半期",
        "land_type_name_ja": "中古マンション等",
        "price_information_category_name_ja": "成約価格情報",
        "prefecture_name_ja": "東京都",
        "city_code": "13117",
        "city_name_ja": "北区",
        "district_code": "131170280",
        "district_name_ja": "東十条",
        "use_category_name_ja": "",
        "u_transaction_price_total_ja": "3,500万円",
        "u_transaction_price_unit_price_square_meter_ja": "",
        "u_unit_price_per_tsubo_ja": "",
        "u_area_ja": "55㎡",
        "land_shape_name_ja": "",
        "u_land_frontage_ja": "",
        "building_use_name_ja": "",
        "building_structure_name_ja": "ＳＲＣ",
        "floor_plan_name_ja": "２ＬＤＫ",
        "u_building_total_floor_area_ja": "",
        "u_construction_year_ja": "1970年",
        "front_road_azimuth_name_ja": "",
        "u_front_road_width_ja": "",
        "front_road_type_name_ja": "",
        "land_use_name_ja": "準工業地域",
        "u_building_coverage_ratio_ja": "",
        "u_floor_area_ratio_ja": "",
        "remark_name_ja": "",
        "future_use_purpose_name_ja": "",
        "remark_renovation_name_ja": ""
      }
    },
    {
      "type": "Feature",
      "geometry": {
        "type": "Point",
        "coordinates": [
          139.72684621810913,
          35.763903841879284
        ]
      },
      "properties": {
        "point_in_time_name_ja": "2025年第3四半期",
        "land_type_name_ja": "中古マンション等",
        "price_information_category_name_ja": "成約価格情報",
        "prefecture_name_ja": "東京都",
        "city_code": "13117",
        "city_name_ja": "北区",
        "district_code": "131170280",
        "district_name_ja": "東十条",
        "use_category_name_ja": "",
        "u_transaction_price_total_ja": "3,200万円",
        "u_transaction_price_unit_price_square_meter_ja": "",
        "u_unit_price_per_tsubo_ja": "",
        "u_area_ja": "50㎡",
        "land_shape_name_ja": "",
        "u_land_frontage_ja": "",
        "building_use_name_ja": "",
        "building_structure_name_ja": "鉄骨造",
        "floor_plan_name_ja": "１ＬＤＫ",
        "u_building_total_floor_area_ja": "",
        "u_construction_year_ja": "1970年",
        "front_road_azimuth_name_ja": "",
        "u_front_road_width_ja": "",
        "front_road_type_name_ja": "",
        "land_use_name_ja": "準工業地域",
        "u_building_coverage_ratio_ja": "",
        "u_floor_area_ratio_ja": "",
        "remark_name_ja": "",
        "future_use_purpose_name_ja": "",
        "remark_renovation_name_ja": ""
      }
    },
    {
      "type": "Feature",
      "geometry": {
        "type": "Point",
        "coordinates": [
          139.72684621810913,
          35.763903841879284
        ]
      },
      "properties": {
        "point_in_time_name_ja": "2025年第3四半期",
        "land_type_name_ja": "中古マンション等",
        "price_information_category_name_ja": "成約価格情報",
        "prefecture_name_ja": "東京都",
        "city_code": "13117",
        "city_name_ja": "北区",
        "district_code": "131170280",
        "district_name_ja": "東十条",
        "use_category_name_ja": "",
        "u_transaction_price_total_ja": "5,500万円",
        "u_transaction_price_unit_price_square_meter_ja": "",
        "u_unit_price_per_tsubo_ja": "",
        "u_area_ja": "55㎡",
        "land_shape_name_ja": "",
        "u_land_frontage_ja": "",
        "building_use_name_ja": "",
        "building_structure_name_ja": "ＲＣ",
        "floor_plan_name_ja": "２ＬＤＫ",
        "u_building_total_floor_area_ja": "",
        "u_construction_year_ja": "2009年",
        "front_road_azimuth_name_ja": "",
        "u_front_road_width_ja": "",
        "front_road_type_name_ja": "",
        "land_use_name_ja": "準工業地域",
        "u_building_coverage_ratio_ja": "",
        "u_floor_area_ratio_ja": "",
        "remark_name_ja": "",
        "future_use_purpose_name_ja": "",
        "remark_renovation_name_ja": ""
      }
    },
    {
      "type": "Feature",
      "geometry": {
        "type": "Point",
        "coordinates": [
          139.72684621810913,
          35.763903841879284
        ]
      },
      "properties": {
        "point_in_time_name_ja": "2025年第4四半期",
        "land_type_name_ja": "中古マンション等",
        "price_information_category_name_ja": "成約価格情報",
        "prefecture_name_ja": "東京都",
        "city_code": "13117",
        "city_name_ja": "北区",
        "district_code": "131170280",
        "district_name_ja": "東十条",
        "use_category_name_ja": "",
        "u_transaction_price_total_ja": "850万円",
        "u_transaction_price_unit_price_square_meter_ja": "",
        "u_unit_price_per_tsubo_ja": "",
        "u_area_ja": "20㎡",
        "land_shape_name_ja": "",
        "u_land_frontage_ja": "",
        "building_use_name_ja": "",
        "building_structure_name_ja": "ＲＣ",
        "floor_plan_name_ja": "１Ｒ",
        "u_building_total_floor_area_ja": "",
        "u_construction_year_ja": "1988年",
        "front_road_azimuth_name_ja": "",
        "u_front_road_width_ja": "",
        "front_road_type_name_ja": "",
        "land_use_name_ja": "近隣商業地域",
        "u_building_coverage_ratio_ja": "",
        "u_floor_area_ratio_ja": "",
        "remark_name_ja": "",
        "future_use_purpose_name_ja": "",
        "remark_renovation_name_ja": ""
      }
    },
    {
      "type": "Feature",
      "geometry": {
        "type": "Point",
        "coordinates": [
          139.72684621810913,
          35.763903841879284
        ]
      },
      "properties": {
        "point_in_time_name_ja": "2025年第4四半期",
        "land_type_name_ja": "中古マンション等",
        "price_information_category_name_ja": "成約価格情報",
        "prefecture_name_ja": "東京都",
        "city_code": "13117",
        "city_name_ja": "北区",
        "district_code": "131170280",
        "district_name_ja": "東十条",
        "use_category_name_ja": "",
        "u_transaction_price_total_ja": "3,600万円",
        "u_transaction_price_unit_price_square_meter_ja": "",
        "u_unit_price_per_tsubo_ja": "",
        "u_area_ja": "65㎡",
        "land_shape_name_ja": "",
        "u_land_frontage_ja": "",
        "building_use_name_ja": "",
        "building_structure_name_ja": "",
        "floor_plan_name_ja": "３ＬＤＫ",
        "u_building_total_floor_area_ja": "",
        "u_construction_year_ja": "1980年",
        "front_road_azimuth_name_ja": "",
        "u_front_road_width_ja": "",
        "front_road_type_name_ja": "",
        "land_use_name_ja": "商業地域",
        "u_building_coverage_ratio_ja": "",
        "u_floor_area_ratio_ja": "",
        "remark_name_ja": "",
        "future_use_purpose_name_ja": "",
        "remark_renovation_name_ja": "改装済み"
      }
    },
    {
      "type": "Feature",
      "geometry": {
        "type": "Point",
        "coordinates": [
          139.72684621810913,
          35.763903841879284
        ]
      },
      "properties": {
        "point_in_time_name_ja": "2025年第4四半期",
        "land_type_name_ja": "中古マンション等",
        "price_information_category_name_ja": "成約価格情報",
        "prefecture_name_ja": "東京都",
        "city_code": "13117",
        "city_name_ja": "北区",
        "district_code": "131170280",
        "district_name_ja": "東十条",
        "use_category_name_ja": "",
        "u_transaction_price_total_ja": "6,100万円",
        "u_transaction_price_unit_price_square_meter_ja": "",
        "u_unit_price_per_tsubo_ja": "",
        "u_area_ja": "60㎡",
        "land_shape_name_ja": "",
        "u_land_frontage_ja": "",
        "building_use_name_ja": "",
        "building_structure_name_ja": "ＳＲＣ",
        "floor_plan_name_ja": "２ＬＤＫ",
        "u_building_total_floor_area_ja": "",
        "u_construction_year_ja": "2018年",
        "front_road_azimuth_name_ja": "",
        "u_front_road_width_ja": "",
        "front_road_type_name_ja": "",
        "land_use_name_ja": "商業地域",
        "u_building_coverage_ratio_ja": "",
        "u_floor_area_ratio_ja": "",
        "remark_name_ja": "",
        "future_use_purpose_name_ja": "",
        "remark_renovation_name_ja": ""
      }
    },
    {
      "type": "Feature",
      "geometry": {
        "type": "Point",
        "coordinates": [
          139.72684621810913,
          35.763903841879284
        ]
      },
      "properties": {
        "point_in_time_name_ja": "2025年第4四半期",
        "land_type_name_ja": "中古マンション等",
        "price_information_category_name_ja": "成約価格情報",
        "prefecture_name_ja": "東京都",
        "city_code": "13117",
        "city_name_ja": "北区",
        "district_code": "131170280",
        "district_name_ja": "東十条",
        "use_category_name_ja": "",
        "u_transaction_price_total_ja": "5,600万円",
        "u_transaction_price_unit_price_square_meter_ja": "",
        "u_unit_price_per_tsubo_ja": "",
        "u_area_ja": "60㎡",
        "land_shape_name_ja": "",
        "u_land_frontage_ja": "",
        "building_use_name_ja": "",
        "building_structure_name_ja": "ＲＣ",
        "floor_plan_name_ja": "１ＬＤＫ＋Ｓ",
        "u_building_total_floor_area_ja": "",
        "u_construction_year_ja": "2010年",
        "front_road_azimuth_name_ja": "",
        "u_front_road_width_ja": "",
        "front_road_type_name_ja": "",
        "land_use_name_ja": "商業地域",
        "u_building_coverage_ratio_ja": "",
        "u_floor_area_ratio_ja": "",
        "remark_name_ja": "",
        "future_use_purpose_name_ja": "",
        "remark_renovation_name_ja": ""
      }
    },
    {
      "type": "Feature",
      "geometry": {
        "type": "Point",
        "coordinates": [
          139.72684621810913,
          35.763903841879284
        ]
      },
      "properties": {
        "point_in_time_name_ja": "2025年第4四半期",
        "land_type_name_ja": "中古マンション等",
        "price_information_category_name_ja": "成約価格情報",
        "prefecture_name_ja": "東京都",
        "city_code": "13117",
        "city_name_ja": "北区",
        "district_code": "131170280",
        "district_name_ja": "東十条",
        "use_category_name_ja": "",
        "u_transaction_price_total_ja": "2,800万円",
        "u_transaction_price_unit_price_square_meter_ja": "",
        "u_unit_price_per_tsubo_ja": "",
        "u_area_ja": "55㎡",
        "land_shape_name_ja": "",
        "u_land_frontage_ja": "",
        "building_use_name_ja": "",
        "building_structure_name_ja": "ＳＲＣ",
        "floor_plan_name_ja": "１ＬＤＫ",
        "u_building_total_floor_area_ja": "",
        "u_construction_year_ja": "1974年",
        "front_road_azimuth_name_ja": "",
        "u_front_road_width_ja": "",
        "front_road_type_name_ja": "",
        "land_use_name_ja": "第１種住居地域",
        "u_building_coverage_ratio_ja": "",
        "u_floor_area_ratio_ja": "",
        "remark_name_ja": "",
        "future_use_purpose_name_ja": "",
        "remark_renovation_name_ja": ""
      }
    },
    {
      "type": "Feature",
      "geometry": {
        "type": "Point",
        "coordinates": [
          139.72684621810913,
          35.763903841879284
        ]
      },
      "properties": {
        "point_in_time_name_ja": "2025年第4四半期",
        "land_type_name_ja": "中古マンション等",
        "price_information_category_name_ja": "成約価格情報",
        "prefecture_name_ja": "東京都",
        "city_code": "13117",
        "city_name_ja": "北区",
        "district_code": "131170280",
        "district_name_ja": "東十条",
        "use_category_name_ja": "",
        "u_transaction_price_total_ja": "1,900万円",
        "u_transaction_price_unit_price_square_meter_ja": "",
        "u_unit_price_per_tsubo_ja": "",
        "u_area_ja": "30㎡",
        "land_shape_name_ja": "",
        "u_land_frontage_ja": "",
        "building_use_name_ja": "",
        "building_structure_name_ja": "ＳＲＣ",
        "floor_plan_name_ja": "２Ｋ",
        "u_building_total_floor_area_ja": "",
        "u_construction_year_ja": "1984年",
        "front_road_azimuth_name_ja": "",
        "u_front_road_width_ja": "",
        "front_road_type_name_ja": "",
        "land_use_name_ja": "近隣商業地域",
        "u_building_coverage_ratio_ja": "",
        "u_floor_area_ratio_ja": "",
        "remark_name_ja": "",
        "future_use_purpose_name_ja": "",
        "remark_renovation_name_ja": ""
      }
    },
    {
      "type": "Feature",
      "geometry": {
        "type": "Point",
        "coordinates": [
          139.72684621810913,
          35.763903841879284
        ]
      },
      "properties": {
        "point_in_time_name_ja": "2025年第4四半期",
        "land_type_name_ja": "中古マンション等",
        "price_information_category_name_ja": "成約価格情報",
        "prefecture_name_ja": "東京都",
        "city_code": "13117",
        "city_name_ja": "北区",
        "district_code": "131170280",
        "district_name_ja": "東十条",
        "use_category_name_ja": "",
        "u_transaction_price_total_ja": "6,900万円",
        "u_transaction_price_unit_price_square_meter_ja": "",
        "u_unit_price_per_tsubo_ja": "",
        "u_area_ja": "70㎡",
        "land_shape_name_ja": "",
        "u_land_frontage_ja": "",
        "building_use_name_ja": "",
        "building_structure_name_ja": "ＲＣ",
        "floor_plan_name_ja": "３ＬＤＫ",
        "u_building_total_floor_area_ja": "",
        "u_construction_year_ja": "2002年",
        "front_road_azimuth_name_ja": "",
        "u_front_road_width_ja": "",
        "front_road_type_name_ja": "",
        "land_use_name_ja": "準工業地域",
        "u_building_coverage_ratio_ja": "",
        "u_floor_area_ratio_ja": "",
        "remark_name_ja": "",
        "future_use_purpose_name_ja": "",
        "remark_renovation_name_ja": ""
      }
    },
    {
      "type": "Feature",
      "geometry": {
        "type": "Point",
        "coordinates": [
          139.72684621810913,
          35.763903841879284
        ]
      },
      "properties": {
        "point_in_time_name_ja": "2025年第1四半期",
        "land_type_name_ja": "中古マンション等",
        "price_information_category_name_ja": "成約価格情報",
        "prefecture_name_ja": "東京都",
        "city_code": "13117",
        "city_name_ja": "北区",
        "district_code": "131170080",
        "district_name_ja": "王子",
        "use_category_name_ja": "",
        "u_transaction_price_total_ja": "8,200万円",
        "u_transaction_price_unit_price_square_meter_ja": "",
        "u_unit_price_per_tsubo_ja": "",
        "u_area_ja": "65㎡",
        "land_shape_name_ja": "",
        "u_land_frontage_ja": "",
        "building_use_name_ja": "",
        "building_structure_name_ja": "ＲＣ",
        "floor_plan_name_ja": "３ＬＤＫ",
        "u_building_total_floor_area_ja": "",
        "u_construction_year_ja": "2018年",
        "front_road_azimuth_name_ja": "",
        "u_front_road_width_ja": "",
        "front_road_type_name_ja": "",
        "land_use_name_ja": "準工業地域",
        "u_building_coverage_ratio_ja": "",
        "u_floor_area_ratio_ja": "",
        "remark_name_ja": "",
        "future_use_purpose_name_ja": "",
        "remark_renovation_name_ja": ""
      }
    },
    {
      "type": "Feature",
      "geometry": {
        "type": "Point",
        "coordinates": [
          139.72684621810913,
          35.763903841879284
        ]
      },
      "properties": {
        "point_in_time_name_ja": "2025年第1四半期",
        "land_type_name_ja": "中古マンション等",
        "price_information_category_name_ja": "成約価格情報",
        "prefecture_name_ja": "東京都",
        "city_code": "13117",
        "city_name_ja": "北区",
        "district_code": "131170120",
        "district_name_ja": "神谷",
        "use_category_name_ja": "",
        "u_transaction_price_total_ja": "4,400万円",
        "u_transaction_price_unit_price_square_meter_ja": "",
        "u_unit_price_per_tsubo_ja": "",
        "u_area_ja": "50㎡",
        "land_shape_name_ja": "",
        "u_land_frontage_ja": "",
        "building_use_name_ja": "",
        "building_structure_name_ja": "ＲＣ",
        "floor_plan_name_ja": "２ＬＤＫ",
        "u_building_total_floor_area_ja": "",
        "u_construction_year_ja": "2015年",
        "front_road_azimuth_name_ja": "",
        "u_front_road_width_ja": "",
        "front_road_type_name_ja": "",
        "land_use_name_ja": "",
        "u_building_coverage_ratio_ja": "",
        "u_floor_area_ratio_ja": "",
        "remark_name_ja": "",
        "future_use_purpose_name_ja": "",
        "remark_renovation_name_ja": ""
      }
    },
    {
      "type": "Feature",
      "geometry": {
        "type": "Point",
        "coordinates": [
          139.72684621810913,
          35.763903841879284
        ]
      },
      "properties": {
        "point_in_time_name_ja": "2025年第1四半期",
        "land_type_name_ja": "中古マンション等",
        "price_information_category_name_ja": "成約価格情報",
        "prefecture_name_ja": "東京都",
        "city_code": "13117",
        "city_name_ja": "北区",
        "district_code": "131170120",
        "district_name_ja": "神谷",
        "use_category_name_ja": "",
        "u_transaction_price_total_ja": "5,100万円",
        "u_transaction_price_unit_price_square_meter_ja": "",
        "u_unit_price_per_tsubo_ja": "",
        "u_area_ja": "45㎡",
        "land_shape_name_ja": "",
        "u_land_frontage_ja": "",
        "building_use_name_ja": "",
        "building_structure_name_ja": "ＲＣ",
        "floor_plan_name_ja": "２ＬＤＫ",
        "u_building_total_floor_area_ja": "",
        "u_construction_year_ja": "2019年",
        "front_road_azimuth_name_ja": "",
        "u_front_road_width_ja": "",
        "front_road_type_name_ja": "",
        "land_use_name_ja": "近隣商業地域",
        "u_building_coverage_ratio_ja": "",
        "u_floor_area_ratio_ja": "",
        "remark_name_ja": "",
        "future_use_purpose_name_ja": "",
        "remark_renovation_name_ja": ""
      }
    },
    {
      "type": "Feature",
      "geometry": {
        "type": "Point",
        "coordinates": [
          139.72684621810913,
          35.763903841879284
        ]
      },
      "properties": {
        "point_in_time_name_ja": "2025年第1四半期",
        "land_type_name_ja": "中古マンション等",
        "price_information_category_name_ja": "成約価格情報",
        "prefecture_name_ja": "東京都",
        "city_code": "13117",
        "city_name_ja": "北区",
        "district_code": "131170120",
        "district_name_ja": "神谷",
        "use_category_name_ja": "",
        "u_transaction_price_total_ja": "3,600万円",
        "u_transaction_price_unit_price_square_meter_ja": "",
        "u_unit_price_per_tsubo_ja": "",
        "u_area_ja": "35㎡",
        "land_shape_name_ja": "",
        "u_land_frontage_ja": "",
        "building_use_name_ja": "",
        "building_structure_name_ja": "ＲＣ",
        "floor_plan_name_ja": "１ＬＤＫ",
        "u_building_total_floor_area_ja": "",
        "u_construction_year_ja": "2019年",
        "front_road_azimuth_name_ja": "",
        "u_front_road_width_ja": "",
        "front_road_type_name_ja": "",
        "land_use_name_ja": "近隣商業地域",
        "u_building_coverage_ratio_ja": "",
        "u_floor_area_ratio_ja": "",
        "remark_name_ja": "",
        "future_use_purpose_name_ja": "",
        "remark_renovation_name_ja": ""
      }
    },
    {
      "type": "Feature",
      "geometry": {
        "type": "Point",
        "coordinates": [
          139.72684621810913,
          35.763903841879284
        ]
      },
      "properties": {
        "point_in_time_name_ja": "2025年第1四半期",
        "land_type_name_ja": "中古マンション等",
        "price_information_category_name_ja": "成約価格情報",
        "prefecture_name_ja": "東京都",
        "city_code": "13117",
        "city_name_ja": "北区",
        "district_code": "131170250",
        "district_name_ja": "中十条",
        "use_category_name_ja": "",
        "u_transaction_price_total_ja": "7,500万円",
        "u_transaction_price_unit_price_square_meter_ja": "",
        "u_unit_price_per_tsubo_ja": "",
        "u_area_ja": "85㎡",
        "land_shape_name_ja": "",
        "u_land_frontage_ja": "",
        "building_use_name_ja": "",
        "building_structure_name_ja": "ＲＣ",
        "floor_plan_name_ja": "３ＬＤＫ＋Ｓ",
        "u_building_total_floor_area_ja": "",
        "u_construction_year_ja": "2004年",
        "front_road_azimuth_name_ja": "",
        "u_front_road_width_ja": "",
        "front_road_type_name_ja": "",
        "land_use_name_ja": "第１種住居地域",
        "u_building_coverage_ratio_ja": "",
        "u_floor_area_ratio_ja": "",
        "remark_name_ja": "",
        "future_use_purpose_name_ja": "",
        "remark_renovation_name_ja": ""
      }
    },
    {
      "type": "Feature",
      "geometry": {
        "type": "Point",
        "coordinates": [
          139.72684621810913,
          35.763903841879284
        ]
      },
      "properties": {
        "point_in_time_name_ja": "2025年第2四半期",
        "land_type_name_ja": "中古マンション等",
        "price_information_category_name_ja": "成約価格情報",
        "prefecture_name_ja": "東京都",
        "city_code": "13117",
        "city_name_ja": "北区",
        "district_code": "131170080",
        "district_name_ja": "王子",
        "use_category_name_ja": "",
        "u_transaction_price_total_ja": "12,000万円",
        "u_transaction_price_unit_price_square_meter_ja": "",
        "u_unit_price_per_tsubo_ja": "",
        "u_area_ja": "85㎡",
        "land_shape_name_ja": "",
        "u_land_frontage_ja": "",
        "building_use_name_ja": "",
        "building_structure_name_ja": "ＲＣ",
        "floor_plan_name_ja": "３ＬＤＫ",
        "u_building_total_floor_area_ja": "",
        "u_construction_year_ja": "2018年",
        "front_road_azimuth_name_ja": "",
        "u_front_road_width_ja": "",
        "front_road_type_name_ja": "",
        "land_use_name_ja": "準工業地域",
        "u_building_coverage_ratio_ja": "",
        "u_floor_area_ratio_ja": "",
        "remark_name_ja": "",
        "future_use_purpose_name_ja": "",
        "remark_renovation_name_ja": ""
      }
    },
    {
      "type": "Feature",
      "geometry": {
        "type": "Point",
        "coordinates": [
          139.72684621810913,
          35.763903841879284
        ]
      },
      "properties": {
        "point_in_time_name_ja": "2025年第2四半期",
        "land_type_name_ja": "中古マンション等",
        "price_information_category_name_ja": "成約価格情報",
        "prefecture_name_ja": "東京都",
        "city_code": "13117",
        "city_name_ja": "北区",
        "district_code": "131170080",
        "district_name_ja": "王子",
        "use_category_name_ja": "",
        "u_transaction_price_total_ja": "9,000万円",
        "u_transaction_price_unit_price_square_meter_ja": "",
        "u_unit_price_per_tsubo_ja": "",
        "u_area_ja": "70㎡",
        "land_shape_name_ja": "",
        "u_land_frontage_ja": "",
        "building_use_name_ja": "",
        "building_structure_name_ja": "ＲＣ",
        "floor_plan_name_ja": "３ＬＤＫ",
        "u_building_total_floor_area_ja": "",
        "u_construction_year_ja": "2018年",
        "front_road_azimuth_name_ja": "",
        "u_front_road_width_ja": "",
        "front_road_type_name_ja": "",
        "land_use_name_ja": "準工業地域",
        "u_building_coverage_ratio_ja": "",
        "u_floor_area_ratio_ja": "",
        "remark_name_ja": "",
        "future_use_purpose_name_ja": "",
        "remark_renovation_name_ja": ""
      }
    },
    {
      "type": "Feature",
      "geometry": {
        "type": "Point",
        "coordinates": [
          139.72684621810913,
          35.763903841879284
        ]
      },
      "properties": {
        "point_in_time_name_ja": "2025年第2四半期",
        "land_type_name_ja": "中古マンション等",
        "price_information_category_name_ja": "成約価格情報",
        "prefecture_name_ja": "東京都",
        "city_code": "13117",
        "city_name_ja": "北区",
        "district_code": "131170120",
        "district_name_ja": "神谷",
        "use_category_name_ja": "",
        "u_transaction_price_total_ja": "3,600万円",
        "u_transaction_price_unit_price_square_meter_ja": "",
        "u_unit_price_per_tsubo_ja": "",
        "u_area_ja": "65㎡",
        "land_shape_name_ja": "",
        "u_land_frontage_ja": "",
        "building_use_name_ja": "",
        "building_structure_name_ja": "ＳＲＣ",
        "floor_plan_name_ja": "３ＬＤＫ",
        "u_building_total_floor_area_ja": "",
        "u_construction_year_ja": "1997年",
        "front_road_azimuth_name_ja": "",
        "u_front_road_width_ja": "",
        "front_road_type_name_ja": "",
        "land_use_name_ja": "近隣商業地域",
        "u_building_coverage_ratio_ja": "",
        "u_floor_area_ratio_ja": "",
        "remark_name_ja": "",
        "future_use_purpose_name_ja": "",
        "remark_renovation_name_ja": ""
      }
    },
    {
      "type": "Feature",
      "geometry": {
        "type": "Point",
        "coordinates": [
          139.72684621810913,
          35.763903841879284
        ]
      },
      "properties": {
        "point_in_time_name_ja": "2025年第2四半期",
        "land_type_name_ja": "中古マンション等",
        "price_information_category_name_ja": "成約価格情報",
        "prefecture_name_ja": "東京都",
        "city_code": "13117",
        "city_name_ja": "北区",
        "district_code": "131170250",
        "district_name_ja": "中十条",
        "use_category_name_ja": "",
        "u_transaction_price_total_ja": "2,900万円",
        "u_transaction_price_unit_price_square_meter_ja": "",
        "u_unit_price_per_tsubo_ja": "",
        "u_area_ja": "45㎡",
        "land_shape_name_ja": "",
        "u_land_frontage_ja": "",
        "building_use_name_ja": "",
        "building_structure_name_ja": "ＲＣ",
        "floor_plan_name_ja": "１ＬＤＫ＋Ｓ",
        "u_building_total_floor_area_ja": "",
        "u_construction_year_ja": "1979年",
        "front_road_azimuth_name_ja": "",
        "u_front_road_width_ja": "",
        "front_road_type_name_ja": "",
        "land_use_name_ja": "第１種住居地域",
        "u_building_coverage_ratio_ja": "",
        "u_floor_area_ratio_ja": "",
        "remark_name_ja": "",
        "future_use_purpose_name_ja": "",
        "remark_renovation_name_ja": "改装済み"
      }
    },
    {
      "type": "Feature",
      "geometry": {
        "type": "Point",
        "coordinates": [
          139.72684621810913,
          35.763903841879284
        ]
      },
      "properties": {
        "point_in_time_name_ja": "2025年第2四半期",
        "land_type_name_ja": "中古マンション等",
        "price_information_category_name_ja": "成約価格情報",
        "prefecture_name_ja": "東京都",
        "city_code": "13117",
        "city_name_ja": "北区",
        "district_code": "131170250",
        "district_name_ja": "中十条",
        "use_category_name_ja": "",
        "u_transaction_price_total_ja": "2,500万円",
        "u_transaction_price_unit_price_square_meter_ja": "",
        "u_unit_price_per_tsubo_ja": "",
        "u_area_ja": "55㎡",
        "land_shape_name_ja": "",
        "u_land_frontage_ja": "",
        "building_use_name_ja": "",
        "building_structure_name_ja": "ＲＣ",
        "floor_plan_name_ja": "２ＤＫ",
        "u_building_total_floor_area_ja": "",
        "u_construction_year_ja": "1981年",
        "front_road_azimuth_name_ja": "",
        "u_front_road_width_ja": "",
        "front_road_type_name_ja": "",
        "land_use_name_ja": "近隣商業地域",
        "u_building_coverage_ratio_ja": "",
        "u_floor_area_ratio_ja": "",
        "remark_name_ja": "",
        "future_use_purpose_name_ja": "",
        "remark_renovation_name_ja": ""
      }
    },
    {
      "type": "Feature",
      "geometry": {
        "type": "Point",
        "coordinates": [
          139.72684621810913,
          35.763903841879284
        ]
      },
      "properties": {
        "point_in_time_name_ja": "2025年第2四半期",
        "land_type_name_ja": "中古マンション等",
        "price_information_category_name_ja": "成約価格情報",
        "prefecture_name_ja": "東京都",
        "city_code": "13117",
        "city_name_ja": "北区",
        "district_code": "131170250",
        "district_name_ja": "中十条",
        "use_category_name_ja": "",
        "u_transaction_price_total_ja": "5,800万円",
        "u_transaction_price_unit_price_square_meter_ja": "",
        "u_unit_price_per_tsubo_ja": "",
        "u_area_ja": "70㎡",
        "land_shape_name_ja": "",
        "u_land_frontage_ja": "",
        "building_use_name_ja": "",
        "building_structure_name_ja": "ＲＣ",
        "floor_plan_name_ja": "３ＬＤＫ",
        "u_building_total_floor_area_ja": "",
        "u_construction_year_ja": "2004年",
        "front_road_azimuth_name_ja": "",
        "u_front_road_width_ja": "",
        "front_road_type_name_ja": "",
        "land_use_name_ja": "近隣商業地域",
        "u_building_coverage_ratio_ja": "",
        "u_floor_area_ratio_ja": "",
        "remark_name_ja": "",
        "future_use_purpose_name_ja": "",
        "remark_renovation_name_ja": ""
      }
    },
    {
      "type": "Feature",
      "geometry": {
        "type": "Point",
        "coordinates": [
          139.72684621810913,
          35.763903841879284
        ]
      },
      "properties": {
        "point_in_time_name_ja": "2025年第3四半期",
        "land_type_name_ja": "中古マンション等",
        "price_information_category_name_ja": "成約価格情報",
        "prefecture_name_ja": "東京都",
        "city_code": "13117",
        "city_name_ja": "北区",
        "district_code": "131170080",
        "district_name_ja": "王子",
        "use_category_name_ja": "",
        "u_transaction_price_total_ja": "9,500万円",
        "u_transaction_price_unit_price_square_meter_ja": "",
        "u_unit_price_per_tsubo_ja": "",
        "u_area_ja": "75㎡",
        "land_shape_name_ja": "",
        "u_land_frontage_ja": "",
        "building_use_name_ja": "",
        "building_structure_name_ja": "ＲＣ",
        "floor_plan_name_ja": "３ＬＤＫ",
        "u_building_total_floor_area_ja": "",
        "u_construction_year_ja": "2018年",
        "front_road_azimuth_name_ja": "",
        "u_front_road_width_ja": "",
        "front_road_type_name_ja": "",
        "land_use_name_ja": "準住居地域",
        "u_building_coverage_ratio_ja": "",
        "u_floor_area_ratio_ja": "",
        "remark_name_ja": "",
        "future_use_purpose_name_ja": "",
        "remark_renovation_name_ja": ""
      }
    },
    {
      "type": "Feature",
      "geometry": {
        "type": "Point",
        "coordinates": [
          139.72684621810913,
          35.763903841879284
        ]
      },
      "properties": {
        "point_in_time_name_ja": "2025年第3四半期",
        "land_type_name_ja": "中古マンション等",
        "price_information_category_name_ja": "成約価格情報",
        "prefecture_name_ja": "東京都",
        "city_code": "13117",
        "city_name_ja": "北区",
        "district_code": "131170080",
        "district_name_ja": "王子",
        "use_category_name_ja": "",
        "u_transaction_price_total_ja": "9,700万円",
        "u_transaction_price_unit_price_square_meter_ja": "",
        "u_unit_price_per_tsubo_ja": "",
        "u_area_ja": "75㎡",
        "land_shape_name_ja": "",
        "u_land_frontage_ja": "",
        "building_use_name_ja": "",
        "building_structure_name_ja": "ＲＣ",
        "floor_plan_name_ja": "２ＬＤＫ＋Ｓ",
        "u_building_total_floor_area_ja": "",
        "u_construction_year_ja": "2018年",
        "front_road_azimuth_name_ja": "",
        "u_front_road_width_ja": "",
        "front_road_type_name_ja": "",
        "land_use_name_ja": "準工業地域",
        "u_building_coverage_ratio_ja": "",
        "u_floor_area_ratio_ja": "",
        "remark_name_ja": "",
        "future_use_purpose_name_ja": "",
        "remark_renovation_name_ja": ""
      }
    },
    {
      "type": "Feature",
      "geometry": {
        "type": "Point",
        "coordinates": [
          139.72684621810913,
          35.763903841879284
        ]
      },
      "properties": {
        "point_in_time_name_ja": "2025年第3四半期",
        "land_type_name_ja": "中古マンション等",
        "price_information_category_name_ja": "成約価格情報",
        "prefecture_name_ja": "東京都",
        "city_code": "13117",
        "city_name_ja": "北区",
        "district_code": "131170080",
        "district_name_ja": "王子",
        "use_category_name_ja": "",
        "u_transaction_price_total_ja": "11,000万円",
        "u_transaction_price_unit_price_square_meter_ja": "",
        "u_unit_price_per_tsubo_ja": "",
        "u_area_ja": "85㎡",
        "land_shape_name_ja": "",
        "u_land_frontage_ja": "",
        "building_use_name_ja": "",
        "building_structure_name_ja": "ＲＣ",
        "floor_plan_name_ja": "３ＬＤＫ",
        "u_building_total_floor_area_ja": "",
        "u_construction_year_ja": "2018年",
        "front_road_azimuth_name_ja": "",
        "u_front_road_width_ja": "",
        "front_road_type_name_ja": "",
        "land_use_name_ja": "準工業地域",
        "u_building_coverage_ratio_ja": "",
        "u_floor_area_ratio_ja": "",
        "remark_name_ja": "",
        "future_use_purpose_name_ja": "",
        "remark_renovation_name_ja": ""
      }
    },
    {
      "type": "Feature",
      "geometry": {
        "type": "Point",
        "coordinates": [
          139.72684621810913,
          35.763903841879284
        ]
      },
      "properties": {
        "point_in_time_name_ja": "2025年第3四半期",
        "land_type_name_ja": "中古マンション等",
        "price_information_category_name_ja": "成約価格情報",
        "prefecture_name_ja": "東京都",
        "city_code": "13117",
        "city_name_ja": "北区",
        "district_code": "131170120",
        "district_name_ja": "神谷",
        "use_category_name_ja": "",
        "u_transaction_price_total_ja": "6,800万円",
        "u_transaction_price_unit_price_square_meter_ja": "",
        "u_unit_price_per_tsubo_ja": "",
        "u_area_ja": "55㎡",
        "land_shape_name_ja": "",
        "u_land_frontage_ja": "",
        "building_use_name_ja": "",
        "building_structure_name_ja": "ＲＣ",
        "floor_plan_name_ja": "２ＬＤＫ",
        "u_building_total_floor_area_ja": "",
        "u_construction_year_ja": "2019年",
        "front_road_azimuth_name_ja": "",
        "u_front_road_width_ja": "",
        "front_road_type_name_ja": "",
        "land_use_name_ja": "近隣商業地域",
        "u_building_coverage_ratio_ja": "",
        "u_floor_area_ratio_ja": "",
        "remark_name_ja": "",
        "future_use_purpose_name_ja": "",
        "remark_renovation_name_ja": ""
      }
    },
    {
      "type": "Feature",
      "geometry": {
        "type": "Point",
        "coordinates": [
          139.72684621810913,
          35.763903841879284
        ]
      },
      "properties": {
        "point_in_time_name_ja": "2025年第3四半期",
        "land_type_name_ja": "中古マンション等",
        "price_information_category_name_ja": "成約価格情報",
        "prefecture_name_ja": "東京都",
        "city_code": "13117",
        "city_name_ja": "北区",
        "district_code": "131170250",
        "district_name_ja": "中十条",
        "use_category_name_ja": "",
        "u_transaction_price_total_ja": "2,000万円",
        "u_transaction_price_unit_price_square_meter_ja": "",
        "u_unit_price_per_tsubo_ja": "",
        "u_area_ja": "45㎡",
        "land_shape_name_ja": "",
        "u_land_frontage_ja": "",
        "building_use_name_ja": "",
        "building_structure_name_ja": "ＲＣ",
        "floor_plan_name_ja": "１ＬＤＫ",
        "u_building_total_floor_area_ja": "",
        "u_construction_year_ja": "1979年",
        "front_road_azimuth_name_ja": "",
        "u_front_road_width_ja": "",
        "front_road_type_name_ja": "",
        "land_use_name_ja": "第１種住居地域",
        "u_building_coverage_ratio_ja": "",
        "u_floor_area_ratio_ja": "",
        "remark_name_ja": "",
        "future_use_purpose_name_ja": "",
        "remark_renovation_name_ja": ""
      }
    },
    {
      "type": "Feature",
      "geometry": {
        "type": "Point",
        "coordinates": [
          139.72684621810913,
          35.763903841879284
        ]
      },
      "properties": {
        "point_in_time_name_ja": "2025年第4四半期",
        "land_type_name_ja": "中古マンション等",
        "price_information_category_name_ja": "成約価格情報",
        "prefecture_name_ja": "東京都",
        "city_code": "13117",
        "city_name_ja": "北区",
        "district_code": "131170080",
        "district_name_ja": "王子",
        "use_category_name_ja": "",
        "u_transaction_price_total_ja": "9,900万円",
        "u_transaction_price_unit_price_square_meter_ja": "",
        "u_unit_price_per_tsubo_ja": "",
        "u_area_ja": "80㎡",
        "land_shape_name_ja": "",
        "u_land_frontage_ja": "",
        "building_use_name_ja": "",
        "building_structure_name_ja": "ＲＣ",
        "floor_plan_name_ja": "３ＬＤＫ",
        "u_building_total_floor_area_ja": "",
        "u_construction_year_ja": "2018年",
        "front_road_azimuth_name_ja": "",
        "u_front_road_width_ja": "",
        "front_road_type_name_ja": "",
        "land_use_name_ja": "準工業地域",
        "u_building_coverage_ratio_ja": "",
        "u_floor_area_ratio_ja": "",
        "remark_name_ja": "",
        "future_use_purpose_name_ja": "",
        "remark_renovation_name_ja": ""
      }
    },
    {
      "type": "Feature",
      "geometry": {
        "type": "Point",
        "coordinates": [
          139.72684621810913,
          35.763903841879284
        ]
      },
      "properties": {
        "point_in_time_name_ja": "2025年第4四半期",
        "land_type_name_ja": "中古マンション等",
        "price_information_category_name_ja": "成約価格情報",
        "prefecture_name_ja": "東京都",
        "city_code": "13117",
        "city_name_ja": "北区",
        "district_code": "131170080",
        "district_name_ja": "王子",
        "use_category_name_ja": "",
        "u_transaction_price_total_ja": "9,700万円",
        "u_transaction_price_unit_price_square_meter_ja": "",
        "u_unit_price_per_tsubo_ja": "",
        "u_area_ja": "65㎡",
        "land_shape_name_ja": "",
        "u_land_frontage_ja": "",
        "building_use_name_ja": "",
        "building_structure_name_ja": "ＲＣ",
        "floor_plan_name_ja": "３ＬＤＫ",
        "u_building_total_floor_area_ja": "",
        "u_construction_year_ja": "2018年",
        "front_road_azimuth_name_ja": "",
        "u_front_road_width_ja": "",
        "front_road_type_name_ja": "",
        "land_use_name_ja": "準工業地域",
        "u_building_coverage_ratio_ja": "",
        "u_floor_area_ratio_ja": "",
        "remark_name_ja": "",
        "future_use_purpose_name_ja": "",
        "remark_renovation_name_ja": ""
      }
    },
    {
      "type": "Feature",
      "geometry": {
        "type": "Point",
        "coordinates": [
          139.72684621810913,
          35.763903841879284
        ]
      },
      "properties": {
        "point_in_time_name_ja": "2025年第4四半期",
        "land_type_name_ja": "中古マンション等",
        "price_information_category_name_ja": "成約価格情報",
        "prefecture_name_ja": "東京都",
        "city_code": "13117",
        "city_name_ja": "北区",
        "district_code": "131170080",
        "district_name_ja": "王子",
        "use_category_name_ja": "",
        "u_transaction_price_total_ja": "8,700万円",
        "u_transaction_price_unit_price_square_meter_ja": "",
        "u_unit_price_per_tsubo_ja": "",
        "u_area_ja": "65㎡",
        "land_shape_name_ja": "",
        "u_land_frontage_ja": "",
        "building_use_name_ja": "",
        "building_structure_name_ja": "ＲＣ",
        "floor_plan_name_ja": "３ＬＤＫ",
        "u_building_total_floor_area_ja": "",
        "u_construction_year_ja": "2018年",
        "front_road_azimuth_name_ja": "",
        "u_front_road_width_ja": "",
        "front_road_type_name_ja": "",
        "land_use_name_ja": "準工業地域",
        "u_building_coverage_ratio_ja": "",
        "u_floor_area_ratio_ja": "",
        "remark_name_ja": "",
        "future_use_purpose_name_ja": "",
        "remark_renovation_name_ja": ""
      }
    },
    {
      "type": "Feature",
      "geometry": {
        "type": "Point",
        "coordinates": [
          139.72684621810913,
          35.763903841879284
        ]
      },
      "properties": {
        "point_in_time_name_ja": "2025年第4四半期",
        "land_type_name_ja": "中古マンション等",
        "price_information_category_name_ja": "成約価格情報",
        "prefecture_name_ja": "東京都",
        "city_code": "13117",
        "city_name_ja": "北区",
        "district_code": "131170080",
        "district_name_ja": "王子",
        "use_category_name_ja": "",
        "u_transaction_price_total_ja": "11,000万円",
        "u_transaction_price_unit_price_square_meter_ja": "",
        "u_unit_price_per_tsubo_ja": "",
        "u_area_ja": "85㎡",
        "land_shape_name_ja": "",
        "u_land_frontage_ja": "",
        "building_use_name_ja": "",
        "building_structure_name_ja": "ＲＣ",
        "floor_plan_name_ja": "４ＬＤＫ＋Ｓ",
        "u_building_total_floor_area_ja": "",
        "u_construction_year_ja": "2018年",
        "front_road_azimuth_name_ja": "",
        "u_front_road_width_ja": "",
        "front_road_type_name_ja": "",
        "land_use_name_ja": "準工業地域",
        "u_building_coverage_ratio_ja": "",
        "u_floor_area_ratio_ja": "",
        "remark_name_ja": "",
        "future_use_purpose_name_ja": "",
        "remark_renovation_name_ja": ""
      }
    },
    {
      "type": "Feature",
      "geometry": {
        "type": "Point",
        "coordinates": [
          139.73738193511963,
          35.75020420761389
        ]
      },
      "properties": {
        "point_in_time_name_ja": "2025年第4四半期",
        "land_type_name_ja": "中古マンション等",
        "price_information_category_name_ja": "成約価格情報",
        "prefecture_name_ja": "東京都",
        "city_code": "13117",
        "city_name_ja": "北区",
        "district_code": "131170200",
        "district_name_ja": "滝野川",
        "use_category_name_ja": "",
        "u_transaction_price_total_ja": "4,600万円",
        "u_transaction_price_unit_price_square_meter_ja": "",
        "u_unit_price_per_tsubo_ja": "",
        "u_area_ja": "60㎡",
        "land_shape_name_ja": "",
        "u_land_frontage_ja": "",
        "building_use_name_ja": "",
        "building_structure_name_ja": "",
        "floor_plan_name_ja": "２ＬＤＫ",
        "u_building_total_floor_area_ja": "",
        "u_construction_year_ja": "1993年",
        "front_road_azimuth_name_ja": "",
        "u_front_road_width_ja": "",
        "front_road_type_name_ja": "",
        "land_use_name_ja": "商業地域",
        "u_building_coverage_ratio_ja": "",
        "u_floor_area_ratio_ja": "",
        "remark_name_ja": "",
        "future_use_purpose_name_ja": "",
        "remark_renovation_name_ja": ""
      }
    },
    {
      "type": "Feature",
      "geometry": {
        "type": "Point",
        "coordinates": [
          139.73540246486664,
          35.747300296148495
        ]
      },
      "properties": {
        "point_in_time_name_ja": "2025年第4四半期",
        "land_type_name_ja": "中古マンション等",
        "price_information_category_name_ja": "成約価格情報",
        "prefecture_name_ja": "東京都",
        "city_code": "13117",
        "city_name_ja": "北区",
        "district_code": "131170200",
        "district_name_ja": "滝野川",
        "use_category_name_ja": "",
        "u_transaction_price_total_ja": "8,500万円",
        "u_transaction_price_unit_price_square_meter_ja": "",
        "u_unit_price_per_tsubo_ja": "",
        "u_area_ja": "85㎡",
        "land_shape_name_ja": "",
        "u_land_frontage_ja": "",
        "building_use_name_ja": "",
        "building_structure_name_ja": "ＲＣ",
        "floor_plan_name_ja": "３ＬＤＫ＋Ｓ",
        "u_building_total_floor_area_ja": "",
        "u_construction_year_ja": "2006年",
        "front_road_azimuth_name_ja": "",
        "u_front_road_width_ja": "",
        "front_road_type_name_ja": "",
        "land_use_name_ja": "商業地域",
        "u_building_coverage_ratio_ja": "",
        "u_floor_area_ratio_ja": "",
        "remark_name_ja": "",
        "future_use_purpose_name_ja": "",
        "remark_renovation_name_ja": ""
      }
    },
    {
      "type": "Feature",
      "geometry": {
        "type": "Point",
        "coordinates": [
          139.74688231945038,
          35.73656753018422
        ]
      },
      "properties": {
        "point_in_time_name_ja": "2025年第1四半期",
        "land_type_name_ja": "中古マンション等",
        "price_information_category_name_ja": "成約価格情報",
        "prefecture_name_ja": "東京都",
        "city_code": "13117",
        "city_name_ja": "北区",
        "district_code": "131170270",
        "district_name_ja": "西ケ原",
        "use_category_name_ja": "",
        "u_transaction_price_total_ja": "7,900万円",
        "u_transaction_price_unit_price_square_meter_ja": "",
        "u_unit_price_per_tsubo_ja": "",
        "u_area_ja": "60㎡",
        "land_shape_name_ja": "",
        "u_land_frontage_ja": "",
        "building_use_name_ja": "",
        "building_structure_name_ja": "ＲＣ",
        "floor_plan_name_ja": "２ＬＤＫ",
        "u_building_total_floor_area_ja": "",
        "u_construction_year_ja": "2017年",
        "front_road_azimuth_name_ja": "",
        "u_front_road_width_ja": "",
        "front_road_type_name_ja": "",
        "land_use_name_ja": "商業地域",
        "u_building_coverage_ratio_ja": "",
        "u_floor_area_ratio_ja": "",
        "remark_name_ja": "",
        "future_use_purpose_name_ja": "",
        "remark_renovation_name_ja": ""
      }
    },
    {
      "type": "Feature",
      "geometry": {
        "type": "Point",
        "coordinates": [
          139.74688231945038,
          35.73656753018422
        ]
      },
      "properties": {
        "point_in_time_name_ja": "2025年第1四半期",
        "land_type_name_ja": "中古マンション等",
        "price_information_category_name_ja": "成約価格情報",
        "prefecture_name_ja": "東京都",
        "city_code": "13117",
        "city_name_ja": "北区",
        "district_code": "131170270",
        "district_name_ja": "西ケ原",
        "use_category_name_ja": "",
        "u_transaction_price_total_ja": "12,000万円",
        "u_transaction_price_unit_price_square_meter_ja": "",
        "u_unit_price_per_tsubo_ja": "",
        "u_area_ja": "70㎡",
        "land_shape_name_ja": "",
        "u_land_frontage_ja": "",
        "building_use_name_ja": "",
        "building_structure_name_ja": "ＲＣ",
        "floor_plan_name_ja": "３ＬＤＫ",
        "u_building_total_floor_area_ja": "",
        "u_construction_year_ja": "2018年",
        "front_road_azimuth_name_ja": "",
        "u_front_road_width_ja": "",
        "front_road_type_name_ja": "",
        "land_use_name_ja": "商業地域",
        "u_building_coverage_ratio_ja": "",
        "u_floor_area_ratio_ja": "",
        "remark_name_ja": "",
        "future_use_purpose_name_ja": "",
        "remark_renovation_name_ja": ""
      }
    },
    {
      "type": "Feature",
      "geometry": {
        "type": "Point",
        "coordinates": [
          139.74688231945038,
          35.73656753018422
        ]
      },
      "properties": {
        "point_in_time_name_ja": "2025年第1四半期",
        "land_type_name_ja": "中古マンション等",
        "price_information_category_name_ja": "成約価格情報",
        "prefecture_name_ja": "東京都",
        "city_code": "13117",
        "city_name_ja": "北区",
        "district_code": "131170270",
        "district_name_ja": "西ケ原",
        "use_category_name_ja": "",
        "u_transaction_price_total_ja": "2,400万円",
        "u_transaction_price_unit_price_square_meter_ja": "",
        "u_unit_price_per_tsubo_ja": "",
        "u_area_ja": "30㎡",
        "land_shape_name_ja": "",
        "u_land_frontage_ja": "",
        "building_use_name_ja": "",
        "building_structure_name_ja": "ＲＣ",
        "floor_plan_name_ja": "１Ｋ",
        "u_building_total_floor_area_ja": "",
        "u_construction_year_ja": "2007年",
        "front_road_azimuth_name_ja": "",
        "u_front_road_width_ja": "",
        "front_road_type_name_ja": "",
        "land_use_name_ja": "近隣商業地域",
        "u_building_coverage_ratio_ja": "",
        "u_floor_area_ratio_ja": "",
        "remark_name_ja": "",
        "future_use_purpose_name_ja": "",
        "remark_renovation_name_ja": ""
      }
    },
    {
      "type": "Feature",
      "geometry": {
        "type": "Point",
        "coordinates": [
          139.74688231945038,
          35.73656753018422
        ]
      },
      "properties": {
        "point_in_time_name_ja": "2025年第1四半期",
        "land_type_name_ja": "中古マンション等",
        "price_information_category_name_ja": "成約価格情報",
        "prefecture_name_ja": "東京都",
        "city_code": "13117",
        "city_name_ja": "北区",
        "district_code": "131170270",
        "district_name_ja": "西ケ原",
        "use_category_name_ja": "",
        "u_transaction_price_total_ja": "2,100万円",
        "u_transaction_price_unit_price_square_meter_ja": "",
        "u_unit_price_per_tsubo_ja": "",
        "u_area_ja": "25㎡",
        "land_shape_name_ja": "",
        "u_land_frontage_ja": "",
        "building_use_name_ja": "",
        "building_structure_name_ja": "ＳＲＣ",
        "floor_plan_name_ja": "１Ｋ",
        "u_building_total_floor_area_ja": "",
        "u_construction_year_ja": "1992年",
        "front_road_azimuth_name_ja": "",
        "u_front_road_width_ja": "",
        "front_road_type_name_ja": "",
        "land_use_name_ja": "商業地域",
        "u_building_coverage_ratio_ja": "",
        "u_floor_area_ratio_ja": "",
        "remark_name_ja": "",
        "future_use_purpose_name_ja": "",
        "remark_renovation_name_ja": ""
      }
    },
    {
      "type": "Feature",
      "geometry": {
        "type": "Point",
        "coordinates": [
          139.74688231945038,
          35.73656753018422
        ]
      },
      "properties": {
        "point_in_time_name_ja": "2025年第1四半期",
        "land_type_name_ja": "中古マンション等",
        "price_information_category_name_ja": "成約価格情報",
        "prefecture_name_ja": "東京都",
        "city_code": "13117",
        "city_name_ja": "北区",
        "district_code": "131170270",
        "district_name_ja": "西ケ原",
        "use_category_name_ja": "",
        "u_transaction_price_total_ja": "2,900万円",
        "u_transaction_price_unit_price_square_meter_ja": "",
        "u_unit_price_per_tsubo_ja": "",
        "u_area_ja": "30㎡",
        "land_shape_name_ja": "",
        "u_land_frontage_ja": "",
        "building_use_name_ja": "",
        "building_structure_name_ja": "ＲＣ",
        "floor_plan_name_ja": "１Ｒ",
        "u_building_total_floor_area_ja": "",
        "u_construction_year_ja": "2017年",
        "front_road_azimuth_name_ja": "",
        "u_front_road_width_ja": "",
        "front_road_type_name_ja": "",
        "land_use_name_ja": "商業地域",
        "u_building_coverage_ratio_ja": "",
        "u_floor_area_ratio_ja": "",
        "remark_name_ja": "",
        "future_use_purpose_name_ja": "",
        "remark_renovation_name_ja": ""
      }
    },
    {
      "type": "Feature",
      "geometry": {
        "type": "Point",
        "coordinates": [
          139.74688231945038,
          35.73656753018422
        ]
      },
      "properties": {
        "point_in_time_name_ja": "2025年第2四半期",
        "land_type_name_ja": "中古マンション等",
        "price_information_category_name_ja": "成約価格情報",
        "prefecture_name_ja": "東京都",
        "city_code": "13117",
        "city_name_ja": "北区",
        "district_code": "131170270",
        "district_name_ja": "西ケ原",
        "use_category_name_ja": "",
        "u_transaction_price_total_ja": "3,800万円",
        "u_transaction_price_unit_price_square_meter_ja": "",
        "u_unit_price_per_tsubo_ja": "",
        "u_area_ja": "60㎡",
        "land_shape_name_ja": "",
        "u_land_frontage_ja": "",
        "building_use_name_ja": "",
        "building_structure_name_ja": "ＲＣ",
        "floor_plan_name_ja": "２ＬＤＫ",
        "u_building_total_floor_area_ja": "",
        "u_construction_year_ja": "1973年",
        "front_road_azimuth_name_ja": "",
        "u_front_road_width_ja": "",
        "front_road_type_name_ja": "",
        "land_use_name_ja": "第１種中高層住居専用地域",
        "u_building_coverage_ratio_ja": "",
        "u_floor_area_ratio_ja": "",
        "remark_name_ja": "",
        "future_use_purpose_name_ja": "",
        "remark_renovation_name_ja": ""
      }
    },
    {
      "type": "Feature",
      "geometry": {
        "type": "Point",
        "coordinates": [
          139.74688231945038,
          35.73656753018422
        ]
      },
      "properties": {
        "point_in_time_name_ja": "2025年第3四半期",
        "land_type_name_ja": "中古マンション等",
        "price_information_category_name_ja": "成約価格情報",
        "prefecture_name_ja": "東京都",
        "city_code": "13117",
        "city_name_ja": "北区",
        "district_code": "131170270",
        "district_name_ja": "西ケ原",
        "use_category_name_ja": "",
        "u_transaction_price_total_ja": "8,400万円",
        "u_transaction_price_unit_price_square_meter_ja": "",
        "u_unit_price_per_tsubo_ja": "",
        "u_area_ja": "60㎡",
        "land_shape_name_ja": "",
        "u_land_frontage_ja": "",
        "building_use_name_ja": "",
        "building_structure_name_ja": "ＲＣ",
        "floor_plan_name_ja": "２ＬＤＫ",
        "u_building_total_floor_area_ja": "",
        "u_construction_year_ja": "2017年",
        "front_road_azimuth_name_ja": "",
        "u_front_road_width_ja": "",
        "front_road_type_name_ja": "",
        "land_use_name_ja": "商業地域",
        "u_building_coverage_ratio_ja": "",
        "u_floor_area_ratio_ja": "",
        "remark_name_ja": "",
        "future_use_purpose_name_ja": "",
        "remark_renovation_name_ja": ""
      }
    },
    {
      "type": "Feature",
      "geometry": {
        "type": "Point",
        "coordinates": [
          139.74688231945038,
          35.73656753018422
        ]
      },
      "properties": {
        "point_in_time_name_ja": "2025年第3四半期",
        "land_type_name_ja": "中古マンション等",
        "price_information_category_name_ja": "成約価格情報",
        "prefecture_name_ja": "東京都",
        "city_code": "13117",
        "city_name_ja": "北区",
        "district_code": "131170270",
        "district_name_ja": "西ケ原",
        "use_category_name_ja": "",
        "u_transaction_price_total_ja": "2,900万円",
        "u_transaction_price_unit_price_square_meter_ja": "",
        "u_unit_price_per_tsubo_ja": "",
        "u_area_ja": "25㎡",
        "land_shape_name_ja": "",
        "u_land_frontage_ja": "",
        "building_use_name_ja": "",
        "building_structure_name_ja": "ＲＣ",
        "floor_plan_name_ja": "１Ｋ",
        "u_building_total_floor_area_ja": "",
        "u_construction_year_ja": "2016年",
        "front_road_azimuth_name_ja": "",
        "u_front_road_width_ja": "",
        "front_road_type_name_ja": "",
        "land_use_name_ja": "商業地域",
        "u_building_coverage_ratio_ja": "",
        "u_floor_area_ratio_ja": "",
        "remark_name_ja": "",
        "future_use_purpose_name_ja": "",
        "remark_renovation_name_ja": ""
      }
    },
    {
      "type": "Feature",
      "geometry": {
        "type": "Point",
        "coordinates": [
          139.74688231945038,
          35.73656753018422
        ]
      },
      "properties": {
        "point_in_time_name_ja": "2025年第3四半期",
        "land_type_name_ja": "中古マンション等",
        "price_information_category_name_ja": "成約価格情報",
        "prefecture_name_ja": "東京都",
        "city_code": "13117",
        "city_name_ja": "北区",
        "district_code": "131170270",
        "district_name_ja": "西ケ原",
        "use_category_name_ja": "",
        "u_transaction_price_total_ja": "6,000万円",
        "u_transaction_price_unit_price_square_meter_ja": "",
        "u_unit_price_per_tsubo_ja": "",
        "u_area_ja": "65㎡",
        "land_shape_name_ja": "",
        "u_land_frontage_ja": "",
        "building_use_name_ja": "",
        "building_structure_name_ja": "ＳＲＣ",
        "floor_plan_name_ja": "２ＬＤＫ",
        "u_building_total_floor_area_ja": "",
        "u_construction_year_ja": "1968年",
        "front_road_azimuth_name_ja": "",
        "u_front_road_width_ja": "",
        "front_road_type_name_ja": "",
        "land_use_name_ja": "第１種中高層住居専用地域",
        "u_building_coverage_ratio_ja": "",
        "u_floor_area_ratio_ja": "",
        "remark_name_ja": "",
        "future_use_purpose_name_ja": "",
        "remark_renovation_name_ja": ""
      }
    },
    {
      "type": "Feature",
      "geometry": {
        "type": "Point",
        "coordinates": [
          139.74688231945038,
          35.73656753018422
        ]
      },
      "properties": {
        "point_in_time_name_ja": "2025年第3四半期",
        "land_type_name_ja": "中古マンション等",
        "price_information_category_name_ja": "成約価格情報",
        "prefecture_name_ja": "東京都",
        "city_code": "13117",
        "city_name_ja": "北区",
        "district_code": "131170270",
        "district_name_ja": "西ケ原",
        "use_category_name_ja": "",
        "u_transaction_price_total_ja": "4,800万円",
        "u_transaction_price_unit_price_square_meter_ja": "",
        "u_unit_price_per_tsubo_ja": "",
        "u_area_ja": "40㎡",
        "land_shape_name_ja": "",
        "u_land_frontage_ja": "",
        "building_use_name_ja": "",
        "building_structure_name_ja": "ＲＣ",
        "floor_plan_name_ja": "１ＤＫ",
        "u_building_total_floor_area_ja": "",
        "u_construction_year_ja": "2016年",
        "front_road_azimuth_name_ja": "",
        "u_front_road_width_ja": "",
        "front_road_type_name_ja": "",
        "land_use_name_ja": "商業地域",
        "u_building_coverage_ratio_ja": "",
        "u_floor_area_ratio_ja": "",
        "remark_name_ja": "",
        "future_use_purpose_name_ja": "",
        "remark_renovation_name_ja": ""
      }
    },
    {
      "type": "Feature",
      "geometry": {
        "type": "Point",
        "coordinates": [
          139.74688231945038,
          35.73656753018422
        ]
      },
      "properties": {
        "point_in_time_name_ja": "2025年第4四半期",
        "land_type_name_ja": "中古マンション等",
        "price_information_category_name_ja": "成約価格情報",
        "prefecture_name_ja": "東京都",
        "city_code": "13117",
        "city_name_ja": "北区",
        "district_code": "131170270",
        "district_name_ja": "西ケ原",
        "use_category_name_ja": "",
        "u_transaction_price_total_ja": "11,000万円",
        "u_transaction_price_unit_price_square_meter_ja": "",
        "u_unit_price_per_tsubo_ja": "",
        "u_area_ja": "70㎡",
        "land_shape_name_ja": "",
        "u_land_frontage_ja": "",
        "building_use_name_ja": "",
        "building_structure_name_ja": "ＲＣ",
        "floor_plan_name_ja": "３ＬＤＫ",
        "u_building_total_floor_area_ja": "",
        "u_construction_year_ja": "2018年",
        "front_road_azimuth_name_ja": "",
        "u_front_road_width_ja": "",
        "front_road_type_name_ja": "",
        "land_use_name_ja": "商業地域",
        "u_building_coverage_ratio_ja": "",
        "u_floor_area_ratio_ja": "",
        "remark_name_ja": "",
        "future_use_purpose_name_ja": "",
        "remark_renovation_name_ja": ""
      }
    },
    {
      "type": "Feature",
      "geometry": {
        "type": "Point",
        "coordinates": [
          139.74688231945038,
          35.73656753018422
        ]
      },
      "properties": {
        "point_in_time_name_ja": "2025年第4四半期",
        "land_type_name_ja": "中古マンション等",
        "price_information_category_name_ja": "成約価格情報",
        "prefecture_name_ja": "東京都",
        "city_code": "13117",
        "city_name_ja": "北区",
        "district_code": "131170270",
        "district_name_ja": "西ケ原",
        "use_category_name_ja": "",
        "u_transaction_price_total_ja": "9,400万円",
        "u_transaction_price_unit_price_square_meter_ja": "",
        "u_unit_price_per_tsubo_ja": "",
        "u_area_ja": "60㎡",
        "land_shape_name_ja": "",
        "u_land_frontage_ja": "",
        "building_use_name_ja": "",
        "building_structure_name_ja": "ＲＣ",
        "floor_plan_name_ja": "２ＬＤＫ",
        "u_building_total_floor_area_ja": "",
        "u_construction_year_ja": "2017年",
        "front_road_azimuth_name_ja": "",
        "u_front_road_width_ja": "",
        "front_road_type_name_ja": "",
        "land_use_name_ja": "商業地域",
        "u_building_coverage_ratio_ja": "",
        "u_floor_area_ratio_ja": "",
        "remark_name_ja": "",
        "future_use_purpose_name_ja": "",
        "remark_renovation_name_ja": ""
      }
    },
    {
      "type": "Feature",
      "geometry": {
        "type": "Point",
        "coordinates": [
          139.74688231945038,
          35.73656753018422
        ]
      },
      "properties": {
        "point_in_time_name_ja": "2025年第4四半期",
        "land_type_name_ja": "中古マンション等",
        "price_information_category_name_ja": "成約価格情報",
        "prefecture_name_ja": "東京都",
        "city_code": "13117",
        "city_name_ja": "北区",
        "district_code": "131170270",
        "district_name_ja": "西ケ原",
        "use_category_name_ja": "",
        "u_transaction_price_total_ja": "6,200万円",
        "u_transaction_price_unit_price_square_meter_ja": "",
        "u_unit_price_per_tsubo_ja": "",
        "u_area_ja": "55㎡",
        "land_shape_name_ja": "",
        "u_land_frontage_ja": "",
        "building_use_name_ja": "",
        "building_structure_name_ja": "ＲＣ",
        "floor_plan_name_ja": "１ＬＤＫ＋Ｓ",
        "u_building_total_floor_area_ja": "",
        "u_construction_year_ja": "2002年",
        "front_road_azimuth_name_ja": "",
        "u_front_road_width_ja": "",
        "front_road_type_name_ja": "",
        "land_use_name_ja": "第１種中高層住居専用地域",
        "u_building_coverage_ratio_ja": "",
        "u_floor_area_ratio_ja": "",
        "remark_name_ja": "",
        "future_use_purpose_name_ja": "",
        "remark_renovation_name_ja": ""
      }
    },
    {
      "type": "Feature",
      "geometry": {
        "type": "Point",
        "coordinates": [
          139.74688231945038,
          35.73656753018422
        ]
      },
      "properties": {
        "point_in_time_name_ja": "2025年第4四半期",
        "land_type_name_ja": "中古マンション等",
        "price_information_category_name_ja": "成約価格情報",
        "prefecture_name_ja": "東京都",
        "city_code": "13117",
        "city_name_ja": "北区",
        "district_code": "131170270",
        "district_name_ja": "西ケ原",
        "use_category_name_ja": "",
        "u_transaction_price_total_ja": "4,200万円",
        "u_transaction_price_unit_price_square_meter_ja": "",
        "u_unit_price_per_tsubo_ja": "",
        "u_area_ja": "55㎡",
        "land_shape_name_ja": "",
        "u_land_frontage_ja": "",
        "building_use_name_ja": "",
        "building_structure_name_ja": "ＳＲＣ",
        "floor_plan_name_ja": "１ＬＤＫ",
        "u_building_total_floor_area_ja": "",
        "u_construction_year_ja": "1968年",
        "front_road_azimuth_name_ja": "",
        "u_front_road_width_ja": "",
        "front_road_type_name_ja": "",
        "land_use_name_ja": "第１種中高層住居専用地域",
        "u_building_coverage_ratio_ja": "",
        "u_floor_area_ratio_ja": "",
        "remark_name_ja": "",
        "future_use_purpose_name_ja": "",
        "remark_renovation_name_ja": ""
      }
    },
    {
      "type": "Feature",
      "geometry": {
        "type": "Point",
        "coordinates": [
          139.74688231945038,
          35.73656753018422
        ]
      },
      "properties": {
        "point_in_time_name_ja": "2025年第1四半期",
        "land_type_name_ja": "中古マンション等",
        "price_information_category_name_ja": "成約価格情報",
        "prefecture_name_ja": "東京都",
        "city_code": "13117",
        "city_name_ja": "北区",
        "district_code": "131170240",
        "district_name_ja": "中里",
        "use_category_name_ja": "",
        "u_transaction_price_total_ja": "12,000万円",
        "u_transaction_price_unit_price_square_meter_ja": "",
        "u_unit_price_per_tsubo_ja": "",
        "u_area_ja": "75㎡",
        "land_shape_name_ja": "",
        "u_land_frontage_ja": "",
        "building_use_name_ja": "",
        "building_structure_name_ja": "ＲＣ",
        "floor_plan_name_ja": "３ＬＤＫ",
        "u_building_total_floor_area_ja": "",
        "u_construction_year_ja": "2017年",
        "front_road_azimuth_name_ja": "",
        "u_front_road_width_ja": "",
        "front_road_type_name_ja": "",
        "land_use_name_ja": "第１種中高層住居専用地域",
        "u_building_coverage_ratio_ja": "",
        "u_floor_area_ratio_ja": "",
        "remark_name_ja": "",
        "future_use_purpose_name_ja": "",
        "remark_renovation_name_ja": ""
      }
    },
    {
      "type": "Feature",
      "geometry": {
        "type": "Point",
        "coordinates": [
          139.74688231945038,
          35.73656753018422
        ]
      },
      "properties": {
        "point_in_time_name_ja": "2025年第1四半期",
        "land_type_name_ja": "中古マンション等",
        "price_information_category_name_ja": "成約価格情報",
        "prefecture_name_ja": "東京都",
        "city_code": "13117",
        "city_name_ja": "北区",
        "district_code": "131170240",
        "district_name_ja": "中里",
        "use_category_name_ja": "",
        "u_transaction_price_total_ja": "8,300万円",
        "u_transaction_price_unit_price_square_meter_ja": "",
        "u_unit_price_per_tsubo_ja": "",
        "u_area_ja": "70㎡",
        "land_shape_name_ja": "",
        "u_land_frontage_ja": "",
        "building_use_name_ja": "",
        "building_structure_name_ja": "ＲＣ",
        "floor_plan_name_ja": "３ＬＤＫ",
        "u_building_total_floor_area_ja": "",
        "u_construction_year_ja": "2000年",
        "front_road_azimuth_name_ja": "",
        "u_front_road_width_ja": "",
        "front_road_type_name_ja": "",
        "land_use_name_ja": "商業地域",
        "u_building_coverage_ratio_ja": "",
        "u_floor_area_ratio_ja": "",
        "remark_name_ja": "",
        "future_use_purpose_name_ja": "",
        "remark_renovation_name_ja": ""
      }
    },
    {
      "type": "Feature",
      "geometry": {
        "type": "Point",
        "coordinates": [
          139.74688231945038,
          35.73656753018422
        ]
      },
      "properties": {
        "point_in_time_name_ja": "2025年第1四半期",
        "land_type_name_ja": "中古マンション等",
        "price_information_category_name_ja": "成約価格情報",
        "prefecture_name_ja": "東京都",
        "city_code": "13117",
        "city_name_ja": "北区",
        "district_code": "131170240",
        "district_name_ja": "中里",
        "use_category_name_ja": "",
        "u_transaction_price_total_ja": "11,000万円",
        "u_transaction_price_unit_price_square_meter_ja": "",
        "u_unit_price_per_tsubo_ja": "",
        "u_area_ja": "75㎡",
        "land_shape_name_ja": "",
        "u_land_frontage_ja": "",
        "building_use_name_ja": "",
        "building_structure_name_ja": "ＲＣ",
        "floor_plan_name_ja": "３ＬＤＫ",
        "u_building_total_floor_area_ja": "",
        "u_construction_year_ja": "2017年",
        "front_road_azimuth_name_ja": "",
        "u_front_road_width_ja": "",
        "front_road_type_name_ja": "",
        "land_use_name_ja": "第１種中高層住居専用地域",
        "u_building_coverage_ratio_ja": "",
        "u_floor_area_ratio_ja": "",
        "remark_name_ja": "",
        "future_use_purpose_name_ja": "",
        "remark_renovation_name_ja": ""
      }
    },
    {
      "type": "Feature",
      "geometry": {
        "type": "Point",
        "coordinates": [
          139.74688231945038,
          35.73656753018422
        ]
      },
      "properties": {
        "point_in_time_name_ja": "2025年第2四半期",
        "land_type_name_ja": "中古マンション等",
        "price_information_category_name_ja": "成約価格情報",
        "prefecture_name_ja": "東京都",
        "city_code": "13117",
        "city_name_ja": "北区",
        "district_code": "131170240",
        "district_name_ja": "中里",
        "use_category_name_ja": "",
        "u_transaction_price_total_ja": "3,500万円",
        "u_transaction_price_unit_price_square_meter_ja": "",
        "u_unit_price_per_tsubo_ja": "",
        "u_area_ja": "65㎡",
        "land_shape_name_ja": "",
        "u_land_frontage_ja": "",
        "building_use_name_ja": "",
        "building_structure_name_ja": "ＲＣ",
        "floor_plan_name_ja": "１ＬＤＫ",
        "u_building_total_floor_area_ja": "",
        "u_construction_year_ja": "1972年",
        "front_road_azimuth_name_ja": "",
        "u_front_road_width_ja": "",
        "front_road_type_name_ja": "",
        "land_use_name_ja": "近隣商業地域",
        "u_building_coverage_ratio_ja": "",
        "u_floor_area_ratio_ja": "",
        "remark_name_ja": "",
        "future_use_purpose_name_ja": "",
        "remark_renovation_name_ja": ""
      }
    },
    {
      "type": "Feature",
      "geometry": {
        "type": "Point",
        "coordinates": [
          139.74688231945038,
          35.73656753018422
        ]
      },
      "properties": {
        "point_in_time_name_ja": "2025年第2四半期",
        "land_type_name_ja": "中古マンション等",
        "price_information_category_name_ja": "成約価格情報",
        "prefecture_name_ja": "東京都",
        "city_code": "13117",
        "city_name_ja": "北区",
        "district_code": "131170240",
        "district_name_ja": "中里",
        "use_category_name_ja": "",
        "u_transaction_price_total_ja": "1,400万円",
        "u_transaction_price_unit_price_square_meter_ja": "",
        "u_unit_price_per_tsubo_ja": "",
        "u_area_ja": "35㎡",
        "land_shape_name_ja": "",
        "u_land_frontage_ja": "",
        "building_use_name_ja": "",
        "building_structure_name_ja": "ＲＣ",
        "floor_plan_name_ja": "１Ｒ",
        "u_building_total_floor_area_ja": "",
        "u_construction_year_ja": "1982年",
        "front_road_azimuth_name_ja": "",
        "u_front_road_width_ja": "",
        "front_road_type_name_ja": "",
        "land_use_name_ja": "商業地域",
        "u_building_coverage_ratio_ja": "",
        "u_floor_area_ratio_ja": "",
        "remark_name_ja": "",
        "future_use_purpose_name_ja": "",
        "remark_renovation_name_ja": ""
      }
    },
    {
      "type": "Feature",
      "geometry": {
        "type": "Point",
        "coordinates": [
          139.74688231945038,
          35.73656753018422
        ]
      },
      "properties": {
        "point_in_time_name_ja": "2025年第2四半期",
        "land_type_name_ja": "中古マンション等",
        "price_information_category_name_ja": "成約価格情報",
        "prefecture_name_ja": "東京都",
        "city_code": "13117",
        "city_name_ja": "北区",
        "district_code": "131170240",
        "district_name_ja": "中里",
        "use_category_name_ja": "",
        "u_transaction_price_total_ja": "7,900万円",
        "u_transaction_price_unit_price_square_meter_ja": "",
        "u_unit_price_per_tsubo_ja": "",
        "u_area_ja": "90㎡",
        "land_shape_name_ja": "",
        "u_land_frontage_ja": "",
        "building_use_name_ja": "",
        "building_structure_name_ja": "ＲＣ",
        "floor_plan_name_ja": "３ＬＤＫ",
        "u_building_total_floor_area_ja": "",
        "u_construction_year_ja": "1977年",
        "front_road_azimuth_name_ja": "",
        "u_front_road_width_ja": "",
        "front_road_type_name_ja": "",
        "land_use_name_ja": "第１種中高層住居専用地域",
        "u_building_coverage_ratio_ja": "",
        "u_floor_area_ratio_ja": "",
        "remark_name_ja": "",
        "future_use_purpose_name_ja": "",
        "remark_renovation_name_ja": ""
      }
    },
    {
      "type": "Feature",
      "geometry": {
        "type": "Point",
        "coordinates": [
          139.74688231945038,
          35.73656753018422
        ]
      },
      "properties": {
        "point_in_time_name_ja": "2025年第4四半期",
        "land_type_name_ja": "中古マンション等",
        "price_information_category_name_ja": "成約価格情報",
        "prefecture_name_ja": "東京都",
        "city_code": "13117",
        "city_name_ja": "北区",
        "district_code": "131170240",
        "district_name_ja": "中里",
        "use_category_name_ja": "",
        "u_transaction_price_total_ja": "9,100万円",
        "u_transaction_price_unit_price_square_meter_ja": "",
        "u_unit_price_per_tsubo_ja": "",
        "u_area_ja": "75㎡",
        "land_shape_name_ja": "",
        "u_land_frontage_ja": "",
        "building_use_name_ja": "",
        "building_structure_name_ja": "ＲＣ",
        "floor_plan_name_ja": "３ＬＤＫ",
        "u_building_total_floor_area_ja": "",
        "u_construction_year_ja": "2002年",
        "front_road_azimuth_name_ja": "",
        "u_front_road_width_ja": "",
        "front_road_type_name_ja": "",
        "land_use_name_ja": "第１種中高層住居専用地域",
        "u_building_coverage_ratio_ja": "",
        "u_floor_area_ratio_ja": "",
        "remark_name_ja": "",
        "future_use_purpose_name_ja": "",
        "remark_renovation_name_ja": ""
      }
    },
    {
      "type": "Feature",
      "geometry": {
        "type": "Point",
        "coordinates": [
          139.74688231945038,
          35.73656753018422
        ]
      },
      "properties": {
        "point_in_time_name_ja": "2025年第4四半期",
        "land_type_name_ja": "中古マンション等",
        "price_information_category_name_ja": "成約価格情報",
        "prefecture_name_ja": "東京都",
        "city_code": "13117",
        "city_name_ja": "北区",
        "district_code": "131170240",
        "district_name_ja": "中里",
        "use_category_name_ja": "",
        "u_transaction_price_total_ja": "13,000万円",
        "u_transaction_price_unit_price_square_meter_ja": "",
        "u_unit_price_per_tsubo_ja": "",
        "u_area_ja": "115㎡",
        "land_shape_name_ja": "",
        "u_land_frontage_ja": "",
        "building_use_name_ja": "",
        "building_structure_name_ja": "ＳＲＣ",
        "floor_plan_name_ja": "３ＬＤＫ",
        "u_building_total_floor_area_ja": "",
        "u_construction_year_ja": "1989年",
        "front_road_azimuth_name_ja": "",
        "u_front_road_width_ja": "",
        "front_road_type_name_ja": "",
        "land_use_name_ja": "近隣商業地域",
        "u_building_coverage_ratio_ja": "",
        "u_floor_area_ratio_ja": "",
        "remark_name_ja": "",
        "future_use_purpose_name_ja": "",
        "remark_renovation_name_ja": ""
      }
    },
    {
      "type": "Feature",
      "geometry": {
        "type": "Point",
        "coordinates": [
          139.74688231945038,
          35.73656753018422
        ]
      },
      "properties": {
        "point_in_time_name_ja": "2025年第2四半期",
        "land_type_name_ja": "中古マンション等",
        "price_information_category_name_ja": "成約価格情報",
        "prefecture_name_ja": "東京都",
        "city_code": "13117",
        "city_name_ja": "北区",
        "district_code": "131170210",
        "district_name_ja": "田端",
        "use_category_name_ja": "",
        "u_transaction_price_total_ja": "4,800万円",
        "u_transaction_price_unit_price_square_meter_ja": "",
        "u_unit_price_per_tsubo_ja": "",
        "u_area_ja": "60㎡",
        "land_shape_name_ja": "",
        "u_land_frontage_ja": "",
        "building_use_name_ja": "",
        "building_structure_name_ja": "ＲＣ",
        "floor_plan_name_ja": "１ＬＤＫ＋Ｓ",
        "u_building_total_floor_area_ja": "",
        "u_construction_year_ja": "1986年",
        "front_road_azimuth_name_ja": "",
        "u_front_road_width_ja": "",
        "front_road_type_name_ja": "",
        "land_use_name_ja": "第１種住居地域",
        "u_building_coverage_ratio_ja": "",
        "u_floor_area_ratio_ja": "",
        "remark_name_ja": "",
        "future_use_purpose_name_ja": "",
        "remark_renovation_name_ja": ""
      }
    },
    {
      "type": "Feature",
      "geometry": {
        "type": "Point",
        "coordinates": [
          139.74688231945038,
          35.73656753018422
        ]
      },
      "properties": {
        "point_in_time_name_ja": "2025年第2四半期",
        "land_type_name_ja": "中古マンション等",
        "price_information_category_name_ja": "成約価格情報",
        "prefecture_name_ja": "東京都",
        "city_code": "13117",
        "city_name_ja": "北区",
        "district_code": "131170210",
        "district_name_ja": "田端",
        "use_category_name_ja": "",
        "u_transaction_price_total_ja": "2,500万円",
        "u_transaction_price_unit_price_square_meter_ja": "",
        "u_unit_price_per_tsubo_ja": "",
        "u_area_ja": "35㎡",
        "land_shape_name_ja": "",
        "u_land_frontage_ja": "",
        "building_use_name_ja": "",
        "building_structure_name_ja": "ＲＣ",
        "floor_plan_name_ja": "１ＤＫ",
        "u_building_total_floor_area_ja": "",
        "u_construction_year_ja": "2009年",
        "front_road_azimuth_name_ja": "",
        "u_front_road_width_ja": "",
        "front_road_type_name_ja": "",
        "land_use_name_ja": "近隣商業地域",
        "u_building_coverage_ratio_ja": "",
        "u_floor_area_ratio_ja": "",
        "remark_name_ja": "",
        "future_use_purpose_name_ja": "",
        "remark_renovation_name_ja": ""
      }
    },
    {
      "type": "Feature",
      "geometry": {
        "type": "Point",
        "coordinates": [
          139.74688231945038,
          35.73656753018422
        ]
      },
      "properties": {
        "point_in_time_name_ja": "2025年第4四半期",
        "land_type_name_ja": "中古マンション等",
        "price_information_category_name_ja": "成約価格情報",
        "prefecture_name_ja": "東京都",
        "city_code": "13117",
        "city_name_ja": "北区",
        "district_code": "131170210",
        "district_name_ja": "田端",
        "use_category_name_ja": "",
        "u_transaction_price_total_ja": "6,600万円",
        "u_transaction_price_unit_price_square_meter_ja": "",
        "u_unit_price_per_tsubo_ja": "",
        "u_area_ja": "55㎡",
        "land_shape_name_ja": "",
        "u_land_frontage_ja": "",
        "building_use_name_ja": "",
        "building_structure_name_ja": "ＲＣ",
        "floor_plan_name_ja": "２ＬＤＫ",
        "u_building_total_floor_area_ja": "",
        "u_construction_year_ja": "2009年",
        "front_road_azimuth_name_ja": "",
        "u_front_road_width_ja": "",
        "front_road_type_name_ja": "",
        "land_use_name_ja": "近隣商業地域",
        "u_building_coverage_ratio_ja": "",
        "u_floor_area_ratio_ja": "",
        "remark_name_ja": "",
        "future_use_purpose_name_ja": "",
        "remark_renovation_name_ja": ""
      }
    },
    {
      "type": "Feature",
      "geometry": {
        "type": "Point",
        "coordinates": [
          139.76688623428345,
          35.732025806574484
        ]
      },
      "properties": {
        "point_in_time_name_ja": "2025年第1四半期",
        "land_type_name_ja": "中古マンション等",
        "price_information_category_name_ja": "成約価格情報",
        "prefecture_name_ja": "東京都",
        "city_code": "13117",
        "city_name_ja": "北区",
        "district_code": "131170220",
        "district_name_ja": "田端新町",
        "use_category_name_ja": "",
        "u_transaction_price_total_ja": "4,300万円",
        "u_transaction_price_unit_price_square_meter_ja": "",
        "u_unit_price_per_tsubo_ja": "",
        "u_area_ja": "65㎡",
        "land_shape_name_ja": "",
        "u_land_frontage_ja": "",
        "building_use_name_ja": "",
        "building_structure_name_ja": "ＲＣ",
        "floor_plan_name_ja": "３ＬＤＫ",
        "u_building_total_floor_area_ja": "",
        "u_construction_year_ja": "2006年",
        "front_road_azimuth_name_ja": "",
        "u_front_road_width_ja": "",
        "front_road_type_name_ja": "",
        "land_use_name_ja": "商業地域",
        "u_building_coverage_ratio_ja": "",
        "u_floor_area_ratio_ja": "",
        "remark_name_ja": "",
        "future_use_purpose_name_ja": "",
        "remark_renovation_name_ja": ""
      }
    },
    {
      "type": "Feature",
      "geometry": {
        "type": "Point",
        "coordinates": [
          139.76688623428345,
          35.732025806574484
        ]
      },
      "properties": {
        "point_in_time_name_ja": "2025年第1四半期",
        "land_type_name_ja": "中古マンション等",
        "price_information_category_name_ja": "成約価格情報",
        "prefecture_name_ja": "東京都",
        "city_code": "13117",
        "city_name_ja": "北区",
        "district_code": "131170220",
        "district_name_ja": "田端新町",
        "use_category_name_ja": "",
        "u_transaction_price_total_ja": "4,200万円",
        "u_transaction_price_unit_price_square_meter_ja": "",
        "u_unit_price_per_tsubo_ja": "",
        "u_area_ja": "60㎡",
        "land_shape_name_ja": "",
        "u_land_frontage_ja": "",
        "building_use_name_ja": "",
        "building_structure_name_ja": "ＲＣ",
        "floor_plan_name_ja": "１ＬＤＫ＋Ｓ",
        "u_building_total_floor_area_ja": "",
        "u_construction_year_ja": "2008年",
        "front_road_azimuth_name_ja": "",
        "u_front_road_width_ja": "",
        "front_road_type_name_ja": "",
        "land_use_name_ja": "商業地域",
        "u_building_coverage_ratio_ja": "",
        "u_floor_area_ratio_ja": "",
        "remark_name_ja": "",
        "future_use_purpose_name_ja": "",
        "remark_renovation_name_ja": ""
      }
    },
    {
      "type": "Feature",
      "geometry": {
        "type": "Point",
        "coordinates": [
          139.76688623428345,
          35.732025806574484
        ]
      },
      "properties": {
        "point_in_time_name_ja": "2025年第1四半期",
        "land_type_name_ja": "中古マンション等",
        "price_information_category_name_ja": "成約価格情報",
        "prefecture_name_ja": "東京都",
        "city_code": "13117",
        "city_name_ja": "北区",
        "district_code": "131170220",
        "district_name_ja": "田端新町",
        "use_category_name_ja": "",
        "u_transaction_price_total_ja": "4,100万円",
        "u_transaction_price_unit_price_square_meter_ja": "",
        "u_unit_price_per_tsubo_ja": "",
        "u_area_ja": "55㎡",
        "land_shape_name_ja": "",
        "u_land_frontage_ja": "",
        "building_use_name_ja": "",
        "building_structure_name_ja": "ＲＣ",
        "floor_plan_name_ja": "１ＬＤＫ＋Ｓ",
        "u_building_total_floor_area_ja": "",
        "u_construction_year_ja": "2016年",
        "front_road_azimuth_name_ja": "",
        "u_front_road_width_ja": "",
        "front_road_type_name_ja": "",
        "land_use_name_ja": "商業地域",
        "u_building_coverage_ratio_ja": "",
        "u_floor_area_ratio_ja": "",
        "remark_name_ja": "",
        "future_use_purpose_name_ja": "",
        "remark_renovation_name_ja": ""
      }
    },
    {
      "type": "Feature",
      "geometry": {
        "type": "Point",
        "coordinates": [
          139.76688623428345,
          35.732025806574484
        ]
      },
      "properties": {
        "point_in_time_name_ja": "2025年第3四半期",
        "land_type_name_ja": "中古マンション等",
        "price_information_category_name_ja": "成約価格情報",
        "prefecture_name_ja": "東京都",
        "city_code": "13117",
        "city_name_ja": "北区",
        "district_code": "131170220",
        "district_name_ja": "田端新町",
        "use_category_name_ja": "",
        "u_transaction_price_total_ja": "4,700万円",
        "u_transaction_price_unit_price_square_meter_ja": "",
        "u_unit_price_per_tsubo_ja": "",
        "u_area_ja": "70㎡",
        "land_shape_name_ja": "",
        "u_land_frontage_ja": "",
        "building_use_name_ja": "",
        "building_structure_name_ja": "ＳＲＣ",
        "floor_plan_name_ja": "２ＬＤＫ＋Ｓ",
        "u_building_total_floor_area_ja": "",
        "u_construction_year_ja": "2008年",
        "front_road_azimuth_name_ja": "",
        "u_front_road_width_ja": "",
        "front_road_type_name_ja": "",
        "land_use_name_ja": "商業地域",
        "u_building_coverage_ratio_ja": "",
        "u_floor_area_ratio_ja": "",
        "remark_name_ja": "",
        "future_use_purpose_name_ja": "",
        "remark_renovation_name_ja": ""
      }
    },
    {
      "type": "Feature",
      "geometry": {
        "type": "Point",
        "coordinates": [
          139.76688623428345,
          35.732025806574484
        ]
      },
      "properties": {
        "point_in_time_name_ja": "2025年第3四半期",
        "land_type_name_ja": "中古マンション等",
        "price_information_category_name_ja": "成約価格情報",
        "prefecture_name_ja": "東京都",
        "city_code": "13117",
        "city_name_ja": "北区",
        "district_code": "131170220",
        "district_name_ja": "田端新町",
        "use_category_name_ja": "",
        "u_transaction_price_total_ja": "4,000万円",
        "u_transaction_price_unit_price_square_meter_ja": "",
        "u_unit_price_per_tsubo_ja": "",
        "u_area_ja": "60㎡",
        "land_shape_name_ja": "",
        "u_land_frontage_ja": "",
        "building_use_name_ja": "",
        "building_structure_name_ja": "ＳＲＣ",
        "floor_plan_name_ja": "１ＬＤＫ＋Ｓ",
        "u_building_total_floor_area_ja": "",
        "u_construction_year_ja": "2008年",
        "front_road_azimuth_name_ja": "",
        "u_front_road_width_ja": "",
        "front_road_type_name_ja": "",
        "land_use_name_ja": "商業地域",
        "u_building_coverage_ratio_ja": "",
        "u_floor_area_ratio_ja": "",
        "remark_name_ja": "",
        "future_use_purpose_name_ja": "",
        "remark_renovation_name_ja": ""
      }
    },
    {
      "type": "Feature",
      "geometry": {
        "type": "Point",
        "coordinates": [
          139.76688623428345,
          35.732025806574484
        ]
      },
      "properties": {
        "point_in_time_name_ja": "2025年第3四半期",
        "land_type_name_ja": "中古マンション等",
        "price_information_category_name_ja": "成約価格情報",
        "prefecture_name_ja": "東京都",
        "city_code": "13117",
        "city_name_ja": "北区",
        "district_code": "131170290",
        "district_name_ja": "東田端",
        "use_category_name_ja": "",
        "u_transaction_price_total_ja": "6,200万円",
        "u_transaction_price_unit_price_square_meter_ja": "",
        "u_unit_price_per_tsubo_ja": "",
        "u_area_ja": "70㎡",
        "land_shape_name_ja": "",
        "u_land_frontage_ja": "",
        "building_use_name_ja": "",
        "building_structure_name_ja": "ＳＲＣ",
        "floor_plan_name_ja": "３ＬＤＫ",
        "u_building_total_floor_area_ja": "",
        "u_construction_year_ja": "2001年",
        "front_road_azimuth_name_ja": "",
        "u_front_road_width_ja": "",
        "front_road_type_name_ja": "",
        "land_use_name_ja": "準工業地域",
        "u_building_coverage_ratio_ja": "",
        "u_floor_area_ratio_ja": "",
        "remark_name_ja": "",
        "future_use_purpose_name_ja": "",
        "remark_renovation_name_ja": ""
      }
    },
    {
      "type": "Feature",
      "geometry": {
        "type": "Point",
        "coordinates": [
          139.76072251796722,
          35.738139437457775
        ]
      },
      "properties": {
        "point_in_time_name_ja": "2025年第1四半期",
        "land_type_name_ja": "中古マンション等",
        "price_information_category_name_ja": "成約価格情報",
        "prefecture_name_ja": "東京都",
        "city_code": "13117",
        "city_name_ja": "北区",
        "district_code": "131170220",
        "district_name_ja": "田端新町",
        "use_category_name_ja": "",
        "u_transaction_price_total_ja": "6,300万円",
        "u_transaction_price_unit_price_square_meter_ja": "",
        "u_unit_price_per_tsubo_ja": "",
        "u_area_ja": "55㎡",
        "land_shape_name_ja": "",
        "u_land_frontage_ja": "",
        "building_use_name_ja": "",
        "building_structure_name_ja": "ＲＣ",
        "floor_plan_name_ja": "２ＬＤＫ",
        "u_building_total_floor_area_ja": "",
        "u_construction_year_ja": "2022年",
        "front_road_azimuth_name_ja": "",
        "u_front_road_width_ja": "",
        "front_road_type_name_ja": "",
        "land_use_name_ja": "商業地域",
        "u_building_coverage_ratio_ja": "",
        "u_floor_area_ratio_ja": "",
        "remark_name_ja": "",
        "future_use_purpose_name_ja": "",
        "remark_renovation_name_ja": ""
      }
    },
    {
      "type": "Feature",
      "geometry": {
        "type": "Point",
        "coordinates": [
          139.76072251796722,
          35.738139437457775
        ]
      },
      "properties": {
        "point_in_time_name_ja": "2025年第1四半期",
        "land_type_name_ja": "中古マンション等",
        "price_information_category_name_ja": "成約価格情報",
        "prefecture_name_ja": "東京都",
        "city_code": "13117",
        "city_name_ja": "北区",
        "district_code": "131170220",
        "district_name_ja": "田端新町",
        "use_category_name_ja": "",
        "u_transaction_price_total_ja": "7,500万円",
        "u_transaction_price_unit_price_square_meter_ja": "",
        "u_unit_price_per_tsubo_ja": "",
        "u_area_ja": "65㎡",
        "land_shape_name_ja": "",
        "u_land_frontage_ja": "",
        "building_use_name_ja": "",
        "building_structure_name_ja": "ＲＣ",
        "floor_plan_name_ja": "３ＬＤＫ",
        "u_building_total_floor_area_ja": "",
        "u_construction_year_ja": "2017年",
        "front_road_azimuth_name_ja": "",
        "u_front_road_width_ja": "",
        "front_road_type_name_ja": "",
        "land_use_name_ja": "準工業地域",
        "u_building_coverage_ratio_ja": "",
        "u_floor_area_ratio_ja": "",
        "remark_name_ja": "",
        "future_use_purpose_name_ja": "",
        "remark_renovation_name_ja": ""
      }
    },
    {
      "type": "Feature",
      "geometry": {
        "type": "Point",
        "coordinates": [
          139.76072251796722,
          35.738139437457775
        ]
      },
      "properties": {
        "point_in_time_name_ja": "2025年第1四半期",
        "land_type_name_ja": "中古マンション等",
        "price_information_category_name_ja": "成約価格情報",
        "prefecture_name_ja": "東京都",
        "city_code": "13117",
        "city_name_ja": "北区",
        "district_code": "131170220",
        "district_name_ja": "田端新町",
        "use_category_name_ja": "",
        "u_transaction_price_total_ja": "2,500万円",
        "u_transaction_price_unit_price_square_meter_ja": "",
        "u_unit_price_per_tsubo_ja": "",
        "u_area_ja": "40㎡",
        "land_shape_name_ja": "",
        "u_land_frontage_ja": "",
        "building_use_name_ja": "",
        "building_structure_name_ja": "ＳＲＣ",
        "floor_plan_name_ja": "１ＬＤＫ",
        "u_building_total_floor_area_ja": "",
        "u_construction_year_ja": "1981年",
        "front_road_azimuth_name_ja": "",
        "u_front_road_width_ja": "",
        "front_road_type_name_ja": "",
        "land_use_name_ja": "商業地域",
        "u_building_coverage_ratio_ja": "",
        "u_floor_area_ratio_ja": "",
        "remark_name_ja": "",
        "future_use_purpose_name_ja": "",
        "remark_renovation_name_ja": ""
      }
    },
    {
      "type": "Feature",
      "geometry": {
        "type": "Point",
        "coordinates": [
          139.76072251796722,
          35.738139437457775
        ]
      },
      "properties": {
        "point_in_time_name_ja": "2025年第1四半期",
        "land_type_name_ja": "中古マンション等",
        "price_information_category_name_ja": "成約価格情報",
        "prefecture_name_ja": "東京都",
        "city_code": "13117",
        "city_name_ja": "北区",
        "district_code": "131170220",
        "district_name_ja": "田端新町",
        "use_category_name_ja": "",
        "u_transaction_price_total_ja": "4,600万円",
        "u_transaction_price_unit_price_square_meter_ja": "",
        "u_unit_price_per_tsubo_ja": "",
        "u_area_ja": "50㎡",
        "land_shape_name_ja": "",
        "u_land_frontage_ja": "",
        "building_use_name_ja": "",
        "building_structure_name_ja": "ＳＲＣ",
        "floor_plan_name_ja": "１ＬＤＫ",
        "u_building_total_floor_area_ja": "",
        "u_construction_year_ja": "1993年",
        "front_road_azimuth_name_ja": "",
        "u_front_road_width_ja": "",
        "front_road_type_name_ja": "",
        "land_use_name_ja": "商業地域",
        "u_building_coverage_ratio_ja": "",
        "u_floor_area_ratio_ja": "",
        "remark_name_ja": "",
        "future_use_purpose_name_ja": "",
        "remark_renovation_name_ja": ""
      }
    },
    {
      "type": "Feature",
      "geometry": {
        "type": "Point",
        "coordinates": [
          139.76072251796722,
          35.738139437457775
        ]
      },
      "properties": {
        "point_in_time_name_ja": "2025年第2四半期",
        "land_type_name_ja": "中古マンション等",
        "price_information_category_name_ja": "成約価格情報",
        "prefecture_name_ja": "東京都",
        "city_code": "13117",
        "city_name_ja": "北区",
        "district_code": "131170220",
        "district_name_ja": "田端新町",
        "use_category_name_ja": "",
        "u_transaction_price_total_ja": "1,900万円",
        "u_transaction_price_unit_price_square_meter_ja": "",
        "u_unit_price_per_tsubo_ja": "",
        "u_area_ja": "25㎡",
        "land_shape_name_ja": "",
        "u_land_frontage_ja": "",
        "building_use_name_ja": "",
        "building_structure_name_ja": "ＳＲＣ",
        "floor_plan_name_ja": "１Ｋ",
        "u_building_total_floor_area_ja": "",
        "u_construction_year_ja": "1993年",
        "front_road_azimuth_name_ja": "",
        "u_front_road_width_ja": "",
        "front_road_type_name_ja": "",
        "land_use_name_ja": "商業地域",
        "u_building_coverage_ratio_ja": "",
        "u_floor_area_ratio_ja": "",
        "remark_name_ja": "",
        "future_use_purpose_name_ja": "",
        "remark_renovation_name_ja": ""
      }
    },
    {
      "type": "Feature",
      "geometry": {
        "type": "Point",
        "coordinates": [
          139.76072251796722,
          35.738139437457775
        ]
      },
      "properties": {
        "point_in_time_name_ja": "2025年第2四半期",
        "land_type_name_ja": "中古マンション等",
        "price_information_category_name_ja": "成約価格情報",
        "prefecture_name_ja": "東京都",
        "city_code": "13117",
        "city_name_ja": "北区",
        "district_code": "131170220",
        "district_name_ja": "田端新町",
        "use_category_name_ja": "",
        "u_transaction_price_total_ja": "3,500万円",
        "u_transaction_price_unit_price_square_meter_ja": "",
        "u_unit_price_per_tsubo_ja": "",
        "u_area_ja": "50㎡",
        "land_shape_name_ja": "",
        "u_land_frontage_ja": "",
        "building_use_name_ja": "",
        "building_structure_name_ja": "ＳＲＣ",
        "floor_plan_name_ja": "２ＬＤＫ",
        "u_building_total_floor_area_ja": "",
        "u_construction_year_ja": "1985年",
        "front_road_azimuth_name_ja": "",
        "u_front_road_width_ja": "",
        "front_road_type_name_ja": "",
        "land_use_name_ja": "商業地域",
        "u_building_coverage_ratio_ja": "",
        "u_floor_area_ratio_ja": "",
        "remark_name_ja": "",
        "future_use_purpose_name_ja": "",
        "remark_renovation_name_ja": ""
      }
    },
    {
      "type": "Feature",
      "geometry": {
        "type": "Point",
        "coordinates": [
          139.76072251796722,
          35.738139437457775
        ]
      },
      "properties": {
        "point_in_time_name_ja": "2025年第2四半期",
        "land_type_name_ja": "中古マンション等",
        "price_information_category_name_ja": "成約価格情報",
        "prefecture_name_ja": "東京都",
        "city_code": "13117",
        "city_name_ja": "北区",
        "district_code": "131170220",
        "district_name_ja": "田端新町",
        "use_category_name_ja": "",
        "u_transaction_price_total_ja": "4,200万円",
        "u_transaction_price_unit_price_square_meter_ja": "",
        "u_unit_price_per_tsubo_ja": "",
        "u_area_ja": "35㎡",
        "land_shape_name_ja": "",
        "u_land_frontage_ja": "",
        "building_use_name_ja": "",
        "building_structure_name_ja": "ＲＣ",
        "floor_plan_name_ja": "１ＬＤＫ",
        "u_building_total_floor_area_ja": "",
        "u_construction_year_ja": "2018年",
        "front_road_azimuth_name_ja": "",
        "u_front_road_width_ja": "",
        "front_road_type_name_ja": "",
        "land_use_name_ja": "商業地域",
        "u_building_coverage_ratio_ja": "",
        "u_floor_area_ratio_ja": "",
        "remark_name_ja": "",
        "future_use_purpose_name_ja": "",
        "remark_renovation_name_ja": ""
      }
    },
    {
      "type": "Feature",
      "geometry": {
        "type": "Point",
        "coordinates": [
          139.76072251796722,
          35.738139437457775
        ]
      },
      "properties": {
        "point_in_time_name_ja": "2025年第2四半期",
        "land_type_name_ja": "中古マンション等",
        "price_information_category_name_ja": "成約価格情報",
        "prefecture_name_ja": "東京都",
        "city_code": "13117",
        "city_name_ja": "北区",
        "district_code": "131170220",
        "district_name_ja": "田端新町",
        "use_category_name_ja": "",
        "u_transaction_price_total_ja": "5,900万円",
        "u_transaction_price_unit_price_square_meter_ja": "",
        "u_unit_price_per_tsubo_ja": "",
        "u_area_ja": "60㎡",
        "land_shape_name_ja": "",
        "u_land_frontage_ja": "",
        "building_use_name_ja": "",
        "building_structure_name_ja": "ＲＣ",
        "floor_plan_name_ja": "２ＬＤＫ",
        "u_building_total_floor_area_ja": "",
        "u_construction_year_ja": "2019年",
        "front_road_azimuth_name_ja": "",
        "u_front_road_width_ja": "",
        "front_road_type_name_ja": "",
        "land_use_name_ja": "商業地域",
        "u_building_coverage_ratio_ja": "",
        "u_floor_area_ratio_ja": "",
        "remark_name_ja": "",
        "future_use_purpose_name_ja": "",
        "remark_renovation_name_ja": ""
      }
    },
    {
      "type": "Feature",
      "geometry": {
        "type": "Point",
        "coordinates": [
          139.76072251796722,
          35.738139437457775
        ]
      },
      "properties": {
        "point_in_time_name_ja": "2025年第3四半期",
        "land_type_name_ja": "中古マンション等",
        "price_information_category_name_ja": "成約価格情報",
        "prefecture_name_ja": "東京都",
        "city_code": "13117",
        "city_name_ja": "北区",
        "district_code": "131170220",
        "district_name_ja": "田端新町",
        "use_category_name_ja": "",
        "u_transaction_price_total_ja": "8,900万円",
        "u_transaction_price_unit_price_square_meter_ja": "",
        "u_unit_price_per_tsubo_ja": "",
        "u_area_ja": "90㎡",
        "land_shape_name_ja": "",
        "u_land_frontage_ja": "",
        "building_use_name_ja": "",
        "building_structure_name_ja": "ＲＣ",
        "floor_plan_name_ja": "４ＬＤＫ",
        "u_building_total_floor_area_ja": "",
        "u_construction_year_ja": "2007年",
        "front_road_azimuth_name_ja": "",
        "u_front_road_width_ja": "",
        "front_road_type_name_ja": "",
        "land_use_name_ja": "商業地域",
        "u_building_coverage_ratio_ja": "",
        "u_floor_area_ratio_ja": "",
        "remark_name_ja": "",
        "future_use_purpose_name_ja": "",
        "remark_renovation_name_ja": ""
      }
    },
    {
      "type": "Feature",
      "geometry": {
        "type": "Point",
        "coordinates": [
          139.76072251796722,
          35.738139437457775
        ]
      },
      "properties": {
        "point_in_time_name_ja": "2025年第3四半期",
        "land_type_name_ja": "中古マンション等",
        "price_information_category_name_ja": "成約価格情報",
        "prefecture_name_ja": "東京都",
        "city_code": "13117",
        "city_name_ja": "北区",
        "district_code": "131170220",
        "district_name_ja": "田端新町",
        "use_category_name_ja": "",
        "u_transaction_price_total_ja": "5,900万円",
        "u_transaction_price_unit_price_square_meter_ja": "",
        "u_unit_price_per_tsubo_ja": "",
        "u_area_ja": "60㎡",
        "land_shape_name_ja": "",
        "u_land_frontage_ja": "",
        "building_use_name_ja": "",
        "building_structure_name_ja": "ＲＣ",
        "floor_plan_name_ja": "２ＬＤＫ",
        "u_building_total_floor_area_ja": "",
        "u_construction_year_ja": "2006年",
        "front_road_azimuth_name_ja": "",
        "u_front_road_width_ja": "",
        "front_road_type_name_ja": "",
        "land_use_name_ja": "準工業地域",
        "u_building_coverage_ratio_ja": "",
        "u_floor_area_ratio_ja": "",
        "remark_name_ja": "",
        "future_use_purpose_name_ja": "",
        "remark_renovation_name_ja": ""
      }
    },
    {
      "type": "Feature",
      "geometry": {
        "type": "Point",
        "coordinates": [
          139.76072251796722,
          35.738139437457775
        ]
      },
      "properties": {
        "point_in_time_name_ja": "2025年第3四半期",
        "land_type_name_ja": "中古マンション等",
        "price_information_category_name_ja": "成約価格情報",
        "prefecture_name_ja": "東京都",
        "city_code": "13117",
        "city_name_ja": "北区",
        "district_code": "131170220",
        "district_name_ja": "田端新町",
        "use_category_name_ja": "",
        "u_transaction_price_total_ja": "2,000万円",
        "u_transaction_price_unit_price_square_meter_ja": "",
        "u_unit_price_per_tsubo_ja": "",
        "u_area_ja": "25㎡",
        "land_shape_name_ja": "",
        "u_land_frontage_ja": "",
        "building_use_name_ja": "",
        "building_structure_name_ja": "ＲＣ",
        "floor_plan_name_ja": "１Ｋ",
        "u_building_total_floor_area_ja": "",
        "u_construction_year_ja": "2007年",
        "front_road_azimuth_name_ja": "",
        "u_front_road_width_ja": "",
        "front_road_type_name_ja": "",
        "land_use_name_ja": "準工業地域",
        "u_building_coverage_ratio_ja": "",
        "u_floor_area_ratio_ja": "",
        "remark_name_ja": "",
        "future_use_purpose_name_ja": "",
        "remark_renovation_name_ja": ""
      }
    },
    {
      "type": "Feature",
      "geometry": {
        "type": "Point",
        "coordinates": [
          139.76072251796722,
          35.738139437457775
        ]
      },
      "properties": {
        "point_in_time_name_ja": "2025年第3四半期",
        "land_type_name_ja": "中古マンション等",
        "price_information_category_name_ja": "成約価格情報",
        "prefecture_name_ja": "東京都",
        "city_code": "13117",
        "city_name_ja": "北区",
        "district_code": "131170220",
        "district_name_ja": "田端新町",
        "use_category_name_ja": "",
        "u_transaction_price_total_ja": "8,100万円",
        "u_transaction_price_unit_price_square_meter_ja": "",
        "u_unit_price_per_tsubo_ja": "",
        "u_area_ja": "75㎡",
        "land_shape_name_ja": "",
        "u_land_frontage_ja": "",
        "building_use_name_ja": "",
        "building_structure_name_ja": "ＲＣ",
        "floor_plan_name_ja": "３ＬＤＫ",
        "u_building_total_floor_area_ja": "",
        "u_construction_year_ja": "2013年",
        "front_road_azimuth_name_ja": "",
        "u_front_road_width_ja": "",
        "front_road_type_name_ja": "",
        "land_use_name_ja": "商業地域",
        "u_building_coverage_ratio_ja": "",
        "u_floor_area_ratio_ja": "",
        "remark_name_ja": "",
        "future_use_purpose_name_ja": "",
        "remark_renovation_name_ja": ""
      }
    },
    {
      "type": "Feature",
      "geometry": {
        "type": "Point",
        "coordinates": [
          139.76072251796722,
          35.738139437457775
        ]
      },
      "properties": {
        "point_in_time_name_ja": "2025年第4四半期",
        "land_type_name_ja": "中古マンション等",
        "price_information_category_name_ja": "成約価格情報",
        "prefecture_name_ja": "東京都",
        "city_code": "13117",
        "city_name_ja": "北区",
        "district_code": "131170220",
        "district_name_ja": "田端新町",
        "use_category_name_ja": "",
        "u_transaction_price_total_ja": "7,600万円",
        "u_transaction_price_unit_price_square_meter_ja": "",
        "u_unit_price_per_tsubo_ja": "",
        "u_area_ja": "65㎡",
        "land_shape_name_ja": "",
        "u_land_frontage_ja": "",
        "building_use_name_ja": "",
        "building_structure_name_ja": "ＲＣ",
        "floor_plan_name_ja": "２ＬＤＫ",
        "u_building_total_floor_area_ja": "",
        "u_construction_year_ja": "2017年",
        "front_road_azimuth_name_ja": "",
        "u_front_road_width_ja": "",
        "front_road_type_name_ja": "",
        "land_use_name_ja": "準工業地域",
        "u_building_coverage_ratio_ja": "",
        "u_floor_area_ratio_ja": "",
        "remark_name_ja": "",
        "future_use_purpose_name_ja": "",
        "remark_renovation_name_ja": ""
      }
    },
    {
      "type": "Feature",
      "geometry": {
        "type": "Point",
        "coordinates": [
          139.76072251796722,
          35.738139437457775
        ]
      },
      "properties": {
        "point_in_time_name_ja": "2025年第4四半期",
        "land_type_name_ja": "中古マンション等",
        "price_information_category_name_ja": "成約価格情報",
        "prefecture_name_ja": "東京都",
        "city_code": "13117",
        "city_name_ja": "北区",
        "district_code": "131170220",
        "district_name_ja": "田端新町",
        "use_category_name_ja": "",
        "u_transaction_price_total_ja": "7,800万円",
        "u_transaction_price_unit_price_square_meter_ja": "",
        "u_unit_price_per_tsubo_ja": "",
        "u_area_ja": "75㎡",
        "land_shape_name_ja": "",
        "u_land_frontage_ja": "",
        "building_use_name_ja": "",
        "building_structure_name_ja": "ＲＣ",
        "floor_plan_name_ja": "３ＬＤＫ",
        "u_building_total_floor_area_ja": "",
        "u_construction_year_ja": "2003年",
        "front_road_azimuth_name_ja": "",
        "u_front_road_width_ja": "",
        "front_road_type_name_ja": "",
        "land_use_name_ja": "準工業地域",
        "u_building_coverage_ratio_ja": "",
        "u_floor_area_ratio_ja": "",
        "remark_name_ja": "",
        "future_use_purpose_name_ja": "",
        "remark_renovation_name_ja": ""
      }
    },
    {
      "type": "Feature",
      "geometry": {
        "type": "Point",
        "coordinates": [
          139.76072251796722,
          35.738139437457775
        ]
      },
      "properties": {
        "point_in_time_name_ja": "2025年第1四半期",
        "land_type_name_ja": "中古マンション等",
        "price_information_category_name_ja": "成約価格情報",
        "prefecture_name_ja": "東京都",
        "city_code": "13117",
        "city_name_ja": "北区",
        "district_code": "131170290",
        "district_name_ja": "東田端",
        "use_category_name_ja": "",
        "u_transaction_price_total_ja": "5,000万円",
        "u_transaction_price_unit_price_square_meter_ja": "",
        "u_unit_price_per_tsubo_ja": "",
        "u_area_ja": "65㎡",
        "land_shape_name_ja": "",
        "u_land_frontage_ja": "",
        "building_use_name_ja": "",
        "building_structure_name_ja": "ＲＣ",
        "floor_plan_name_ja": "２ＬＤＫ",
        "u_building_total_floor_area_ja": "",
        "u_construction_year_ja": "2004年",
        "front_road_azimuth_name_ja": "",
        "u_front_road_width_ja": "",
        "front_road_type_name_ja": "",
        "land_use_name_ja": "近隣商業地域",
        "u_building_coverage_ratio_ja": "",
        "u_floor_area_ratio_ja": "",
        "remark_name_ja": "",
        "future_use_purpose_name_ja": "",
        "remark_renovation_name_ja": ""
      }
    },
    {
      "type": "Feature",
      "geometry": {
        "type": "Point",
        "coordinates": [
          139.76072251796722,
          35.738139437457775
        ]
      },
      "properties": {
        "point_in_time_name_ja": "2025年第1四半期",
        "land_type_name_ja": "中古マンション等",
        "price_information_category_name_ja": "成約価格情報",
        "prefecture_name_ja": "東京都",
        "city_code": "13117",
        "city_name_ja": "北区",
        "district_code": "131170290",
        "district_name_ja": "東田端",
        "use_category_name_ja": "",
        "u_transaction_price_total_ja": "8,000万円",
        "u_transaction_price_unit_price_square_meter_ja": "",
        "u_unit_price_per_tsubo_ja": "",
        "u_area_ja": "70㎡",
        "land_shape_name_ja": "",
        "u_land_frontage_ja": "",
        "building_use_name_ja": "",
        "building_structure_name_ja": "ＲＣ",
        "floor_plan_name_ja": "３ＬＤＫ",
        "u_building_total_floor_area_ja": "",
        "u_construction_year_ja": "2014年",
        "front_road_azimuth_name_ja": "",
        "u_front_road_width_ja": "",
        "front_road_type_name_ja": "",
        "land_use_name_ja": "近隣商業地域",
        "u_building_coverage_ratio_ja": "",
        "u_floor_area_ratio_ja": "",
        "remark_name_ja": "",
        "future_use_purpose_name_ja": "",
        "remark_renovation_name_ja": ""
      }
    },
    {
      "type": "Feature",
      "geometry": {
        "type": "Point",
        "coordinates": [
          139.76072251796722,
          35.738139437457775
        ]
      },
      "properties": {
        "point_in_time_name_ja": "2025年第2四半期",
        "land_type_name_ja": "中古マンション等",
        "price_information_category_name_ja": "成約価格情報",
        "prefecture_name_ja": "東京都",
        "city_code": "13117",
        "city_name_ja": "北区",
        "district_code": "131170290",
        "district_name_ja": "東田端",
        "use_category_name_ja": "",
        "u_transaction_price_total_ja": "4,600万円",
        "u_transaction_price_unit_price_square_meter_ja": "",
        "u_unit_price_per_tsubo_ja": "",
        "u_area_ja": "55㎡",
        "land_shape_name_ja": "",
        "u_land_frontage_ja": "",
        "building_use_name_ja": "",
        "building_structure_name_ja": "ＲＣ",
        "floor_plan_name_ja": "２ＬＤＫ",
        "u_building_total_floor_area_ja": "",
        "u_construction_year_ja": "2003年",
        "front_road_azimuth_name_ja": "",
        "u_front_road_width_ja": "",
        "front_road_type_name_ja": "",
        "land_use_name_ja": "近隣商業地域",
        "u_building_coverage_ratio_ja": "",
        "u_floor_area_ratio_ja": "",
        "remark_name_ja": "",
        "future_use_purpose_name_ja": "",
        "remark_renovation_name_ja": ""
      }
    },
    {
      "type": "Feature",
      "geometry": {
        "type": "Point",
        "coordinates": [
          139.76072251796722,
          35.738139437457775
        ]
      },
      "properties": {
        "point_in_time_name_ja": "2025年第3四半期",
        "land_type_name_ja": "中古マンション等",
        "price_information_category_name_ja": "成約価格情報",
        "prefecture_name_ja": "東京都",
        "city_code": "13117",
        "city_name_ja": "北区",
        "district_code": "131170290",
        "district_name_ja": "東田端",
        "use_category_name_ja": "",
        "u_transaction_price_total_ja": "2,600万円",
        "u_transaction_price_unit_price_square_meter_ja": "",
        "u_unit_price_per_tsubo_ja": "",
        "u_area_ja": "25㎡",
        "land_shape_name_ja": "",
        "u_land_frontage_ja": "",
        "building_use_name_ja": "",
        "building_structure_name_ja": "ＲＣ",
        "floor_plan_name_ja": "１Ｋ",
        "u_building_total_floor_area_ja": "",
        "u_construction_year_ja": "2012年",
        "front_road_azimuth_name_ja": "",
        "u_front_road_width_ja": "",
        "front_road_type_name_ja": "",
        "land_use_name_ja": "準工業地域",
        "u_building_coverage_ratio_ja": "",
        "u_floor_area_ratio_ja": "",
        "remark_name_ja": "",
        "future_use_purpose_name_ja": "",
        "remark_renovation_name_ja": ""
      }
    },
    {
      "type": "Feature",
      "geometry": {
        "type": "Point",
        "coordinates": [
          139.76072251796722,
          35.738139437457775
        ]
      },
      "properties": {
        "point_in_time_name_ja": "2025年第3四半期",
        "land_type_name_ja": "中古マンション等",
        "price_information_category_name_ja": "成約価格情報",
        "prefecture_name_ja": "東京都",
        "city_code": "13117",
        "city_name_ja": "北区",
        "district_code": "131170290",
        "district_name_ja": "東田端",
        "use_category_name_ja": "",
        "u_transaction_price_total_ja": "2,100万円",
        "u_transaction_price_unit_price_square_meter_ja": "",
        "u_unit_price_per_tsubo_ja": "",
        "u_area_ja": "50㎡",
        "land_shape_name_ja": "",
        "u_land_frontage_ja": "",
        "building_use_name_ja": "",
        "building_structure_name_ja": "ＳＲＣ",
        "floor_plan_name_ja": "２ＬＤＫ",
        "u_building_total_floor_area_ja": "",
        "u_construction_year_ja": "1970年",
        "front_road_azimuth_name_ja": "",
        "u_front_road_width_ja": "",
        "front_road_type_name_ja": "",
        "land_use_name_ja": "準工業地域",
        "u_building_coverage_ratio_ja": "",
        "u_floor_area_ratio_ja": "",
        "remark_name_ja": "",
        "future_use_purpose_name_ja": "",
        "remark_renovation_name_ja": ""
      }
    },
    {
      "type": "Feature",
      "geometry": {
        "type": "Point",
        "coordinates": [
          139.76072251796722,
          35.738139437457775
        ]
      },
      "properties": {
        "point_in_time_name_ja": "2025年第4四半期",
        "land_type_name_ja": "中古マンション等",
        "price_information_category_name_ja": "成約価格情報",
        "prefecture_name_ja": "東京都",
        "city_code": "13117",
        "city_name_ja": "北区",
        "district_code": "131170290",
        "district_name_ja": "東田端",
        "use_category_name_ja": "",
        "u_transaction_price_total_ja": "5,500万円",
        "u_transaction_price_unit_price_square_meter_ja": "",
        "u_unit_price_per_tsubo_ja": "",
        "u_area_ja": "55㎡",
        "land_shape_name_ja": "",
        "u_land_frontage_ja": "",
        "building_use_name_ja": "",
        "building_structure_name_ja": "ＲＣ",
        "floor_plan_name_ja": "２ＬＤＫ",
        "u_building_total_floor_area_ja": "",
        "u_construction_year_ja": "2003年",
        "front_road_azimuth_name_ja": "",
        "u_front_road_width_ja": "",
        "front_road_type_name_ja": "",
        "land_use_name_ja": "近隣商業地域",
        "u_building_coverage_ratio_ja": "",
        "u_floor_area_ratio_ja": "",
        "remark_name_ja": "",
        "future_use_purpose_name_ja": "",
        "remark_renovation_name_ja": "改装済み"
      }
    },
    {
      "type": "Feature",
      "geometry": {
        "type": "Point",
        "coordinates": [
          139.76072251796722,
          35.738139437457775
        ]
      },
      "properties": {
        "point_in_time_name_ja": "2025年第4四半期",
        "land_type_name_ja": "中古マンション等",
        "price_information_category_name_ja": "成約価格情報",
        "prefecture_name_ja": "東京都",
        "city_code": "13117",
        "city_name_ja": "北区",
        "district_code": "131170290",
        "district_name_ja": "東田端",
        "use_category_name_ja": "",
        "u_transaction_price_total_ja": "2,900万円",
        "u_transaction_price_unit_price_square_meter_ja": "",
        "u_unit_price_per_tsubo_ja": "",
        "u_area_ja": "30㎡",
        "land_shape_name_ja": "",
        "u_land_frontage_ja": "",
        "building_use_name_ja": "",
        "building_structure_name_ja": "ＲＣ",
        "floor_plan_name_ja": "１Ｋ",
        "u_building_total_floor_area_ja": "",
        "u_construction_year_ja": "2017年",
        "front_road_azimuth_name_ja": "",
        "u_front_road_width_ja": "",
        "front_road_type_name_ja": "",
        "land_use_name_ja": "近隣商業地域",
        "u_building_coverage_ratio_ja": "",
        "u_floor_area_ratio_ja": "",
        "remark_name_ja": "",
        "future_use_purpose_name_ja": "",
        "remark_renovation_name_ja": ""
      }
    },
    {
      "type": "Feature",
      "geometry": {
        "type": "Point",
        "coordinates": [
          139.76072251796722,
          35.738139437457775
        ]
      },
      "properties": {
        "point_in_time_name_ja": "2025年第1四半期",
        "land_type_name_ja": "中古マンション等",
        "price_information_category_name_ja": "成約価格情報",
        "prefecture_name_ja": "東京都",
        "city_code": "13117",
        "city_name_ja": "北区",
        "district_code": "131170210",
        "district_name_ja": "田端",
        "use_category_name_ja": "",
        "u_transaction_price_total_ja": "7,000万円",
        "u_transaction_price_unit_price_square_meter_ja": "",
        "u_unit_price_per_tsubo_ja": "",
        "u_area_ja": "55㎡",
        "land_shape_name_ja": "",
        "u_land_frontage_ja": "",
        "building_use_name_ja": "",
        "building_structure_name_ja": "ＲＣ",
        "floor_plan_name_ja": "２ＬＤＫ",
        "u_building_total_floor_area_ja": "",
        "u_construction_year_ja": "2013年",
        "front_road_azimuth_name_ja": "",
        "u_front_road_width_ja": "",
        "front_road_type_name_ja": "",
        "land_use_name_ja": "商業地域",
        "u_building_coverage_ratio_ja": "",
        "u_floor_area_ratio_ja": "",
        "remark_name_ja": "",
        "future_use_purpose_name_ja": "",
        "remark_renovation_name_ja": "改装済み"
      }
    },
    {
      "type": "Feature",
      "geometry": {
        "type": "Point",
        "coordinates": [
          139.76072251796722,
          35.738139437457775
        ]
      },
      "properties": {
        "point_in_time_name_ja": "2025年第1四半期",
        "land_type_name_ja": "中古マンション等",
        "price_information_category_name_ja": "成約価格情報",
        "prefecture_name_ja": "東京都",
        "city_code": "13117",
        "city_name_ja": "北区",
        "district_code": "131170210",
        "district_name_ja": "田端",
        "use_category_name_ja": "",
        "u_transaction_price_total_ja": "6,800万円",
        "u_transaction_price_unit_price_square_meter_ja": "",
        "u_unit_price_per_tsubo_ja": "",
        "u_area_ja": "85㎡",
        "land_shape_name_ja": "",
        "u_land_frontage_ja": "",
        "building_use_name_ja": "",
        "building_structure_name_ja": "ＲＣ",
        "floor_plan_name_ja": "２ＬＤＫ",
        "u_building_total_floor_area_ja": "",
        "u_construction_year_ja": "1989年",
        "front_road_azimuth_name_ja": "",
        "u_front_road_width_ja": "",
        "front_road_type_name_ja": "",
        "land_use_name_ja": "近隣商業地域",
        "u_building_coverage_ratio_ja": "",
        "u_floor_area_ratio_ja": "",
        "remark_name_ja": "",
        "future_use_purpose_name_ja": "",
        "remark_renovation_name_ja": ""
      }
    },
    {
      "type": "Feature",
      "geometry": {
        "type": "Point",
        "coordinates": [
          139.76072251796722,
          35.738139437457775
        ]
      },
      "properties": {
        "point_in_time_name_ja": "2025年第2四半期",
        "land_type_name_ja": "中古マンション等",
        "price_information_category_name_ja": "成約価格情報",
        "prefecture_name_ja": "東京都",
        "city_code": "13117",
        "city_name_ja": "北区",
        "district_code": "131170210",
        "district_name_ja": "田端",
        "use_category_name_ja": "",
        "u_transaction_price_total_ja": "4,700万円",
        "u_transaction_price_unit_price_square_meter_ja": "",
        "u_unit_price_per_tsubo_ja": "",
        "u_area_ja": "50㎡",
        "land_shape_name_ja": "",
        "u_land_frontage_ja": "",
        "building_use_name_ja": "",
        "building_structure_name_ja": "ＲＣ",
        "floor_plan_name_ja": "１ＬＤＫ",
        "u_building_total_floor_area_ja": "",
        "u_construction_year_ja": "1996年",
        "front_road_azimuth_name_ja": "",
        "u_front_road_width_ja": "",
        "front_road_type_name_ja": "",
        "land_use_name_ja": "第１種住居地域",
        "u_building_coverage_ratio_ja": "",
        "u_floor_area_ratio_ja": "",
        "remark_name_ja": "",
        "future_use_purpose_name_ja": "",
        "remark_renovation_name_ja": ""
      }
    },
    {
      "type": "Feature",
      "geometry": {
        "type": "Point",
        "coordinates": [
          139.76072251796722,
          35.738139437457775
        ]
      },
      "properties": {
        "point_in_time_name_ja": "2025年第2四半期",
        "land_type_name_ja": "中古マンション等",
        "price_information_category_name_ja": "成約価格情報",
        "prefecture_name_ja": "東京都",
        "city_code": "13117",
        "city_name_ja": "北区",
        "district_code": "131170210",
        "district_name_ja": "田端",
        "use_category_name_ja": "",
        "u_transaction_price_total_ja": "2,200万円",
        "u_transaction_price_unit_price_square_meter_ja": "",
        "u_unit_price_per_tsubo_ja": "",
        "u_area_ja": "45㎡",
        "land_shape_name_ja": "",
        "u_land_frontage_ja": "",
        "building_use_name_ja": "",
        "building_structure_name_ja": "ＲＣ",
        "floor_plan_name_ja": "１ＬＤＫ",
        "u_building_total_floor_area_ja": "",
        "u_construction_year_ja": "1974年",
        "front_road_azimuth_name_ja": "",
        "u_front_road_width_ja": "",
        "front_road_type_name_ja": "",
        "land_use_name_ja": "近隣商業地域",
        "u_building_coverage_ratio_ja": "",
        "u_floor_area_ratio_ja": "",
        "remark_name_ja": "",
        "future_use_purpose_name_ja": "",
        "remark_renovation_name_ja": ""
      }
    },
    {
      "type": "Feature",
      "geometry": {
        "type": "Point",
        "coordinates": [
          139.76072251796722,
          35.738139437457775
        ]
      },
      "properties": {
        "point_in_time_name_ja": "2025年第2四半期",
        "land_type_name_ja": "中古マンション等",
        "price_information_category_name_ja": "成約価格情報",
        "prefecture_name_ja": "東京都",
        "city_code": "13117",
        "city_name_ja": "北区",
        "district_code": "131170210",
        "district_name_ja": "田端",
        "use_category_name_ja": "",
        "u_transaction_price_total_ja": "7,200万円",
        "u_transaction_price_unit_price_square_meter_ja": "",
        "u_unit_price_per_tsubo_ja": "",
        "u_area_ja": "65㎡",
        "land_shape_name_ja": "",
        "u_land_frontage_ja": "",
        "building_use_name_ja": "",
        "building_structure_name_ja": "ＲＣ",
        "floor_plan_name_ja": "２ＬＤＫ＋Ｓ",
        "u_building_total_floor_area_ja": "",
        "u_construction_year_ja": "1999年",
        "front_road_azimuth_name_ja": "",
        "u_front_road_width_ja": "",
        "front_road_type_name_ja": "",
        "land_use_name_ja": "第１種住居地域",
        "u_building_coverage_ratio_ja": "",
        "u_floor_area_ratio_ja": "",
        "remark_name_ja": "",
        "future_use_purpose_name_ja": "",
        "remark_renovation_name_ja": ""
      }
    },
    {
      "type": "Feature",
      "geometry": {
        "type": "Point",
        "coordinates": [
          139.76072251796722,
          35.738139437457775
        ]
      },
      "properties": {
        "point_in_time_name_ja": "2025年第3四半期",
        "land_type_name_ja": "中古マンション等",
        "price_information_category_name_ja": "成約価格情報",
        "prefecture_name_ja": "東京都",
        "city_code": "13117",
        "city_name_ja": "北区",
        "district_code": "131170210",
        "district_name_ja": "田端",
        "use_category_name_ja": "",
        "u_transaction_price_total_ja": "2,100万円",
        "u_transaction_price_unit_price_square_meter_ja": "",
        "u_unit_price_per_tsubo_ja": "",
        "u_area_ja": "30㎡",
        "land_shape_name_ja": "",
        "u_land_frontage_ja": "",
        "building_use_name_ja": "",
        "building_structure_name_ja": "ＲＣ",
        "floor_plan_name_ja": "１Ｋ",
        "u_building_total_floor_area_ja": "",
        "u_construction_year_ja": "2007年",
        "front_road_azimuth_name_ja": "",
        "u_front_road_width_ja": "",
        "front_road_type_name_ja": "",
        "land_use_name_ja": "商業地域",
        "u_building_coverage_ratio_ja": "",
        "u_floor_area_ratio_ja": "",
        "remark_name_ja": "",
        "future_use_purpose_name_ja": "",
        "remark_renovation_name_ja": ""
      }
    },
    {
      "type": "Feature",
      "geometry": {
        "type": "Point",
        "coordinates": [
          139.76072251796722,
          35.738139437457775
        ]
      },
      "properties": {
        "point_in_time_name_ja": "2025年第3四半期",
        "land_type_name_ja": "中古マンション等",
        "price_information_category_name_ja": "成約価格情報",
        "prefecture_name_ja": "東京都",
        "city_code": "13117",
        "city_name_ja": "北区",
        "district_code": "131170210",
        "district_name_ja": "田端",
        "use_category_name_ja": "",
        "u_transaction_price_total_ja": "8,000万円",
        "u_transaction_price_unit_price_square_meter_ja": "",
        "u_unit_price_per_tsubo_ja": "",
        "u_area_ja": "60㎡",
        "land_shape_name_ja": "",
        "u_land_frontage_ja": "",
        "building_use_name_ja": "",
        "building_structure_name_ja": "ＲＣ",
        "floor_plan_name_ja": "２ＬＤＫ",
        "u_building_total_floor_area_ja": "",
        "u_construction_year_ja": "1996年",
        "front_road_azimuth_name_ja": "",
        "u_front_road_width_ja": "",
        "front_road_type_name_ja": "",
        "land_use_name_ja": "第１種住居地域",
        "u_building_coverage_ratio_ja": "",
        "u_floor_area_ratio_ja": "",
        "remark_name_ja": "",
        "future_use_purpose_name_ja": "",
        "remark_renovation_name_ja": ""
      }
    },
    {
      "type": "Feature",
      "geometry": {
        "type": "Point",
        "coordinates": [
          139.76072251796722,
          35.738139437457775
        ]
      },
      "properties": {
        "point_in_time_name_ja": "2025年第3四半期",
        "land_type_name_ja": "中古マンション等",
        "price_information_category_name_ja": "成約価格情報",
        "prefecture_name_ja": "東京都",
        "city_code": "13117",
        "city_name_ja": "北区",
        "district_code": "131170210",
        "district_name_ja": "田端",
        "use_category_name_ja": "",
        "u_transaction_price_total_ja": "3,600万円",
        "u_transaction_price_unit_price_square_meter_ja": "",
        "u_unit_price_per_tsubo_ja": "",
        "u_area_ja": "45㎡",
        "land_shape_name_ja": "",
        "u_land_frontage_ja": "",
        "building_use_name_ja": "",
        "building_structure_name_ja": "ＲＣ",
        "floor_plan_name_ja": "１ＤＫ",
        "u_building_total_floor_area_ja": "",
        "u_construction_year_ja": "1989年",
        "front_road_azimuth_name_ja": "",
        "u_front_road_width_ja": "",
        "front_road_type_name_ja": "",
        "land_use_name_ja": "第１種住居地域",
        "u_building_coverage_ratio_ja": "",
        "u_floor_area_ratio_ja": "",
        "remark_name_ja": "",
        "future_use_purpose_name_ja": "",
        "remark_renovation_name_ja": ""
      }
    },
    {
      "type": "Feature",
      "geometry": {
        "type": "Point",
        "coordinates": [
          139.76072251796722,
          35.738139437457775
        ]
      },
      "properties": {
        "point_in_time_name_ja": "2025年第3四半期",
        "land_type_name_ja": "中古マンション等",
        "price_information_category_name_ja": "成約価格情報",
        "prefecture_name_ja": "東京都",
        "city_code": "13117",
        "city_name_ja": "北区",
        "district_code": "131170210",
        "district_name_ja": "田端",
        "use_category_name_ja": "",
        "u_transaction_price_total_ja": "8,500万円",
        "u_transaction_price_unit_price_square_meter_ja": "",
        "u_unit_price_per_tsubo_ja": "",
        "u_area_ja": "75㎡",
        "land_shape_name_ja": "",
        "u_land_frontage_ja": "",
        "building_use_name_ja": "",
        "building_structure_name_ja": "ＲＣ",
        "floor_plan_name_ja": "２ＬＤＫ",
        "u_building_total_floor_area_ja": "",
        "u_construction_year_ja": "2003年",
        "front_road_azimuth_name_ja": "",
        "u_front_road_width_ja": "",
        "front_road_type_name_ja": "",
        "land_use_name_ja": "第１種住居地域",
        "u_building_coverage_ratio_ja": "",
        "u_floor_area_ratio_ja": "",
        "remark_name_ja": "",
        "future_use_purpose_name_ja": "",
        "remark_renovation_name_ja": ""
      }
    },
    {
      "type": "Feature",
      "geometry": {
        "type": "Point",
        "coordinates": [
          139.76072251796722,
          35.738139437457775
        ]
      },
      "properties": {
        "point_in_time_name_ja": "2025年第4四半期",
        "land_type_name_ja": "中古マンション等",
        "price_information_category_name_ja": "成約価格情報",
        "prefecture_name_ja": "東京都",
        "city_code": "13117",
        "city_name_ja": "北区",
        "district_code": "131170210",
        "district_name_ja": "田端",
        "use_category_name_ja": "",
        "u_transaction_price_total_ja": "2,400万円",
        "u_transaction_price_unit_price_square_meter_ja": "",
        "u_unit_price_per_tsubo_ja": "",
        "u_area_ja": "30㎡",
        "land_shape_name_ja": "",
        "u_land_frontage_ja": "",
        "building_use_name_ja": "",
        "building_structure_name_ja": "ＲＣ",
        "floor_plan_name_ja": "１Ｋ",
        "u_building_total_floor_area_ja": "",
        "u_construction_year_ja": "2014年",
        "front_road_azimuth_name_ja": "",
        "u_front_road_width_ja": "",
        "front_road_type_name_ja": "",
        "land_use_name_ja": "第１種住居地域",
        "u_building_coverage_ratio_ja": "",
        "u_floor_area_ratio_ja": "",
        "remark_name_ja": "",
        "future_use_purpose_name_ja": "",
        "remark_renovation_name_ja": ""
      }
    }
  ]
}