{
  "type": "FeatureCollection",
  "features": [
    {
      "type": "Feature",
      "geometry": {
        "type": "Point",
        "coordinates": [
          139.41157937049866,
          35.616558289323535
        ]
      },
      "properties": {
        "point_in_time_name_ja": "2025年第1四半期",
        "land_type_name_ja": "中古マンション等",
        "price_information_category_name_ja": "成約価格情報",
        "prefecture_name_ja": "東京都",
        "city_code": "13224",
        "city_name_ja": "多摩市",
        "district_code": "132240140",
        "district_name_ja": "中沢",
        "use_category_name_ja": "",
        "u_transaction_price_total_ja": "2,800万円",
        "u_transaction_price_unit_price_square_meter_ja": "",
        "u_unit_price_per_tsubo_ja": "",
        "u_area_ja": "100㎡",
        "land_shape_name_ja": "",
        "u_land_frontage_ja": "",
        "building_use_name_ja": "",
        "building_structure_name_ja": "ＲＣ",
        "floor_plan_name_ja": "４ＬＤＫ",
        "u_building_total_floor_area_ja": "",
        "u_construction_year_ja": "1994年",
        "front_road_azimuth_name_ja": "",
        "u_front_road_width_ja": "",
        "front_road_type_name_ja": "",
        "land_use_name_ja": "第１種中高層住居専用地域",
        "u_building_coverage_ratio_ja": "",
        "u_floor_area_ratio_ja": "",
        "remark_name_ja": "",
        "future_use_purpose_name_ja": "",
        "remark_renovation_name_ja": ""
      }
    },
    {
      "type": "Feature",
      "geometry": {
        "type": "Point",
        "coordinates": [
          139.41157937049866,
          35.616558289323535
        ]
      },
      "properties": {
        "point_in_time_name_ja": "2025年第1四半期",
        "land_type_name_ja": "中古マンション等",
        "price_information_category_name_ja": "成約価格情報",
        "prefecture_name_ja": "東京都",
        "city_code": "13224",
        "city_name_ja": "多摩市",
        "district_code": "132240140",
        "district_name_ja": "中沢",
        "use_category_name_ja": "",
        "u_transaction_price_total_ja": "2,100万円",
        "u_transaction_price_unit_price_square_meter_ja": "",
        "u_unit_price_per_tsubo_ja": "",
        "u_area_ja": "60㎡",
        "land_shape_name_ja": "",
        "u_land_frontage_ja": "",
        "building_use_name_ja": "",
        "building_structure_name_ja": "ＲＣ",
        "floor_plan_name_ja": "３ＬＤＫ",
        "u_building_total_floor_area_ja": "",
        "u_construction_year_ja": "1997年",
        "front_road_azimuth_name_ja": "",
        "u_front_road_width_ja": "",
        "front_road_type_name_ja": "",
        "land_use_name_ja": "第２種中高層住居専用地域",
        "u_building_coverage_ratio_ja": "",
        "u_floor_area_ratio_ja": "",
        "remark_name_ja": "",
        "future_use_purpose_name_ja": "",
        "remark_renovation_name_ja": ""
      }
    },
    {
      "type": "Feature",
      "geometry": {
        "type": "Point",
        "coordinates": [
          139.41157937049866,
          35.616558289323535
        ]
      },
      "properties": {
        "point_in_time_name_ja": "2025年第2四半期",
        "land_type_name_ja": "中古マンション等",
        "price_information_category_name_ja": "成約価格情報",
        "prefecture_name_ja": "東京都",
        "city_code": "13224",
        "city_name_ja": "多摩市",
        "district_code": "132240140",
        "district_name_ja": "中沢",
        "use_category_name_ja": "",
        "u_transaction_price_total_ja": "3,500万円",
        "u_transaction_price_unit_price_square_meter_ja": "",
        "u_unit_price_per_tsubo_ja": "",
        "u_area_ja": "100㎡",
        "land_shape_name_ja": "",
        "u_land_frontage_ja": "",
        "building_use_name_ja": "",
        "building_structure_name_ja": "ＲＣ",
        "floor_plan_name_ja": "４ＬＤＫ",
        "u_building_total_floor_area_ja": "",
        "u_construction_year_ja": "1994年",
        "front_road_azimuth_name_ja": "",
        "u_front_road_width_ja": "",
        "front_road_type_name_ja": "",
        "land_use_name_ja": "第１種中高層住居専用地域",
        "u_building_coverage_ratio_ja": "",
        "u_floor_area_ratio_ja": "",
        "remark_name_ja": "",
        "future_use_purpose_name_ja": "",
        "remark_renovation_name_ja": "改装済み"
      }
    },
    {
      "type": "Feature",
      "geometry": {
        "type": "Point",
        "coordinates": [
          139.41157937049866,
          35.616558289323535
        ]
      },
      "properties": {
        "point_in_time_name_ja": "2025年第1四半期",
        "land_type_name_ja": "中古マンション等",
        "price_information_category_name_ja": "成約価格情報",
        "prefecture_name_ja": "東京都",
        "city_code": "13224",
        "city_name_ja": "多摩市",
        "district_code": "132240120",
        "district_name_ja": "鶴牧",
        "use_category_name_ja": "",
        "u_transaction_price_total_ja": "3,400万円",
        "u_transaction_price_unit_price_square_meter_ja": "",
        "u_unit_price_per_tsubo_ja": "",
        "u_area_ja": "95㎡",
        "land_shape_name_ja": "",
        "u_land_frontage_ja": "",
        "building_use_name_ja": "",
        "building_structure_name_ja": "ＲＣ",
        "floor_plan_name_ja": "３ＬＤＫ",
        "u_building_total_floor_area_ja": "",
        "u_construction_year_ja": "1989年",
        "front_road_azimuth_name_ja": "",
        "u_front_road_width_ja": "",
        "front_road_type_name_ja": "",
        "land_use_name_ja": "第１種中高層住居専用地域",
        "u_building_coverage_ratio_ja": "",
        "u_floor_area_ratio_ja": "",
        "remark_name_ja": "",
        "future_use_purpose_name_ja": "",
        "remark_renovation_name_ja": ""
      }
    },
    {
      "type": "Feature",
      "geometry": {
        "type": "Point",
        "coordinates": [
          139.41157937049866,
          35.616558289323535
        ]
      },
      "properties": {
        "point_in_time_name_ja": "2025年第2四半期",
        "land_type_name_ja": "中古マンション等",
        "price_information_category_name_ja": "成約価格情報",
        "prefecture_name_ja": "東京都",
        "city_code": "13224",
        "city_name_ja": "多摩市",
        "district_code": "132240060",
        "district_name_ja": "唐木田",
        "use_category_name_ja": "",
        "u_transaction_price_total_ja": "5,000万円",
        "u_transaction_price_unit_price_square_meter_ja": "",
        "u_unit_price_per_tsubo_ja": "",
        "u_area_ja": "85㎡",
        "land_shape_name_ja": "",
        "u_land_frontage_ja": "",
        "building_use_name_ja": "",
        "building_structure_name_ja": "鉄骨造",
        "floor_plan_name_ja": "４ＬＤＫ",
        "u_building_total_floor_area_ja": "",
        "u_construction_year_ja": "2016年",
        "front_road_azimuth_name_ja": "",
        "u_front_road_width_ja": "",
        "front_road_type_name_ja": "",
        "land_use_name_ja": "近隣商業地域",
        "u_building_coverage_ratio_ja": "",
        "u_floor_area_ratio_ja": "",
        "remark_name_ja": "",
        "future_use_purpose_name_ja": "",
        "remark_renovation_name_ja": ""
      }
    },
    {
      "type": "Feature",
      "geometry": {
        "type": "Point",
        "coordinates": [
          139.41157937049866,
          35.616558289323535
        ]
      },
      "properties": {
        "point_in_time_name_ja": "2025年第2四半期",
        "land_type_name_ja": "中古マンション等",
        "price_information_category_name_ja": "成約価格情報",
        "prefecture_name_ja": "東京都",
        "city_code": "13224",
        "city_name_ja": "多摩市",
        "district_code": "132240120",
        "district_name_ja": "鶴牧",
        "use_category_name_ja": "",
        "u_transaction_price_total_ja": "2,600万円",
        "u_transaction_price_unit_price_square_meter_ja": "",
        "u_unit_price_per_tsubo_ja": "",
        "u_area_ja": "95㎡",
        "land_shape_name_ja": "",
        "u_land_frontage_ja": "",
        "building_use_name_ja": "",
        "building_structure_name_ja": "ＲＣ",
        "floor_plan_name_ja": "３ＬＤＫ＋Ｓ",
        "u_building_total_floor_area_ja": "",
        "u_construction_year_ja": "1982年",
        "front_road_azimuth_name_ja": "",
        "u_front_road_width_ja": "",
        "front_road_type_name_ja": "",
        "land_use_name_ja": "第１種中高層住居専用地域",
        "u_building_coverage_ratio_ja": "",
        "u_floor_area_ratio_ja": "",
        "remark_name_ja": "",
        "future_use_purpose_name_ja": "",
        "remark_renovation_name_ja": ""
      }
    },
    {
      "type": "Feature",
      "geometry": {
        "type": "Point",
        "coordinates": [
          139.41157937049866,
          35.616558289323535
        ]
      },
      "properties": {
        "point_in_time_name_ja": "2025年第2四半期",
        "land_type_name_ja": "中古マンション等",
        "price_information_category_name_ja": "成約価格情報",
        "prefecture_name_ja": "東京都",
        "city_code": "13224",
        "city_name_ja": "多摩市",
        "district_code": "132240120",
        "district_name_ja": "鶴牧",
        "use_category_name_ja": "",
        "u_transaction_price_total_ja": "3,000万円",
        "u_transaction_price_unit_price_square_meter_ja": "",
        "u_unit_price_per_tsubo_ja": "",
        "u_area_ja": "100㎡",
        "land_shape_name_ja": "",
        "u_land_frontage_ja": "",
        "building_use_name_ja": "",
        "building_structure_name_ja": "ＲＣ",
        "floor_plan_name_ja": "４ＬＤＫ",
        "u_building_total_floor_area_ja": "",
        "u_construction_year_ja": "1982年",
        "front_road_azimuth_name_ja": "",
        "u_front_road_width_ja": "",
        "front_road_type_name_ja": "",
        "land_use_name_ja": "第１種中高層住居専用地域",
        "u_building_coverage_ratio_ja": "",
        "u_floor_area_ratio_ja": "",
        "remark_name_ja": "",
        "future_use_purpose_name_ja": "",
        "remark_renovation_name_ja": ""
      }
    },
    {
      "type": "Feature",
      "geometry": {
        "type": "Point",
        "coordinates": [
          139.41157937049866,
          35.616558289323535
        ]
      },
      "properties": {
        "point_in_time_name_ja": "2025年第3四半期",
        "land_type_name_ja": "中古マンション等",
        "price_information_category_name_ja": "成約価格情報",
        "prefecture_name_ja": "東京都",
        "city_code": "13224",
        "city_name_ja": "多摩市",
        "district_code": "132240060",
        "district_name_ja": "唐木田",
        "use_category_name_ja": "",
        "u_transaction_price_total_ja": "3,500万円",
        "u_transaction_price_unit_price_square_meter_ja": "",
        "u_unit_price_per_tsubo_ja": "",
        "u_area_ja": "55㎡",
        "land_shape_name_ja": "",
        "u_land_frontage_ja": "",
        "building_use_name_ja": "",
        "building_structure_name_ja": "ＲＣ",
        "floor_plan_name_ja": "２ＬＤＫ",
        "u_building_total_floor_area_ja": "",
        "u_construction_year_ja": "2016年",
        "front_road_azimuth_name_ja": "",
        "u_front_road_width_ja": "",
        "front_road_type_name_ja": "",
        "land_use_name_ja": "近隣商業地域",
        "u_building_coverage_ratio_ja": "",
        "u_floor_area_ratio_ja": "",
        "remark_name_ja": "",
        "future_use_purpose_name_ja": "",
        "remark_renovation_name_ja": ""
      }
    },
    {
      "type": "Feature",
      "geometry": {
        "type": "Point",
        "coordinates": [
          139.41157937049866,
          35.616558289323535
        ]
      },
      "properties": {
        "point_in_time_name_ja": "2025年第3四半期",
        "land_type_name_ja": "中古マンション等",
        "price_information_category_name_ja": "成約価格情報",
        "prefecture_name_ja": "東京都",
        "city_code": "13224",
        "city_name_ja": "多摩市",
        "district_code": "132240120",
        "district_name_ja": "鶴牧",
        "use_category_name_ja": "",
        "u_transaction_price_total_ja": "2,600万円",
        "u_transaction_price_unit_price_square_meter_ja": "",
        "u_unit_price_per_tsubo_ja": "",
        "u_area_ja": "110㎡",
        "land_shape_name_ja": "",
        "u_land_frontage_ja": "",
        "building_use_name_ja": "",
        "building_structure_name_ja": "ＲＣ",
        "floor_plan_name_ja": "４ＬＤＫ",
        "u_building_total_floor_area_ja": "",
        "u_construction_year_ja": "1989年",
        "front_road_azimuth_name_ja": "",
        "u_front_road_width_ja": "",
        "front_road_type_name_ja": "",
        "land_use_name_ja": "第１種中高層住居専用地域",
        "u_building_coverage_ratio_ja": "",
        "u_floor_area_ratio_ja": "",
        "remark_name_ja": "",
        "future_use_purpose_name_ja": "",
        "remark_renovation_name_ja": ""
      }
    },
    {
      "type": "Feature",
      "geometry": {
        "type": "Point",
        "coordinates": [
          139.41157937049866,
          35.616558289323535
        ]
      },
      "properties": {
        "point_in_time_name_ja": "2025年第3四半期",
        "land_type_name_ja": "中古マンション等",
        "price_information_category_name_ja": "成約価格情報",
        "prefecture_name_ja": "東京都",
        "city_code": "13224",
        "city_name_ja": "多摩市",
        "district_code": "132240120",
        "district_name_ja": "鶴牧",
        "use_category_name_ja": "",
        "u_transaction_price_total_ja": "2,300万円",
        "u_transaction_price_unit_price_square_meter_ja": "",
        "u_unit_price_per_tsubo_ja": "",
        "u_area_ja": "95㎡",
        "land_shape_name_ja": "",
        "u_land_frontage_ja": "",
        "building_use_name_ja": "",
        "building_structure_name_ja": "ＲＣ",
        "floor_plan_name_ja": "３ＬＤＫ",
        "u_building_total_floor_area_ja": "",
        "u_construction_year_ja": "1982年",
        "front_road_azimuth_name_ja": "",
        "u_front_road_width_ja": "",
        "front_road_type_name_ja": "",
        "land_use_name_ja": "第１種中高層住居専用地域",
        "u_building_coverage_ratio_ja": "",
        "u_floor_area_ratio_ja": "",
        "remark_name_ja": "",
        "future_use_purpose_name_ja": "",
        "remark_renovation_name_ja": ""
      }
    },
    {
      "type": "Feature",
      "geometry": {
        "type": "Point",
        "coordinates": [
          139.41157937049866,
          35.616558289323535
        ]
      },
      "properties": {
        "point_in_time_name_ja": "2025年第3四半期",
        "land_type_name_ja": "中古マンション等",
        "price_information_category_name_ja": "成約価格情報",
        "prefecture_name_ja": "東京都",
        "city_code": "13224",
        "city_name_ja": "多摩市",
        "district_code": "132240120",
        "district_name_ja": "鶴牧",
        "use_category_name_ja": "",
        "u_transaction_price_total_ja": "2,600万円",
        "u_transaction_price_unit_price_square_meter_ja": "",
        "u_unit_price_per_tsubo_ja": "",
        "u_area_ja": "80㎡",
        "land_shape_name_ja": "",
        "u_land_frontage_ja": "",
        "building_use_name_ja": "",
        "building_structure_name_ja": "ＲＣ",
        "floor_plan_name_ja": "３ＬＤＫ",
        "u_building_total_floor_area_ja": "",
        "u_construction_year_ja": "1990年",
        "front_road_azimuth_name_ja": "",
        "u_front_road_width_ja": "",
        "front_road_type_name_ja": "",
        "land_use_name_ja": "第１種中高層住居専用地域",
        "u_building_coverage_ratio_ja": "",
        "u_floor_area_ratio_ja": "",
        "remark_name_ja": "",
        "future_use_purpose_name_ja": "",
        "remark_renovation_name_ja": ""
      }
    },
    {
      "type": "Feature",
      "geometry": {
        "type": "Point",
        "coordinates": [
          139.41157937049866,
          35.616558289323535
        ]
      },
      "properties": {
        "point_in_time_name_ja": "2025年第4四半期",
        "land_type_name_ja": "中古マンション等",
        "price_information_category_name_ja": "成約価格情報",
        "prefecture_name_ja": "東京都",
        "city_code": "13224",
        "city_name_ja": "多摩市",
        "district_code": "132240120",
        "district_name_ja": "鶴牧",
        "use_category_name_ja": "",
        "u_transaction_price_total_ja": "2,500万円",
        "u_transaction_price_unit_price_square_meter_ja": "",
        "u_unit_price_per_tsubo_ja": "",
        "u_area_ja": "80㎡",
        "land_shape_name_ja": "",
        "u_land_frontage_ja": "",
        "building_use_name_ja": "",
        "building_structure_name_ja": "ＲＣ",
        "floor_plan_name_ja": "３ＬＤＫ",
        "u_building_total_floor_area_ja": "",
        "u_construction_year_ja": "1982年",
        "front_road_azimuth_name_ja": "",
        "u_front_road_width_ja": "",
        "front_road_type_name_ja": "",
        "land_use_name_ja": "第１種中高層住居専用地域",
        "u_building_coverage_ratio_ja": "",
        "u_floor_area_ratio_ja": "",
        "remark_name_ja": "",
        "future_use_purpose_name_ja": "",
        "remark_renovation_name_ja": ""
      }
    },
    {
      "type": "Feature",
      "geometry": {
        "type": "Point",
        "coordinates": [
          139.42421793937683,
          35.62522294756366
        ]
      },
      "properties": {
        "point_in_time_name_ja": "2025年第1四半期",
        "land_type_name_ja": "中古マンション等",
        "price_information_category_name_ja": "成約価格情報",
        "prefecture_name_ja": "東京都",
        "city_code": "13224",
        "city_name_ja": "多摩市",
        "district_code": "132240190",
        "district_name_ja": "南野",
        "use_category_name_ja": "",
        "u_transaction_price_total_ja": "1,500万円",
        "u_transaction_price_unit_price_square_meter_ja": "",
        "u_unit_price_per_tsubo_ja": "",
        "u_area_ja": "75㎡",
        "land_shape_name_ja": "",
        "u_land_frontage_ja": "",
        "building_use_name_ja": "",
        "building_structure_name_ja": "ＲＣ",
        "floor_plan_name_ja": "３ＬＤＫ",
        "u_building_total_floor_area_ja": "",
        "u_construction_year_ja": "1988年",
        "front_road_azimuth_name_ja": "",
        "u_front_road_width_ja": "",
        "front_road_type_name_ja": "",
        "land_use_name_ja": "第２種中高層住居専用地域",
        "u_building_coverage_ratio_ja": "",
        "u_floor_area_ratio_ja": "",
        "remark_name_ja": "",
        "future_use_purpose_name_ja": "",
        "remark_renovation_name_ja": ""
      }
    },
    {
      "type": "Feature",
      "geometry": {
        "type": "Point",
        "coordinates": [
          139.42421793937683,
          35.62522294756366
        ]
      },
      "properties": {
        "point_in_time_name_ja": "2025年第2四半期",
        "land_type_name_ja": "中古マンション等",
        "price_information_category_name_ja": "成約価格情報",
        "prefecture_name_ja": "東京都",
        "city_code": "13224",
        "city_name_ja": "多摩市",
        "district_code": "132240140",
        "district_name_ja": "中沢",
        "use_category_name_ja": "",
        "u_transaction_price_total_ja": "2,200万円",
        "u_transaction_price_unit_price_square_meter_ja": "",
        "u_unit_price_per_tsubo_ja": "",
        "u_area_ja": "55㎡",
        "land_shape_name_ja": "",
        "u_land_frontage_ja": "",
        "building_use_name_ja": "",
        "building_structure_name_ja": "ＲＣ",
        "floor_plan_name_ja": "３ＤＫ",
        "u_building_total_floor_area_ja": "",
        "u_construction_year_ja": "1987年",
        "front_road_azimuth_name_ja": "",
        "u_front_road_width_ja": "",
        "front_road_type_name_ja": "",
        "land_use_name_ja": "第１種中高層住居専用地域",
        "u_building_coverage_ratio_ja": "",
        "u_floor_area_ratio_ja": "",
        "remark_name_ja": "",
        "future_use_purpose_name_ja": "",
        "remark_renovation_name_ja": "改装済み"
      }
    },
    {
      "type": "Feature",
      "geometry": {
        "type": "Point",
        "coordinates": [
          139.42421793937683,
          35.62522294756366
        ]
      },
      "properties": {
        "point_in_time_name_ja": "2025年第3四半期",
        "land_type_name_ja": "中古マンション等",
        "price_information_category_name_ja": "成約価格情報",
        "prefecture_name_ja": "東京都",
        "city_code": "13224",
        "city_name_ja": "多摩市",
        "district_code": "132240140",
        "district_name_ja": "中沢",
        "use_category_name_ja": "",
        "u_transaction_price_total_ja": "4,600万円",
        "u_transaction_price_unit_price_square_meter_ja": "",
        "u_unit_price_per_tsubo_ja": "",
        "u_area_ja": "95㎡",
        "land_shape_name_ja": "",
        "u_land_frontage_ja": "",
        "building_use_name_ja": "",
        "building_structure_name_ja": "ＲＣ",
        "floor_plan_name_ja": "４ＬＤＫ",
        "u_building_total_floor_area_ja": "",
        "u_construction_year_ja": "2007年",
        "front_road_azimuth_name_ja": "",
        "u_front_road_width_ja": "",
        "front_road_type_name_ja": "",
        "land_use_name_ja": "第１種中高層住居専用地域",
        "u_building_coverage_ratio_ja": "",
        "u_floor_area_ratio_ja": "",
        "remark_name_ja": "",
        "future_use_purpose_name_ja": "",
        "remark_renovation_name_ja": ""
      }
    },
    {
      "type": "Feature",
      "geometry": {
        "type": "Point",
        "coordinates": [
          139.42421793937683,
          35.62522294756366
        ]
      },
      "properties": {
        "point_in_time_name_ja": "2025年第4四半期",
        "land_type_name_ja": "中古マンション等",
        "price_information_category_name_ja": "成約価格情報",
        "prefecture_name_ja": "東京都",
        "city_code": "13224",
        "city_name_ja": "多摩市",
        "district_code": "132240190",
        "district_name_ja": "南野",
        "use_category_name_ja": "",
        "u_transaction_price_total_ja": "2,200万円",
        "u_transaction_price_unit_price_square_meter_ja": "",
        "u_unit_price_per_tsubo_ja": "",
        "u_area_ja": "75㎡",
        "land_shape_name_ja": "",
        "u_land_frontage_ja": "",
        "building_use_name_ja": "",
        "building_structure_name_ja": "ＲＣ",
        "floor_plan_name_ja": "３ＬＤＫ",
        "u_building_total_floor_area_ja": "",
        "u_construction_year_ja": "2002年",
        "front_road_azimuth_name_ja": "",
        "u_front_road_width_ja": "",
        "front_road_type_name_ja": "",
        "land_use_name_ja": "第２種中高層住居専用地域",
        "u_building_coverage_ratio_ja": "",
        "u_floor_area_ratio_ja": "",
        "remark_name_ja": "",
        "future_use_purpose_name_ja": "",
        "remark_renovation_name_ja": ""
      }
    },
    {
      "type": "Feature",
      "geometry": {
        "type": "Point",
        "coordinates": [
          139.42421793937683,
          35.62522294756366
        ]
      },
      "properties": {
        "point_in_time_name_ja": "2025年第4四半期",
        "land_type_name_ja": "中古マンション等",
        "price_information_category_name_ja": "成約価格情報",
        "prefecture_name_ja": "東京都",
        "city_code": "13224",
        "city_name_ja": "多摩市",
        "district_code": "132240190",
        "district_name_ja": "南野",
        "use_category_name_ja": "",
        "u_transaction_price_total_ja": "2,000万円",
        "u_transaction_price_unit_price_square_meter_ja": "",
        "u_unit_price_per_tsubo_ja": "",
        "u_area_ja": "75㎡",
        "land_shape_name_ja": "",
        "u_land_frontage_ja": "",
        "building_use_name_ja": "",
        "building_structure_name_ja": "ＲＣ",
        "floor_plan_name_ja": "３ＬＤＫ",
        "u_building_total_floor_area_ja": "",
        "u_construction_year_ja": "2002年",
        "front_road_azimuth_name_ja": "",
        "u_front_road_width_ja": "",
        "front_road_type_name_ja": "",
        "land_use_name_ja": "第２種中高層住居専用地域",
        "u_building_coverage_ratio_ja": "",
        "u_floor_area_ratio_ja": "",
        "remark_name_ja": "",
        "future_use_purpose_name_ja": "",
        "remark_renovation_name_ja": ""
      }
    },
    {
      "type": "Feature",
      "geometry": {
        "type": "Point",
        "coordinates": [
          139.42421793937683,
          35.62522294756366
        ]
      },
      "properties": {
        "point_in_time_name_ja": "2025年第1四半期",
        "land_type_name_ja": "中古マンション等",
        "price_information_category_name_ja": "成約価格情報",
        "prefecture_name_ja": "東京都",
        "city_code": "13224",
        "city_name_ja": "多摩市",
        "district_code": "132240030",
        "district_name_ja": "落合",
        "use_category_name_ja": "",
        "u_transaction_price_total_ja": "6,000万円",
        "u_transaction_price_unit_price_square_meter_ja": "",
        "u_unit_price_per_tsubo_ja": "",
        "u_area_ja": "80㎡",
        "land_shape_name_ja": "",
        "u_land_frontage_ja": "",
        "building_use_name_ja": "",
        "building_structure_name_ja": "ＲＣ",
        "floor_plan_name_ja": "３ＬＤＫ",
        "u_building_total_floor_area_ja": "",
        "u_construction_year_ja": "2013年",
        "front_road_azimuth_name_ja": "",
        "u_front_road_width_ja": "",
        "front_road_type_name_ja": "",
        "land_use_name_ja": "商業地域",
        "u_building_coverage_ratio_ja": "",
        "u_floor_area_ratio_ja": "",
        "remark_name_ja": "",
        "future_use_purpose_name_ja": "",
        "remark_renovation_name_ja": ""
      }
    },
    {
      "type": "Feature",
      "geometry": {
        "type": "Point",
        "coordinates": [
          139.42421793937683,
          35.62522294756366
        ]
      },
      "properties": {
        "point_in_time_name_ja": "2025年第1四半期",
        "land_type_name_ja": "中古マンション等",
        "price_information_category_name_ja": "成約価格情報",
        "prefecture_name_ja": "東京都",
        "city_code": "13224",
        "city_name_ja": "多摩市",
        "district_code": "132240030",
        "district_name_ja": "落合",
        "use_category_name_ja": "",
        "u_transaction_price_total_ja": "3,200万円",
        "u_transaction_price_unit_price_square_meter_ja": "",
        "u_unit_price_per_tsubo_ja": "",
        "u_area_ja": "65㎡",
        "land_shape_name_ja": "",
        "u_land_frontage_ja": "",
        "building_use_name_ja": "",
        "building_structure_name_ja": "ＲＣ",
        "floor_plan_name_ja": "１Ｋ＋Ｓ",
        "u_building_total_floor_area_ja": "",
        "u_construction_year_ja": "2002年",
        "front_road_azimuth_name_ja": "",
        "u_front_road_width_ja": "",
        "front_road_type_name_ja": "",
        "land_use_name_ja": "第２種住居地域",
        "u_building_coverage_ratio_ja": "",
        "u_floor_area_ratio_ja": "",
        "remark_name_ja": "",
        "future_use_purpose_name_ja": "",
        "remark_renovation_name_ja": ""
      }
    },
    {
      "type": "Feature",
      "geometry": {
        "type": "Point",
        "coordinates": [
          139.42421793937683,
          35.62522294756366
        ]
      },
      "properties": {
        "point_in_time_name_ja": "2025年第1四半期",
        "land_type_name_ja": "中古マンション等",
        "price_information_category_name_ja": "成約価格情報",
        "prefecture_name_ja": "東京都",
        "city_code": "13224",
        "city_name_ja": "多摩市",
        "district_code": "132240030",
        "district_name_ja": "落合",
        "use_category_name_ja": "",
        "u_transaction_price_total_ja": "4,300万円",
        "u_transaction_price_unit_price_square_meter_ja": "",
        "u_unit_price_per_tsubo_ja": "",
        "u_area_ja": "85㎡",
        "land_shape_name_ja": "",
        "u_land_frontage_ja": "",
        "building_use_name_ja": "",
        "building_structure_name_ja": "ＳＲＣ",
        "floor_plan_name_ja": "３ＬＤＫ",
        "u_building_total_floor_area_ja": "",
        "u_construction_year_ja": "2005年",
        "front_road_azimuth_name_ja": "",
        "u_front_road_width_ja": "",
        "front_road_type_name_ja": "",
        "land_use_name_ja": "商業地域",
        "u_building_coverage_ratio_ja": "",
        "u_floor_area_ratio_ja": "",
        "remark_name_ja": "",
        "future_use_purpose_name_ja": "",
        "remark_renovation_name_ja": ""
      }
    },
    {
      "type": "Feature",
      "geometry": {
        "type": "Point",
        "coordinates": [
          139.42421793937683,
          35.62522294756366
        ]
      },
      "properties": {
        "point_in_time_name_ja": "2025年第1四半期",
        "land_type_name_ja": "中古マンション等",
        "price_information_category_name_ja": "成約価格情報",
        "prefecture_name_ja": "東京都",
        "city_code": "13224",
        "city_name_ja": "多摩市",
        "district_code": "132240030",
        "district_name_ja": "落合",
        "use_category_name_ja": "",
        "u_transaction_price_total_ja": "4,100万円",
        "u_transaction_price_unit_price_square_meter_ja": "",
        "u_unit_price_per_tsubo_ja": "",
        "u_area_ja": "100㎡",
        "land_shape_name_ja": "",
        "u_land_frontage_ja": "",
        "building_use_name_ja": "",
        "building_structure_name_ja": "ＲＣ",
        "floor_plan_name_ja": "３ＬＤＫ＋Ｓ",
        "u_building_total_floor_area_ja": "",
        "u_construction_year_ja": "2003年",
        "front_road_azimuth_name_ja": "",
        "u_front_road_width_ja": "",
        "front_road_type_name_ja": "",
        "land_use_name_ja": "第２種中高層住居専用地域",
        "u_building_coverage_ratio_ja": "",
        "u_floor_area_ratio_ja": "",
        "remark_name_ja": "",
        "future_use_purpose_name_ja": "",
        "remark_renovation_name_ja": ""
      }
    },
    {
      "type": "Feature",
      "geometry": {
        "type": "Point",
        "coordinates": [
          139.42421793937683,
          35.62522294756366
        ]
      },
      "properties": {
        "point_in_time_name_ja": "2025年第1四半期",
        "land_type_name_ja": "中古マンション等",
        "price_information_category_name_ja": "成約価格情報",
        "prefecture_name_ja": "東京都",
        "city_code": "13224",
        "city_name_ja": "多摩市",
        "district_code": "132240030",
        "district_name_ja": "落合",
        "use_category_name_ja": "",
        "u_transaction_price_total_ja": "1,400万円",
        "u_transaction_price_unit_price_square_meter_ja": "",
        "u_unit_price_per_tsubo_ja": "",
        "u_area_ja": "110㎡",
        "land_shape_name_ja": "",
        "u_land_frontage_ja": "",
        "building_use_name_ja": "",
        "building_structure_name_ja": "ＲＣ",
        "floor_plan_name_ja": "４ＬＤＫ",
        "u_building_total_floor_area_ja": "",
        "u_construction_year_ja": "1984年",
        "front_road_azimuth_name_ja": "",
        "u_front_road_width_ja": "",
        "front_road_type_name_ja": "",
        "land_use_name_ja": "第１種中高層住居専用地域",
        "u_building_coverage_ratio_ja": "",
        "u_floor_area_ratio_ja": "",
        "remark_name_ja": "",
        "future_use_purpose_name_ja": "",
        "remark_renovation_name_ja": ""
      }
    },
    {
      "type": "Feature",
      "geometry": {
        "type": "Point",
        "coordinates": [
          139.42421793937683,
          35.62522294756366
        ]
      },
      "properties": {
        "point_in_time_name_ja": "2025年第1四半期",
        "land_type_name_ja": "中古マンション等",
        "price_information_category_name_ja": "成約価格情報",
        "prefecture_name_ja": "東京都",
        "city_code": "13224",
        "city_name_ja": "多摩市",
        "district_code": "132240030",
        "district_name_ja": "落合",
        "use_category_name_ja": "",
        "u_transaction_price_total_ja": "4,300万円",
        "u_transaction_price_unit_price_square_meter_ja": "",
        "u_unit_price_per_tsubo_ja": "",
        "u_area_ja": "70㎡",
        "land_shape_name_ja": "",
        "u_land_frontage_ja": "",
        "building_use_name_ja": "",
        "building_structure_name_ja": "ＲＣ",
        "floor_plan_name_ja": "３ＬＤＫ",
        "u_building_total_floor_area_ja": "",
        "u_construction_year_ja": "2007年",
        "front_road_azimuth_name_ja": "",
        "u_front_road_width_ja": "",
        "front_road_type_name_ja": "",
        "land_use_name_ja": "第２種住居地域",
        "u_building_coverage_ratio_ja": "",
        "u_floor_area_ratio_ja": "",
        "remark_name_ja": "",
        "future_use_purpose_name_ja": "",
        "remark_renovation_name_ja": ""
      }
    },
    {
      "type": "Feature",
      "geometry": {
        "type": "Point",
        "coordinates": [
          139.42421793937683,
          35.62522294756366
        ]
      },
      "properties": {
        "point_in_time_name_ja": "2025年第1四半期",
        "land_type_name_ja": "中古マンション等",
        "price_information_category_name_ja": "成約価格情報",
        "prefecture_name_ja": "東京都",
        "city_code": "13224",
        "city_name_ja": "多摩市",
        "district_code": "132240030",
        "district_name_ja": "落合",
        "use_category_name_ja": "",
        "u_transaction_price_total_ja": "720万円",
        "u_transaction_price_unit_price_square_meter_ja": "",
        "u_unit_price_per_tsubo_ja": "",
        "u_area_ja": "60㎡",
        "land_shape_name_ja": "",
        "u_land_frontage_ja": "",
        "building_use_name_ja": "",
        "building_structure_name_ja": "ＲＣ",
        "floor_plan_name_ja": "２ＬＤＫ",
        "u_building_total_floor_area_ja": "",
        "u_construction_year_ja": "1976年",
        "front_road_azimuth_name_ja": "",
        "u_front_road_width_ja": "",
        "front_road_type_name_ja": "",
        "land_use_name_ja": "第１種中高層住居専用地域",
        "u_building_coverage_ratio_ja": "",
        "u_floor_area_ratio_ja": "",
        "remark_name_ja": "",
        "future_use_purpose_name_ja": "",
        "remark_renovation_name_ja": ""
      }
    },
    {
      "type": "Feature",
      "geometry": {
        "type": "Point",
        "coordinates": [
          139.42421793937683,
          35.62522294756366
        ]
      },
      "properties": {
        "point_in_time_name_ja": "2025年第1四半期",
        "land_type_name_ja": "中古マンション等",
        "price_information_category_name_ja": "成約価格情報",
        "prefecture_name_ja": "東京都",
        "city_code": "13224",
        "city_name_ja": "多摩市",
        "district_code": "132240030",
        "district_name_ja": "落合",
        "use_category_name_ja": "",
        "u_transaction_price_total_ja": "2,700万円",
        "u_transaction_price_unit_price_square_meter_ja": "",
        "u_unit_price_per_tsubo_ja": "",
        "u_area_ja": "95㎡",
        "land_shape_name_ja": "",
        "u_land_frontage_ja": "",
        "building_use_name_ja": "",
        "building_structure_name_ja": "ＲＣ",
        "floor_plan_name_ja": "４ＬＤＫ",
        "u_building_total_floor_area_ja": "",
        "u_construction_year_ja": "1984年",
        "front_road_azimuth_name_ja": "",
        "u_front_road_width_ja": "",
        "front_road_type_name_ja": "",
        "land_use_name_ja": "第１種中高層住居専用地域",
        "u_building_coverage_ratio_ja": "",
        "u_floor_area_ratio_ja": "",
        "remark_name_ja": "",
        "future_use_purpose_name_ja": "",
        "remark_renovation_name_ja": ""
      }
    },
    {
      "type": "Feature",
      "geometry": {
        "type": "Point",
        "coordinates": [
          139.42421793937683,
          35.62522294756366
        ]
      },
      "properties": {
        "point_in_time_name_ja": "2025年第1四半期",
        "land_type_name_ja": "中古マンション等",
        "price_information_category_name_ja": "成約価格情報",
        "prefecture_name_ja": "東京都",
        "city_code": "13224",
        "city_name_ja": "多摩市",
        "district_code": "132240030",
        "district_name_ja": "落合",
        "use_category_name_ja": "",
        "u_transaction_price_total_ja": "5,700万円",
        "u_transaction_price_unit_price_square_meter_ja": "",
        "u_unit_price_per_tsubo_ja": "",
        "u_area_ja": "80㎡",
        "land_shape_name_ja": "",
        "u_land_frontage_ja": "",
        "building_use_name_ja": "",
        "building_structure_name_ja": "ＲＣ",
        "floor_plan_name_ja": "３ＬＤＫ",
        "u_building_total_floor_area_ja": "",
        "u_construction_year_ja": "2013年",
        "front_road_azimuth_name_ja": "",
        "u_front_road_width_ja": "",
        "front_road_type_name_ja": "",
        "land_use_name_ja": "商業地域",
        "u_building_coverage_ratio_ja": "",
        "u_floor_area_ratio_ja": "",
        "remark_name_ja": "",
        "future_use_purpose_name_ja": "",
        "remark_renovation_name_ja": ""
      }
    },
    {
      "type": "Feature",
      "geometry": {
        "type": "Point",
        "coordinates": [
          139.42421793937683,
          35.62522294756366
        ]
      },
      "properties": {
        "point_in_time_name_ja": "2025年第1四半期",
        "land_type_name_ja": "中古マンション等",
        "price_information_category_name_ja": "成約価格情報",
        "prefecture_name_ja": "東京都",
        "city_code": "13224",
        "city_name_ja": "多摩市",
        "district_code": "132240030",
        "district_name_ja": "落合",
        "use_category_name_ja": "",
        "u_transaction_price_total_ja": "600万円",
        "u_transaction_price_unit_price_square_meter_ja": "",
        "u_unit_price_per_tsubo_ja": "",
        "u_area_ja": "35㎡",
        "land_shape_name_ja": "",
        "u_land_frontage_ja": "",
        "building_use_name_ja": "",
        "building_structure_name_ja": "ＲＣ",
        "floor_plan_name_ja": "１ＤＫ",
        "u_building_total_floor_area_ja": "",
        "u_construction_year_ja": "1986年",
        "front_road_azimuth_name_ja": "",
        "u_front_road_width_ja": "",
        "front_road_type_name_ja": "",
        "land_use_name_ja": "第１種中高層住居専用地域",
        "u_building_coverage_ratio_ja": "",
        "u_floor_area_ratio_ja": "",
        "remark_name_ja": "",
        "future_use_purpose_name_ja": "",
        "remark_renovation_name_ja": ""
      }
    },
    {
      "type": "Feature",
      "geometry": {
        "type": "Point",
        "coordinates": [
          139.42421793937683,
          35.62522294756366
        ]
      },
      "properties": {
        "point_in_time_name_ja": "2025年第1四半期",
        "land_type_name_ja": "中古マンション等",
        "price_information_category_name_ja": "成約価格情報",
        "prefecture_name_ja": "東京都",
        "city_code": "13224",
        "city_name_ja": "多摩市",
        "district_code": "132240030",
        "district_name_ja": "落合",
        "use_category_name_ja": "",
        "u_transaction_price_total_ja": "1,300万円",
        "u_transaction_price_unit_price_square_meter_ja": "",
        "u_unit_price_per_tsubo_ja": "",
        "u_area_ja": "60㎡",
        "land_shape_name_ja": "",
        "u_land_frontage_ja": "",
        "building_use_name_ja": "",
        "building_structure_name_ja": "ＲＣ",
        "floor_plan_name_ja": "２ＬＤＫ",
        "u_building_total_floor_area_ja": "",
        "u_construction_year_ja": "1976年",
        "front_road_azimuth_name_ja": "",
        "u_front_road_width_ja": "",
        "front_road_type_name_ja": "",
        "land_use_name_ja": "第１種中高層住居専用地域",
        "u_building_coverage_ratio_ja": "",
        "u_floor_area_ratio_ja": "",
        "remark_name_ja": "",
        "future_use_purpose_name_ja": "",
        "remark_renovation_name_ja": ""
      }
    },
    {
      "type": "Feature",
      "geometry": {
        "type": "Point",
        "coordinates": [
          139.42421793937683,
          35.62522294756366
        ]
      },
      "properties": {
        "point_in_time_name_ja": "2025年第1四半期",
        "land_type_name_ja": "中古マンション等",
        "price_information_category_name_ja": "成約価格情報",
        "prefecture_name_ja": "東京都",
        "city_code": "13224",
        "city_name_ja": "多摩市",
        "district_code": "132240030",
        "district_name_ja": "落合",
        "use_category_name_ja": "",
        "u_transaction_price_total_ja": "1,300万円",
        "u_transaction_price_unit_price_square_meter_ja": "",
        "u_unit_price_per_tsubo_ja": "",
        "u_area_ja": "65㎡",
        "land_shape_name_ja": "",
        "u_land_frontage_ja": "",
        "building_use_name_ja": "",
        "building_structure_name_ja": "ＲＣ",
        "floor_plan_name_ja": "４ＤＫ",
        "u_building_total_floor_area_ja": "",
        "u_construction_year_ja": "1978年",
        "front_road_azimuth_name_ja": "",
        "u_front_road_width_ja": "",
        "front_road_type_name_ja": "",
        "land_use_name_ja": "第１種中高層住居専用地域",
        "u_building_coverage_ratio_ja": "",
        "u_floor_area_ratio_ja": "",
        "remark_name_ja": "",
        "future_use_purpose_name_ja": "",
        "remark_renovation_name_ja": ""
      }
    },
    {
      "type": "Feature",
      "geometry": {
        "type": "Point",
        "coordinates": [
          139.42421793937683,
          35.62522294756366
        ]
      },
      "properties": {
        "point_in_time_name_ja": "2025年第2四半期",
        "land_type_name_ja": "中古マンション等",
        "price_information_category_name_ja": "成約価格情報",
        "prefecture_name_ja": "東京都",
        "city_code": "13224",
        "city_name_ja": "多摩市",
        "district_code": "132240030",
        "district_name_ja": "落合",
        "use_category_name_ja": "",
        "u_transaction_price_total_ja": "1,200万円",
        "u_transaction_price_unit_price_square_meter_ja": "",
        "u_unit_price_per_tsubo_ja": "",
        "u_area_ja": "75㎡",
        "land_shape_name_ja": "",
        "u_land_frontage_ja": "",
        "building_use_name_ja": "",
        "building_structure_name_ja": "ＲＣ",
        "floor_plan_name_ja": "３ＬＤＫ",
        "u_building_total_floor_area_ja": "",
        "u_construction_year_ja": "1978年",
        "front_road_azimuth_name_ja": "",
        "u_front_road_width_ja": "",
        "front_road_type_name_ja": "",
        "land_use_name_ja": "第１種中高層住居専用地域",
        "u_building_coverage_ratio_ja": "",
        "u_floor_area_ratio_ja": "",
        "remark_name_ja": "",
        "future_use_purpose_name_ja": "",
        "remark_renovation_name_ja": ""
      }
    },
    {
      "type": "Feature",
      "geometry": {
        "type": "Point",
        "coordinates": [
          139.42421793937683,
          35.62522294756366
        ]
      },
      "properties": {
        "point_in_time_name_ja": "2025年第2四半期",
        "land_type_name_ja": "中古マンション等",
        "price_information_category_name_ja": "成約価格情報",
        "prefecture_name_ja": "東京都",
        "city_code": "13224",
        "city_name_ja": "多摩市",
        "district_code": "132240030",
        "district_name_ja": "落合",
        "use_category_name_ja": "",
        "u_transaction_price_total_ja": "2,200万円",
        "u_transaction_price_unit_price_square_meter_ja": "",
        "u_unit_price_per_tsubo_ja": "",
        "u_area_ja": "85㎡",
        "land_shape_name_ja": "",
        "u_land_frontage_ja": "",
        "building_use_name_ja": "",
        "building_structure_name_ja": "ＲＣ",
        "floor_plan_name_ja": "３ＬＤＫ＋Ｓ",
        "u_building_total_floor_area_ja": "",
        "u_construction_year_ja": "1984年",
        "front_road_azimuth_name_ja": "",
        "u_front_road_width_ja": "",
        "front_road_type_name_ja": "",
        "land_use_name_ja": "第１種中高層住居専用地域",
        "u_building_coverage_ratio_ja": "",
        "u_floor_area_ratio_ja": "",
        "remark_name_ja": "",
        "future_use_purpose_name_ja": "",
        "remark_renovation_name_ja": ""
      }
    },
    {
      "type": "Feature",
      "geometry": {
        "type": "Point",
        "coordinates": [
          139.42421793937683,
          35.62522294756366
        ]
      },
      "properties": {
        "point_in_time_name_ja": "2025年第2四半期",
        "land_type_name_ja": "中古マンション等",
        "price_information_category_name_ja": "成約価格情報",
        "prefecture_name_ja": "東京都",
        "city_code": "13224",
        "city_name_ja": "多摩市",
        "district_code": "132240030",
        "district_name_ja": "落合",
        "use_category_name_ja": "",
        "u_transaction_price_total_ja": "2,900万円",
        "u_transaction_price_unit_price_square_meter_ja": "",
        "u_unit_price_per_tsubo_ja": "",
        "u_area_ja": "100㎡",
        "land_shape_name_ja": "",
        "u_land_frontage_ja": "",
        "building_use_name_ja": "",
        "building_structure_name_ja": "ＲＣ",
        "floor_plan_name_ja": "４ＬＤＫ",
        "u_building_total_floor_area_ja": "",
        "u_construction_year_ja": "1987年",
        "front_road_azimuth_name_ja": "",
        "u_front_road_width_ja": "",
        "front_road_type_name_ja": "",
        "land_use_name_ja": "第１種中高層住居専用地域",
        "u_building_coverage_ratio_ja": "",
        "u_floor_area_ratio_ja": "",
        "remark_name_ja": "",
        "future_use_purpose_name_ja": "",
        "remark_renovation_name_ja": ""
      }
    },
    {
      "type": "Feature",
      "geometry": {
        "type": "Point",
        "coordinates": [
          139.42421793937683,
          35.62522294756366
        ]
      },
      "properties": {
        "point_in_time_name_ja": "2025年第2四半期",
        "land_type_name_ja": "中古マンション等",
        "price_information_category_name_ja": "成約価格情報",
        "prefecture_name_ja": "東京都",
        "city_code": "13224",
        "city_name_ja": "多摩市",
        "district_code": "132240030",
        "district_name_ja": "落合",
        "use_category_name_ja": "",
        "u_transaction_price_total_ja": "1,300万円",
        "u_transaction_price_unit_price_square_meter_ja": "",
        "u_unit_price_per_tsubo_ja": "",
        "u_area_ja": "60㎡",
        "land_shape_name_ja": "",
        "u_land_frontage_ja": "",
        "building_use_name_ja": "",
        "building_structure_name_ja": "ＲＣ",
        "floor_plan_name_ja": "２ＬＤＫ",
        "u_building_total_floor_area_ja": "",
        "u_construction_year_ja": "1976年",
        "front_road_azimuth_name_ja": "",
        "u_front_road_width_ja": "",
        "front_road_type_name_ja": "",
        "land_use_name_ja": "第１種中高層住居専用地域",
        "u_building_coverage_ratio_ja": "",
        "u_floor_area_ratio_ja": "",
        "remark_name_ja": "",
        "future_use_purpose_name_ja": "",
        "remark_renovation_name_ja": ""
      }
    },
    {
      "type": "Feature",
      "geometry": {
        "type": "Point",
        "coordinates": [
          139.42421793937683,
          35.62522294756366
        ]
      },
      "properties": {
        "point_in_time_name_ja": "2025年第2四半期",
        "land_type_name_ja": "中古マンション等",
        "price_information_category_name_ja": "成約価格情報",
        "prefecture_name_ja": "東京都",
        "city_code": "13224",
        "city_name_ja": "多摩市",
        "district_code": "132240030",
        "district_name_ja": "落合",
        "use_category_name_ja": "",
        "u_transaction_price_total_ja": "8,400万円",
        "u_transaction_price_unit_price_square_meter_ja": "",
        "u_unit_price_per_tsubo_ja": "",
        "u_area_ja": "90㎡",
        "land_shape_name_ja": "",
        "u_land_frontage_ja": "",
        "building_use_name_ja": "",
        "building_structure_name_ja": "ＲＣ",
        "floor_plan_name_ja": "３ＬＤＫ",
        "u_building_total_floor_area_ja": "",
        "u_construction_year_ja": "2017年",
        "front_road_azimuth_name_ja": "",
        "u_front_road_width_ja": "",
        "front_road_type_name_ja": "",
        "land_use_name_ja": "商業地域",
        "u_building_coverage_ratio_ja": "",
        "u_floor_area_ratio_ja": "",
        "remark_name_ja": "",
        "future_use_purpose_name_ja": "",
        "remark_renovation_name_ja": ""
      }
    },
    {
      "type": "Feature",
      "geometry": {
        "type": "Point",
        "coordinates": [
          139.42421793937683,
          35.62522294756366
        ]
      },
      "properties": {
        "point_in_time_name_ja": "2025年第2四半期",
        "land_type_name_ja": "中古マンション等",
        "price_information_category_name_ja": "成約価格情報",
        "prefecture_name_ja": "東京都",
        "city_code": "13224",
        "city_name_ja": "多摩市",
        "district_code": "132240030",
        "district_name_ja": "落合",
        "use_category_name_ja": "",
        "u_transaction_price_total_ja": "1,300万円",
        "u_transaction_price_unit_price_square_meter_ja": "",
        "u_unit_price_per_tsubo_ja": "",
        "u_area_ja": "60㎡",
        "land_shape_name_ja": "",
        "u_land_frontage_ja": "",
        "building_use_name_ja": "",
        "building_structure_name_ja": "ＲＣ",
        "floor_plan_name_ja": "３ＤＫ",
        "u_building_total_floor_area_ja": "",
        "u_construction_year_ja": "1976年",
        "front_road_azimuth_name_ja": "",
        "u_front_road_width_ja": "",
        "front_road_type_name_ja": "",
        "land_use_name_ja": "第１種中高層住居専用地域",
        "u_building_coverage_ratio_ja": "",
        "u_floor_area_ratio_ja": "",
        "remark_name_ja": "",
        "future_use_purpose_name_ja": "",
        "remark_renovation_name_ja": ""
      }
    },
    {
      "type": "Feature",
      "geometry": {
        "type": "Point",
        "coordinates": [
          139.42421793937683,
          35.62522294756366
        ]
      },
      "properties": {
        "point_in_time_name_ja": "2025年第2四半期",
        "land_type_name_ja": "中古マンション等",
        "price_information_category_name_ja": "成約価格情報",
        "prefecture_name_ja": "東京都",
        "city_code": "13224",
        "city_name_ja": "多摩市",
        "district_code": "132240030",
        "district_name_ja": "落合",
        "use_category_name_ja": "",
        "u_transaction_price_total_ja": "5,900万円",
        "u_transaction_price_unit_price_square_meter_ja": "",
        "u_unit_price_per_tsubo_ja": "",
        "u_area_ja": "80㎡",
        "land_shape_name_ja": "",
        "u_land_frontage_ja": "",
        "building_use_name_ja": "",
        "building_structure_name_ja": "ＲＣ",
        "floor_plan_name_ja": "３ＬＤＫ",
        "u_building_total_floor_area_ja": "",
        "u_construction_year_ja": "2013年",
        "front_road_azimuth_name_ja": "",
        "u_front_road_width_ja": "",
        "front_road_type_name_ja": "",
        "land_use_name_ja": "商業地域",
        "u_building_coverage_ratio_ja": "",
        "u_floor_area_ratio_ja": "",
        "remark_name_ja": "",
        "future_use_purpose_name_ja": "",
        "remark_renovation_name_ja": ""
      }
    },
    {
      "type": "Feature",
      "geometry": {
        "type": "Point",
        "coordinates": [
          139.42421793937683,
          35.62522294756366
        ]
      },
      "properties": {
        "point_in_time_name_ja": "2025年第2四半期",
        "land_type_name_ja": "中古マンション等",
        "price_information_category_name_ja": "成約価格情報",
        "prefecture_name_ja": "東京都",
        "city_code": "13224",
        "city_name_ja": "多摩市",
        "district_code": "132240030",
        "district_name_ja": "落合",
        "use_category_name_ja": "",
        "u_transaction_price_total_ja": "7,200万円",
        "u_transaction_price_unit_price_square_meter_ja": "",
        "u_unit_price_per_tsubo_ja": "",
        "u_area_ja": "90㎡",
        "land_shape_name_ja": "",
        "u_land_frontage_ja": "",
        "building_use_name_ja": "",
        "building_structure_name_ja": "ＲＣ",
        "floor_plan_name_ja": "３ＬＤＫ",
        "u_building_total_floor_area_ja": "",
        "u_construction_year_ja": "2006年",
        "front_road_azimuth_name_ja": "",
        "u_front_road_width_ja": "",
        "front_road_type_name_ja": "",
        "land_use_name_ja": "商業地域",
        "u_building_coverage_ratio_ja": "",
        "u_floor_area_ratio_ja": "",
        "remark_name_ja": "",
        "future_use_purpose_name_ja": "",
        "remark_renovation_name_ja": ""
      }
    },
    {
      "type": "Feature",
      "geometry": {
        "type": "Point",
        "coordinates": [
          139.42421793937683,
          35.62522294756366
        ]
      },
      "properties": {
        "point_in_time_name_ja": "2025年第2四半期",
        "land_type_name_ja": "中古マンション等",
        "price_information_category_name_ja": "成約価格情報",
        "prefecture_name_ja": "東京都",
        "city_code": "13224",
        "city_name_ja": "多摩市",
        "district_code": "132240030",
        "district_name_ja": "落合",
        "use_category_name_ja": "",
        "u_transaction_price_total_ja": "2,900万円",
        "u_transaction_price_unit_price_square_meter_ja": "",
        "u_unit_price_per_tsubo_ja": "",
        "u_area_ja": "55㎡",
        "land_shape_name_ja": "",
        "u_land_frontage_ja": "",
        "building_use_name_ja": "",
        "building_structure_name_ja": "ＲＣ",
        "floor_plan_name_ja": "２ＬＤＫ",
        "u_building_total_floor_area_ja": "",
        "u_construction_year_ja": "2000年",
        "front_road_azimuth_name_ja": "",
        "u_front_road_width_ja": "",
        "front_road_type_name_ja": "",
        "land_use_name_ja": "近隣商業地域",
        "u_building_coverage_ratio_ja": "",
        "u_floor_area_ratio_ja": "",
        "remark_name_ja": "",
        "future_use_purpose_name_ja": "",
        "remark_renovation_name_ja": ""
      }
    },
    {
      "type": "Feature",
      "geometry": {
        "type": "Point",
        "coordinates": [
          139.42421793937683,
          35.62522294756366
        ]
      },
      "properties": {
        "point_in_time_name_ja": "2025年第2四半期",
        "land_type_name_ja": "中古マンション等",
        "price_information_category_name_ja": "成約価格情報",
        "prefecture_name_ja": "東京都",
        "city_code": "13224",
        "city_name_ja": "多摩市",
        "district_code": "132240030",
        "district_name_ja": "落合",
        "use_category_name_ja": "",
        "u_transaction_price_total_ja": "4,200万円",
        "u_transaction_price_unit_price_square_meter_ja": "",
        "u_unit_price_per_tsubo_ja": "",
        "u_area_ja": "65㎡",
        "land_shape_name_ja": "",
        "u_land_frontage_ja": "",
        "building_use_name_ja": "",
        "building_structure_name_ja": "ＲＣ",
        "floor_plan_name_ja": "３ＬＤＫ",
        "u_building_total_floor_area_ja": "",
        "u_construction_year_ja": "2013年",
        "front_road_azimuth_name_ja": "",
        "u_front_road_width_ja": "",
        "front_road_type_name_ja": "",
        "land_use_name_ja": "近隣商業地域",
        "u_building_coverage_ratio_ja": "",
        "u_floor_area_ratio_ja": "",
        "remark_name_ja": "",
        "future_use_purpose_name_ja": "",
        "remark_renovation_name_ja": ""
      }
    },
    {
      "type": "Feature",
      "geometry": {
        "type": "Point",
        "coordinates": [
          139.42421793937683,
          35.62522294756366
        ]
      },
      "properties": {
        "point_in_time_name_ja": "2025年第2四半期",
        "land_type_name_ja": "中古マンション等",
        "price_information_category_name_ja": "成約価格情報",
        "prefecture_name_ja": "東京都",
        "city_code": "13224",
        "city_name_ja": "多摩市",
        "district_code": "132240030",
        "district_name_ja": "落合",
        "use_category_name_ja": "",
        "u_transaction_price_total_ja": "3,300万円",
        "u_transaction_price_unit_price_square_meter_ja": "",
        "u_unit_price_per_tsubo_ja": "",
        "u_area_ja": "70㎡",
        "land_shape_name_ja": "",
        "u_land_frontage_ja": "",
        "building_use_name_ja": "",
        "building_structure_name_ja": "ＲＣ",
        "floor_plan_name_ja": "２ＬＤＫ＋Ｓ",
        "u_building_total_floor_area_ja": "",
        "u_construction_year_ja": "2002年",
        "front_road_azimuth_name_ja": "",
        "u_front_road_width_ja": "",
        "front_road_type_name_ja": "",
        "land_use_name_ja": "第２種住居地域",
        "u_building_coverage_ratio_ja": "",
        "u_floor_area_ratio_ja": "",
        "remark_name_ja": "",
        "future_use_purpose_name_ja": "",
        "remark_renovation_name_ja": ""
      }
    },
    {
      "type": "Feature",
      "geometry": {
        "type": "Point",
        "coordinates": [
          139.42421793937683,
          35.62522294756366
        ]
      },
      "properties": {
        "point_in_time_name_ja": "2025年第2四半期",
        "land_type_name_ja": "中古マンション等",
        "price_information_category_name_ja": "成約価格情報",
        "prefecture_name_ja": "東京都",
        "city_code": "13224",
        "city_name_ja": "多摩市",
        "district_code": "132240030",
        "district_name_ja": "落合",
        "use_category_name_ja": "",
        "u_transaction_price_total_ja": "7,200万円",
        "u_transaction_price_unit_price_square_meter_ja": "",
        "u_unit_price_per_tsubo_ja": "",
        "u_area_ja": "90㎡",
        "land_shape_name_ja": "",
        "u_land_frontage_ja": "",
        "building_use_name_ja": "",
        "building_structure_name_ja": "ＲＣ",
        "floor_plan_name_ja": "３ＬＤＫ",
        "u_building_total_floor_area_ja": "",
        "u_construction_year_ja": "2006年",
        "front_road_azimuth_name_ja": "",
        "u_front_road_width_ja": "",
        "front_road_type_name_ja": "",
        "land_use_name_ja": "商業地域",
        "u_building_coverage_ratio_ja": "",
        "u_floor_area_ratio_ja": "",
        "remark_name_ja": "",
        "future_use_purpose_name_ja": "",
        "remark_renovation_name_ja": ""
      }
    },
    {
      "type": "Feature",
      "geometry": {
        "type": "Point",
        "coordinates": [
          139.42421793937683,
          35.62522294756366
        ]
      },
      "properties": {
        "point_in_time_name_ja": "2025年第2四半期",
        "land_type_name_ja": "中古マンション等",
        "price_information_category_name_ja": "成約価格情報",
        "prefecture_name_ja": "東京都",
        "city_code": "13224",
        "city_name_ja": "多摩市",
        "district_code": "132240030",
        "district_name_ja": "落合",
        "use_category_name_ja": "",
        "u_transaction_price_total_ja": "680万円",
        "u_transaction_price_unit_price_square_meter_ja": "",
        "u_unit_price_per_tsubo_ja": "",
        "u_area_ja": "60㎡",
        "land_shape_name_ja": "",
        "u_land_frontage_ja": "",
        "building_use_name_ja": "",
        "building_structure_name_ja": "ＲＣ",
        "floor_plan_name_ja": "３ＤＫ",
        "u_building_total_floor_area_ja": "",
        "u_construction_year_ja": "1976年",
        "front_road_azimuth_name_ja": "",
        "u_front_road_width_ja": "",
        "front_road_type_name_ja": "",
        "land_use_name_ja": "第１種中高層住居専用地域",
        "u_building_coverage_ratio_ja": "",
        "u_floor_area_ratio_ja": "",
        "remark_name_ja": "",
        "future_use_purpose_name_ja": "",
        "remark_renovation_name_ja": ""
      }
    },
    {
      "type": "Feature",
      "geometry": {
        "type": "Point",
        "coordinates": [
          139.42421793937683,
          35.62522294756366
        ]
      },
      "properties": {
        "point_in_time_name_ja": "2025年第3四半期",
        "land_type_name_ja": "中古マンション等",
        "price_information_category_name_ja": "成約価格情報",
        "prefecture_name_ja": "東京都",
        "city_code": "13224",
        "city_name_ja": "多摩市",
        "district_code": "132240030",
        "district_name_ja": "落合",
        "use_category_name_ja": "",
        "u_transaction_price_total_ja": "1,300万円",
        "u_transaction_price_unit_price_square_meter_ja": "",
        "u_unit_price_per_tsubo_ja": "",
        "u_area_ja": "65㎡",
        "land_shape_name_ja": "",
        "u_land_frontage_ja": "",
        "building_use_name_ja": "",
        "building_structure_name_ja": "ＲＣ",
        "floor_plan_name_ja": "２ＬＤＫ",
        "u_building_total_floor_area_ja": "",
        "u_construction_year_ja": "1976年",
        "front_road_azimuth_name_ja": "",
        "u_front_road_width_ja": "",
        "front_road_type_name_ja": "",
        "land_use_name_ja": "第１種中高層住居専用地域",
        "u_building_coverage_ratio_ja": "",
        "u_floor_area_ratio_ja": "",
        "remark_name_ja": "",
        "future_use_purpose_name_ja": "",
        "remark_renovation_name_ja": ""
      }
    },
    {
      "type": "Feature",
      "geometry": {
        "type": "Point",
        "coordinates": [
          139.42421793937683,
          35.62522294756366
        ]
      },
      "properties": {
        "point_in_time_name_ja": "2025年第3四半期",
        "land_type_name_ja": "中古マンション等",
        "price_information_category_name_ja": "成約価格情報",
        "prefecture_name_ja": "東京都",
        "city_code": "13224",
        "city_name_ja": "多摩市",
        "district_code": "132240030",
        "district_name_ja": "落合",
        "use_category_name_ja": "",
        "u_transaction_price_total_ja": "4,500万円",
        "u_transaction_price_unit_price_square_meter_ja": "",
        "u_unit_price_per_tsubo_ja": "",
        "u_area_ja": "85㎡",
        "land_shape_name_ja": "",
        "u_land_frontage_ja": "",
        "building_use_name_ja": "",
        "building_structure_name_ja": "ＲＣ",
        "floor_plan_name_ja": "３ＬＤＫ",
        "u_building_total_floor_area_ja": "",
        "u_construction_year_ja": "2007年",
        "front_road_azimuth_name_ja": "",
        "u_front_road_width_ja": "",
        "front_road_type_name_ja": "",
        "land_use_name_ja": "第２種住居地域",
        "u_building_coverage_ratio_ja": "",
        "u_floor_area_ratio_ja": "",
        "remark_name_ja": "",
        "future_use_purpose_name_ja": "",
        "remark_renovation_name_ja": ""
      }
    },
    {
      "type": "Feature",
      "geometry": {
        "type": "Point",
        "coordinates": [
          139.42421793937683,
          35.62522294756366
        ]
      },
      "properties": {
        "point_in_time_name_ja": "2025年第3四半期",
        "land_type_name_ja": "中古マンション等",
        "price_information_category_name_ja": "成約価格情報",
        "prefecture_name_ja": "東京都",
        "city_code": "13224",
        "city_name_ja": "多摩市",
        "district_code": "132240030",
        "district_name_ja": "落合",
        "use_category_name_ja": "",
        "u_transaction_price_total_ja": "1,000万円",
        "u_transaction_price_unit_price_square_meter_ja": "",
        "u_unit_price_per_tsubo_ja": "",
        "u_area_ja": "65㎡",
        "land_shape_name_ja": "",
        "u_land_frontage_ja": "",
        "building_use_name_ja": "",
        "building_structure_name_ja": "ＲＣ",
        "floor_plan_name_ja": "３ＤＫ",
        "u_building_total_floor_area_ja": "",
        "u_construction_year_ja": "1978年",
        "front_road_azimuth_name_ja": "",
        "u_front_road_width_ja": "",
        "front_road_type_name_ja": "",
        "land_use_name_ja": "第１種中高層住居専用地域",
        "u_building_coverage_ratio_ja": "",
        "u_floor_area_ratio_ja": "",
        "remark_name_ja": "",
        "future_use_purpose_name_ja": "",
        "remark_renovation_name_ja": ""
      }
    },
    {
      "type": "Feature",
      "geometry": {
        "type": "Point",
        "coordinates": [
          139.42421793937683,
          35.62522294756366
        ]
      },
      "properties": {
        "point_in_time_name_ja": "2025年第3四半期",
        "land_type_name_ja": "中古マンション等",
        "price_information_category_name_ja": "成約価格情報",
        "prefecture_name_ja": "東京都",
        "city_code": "13224",
        "city_name_ja": "多摩市",
        "district_code": "132240030",
        "district_name_ja": "落合",
        "use_category_name_ja": "",
        "u_transaction_price_total_ja": "4,800万円",
        "u_transaction_price_unit_price_square_meter_ja": "",
        "u_unit_price_per_tsubo_ja": "",
        "u_area_ja": "70㎡",
        "land_shape_name_ja": "",
        "u_land_frontage_ja": "",
        "building_use_name_ja": "",
        "building_structure_name_ja": "ＲＣ",
        "floor_plan_name_ja": "３ＬＤＫ",
        "u_building_total_floor_area_ja": "",
        "u_construction_year_ja": "2007年",
        "front_road_azimuth_name_ja": "",
        "u_front_road_width_ja": "",
        "front_road_type_name_ja": "",
        "land_use_name_ja": "第２種住居地域",
        "u_building_coverage_ratio_ja": "",
        "u_floor_area_ratio_ja": "",
        "remark_name_ja": "",
        "future_use_purpose_name_ja": "",
        "remark_renovation_name_ja": "改装済み"
      }
    },
    {
      "type": "Feature",
      "geometry": {
        "type": "Point",
        "coordinates": [
          139.42421793937683,
          35.62522294756366
        ]
      },
      "properties": {
        "point_in_time_name_ja": "2025年第4四半期",
        "land_type_name_ja": "中古マンション等",
        "price_information_category_name_ja": "成約価格情報",
        "prefecture_name_ja": "東京都",
        "city_code": "13224",
        "city_name_ja": "多摩市",
        "district_code": "132240030",
        "district_name_ja": "落合",
        "use_category_name_ja": "",
        "u_transaction_price_total_ja": "630万円",
        "u_transaction_price_unit_price_square_meter_ja": "",
        "u_unit_price_per_tsubo_ja": "",
        "u_area_ja": "60㎡",
        "land_shape_name_ja": "",
        "u_land_frontage_ja": "",
        "building_use_name_ja": "",
        "building_structure_name_ja": "ＲＣ",
        "floor_plan_name_ja": "３ＤＫ",
        "u_building_total_floor_area_ja": "",
        "u_construction_year_ja": "1976年",
        "front_road_azimuth_name_ja": "",
        "u_front_road_width_ja": "",
        "front_road_type_name_ja": "",
        "land_use_name_ja": "第１種中高層住居専用地域",
        "u_building_coverage_ratio_ja": "",
        "u_floor_area_ratio_ja": "",
        "remark_name_ja": "",
        "future_use_purpose_name_ja": "",
        "remark_renovation_name_ja": ""
      }
    },
    {
      "type": "Feature",
      "geometry": {
        "type": "Point",
        "coordinates": [
          139.42421793937683,
          35.62522294756366
        ]
      },
      "properties": {
        "point_in_time_name_ja": "2025年第4四半期",
        "land_type_name_ja": "中古マンション等",
        "price_information_category_name_ja": "成約価格情報",
        "prefecture_name_ja": "東京都",
        "city_code": "13224",
        "city_name_ja": "多摩市",
        "district_code": "132240030",
        "district_name_ja": "落合",
        "use_category_name_ja": "",
        "u_transaction_price_total_ja": "7,800万円",
        "u_transaction_price_unit_price_square_meter_ja": "",
        "u_unit_price_per_tsubo_ja": "",
        "u_area_ja": "90㎡",
        "land_shape_name_ja": "",
        "u_land_frontage_ja": "",
        "building_use_name_ja": "",
        "building_structure_name_ja": "ＲＣ",
        "floor_plan_name_ja": "３ＬＤＫ",
        "u_building_total_floor_area_ja": "",
        "u_construction_year_ja": "2006年",
        "front_road_azimuth_name_ja": "",
        "u_front_road_width_ja": "",
        "front_road_type_name_ja": "",
        "land_use_name_ja": "商業地域",
        "u_building_coverage_ratio_ja": "",
        "u_floor_area_ratio_ja": "",
        "remark_name_ja": "",
        "future_use_purpose_name_ja": "",
        "remark_renovation_name_ja": ""
      }
    },
    {
      "type": "Feature",
      "geometry": {
        "type": "Point",
        "coordinates": [
          139.42421793937683,
          35.62522294756366
        ]
      },
      "properties": {
        "point_in_time_name_ja": "2025年第4四半期",
        "land_type_name_ja": "中古マンション等",
        "price_information_category_name_ja": "成約価格情報",
        "prefecture_name_ja": "東京都",
        "city_code": "13224",
        "city_name_ja": "多摩市",
        "district_code": "132240030",
        "district_name_ja": "落合",
        "use_category_name_ja": "",
        "u_transaction_price_total_ja": "2,700万円",
        "u_transaction_price_unit_price_square_meter_ja": "",
        "u_unit_price_per_tsubo_ja": "",
        "u_area_ja": "70㎡",
        "land_shape_name_ja": "",
        "u_land_frontage_ja": "",
        "building_use_name_ja": "",
        "building_structure_name_ja": "ＲＣ",
        "floor_plan_name_ja": "３ＬＤＫ",
        "u_building_total_floor_area_ja": "",
        "u_construction_year_ja": "1995年",
        "front_road_azimuth_name_ja": "",
        "u_front_road_width_ja": "",
        "front_road_type_name_ja": "",
        "land_use_name_ja": "第２種中高層住居専用地域",
        "u_building_coverage_ratio_ja": "",
        "u_floor_area_ratio_ja": "",
        "remark_name_ja": "",
        "future_use_purpose_name_ja": "",
        "remark_renovation_name_ja": ""
      }
    },
    {
      "type": "Feature",
      "geometry": {
        "type": "Point",
        "coordinates": [
          139.42421793937683,
          35.62522294756366
        ]
      },
      "properties": {
        "point_in_time_name_ja": "2025年第4四半期",
        "land_type_name_ja": "中古マンション等",
        "price_information_category_name_ja": "成約価格情報",
        "prefecture_name_ja": "東京都",
        "city_code": "13224",
        "city_name_ja": "多摩市",
        "district_code": "132240030",
        "district_name_ja": "落合",
        "use_category_name_ja": "",
        "u_transaction_price_total_ja": "1,300万円",
        "u_transaction_price_unit_price_square_meter_ja": "",
        "u_unit_price_per_tsubo_ja": "",
        "u_area_ja": "65㎡",
        "land_shape_name_ja": "",
        "u_land_frontage_ja": "",
        "building_use_name_ja": "",
        "building_structure_name_ja": "ＲＣ",
        "floor_plan_name_ja": "３ＤＫ",
        "u_building_total_floor_area_ja": "",
        "u_construction_year_ja": "1976年",
        "front_road_azimuth_name_ja": "",
        "u_front_road_width_ja": "",
        "front_road_type_name_ja": "",
        "land_use_name_ja": "第１種中高層住居専用地域",
        "u_building_coverage_ratio_ja": "",
        "u_floor_area_ratio_ja": "",
        "remark_name_ja": "",
        "future_use_purpose_name_ja": "",
        "remark_renovation_name_ja": ""
      }
    },
    {
      "type": "Feature",
      "geometry": {
        "type": "Point",
        "coordinates": [
          139.42421793937683,
          35.62522294756366
        ]
      },
      "properties": {
        "point_in_time_name_ja": "2025年第4四半期",
        "land_type_name_ja": "中古マンション等",
        "price_information_category_name_ja": "成約価格情報",
        "prefecture_name_ja": "東京都",
        "city_code": "13224",
        "city_name_ja": "多摩市",
        "district_code": "132240030",
        "district_name_ja": "落合",
        "use_category_name_ja": "",
        "u_transaction_price_total_ja": "1,500万円",
        "u_transaction_price_unit_price_square_meter_ja": "",
        "u_unit_price_per_tsubo_ja": "",
        "u_area_ja": "75㎡",
        "land_shape_name_ja": "",
        "u_land_frontage_ja": "",
        "building_use_name_ja": "",
        "building_structure_name_ja": "ＲＣ",
        "floor_plan_name_ja": "３ＬＤＫ",
        "u_building_total_floor_area_ja": "",
        "u_construction_year_ja": "1978年",
        "front_road_azimuth_name_ja": "",
        "u_front_road_width_ja": "",
        "front_road_type_name_ja": "",
        "land_use_name_ja": "第１種中高層住居専用地域",
        "u_building_coverage_ratio_ja": "",
        "u_floor_area_ratio_ja": "",
        "remark_name_ja": "",
        "future_use_purpose_name_ja": "",
        "remark_renovation_name_ja": ""
      }
    },
    {
      "type": "Feature",
      "geometry": {
        "type": "Point",
        "coordinates": [
          139.42421793937683,
          35.62522294756366
        ]
      },
      "properties": {
        "point_in_time_name_ja": "2025年第4四半期",
        "land_type_name_ja": "中古マンション等",
        "price_information_category_name_ja": "成約価格情報",
        "prefecture_name_ja": "東京都",
        "city_code": "13224",
        "city_name_ja": "多摩市",
        "district_code": "132240030",
        "district_name_ja": "落合",
        "use_category_name_ja": "",
        "u_transaction_price_total_ja": "1,500万円",
        "u_transaction_price_unit_price_square_meter_ja": "",
        "u_unit_price_per_tsubo_ja": "",
        "u_area_ja": "80㎡",
        "land_shape_name_ja": "",
        "u_land_frontage_ja": "",
        "building_use_name_ja": "",
        "building_structure_name_ja": "ＲＣ",
        "floor_plan_name_ja": "３ＬＤＫ",
        "u_building_total_floor_area_ja": "",
        "u_construction_year_ja": "1984年",
        "front_road_azimuth_name_ja": "",
        "u_front_road_width_ja": "",
        "front_road_type_name_ja": "",
        "land_use_name_ja": "第２種中高層住居専用地域",
        "u_building_coverage_ratio_ja": "",
        "u_floor_area_ratio_ja": "",
        "remark_name_ja": "",
        "future_use_purpose_name_ja": "",
        "remark_renovation_name_ja": "改装済み"
      }
    },
    {
      "type": "Feature",
      "geometry": {
        "type": "Point",
        "coordinates": [
          139.42421793937683,
          35.62522294756366
        ]
      },
      "properties": {
        "point_in_time_name_ja": "2025年第4四半期",
        "land_type_name_ja": "中古マンション等",
        "price_information_category_name_ja": "成約価格情報",
        "prefecture_name_ja": "東京都",
        "city_code": "13224",
        "city_name_ja": "多摩市",
        "district_code": "132240030",
        "district_name_ja": "落合",
        "use_category_name_ja": "",
        "u_transaction_price_total_ja": "3,500万円",
        "u_transaction_price_unit_price_square_meter_ja": "",
        "u_unit_price_per_tsubo_ja": "",
        "u_area_ja": "65㎡",
        "land_shape_name_ja": "",
        "u_land_frontage_ja": "",
        "building_use_name_ja": "",
        "building_structure_name_ja": "ＲＣ",
        "floor_plan_name_ja": "２ＬＤＫ",
        "u_building_total_floor_area_ja": "",
        "u_construction_year_ja": "2007年",
        "front_road_azimuth_name_ja": "",
        "u_front_road_width_ja": "",
        "front_road_type_name_ja": "",
        "land_use_name_ja": "第２種住居地域",
        "u_building_coverage_ratio_ja": "",
        "u_floor_area_ratio_ja": "",
        "remark_name_ja": "",
        "future_use_purpose_name_ja": "",
        "remark_renovation_name_ja": ""
      }
    },
    {
      "type": "Feature",
      "geometry": {
        "type": "Point",
        "coordinates": [
          139.42421793937683,
          35.62522294756366
        ]
      },
      "properties": {
        "point_in_time_name_ja": "2025年第4四半期",
        "land_type_name_ja": "中古マンション等",
        "price_information_category_name_ja": "成約価格情報",
        "prefecture_name_ja": "東京都",
        "city_code": "13224",
        "city_name_ja": "多摩市",
        "district_code": "132240030",
        "district_name_ja": "落合",
        "use_category_name_ja": "",
        "u_transaction_price_total_ja": "1,300万円",
        "u_transaction_price_unit_price_square_meter_ja": "",
        "u_unit_price_per_tsubo_ja": "",
        "u_area_ja": "60㎡",
        "land_shape_name_ja": "",
        "u_land_frontage_ja": "",
        "building_use_name_ja": "",
        "building_structure_name_ja": "ＲＣ",
        "floor_plan_name_ja": "２ＬＤＫ",
        "u_building_total_floor_area_ja": "",
        "u_construction_year_ja": "1976年",
        "front_road_azimuth_name_ja": "",
        "u_front_road_width_ja": "",
        "front_road_type_name_ja": "",
        "land_use_name_ja": "第１種中高層住居専用地域",
        "u_building_coverage_ratio_ja": "",
        "u_floor_area_ratio_ja": "",
        "remark_name_ja": "",
        "future_use_purpose_name_ja": "",
        "remark_renovation_name_ja": ""
      }
    },
    {
      "type": "Feature",
      "geometry": {
        "type": "Point",
        "coordinates": [
          139.42421793937683,
          35.62522294756366
        ]
      },
      "properties": {
        "point_in_time_name_ja": "2025年第4四半期",
        "land_type_name_ja": "中古マンション等",
        "price_information_category_name_ja": "成約価格情報",
        "prefecture_name_ja": "東京都",
        "city_code": "13224",
        "city_name_ja": "多摩市",
        "district_code": "132240030",
        "district_name_ja": "落合",
        "use_category_name_ja": "",
        "u_transaction_price_total_ja": "2,200万円",
        "u_transaction_price_unit_price_square_meter_ja": "",
        "u_unit_price_per_tsubo_ja": "",
        "u_area_ja": "85㎡",
        "land_shape_name_ja": "",
        "u_land_frontage_ja": "",
        "building_use_name_ja": "",
        "building_structure_name_ja": "ＲＣ",
        "floor_plan_name_ja": "３ＬＤＫ",
        "u_building_total_floor_area_ja": "",
        "u_construction_year_ja": "1984年",
        "front_road_azimuth_name_ja": "",
        "u_front_road_width_ja": "",
        "front_road_type_name_ja": "",
        "land_use_name_ja": "第１種中高層住居専用地域",
        "u_building_coverage_ratio_ja": "",
        "u_floor_area_ratio_ja": "",
        "remark_name_ja": "",
        "future_use_purpose_name_ja": "",
        "remark_renovation_name_ja": ""
      }
    },
    {
      "type": "Feature",
      "geometry": {
        "type": "Point",
        "coordinates": [
          139.42421793937683,
          35.62522294756366
        ]
      },
      "properties": {
        "point_in_time_name_ja": "2025年第4四半期",
        "land_type_name_ja": "中古マンション等",
        "price_information_category_name_ja": "成約価格情報",
        "prefecture_name_ja": "東京都",
        "city_code": "13224",
        "city_name_ja": "多摩市",
        "district_code": "132240030",
        "district_name_ja": "落合",
        "use_category_name_ja": "",
        "u_transaction_price_total_ja": "650万円",
        "u_transaction_price_unit_price_square_meter_ja": "",
        "u_unit_price_per_tsubo_ja": "",
        "u_area_ja": "65㎡",
        "land_shape_name_ja": "",
        "u_land_frontage_ja": "",
        "building_use_name_ja": "",
        "building_structure_name_ja": "ＲＣ",
        "floor_plan_name_ja": "３ＤＫ",
        "u_building_total_floor_area_ja": "",
        "u_construction_year_ja": "1978年",
        "front_road_azimuth_name_ja": "",
        "u_front_road_width_ja": "",
        "front_road_type_name_ja": "",
        "land_use_name_ja": "第１種中高層住居専用地域",
        "u_building_coverage_ratio_ja": "",
        "u_floor_area_ratio_ja": "",
        "remark_name_ja": "",
        "future_use_purpose_name_ja": "",
        "remark_renovation_name_ja": ""
      }
    },
    {
      "type": "Feature",
      "geometry": {
        "type": "Point",
        "coordinates": [
          139.42421793937683,
          35.62522294756366
        ]
      },
      "properties": {
        "point_in_time_name_ja": "2025年第4四半期",
        "land_type_name_ja": "中古マンション等",
        "price_information_category_name_ja": "成約価格情報",
        "prefecture_name_ja": "東京都",
        "city_code": "13224",
        "city_name_ja": "多摩市",
        "district_code": "132240030",
        "district_name_ja": "落合",
        "use_category_name_ja": "",
        "u_transaction_price_total_ja": "2,500万円",
        "u_transaction_price_unit_price_square_meter_ja": "",
        "u_unit_price_per_tsubo_ja": "",
        "u_area_ja": "90㎡",
        "land_shape_name_ja": "",
        "u_land_frontage_ja": "",
        "building_use_name_ja": "",
        "building_structure_name_ja": "ＲＣ",
        "floor_plan_name_ja": "３ＬＤＫ",
        "u_building_total_floor_area_ja": "",
        "u_construction_year_ja": "1984年",
        "front_road_azimuth_name_ja": "",
        "u_front_road_width_ja": "",
        "front_road_type_name_ja": "",
        "land_use_name_ja": "第１種中高層住居専用地域",
        "u_building_coverage_ratio_ja": "",
        "u_floor_area_ratio_ja": "",
        "remark_name_ja": "",
        "future_use_purpose_name_ja": "",
        "remark_renovation_name_ja": ""
      }
    },
    {
      "type": "Feature",
      "geometry": {
        "type": "Point",
        "coordinates": [
          139.42421793937683,
          35.62522294756366
        ]
      },
      "properties": {
        "point_in_time_name_ja": "2025年第4四半期",
        "land_type_name_ja": "中古マンション等",
        "price_information_category_name_ja": "成約価格情報",
        "prefecture_name_ja": "東京都",
        "city_code": "13224",
        "city_name_ja": "多摩市",
        "district_code": "132240030",
        "district_name_ja": "落合",
        "use_category_name_ja": "",
        "u_transaction_price_total_ja": "5,000万円",
        "u_transaction_price_unit_price_square_meter_ja": "",
        "u_unit_price_per_tsubo_ja": "",
        "u_area_ja": "95㎡",
        "land_shape_name_ja": "",
        "u_land_frontage_ja": "",
        "building_use_name_ja": "",
        "building_structure_name_ja": "ＲＣ",
        "floor_plan_name_ja": "４ＬＤＫ",
        "u_building_total_floor_area_ja": "",
        "u_construction_year_ja": "2005年",
        "front_road_azimuth_name_ja": "",
        "u_front_road_width_ja": "",
        "front_road_type_name_ja": "",
        "land_use_name_ja": "商業地域",
        "u_building_coverage_ratio_ja": "",
        "u_floor_area_ratio_ja": "",
        "remark_name_ja": "",
        "future_use_purpose_name_ja": "",
        "remark_renovation_name_ja": ""
      }
    },
    {
      "type": "Feature",
      "geometry": {
        "type": "Point",
        "coordinates": [
          139.42421793937683,
          35.62522294756366
        ]
      },
      "properties": {
        "point_in_time_name_ja": "2025年第4四半期",
        "land_type_name_ja": "中古マンション等",
        "price_information_category_name_ja": "成約価格情報",
        "prefecture_name_ja": "東京都",
        "city_code": "13224",
        "city_name_ja": "多摩市",
        "district_code": "132240030",
        "district_name_ja": "落合",
        "use_category_name_ja": "",
        "u_transaction_price_total_ja": "2,500万円",
        "u_transaction_price_unit_price_square_meter_ja": "",
        "u_unit_price_per_tsubo_ja": "",
        "u_area_ja": "125㎡",
        "land_shape_name_ja": "",
        "u_land_frontage_ja": "",
        "building_use_name_ja": "",
        "building_structure_name_ja": "ＲＣ",
        "floor_plan_name_ja": "４ＬＤＫ",
        "u_building_total_floor_area_ja": "",
        "u_construction_year_ja": "1985年",
        "front_road_azimuth_name_ja": "",
        "u_front_road_width_ja": "",
        "front_road_type_name_ja": "",
        "land_use_name_ja": "第１種中高層住居専用地域",
        "u_building_coverage_ratio_ja": "",
        "u_floor_area_ratio_ja": "",
        "remark_name_ja": "",
        "future_use_purpose_name_ja": "",
        "remark_renovation_name_ja": ""
      }
    },
    {
      "type": "Feature",
      "geometry": {
        "type": "Point",
        "coordinates": [
          139.42421793937683,
          35.62522294756366
        ]
      },
      "properties": {
        "point_in_time_name_ja": "2025年第4四半期",
        "land_type_name_ja": "中古マンション等",
        "price_information_category_name_ja": "成約価格情報",
        "prefecture_name_ja": "東京都",
        "city_code": "13224",
        "city_name_ja": "多摩市",
        "district_code": "132240030",
        "district_name_ja": "落合",
        "use_category_name_ja": "",
        "u_transaction_price_total_ja": "7,100万円",
        "u_transaction_price_unit_price_square_meter_ja": "",
        "u_unit_price_per_tsubo_ja": "",
        "u_area_ja": "70㎡",
        "land_shape_name_ja": "",
        "u_land_frontage_ja": "",
        "building_use_name_ja": "",
        "building_structure_name_ja": "ＲＣ",
        "floor_plan_name_ja": "３ＬＤＫ",
        "u_building_total_floor_area_ja": "",
        "u_construction_year_ja": "2017年",
        "front_road_azimuth_name_ja": "",
        "u_front_road_width_ja": "",
        "front_road_type_name_ja": "",
        "land_use_name_ja": "商業地域",
        "u_building_coverage_ratio_ja": "",
        "u_floor_area_ratio_ja": "",
        "remark_name_ja": "",
        "future_use_purpose_name_ja": "",
        "remark_renovation_name_ja": ""
      }
    },
    {
      "type": "Feature",
      "geometry": {
        "type": "Point",
        "coordinates": [
          139.42421793937683,
          35.62522294756366
        ]
      },
      "properties": {
        "point_in_time_name_ja": "2025年第1四半期",
        "land_type_name_ja": "中古マンション等",
        "price_information_category_name_ja": "成約価格情報",
        "prefecture_name_ja": "東京都",
        "city_code": "13224",
        "city_name_ja": "多摩市",
        "district_code": "132240010",
        "district_name_ja": "愛宕",
        "use_category_name_ja": "",
        "u_transaction_price_total_ja": "1,700万円",
        "u_transaction_price_unit_price_square_meter_ja": "",
        "u_unit_price_per_tsubo_ja": "",
        "u_area_ja": "60㎡",
        "land_shape_name_ja": "",
        "u_land_frontage_ja": "",
        "building_use_name_ja": "",
        "building_structure_name_ja": "ＲＣ",
        "floor_plan_name_ja": "１ＬＤＫ",
        "u_building_total_floor_area_ja": "",
        "u_construction_year_ja": "1992年",
        "front_road_azimuth_name_ja": "",
        "u_front_road_width_ja": "",
        "front_road_type_name_ja": "",
        "land_use_name_ja": "第１種中高層住居専用地域",
        "u_building_coverage_ratio_ja": "",
        "u_floor_area_ratio_ja": "",
        "remark_name_ja": "",
        "future_use_purpose_name_ja": "",
        "remark_renovation_name_ja": ""
      }
    },
    {
      "type": "Feature",
      "geometry": {
        "type": "Point",
        "coordinates": [
          139.42421793937683,
          35.62522294756366
        ]
      },
      "properties": {
        "point_in_time_name_ja": "2025年第1四半期",
        "land_type_name_ja": "中古マンション等",
        "price_information_category_name_ja": "成約価格情報",
        "prefecture_name_ja": "東京都",
        "city_code": "13224",
        "city_name_ja": "多摩市",
        "district_code": "132240130",
        "district_name_ja": "豊ケ丘",
        "use_category_name_ja": "",
        "u_transaction_price_total_ja": "900万円",
        "u_transaction_price_unit_price_square_meter_ja": "",
        "u_unit_price_per_tsubo_ja": "",
        "u_area_ja": "60㎡",
        "land_shape_name_ja": "",
        "u_land_frontage_ja": "",
        "building_use_name_ja": "",
        "building_structure_name_ja": "ＲＣ",
        "floor_plan_name_ja": "３ＤＫ",
        "u_building_total_floor_area_ja": "",
        "u_construction_year_ja": "1981年",
        "front_road_azimuth_name_ja": "",
        "u_front_road_width_ja": "",
        "front_road_type_name_ja": "",
        "land_use_name_ja": "第２種中高層住居専用地域",
        "u_building_coverage_ratio_ja": "",
        "u_floor_area_ratio_ja": "",
        "remark_name_ja": "",
        "future_use_purpose_name_ja": "",
        "remark_renovation_name_ja": "改装済み"
      }
    },
    {
      "type": "Feature",
      "geometry": {
        "type": "Point",
        "coordinates": [
          139.42421793937683,
          35.62522294756366
        ]
      },
      "properties": {
        "point_in_time_name_ja": "2025年第1四半期",
        "land_type_name_ja": "中古マンション等",
        "price_information_category_name_ja": "成約価格情報",
        "prefecture_name_ja": "東京都",
        "city_code": "13224",
        "city_name_ja": "多摩市",
        "district_code": "132240130",
        "district_name_ja": "豊ケ丘",
        "use_category_name_ja": "",
        "u_transaction_price_total_ja": "1,600万円",
        "u_transaction_price_unit_price_square_meter_ja": "",
        "u_unit_price_per_tsubo_ja": "",
        "u_area_ja": "60㎡",
        "land_shape_name_ja": "",
        "u_land_frontage_ja": "",
        "building_use_name_ja": "",
        "building_structure_name_ja": "ＲＣ",
        "floor_plan_name_ja": "２ＬＤＫ",
        "u_building_total_floor_area_ja": "",
        "u_construction_year_ja": "1978年",
        "front_road_azimuth_name_ja": "",
        "u_front_road_width_ja": "",
        "front_road_type_name_ja": "",
        "land_use_name_ja": "第１種中高層住居専用地域",
        "u_building_coverage_ratio_ja": "",
        "u_floor_area_ratio_ja": "",
        "remark_name_ja": "",
        "future_use_purpose_name_ja": "",
        "remark_renovation_name_ja": ""
      }
    },
    {
      "type": "Feature",
      "geometry": {
        "type": "Point",
        "coordinates": [
          139.42421793937683,
          35.62522294756366
        ]
      },
      "properties": {
        "point_in_time_name_ja": "2025年第1四半期",
        "land_type_name_ja": "中古マンション等",
        "price_information_category_name_ja": "成約価格情報",
        "prefecture_name_ja": "東京都",
        "city_code": "13224",
        "city_name_ja": "多摩市",
        "district_code": "132240130",
        "district_name_ja": "豊ケ丘",
        "use_category_name_ja": "",
        "u_transaction_price_total_ja": "4,000万円",
        "u_transaction_price_unit_price_square_meter_ja": "",
        "u_unit_price_per_tsubo_ja": "",
        "u_area_ja": "80㎡",
        "land_shape_name_ja": "",
        "u_land_frontage_ja": "",
        "building_use_name_ja": "",
        "building_structure_name_ja": "ＲＣ",
        "floor_plan_name_ja": "３ＬＤＫ",
        "u_building_total_floor_area_ja": "",
        "u_construction_year_ja": "2001年",
        "front_road_azimuth_name_ja": "",
        "u_front_road_width_ja": "",
        "front_road_type_name_ja": "",
        "land_use_name_ja": "第２種中高層住居専用地域",
        "u_building_coverage_ratio_ja": "",
        "u_floor_area_ratio_ja": "",
        "remark_name_ja": "",
        "future_use_purpose_name_ja": "",
        "remark_renovation_name_ja": ""
      }
    },
    {
      "type": "Feature",
      "geometry": {
        "type": "Point",
        "coordinates": [
          139.42421793937683,
          35.62522294756366
        ]
      },
      "properties": {
        "point_in_time_name_ja": "2025年第1四半期",
        "land_type_name_ja": "中古マンション等",
        "price_information_category_name_ja": "成約価格情報",
        "prefecture_name_ja": "東京都",
        "city_code": "13224",
        "city_name_ja": "多摩市",
        "district_code": "132240130",
        "district_name_ja": "豊ケ丘",
        "use_category_name_ja": "",
        "u_transaction_price_total_ja": "1,000万円",
        "u_transaction_price_unit_price_square_meter_ja": "",
        "u_unit_price_per_tsubo_ja": "",
        "u_area_ja": "95㎡",
        "land_shape_name_ja": "",
        "u_land_frontage_ja": "",
        "building_use_name_ja": "",
        "building_structure_name_ja": "ＲＣ",
        "floor_plan_name_ja": "４ＬＤＫ",
        "u_building_total_floor_area_ja": "",
        "u_construction_year_ja": "1976年",
        "front_road_azimuth_name_ja": "",
        "u_front_road_width_ja": "",
        "front_road_type_name_ja": "",
        "land_use_name_ja": "第１種中高層住居専用地域",
        "u_building_coverage_ratio_ja": "",
        "u_floor_area_ratio_ja": "",
        "remark_name_ja": "",
        "future_use_purpose_name_ja": "",
        "remark_renovation_name_ja": ""
      }
    },
    {
      "type": "Feature",
      "geometry": {
        "type": "Point",
        "coordinates": [
          139.42421793937683,
          35.62522294756366
        ]
      },
      "properties": {
        "point_in_time_name_ja": "2025年第1四半期",
        "land_type_name_ja": "中古マンション等",
        "price_information_category_name_ja": "成約価格情報",
        "prefecture_name_ja": "東京都",
        "city_code": "13224",
        "city_name_ja": "多摩市",
        "district_code": "132240130",
        "district_name_ja": "豊ケ丘",
        "use_category_name_ja": "",
        "u_transaction_price_total_ja": "2,200万円",
        "u_transaction_price_unit_price_square_meter_ja": "",
        "u_unit_price_per_tsubo_ja": "",
        "u_area_ja": "120㎡",
        "land_shape_name_ja": "",
        "u_land_frontage_ja": "",
        "building_use_name_ja": "",
        "building_structure_name_ja": "ＲＣ",
        "floor_plan_name_ja": "５ＬＤＫ",
        "u_building_total_floor_area_ja": "",
        "u_construction_year_ja": "1989年",
        "front_road_azimuth_name_ja": "",
        "u_front_road_width_ja": "",
        "front_road_type_name_ja": "",
        "land_use_name_ja": "第１種中高層住居専用地域",
        "u_building_coverage_ratio_ja": "",
        "u_floor_area_ratio_ja": "",
        "remark_name_ja": "",
        "future_use_purpose_name_ja": "",
        "remark_renovation_name_ja": ""
      }
    },
    {
      "type": "Feature",
      "geometry": {
        "type": "Point",
        "coordinates": [
          139.42421793937683,
          35.62522294756366
        ]
      },
      "properties": {
        "point_in_time_name_ja": "2025年第1四半期",
        "land_type_name_ja": "中古マンション等",
        "price_information_category_name_ja": "成約価格情報",
        "prefecture_name_ja": "東京都",
        "city_code": "13224",
        "city_name_ja": "多摩市",
        "district_code": "132240130",
        "district_name_ja": "豊ケ丘",
        "use_category_name_ja": "",
        "u_transaction_price_total_ja": "950万円",
        "u_transaction_price_unit_price_square_meter_ja": "",
        "u_unit_price_per_tsubo_ja": "",
        "u_area_ja": "80㎡",
        "land_shape_name_ja": "",
        "u_land_frontage_ja": "",
        "building_use_name_ja": "",
        "building_structure_name_ja": "ＲＣ",
        "floor_plan_name_ja": "３ＬＤＫ",
        "u_building_total_floor_area_ja": "",
        "u_construction_year_ja": "1980年",
        "front_road_azimuth_name_ja": "",
        "u_front_road_width_ja": "",
        "front_road_type_name_ja": "",
        "land_use_name_ja": "第１種中高層住居専用地域",
        "u_building_coverage_ratio_ja": "",
        "u_floor_area_ratio_ja": "",
        "remark_name_ja": "",
        "future_use_purpose_name_ja": "",
        "remark_renovation_name_ja": ""
      }
    },
    {
      "type": "Feature",
      "geometry": {
        "type": "Point",
        "coordinates": [
          139.42421793937683,
          35.62522294756366
        ]
      },
      "properties": {
        "point_in_time_name_ja": "2025年第1四半期",
        "land_type_name_ja": "中古マンション等",
        "price_information_category_name_ja": "成約価格情報",
        "prefecture_name_ja": "東京都",
        "city_code": "13224",
        "city_name_ja": "多摩市",
        "district_code": "132240130",
        "district_name_ja": "豊ケ丘",
        "use_category_name_ja": "",
        "u_transaction_price_total_ja": "1,300万円",
        "u_transaction_price_unit_price_square_meter_ja": "",
        "u_unit_price_per_tsubo_ja": "",
        "u_area_ja": "80㎡",
        "land_shape_name_ja": "",
        "u_land_frontage_ja": "",
        "building_use_name_ja": "",
        "building_structure_name_ja": "ＲＣ",
        "floor_plan_name_ja": "３ＬＤＫ",
        "u_building_total_floor_area_ja": "",
        "u_construction_year_ja": "1976年",
        "front_road_azimuth_name_ja": "",
        "u_front_road_width_ja": "",
        "front_road_type_name_ja": "",
        "land_use_name_ja": "第１種中高層住居専用地域",
        "u_building_coverage_ratio_ja": "",
        "u_floor_area_ratio_ja": "",
        "remark_name_ja": "",
        "future_use_purpose_name_ja": "",
        "remark_renovation_name_ja": ""
      }
    },
    {
      "type": "Feature",
      "geometry": {
        "type": "Point",
        "coordinates": [
          139.42421793937683,
          35.62522294756366
        ]
      },
      "properties": {
        "point_in_time_name_ja": "2025年第2四半期",
        "land_type_name_ja": "中古マンション等",
        "price_information_category_name_ja": "成約価格情報",
        "prefecture_name_ja": "東京都",
        "city_code": "13224",
        "city_name_ja": "多摩市",
        "district_code": "132240050",
        "district_name_ja": "貝取",
        "use_category_name_ja": "",
        "u_transaction_price_total_ja": "850万円",
        "u_transaction_price_unit_price_square_meter_ja": "",
        "u_unit_price_per_tsubo_ja": "",
        "u_area_ja": "70㎡",
        "land_shape_name_ja": "",
        "u_land_frontage_ja": "",
        "building_use_name_ja": "",
        "building_structure_name_ja": "ＲＣ",
        "floor_plan_name_ja": "２ＬＤＫ",
        "u_building_total_floor_area_ja": "",
        "u_construction_year_ja": "1976年",
        "front_road_azimuth_name_ja": "",
        "u_front_road_width_ja": "",
        "front_road_type_name_ja": "",
        "land_use_name_ja": "第１種中高層住居専用地域",
        "u_building_coverage_ratio_ja": "",
        "u_floor_area_ratio_ja": "",
        "remark_name_ja": "",
        "future_use_purpose_name_ja": "",
        "remark_renovation_name_ja": ""
      }
    },
    {
      "type": "Feature",
      "geometry": {
        "type": "Point",
        "coordinates": [
          139.42421793937683,
          35.62522294756366
        ]
      },
      "properties": {
        "point_in_time_name_ja": "2025年第2四半期",
        "land_type_name_ja": "中古マンション等",
        "price_information_category_name_ja": "成約価格情報",
        "prefecture_name_ja": "東京都",
        "city_code": "13224",
        "city_name_ja": "多摩市",
        "district_code": "132240050",
        "district_name_ja": "貝取",
        "use_category_name_ja": "",
        "u_transaction_price_total_ja": "1,200万円",
        "u_transaction_price_unit_price_square_meter_ja": "",
        "u_unit_price_per_tsubo_ja": "",
        "u_area_ja": "80㎡",
        "land_shape_name_ja": "",
        "u_land_frontage_ja": "",
        "building_use_name_ja": "",
        "building_structure_name_ja": "ＲＣ",
        "floor_plan_name_ja": "３ＬＤＫ",
        "u_building_total_floor_area_ja": "",
        "u_construction_year_ja": "1976年",
        "front_road_azimuth_name_ja": "",
        "u_front_road_width_ja": "",
        "front_road_type_name_ja": "",
        "land_use_name_ja": "第１種中高層住居専用地域",
        "u_building_coverage_ratio_ja": "",
        "u_floor_area_ratio_ja": "",
        "remark_name_ja": "",
        "future_use_purpose_name_ja": "",
        "remark_renovation_name_ja": ""
      }
    },
    {
      "type": "Feature",
      "geometry": {
        "type": "Point",
        "coordinates": [
          139.42421793937683,
          35.62522294756366
        ]
      },
      "properties": {
        "point_in_time_name_ja": "2025年第2四半期",
        "land_type_name_ja": "中古マンション等",
        "price_information_category_name_ja": "成約価格情報",
        "prefecture_name_ja": "東京都",
        "city_code": "13224",
        "city_name_ja": "多摩市",
        "district_code": "132240130",
        "district_name_ja": "豊ケ丘",
        "use_category_name_ja": "",
        "u_transaction_price_total_ja": "1,500万円",
        "u_transaction_price_unit_price_square_meter_ja": "",
        "u_unit_price_per_tsubo_ja": "",
        "u_area_ja": "60㎡",
        "land_shape_name_ja": "",
        "u_land_frontage_ja": "",
        "building_use_name_ja": "",
        "building_structure_name_ja": "ＲＣ",
        "floor_plan_name_ja": "２ＬＤＫ",
        "u_building_total_floor_area_ja": "",
        "u_construction_year_ja": "1978年",
        "front_road_azimuth_name_ja": "",
        "u_front_road_width_ja": "",
        "front_road_type_name_ja": "",
        "land_use_name_ja": "第１種中高層住居専用地域",
        "u_building_coverage_ratio_ja": "",
        "u_floor_area_ratio_ja": "",
        "remark_name_ja": "",
        "future_use_purpose_name_ja": "",
        "remark_renovation_name_ja": ""
      }
    },
    {
      "type": "Feature",
      "geometry": {
        "type": "Point",
        "coordinates": [
          139.42421793937683,
          35.62522294756366
        ]
      },
      "properties": {
        "point_in_time_name_ja": "2025年第2四半期",
        "land_type_name_ja": "中古マンション等",
        "price_information_category_name_ja": "成約価格情報",
        "prefecture_name_ja": "東京都",
        "city_code": "13224",
        "city_name_ja": "多摩市",
        "district_code": "132240130",
        "district_name_ja": "豊ケ丘",
        "use_category_name_ja": "",
        "u_transaction_price_total_ja": "1,600万円",
        "u_transaction_price_unit_price_square_meter_ja": "",
        "u_unit_price_per_tsubo_ja": "",
        "u_area_ja": "55㎡",
        "land_shape_name_ja": "",
        "u_land_frontage_ja": "",
        "building_use_name_ja": "",
        "building_structure_name_ja": "ＲＣ",
        "floor_plan_name_ja": "２ＬＤＫ",
        "u_building_total_floor_area_ja": "",
        "u_construction_year_ja": "1978年",
        "front_road_azimuth_name_ja": "",
        "u_front_road_width_ja": "",
        "front_road_type_name_ja": "",
        "land_use_name_ja": "第１種中高層住居専用地域",
        "u_building_coverage_ratio_ja": "",
        "u_floor_area_ratio_ja": "",
        "remark_name_ja": "",
        "future_use_purpose_name_ja": "",
        "remark_renovation_name_ja": ""
      }
    },
    {
      "type": "Feature",
      "geometry": {
        "type": "Point",
        "coordinates": [
          139.42421793937683,
          35.62522294756366
        ]
      },
      "properties": {
        "point_in_time_name_ja": "2025年第2四半期",
        "land_type_name_ja": "中古マンション等",
        "price_information_category_name_ja": "成約価格情報",
        "prefecture_name_ja": "東京都",
        "city_code": "13224",
        "city_name_ja": "多摩市",
        "district_code": "132240130",
        "district_name_ja": "豊ケ丘",
        "use_category_name_ja": "",
        "u_transaction_price_total_ja": "950万円",
        "u_transaction_price_unit_price_square_meter_ja": "",
        "u_unit_price_per_tsubo_ja": "",
        "u_area_ja": "80㎡",
        "land_shape_name_ja": "",
        "u_land_frontage_ja": "",
        "building_use_name_ja": "",
        "building_structure_name_ja": "ＲＣ",
        "floor_plan_name_ja": "３ＬＤＫ",
        "u_building_total_floor_area_ja": "",
        "u_construction_year_ja": "1976年",
        "front_road_azimuth_name_ja": "",
        "u_front_road_width_ja": "",
        "front_road_type_name_ja": "",
        "land_use_name_ja": "第１種中高層住居専用地域",
        "u_building_coverage_ratio_ja": "",
        "u_floor_area_ratio_ja": "",
        "remark_name_ja": "",
        "future_use_purpose_name_ja": "",
        "remark_renovation_name_ja": ""
      }
    },
    {
      "type": "Feature",
      "geometry": {
        "type": "Point",
        "coordinates": [
          139.42421793937683,
          35.62522294756366
        ]
      },
      "properties": {
        "point_in_time_name_ja": "2025年第2四半期",
        "land_type_name_ja": "中古マンション等",
        "price_information_category_name_ja": "成約価格情報",
        "prefecture_name_ja": "東京都",
        "city_code": "13224",
        "city_name_ja": "多摩市",
        "district_code": "132240130",
        "district_name_ja": "豊ケ丘",
        "use_category_name_ja": "",
        "u_transaction_price_total_ja": "1,600万円",
        "u_transaction_price_unit_price_square_meter_ja": "",
        "u_unit_price_per_tsubo_ja": "",
        "u_area_ja": "80㎡",
        "land_shape_name_ja": "",
        "u_land_frontage_ja": "",
        "building_use_name_ja": "",
        "building_structure_name_ja": "ＲＣ",
        "floor_plan_name_ja": "２ＬＤＫ",
        "u_building_total_floor_area_ja": "",
        "u_construction_year_ja": "1976年",
        "front_road_azimuth_name_ja": "",
        "u_front_road_width_ja": "",
        "front_road_type_name_ja": "",
        "land_use_name_ja": "第１種中高層住居専用地域",
        "u_building_coverage_ratio_ja": "",
        "u_floor_area_ratio_ja": "",
        "remark_name_ja": "",
        "future_use_purpose_name_ja": "",
        "remark_renovation_name_ja": ""
      }
    },
    {
      "type": "Feature",
      "geometry": {
        "type": "Point",
        "coordinates": [
          139.42421793937683,
          35.62522294756366
        ]
      },
      "properties": {
        "point_in_time_name_ja": "2025年第2四半期",
        "land_type_name_ja": "中古マンション等",
        "price_information_category_name_ja": "成約価格情報",
        "prefecture_name_ja": "東京都",
        "city_code": "13224",
        "city_name_ja": "多摩市",
        "district_code": "132240130",
        "district_name_ja": "豊ケ丘",
        "use_category_name_ja": "",
        "u_transaction_price_total_ja": "1,600万円",
        "u_transaction_price_unit_price_square_meter_ja": "",
        "u_unit_price_per_tsubo_ja": "",
        "u_area_ja": "80㎡",
        "land_shape_name_ja": "",
        "u_land_frontage_ja": "",
        "building_use_name_ja": "",
        "building_structure_name_ja": "ＳＲＣ",
        "floor_plan_name_ja": "３ＬＤＫ",
        "u_building_total_floor_area_ja": "",
        "u_construction_year_ja": "1986年",
        "front_road_azimuth_name_ja": "",
        "u_front_road_width_ja": "",
        "front_road_type_name_ja": "",
        "land_use_name_ja": "第１種中高層住居専用地域",
        "u_building_coverage_ratio_ja": "",
        "u_floor_area_ratio_ja": "",
        "remark_name_ja": "",
        "future_use_purpose_name_ja": "",
        "remark_renovation_name_ja": ""
      }
    },
    {
      "type": "Feature",
      "geometry": {
        "type": "Point",
        "coordinates": [
          139.42421793937683,
          35.62522294756366
        ]
      },
      "properties": {
        "point_in_time_name_ja": "2025年第2四半期",
        "land_type_name_ja": "中古マンション等",
        "price_information_category_name_ja": "成約価格情報",
        "prefecture_name_ja": "東京都",
        "city_code": "13224",
        "city_name_ja": "多摩市",
        "district_code": "132240130",
        "district_name_ja": "豊ケ丘",
        "use_category_name_ja": "",
        "u_transaction_price_total_ja": "530万円",
        "u_transaction_price_unit_price_square_meter_ja": "",
        "u_unit_price_per_tsubo_ja": "",
        "u_area_ja": "65㎡",
        "land_shape_name_ja": "",
        "u_land_frontage_ja": "",
        "building_use_name_ja": "",
        "building_structure_name_ja": "ＲＣ",
        "floor_plan_name_ja": "３ＬＤＫ",
        "u_building_total_floor_area_ja": "",
        "u_construction_year_ja": "1978年",
        "front_road_azimuth_name_ja": "",
        "u_front_road_width_ja": "",
        "front_road_type_name_ja": "",
        "land_use_name_ja": "第１種中高層住居専用地域",
        "u_building_coverage_ratio_ja": "",
        "u_floor_area_ratio_ja": "",
        "remark_name_ja": "",
        "future_use_purpose_name_ja": "",
        "remark_renovation_name_ja": ""
      }
    },
    {
      "type": "Feature",
      "geometry": {
        "type": "Point",
        "coordinates": [
          139.42421793937683,
          35.62522294756366
        ]
      },
      "properties": {
        "point_in_time_name_ja": "2025年第2四半期",
        "land_type_name_ja": "中古マンション等",
        "price_information_category_name_ja": "成約価格情報",
        "prefecture_name_ja": "東京都",
        "city_code": "13224",
        "city_name_ja": "多摩市",
        "district_code": "132240130",
        "district_name_ja": "豊ケ丘",
        "use_category_name_ja": "",
        "u_transaction_price_total_ja": "900万円",
        "u_transaction_price_unit_price_square_meter_ja": "",
        "u_unit_price_per_tsubo_ja": "",
        "u_area_ja": "80㎡",
        "land_shape_name_ja": "",
        "u_land_frontage_ja": "",
        "building_use_name_ja": "",
        "building_structure_name_ja": "ＲＣ",
        "floor_plan_name_ja": "３ＬＤＫ",
        "u_building_total_floor_area_ja": "",
        "u_construction_year_ja": "1978年",
        "front_road_azimuth_name_ja": "",
        "u_front_road_width_ja": "",
        "front_road_type_name_ja": "",
        "land_use_name_ja": "第１種中高層住居専用地域",
        "u_building_coverage_ratio_ja": "",
        "u_floor_area_ratio_ja": "",
        "remark_name_ja": "",
        "future_use_purpose_name_ja": "",
        "remark_renovation_name_ja": ""
      }
    },
    {
      "type": "Feature",
      "geometry": {
        "type": "Point",
        "coordinates": [
          139.42421793937683,
          35.62522294756366
        ]
      },
      "properties": {
        "point_in_time_name_ja": "2025年第2四半期",
        "land_type_name_ja": "中古マンション等",
        "price_information_category_name_ja": "成約価格情報",
        "prefecture_name_ja": "東京都",
        "city_code": "13224",
        "city_name_ja": "多摩市",
        "district_code": "132240130",
        "district_name_ja": "豊ケ丘",
        "use_category_name_ja": "",
        "u_transaction_price_total_ja": "2,700万円",
        "u_transaction_price_unit_price_square_meter_ja": "",
        "u_unit_price_per_tsubo_ja": "",
        "u_area_ja": "120㎡",
        "land_shape_name_ja": "",
        "u_land_frontage_ja": "",
        "building_use_name_ja": "",
        "building_structure_name_ja": "ＲＣ",
        "floor_plan_name_ja": "３ＬＤＫ",
        "u_building_total_floor_area_ja": "",
        "u_construction_year_ja": "1986年",
        "front_road_azimuth_name_ja": "",
        "u_front_road_width_ja": "",
        "front_road_type_name_ja": "",
        "land_use_name_ja": "第１種中高層住居専用地域",
        "u_building_coverage_ratio_ja": "",
        "u_floor_area_ratio_ja": "",
        "remark_name_ja": "",
        "future_use_purpose_name_ja": "",
        "remark_renovation_name_ja": ""
      }
    },
    {
      "type": "Feature",
      "geometry": {
        "type": "Point",
        "coordinates": [
          139.42421793937683,
          35.62522294756366
        ]
      },
      "properties": {
        "point_in_time_name_ja": "2025年第3四半期",
        "land_type_name_ja": "中古マンション等",
        "price_information_category_name_ja": "成約価格情報",
        "prefecture_name_ja": "東京都",
        "city_code": "13224",
        "city_name_ja": "多摩市",
        "district_code": "132240130",
        "district_name_ja": "豊ケ丘",
        "use_category_name_ja": "",
        "u_transaction_price_total_ja": "800万円",
        "u_transaction_price_unit_price_square_meter_ja": "",
        "u_unit_price_per_tsubo_ja": "",
        "u_area_ja": "55㎡",
        "land_shape_name_ja": "",
        "u_land_frontage_ja": "",
        "building_use_name_ja": "",
        "building_structure_name_ja": "ＲＣ",
        "floor_plan_name_ja": "２ＬＤＫ",
        "u_building_total_floor_area_ja": "",
        "u_construction_year_ja": "1978年",
        "front_road_azimuth_name_ja": "",
        "u_front_road_width_ja": "",
        "front_road_type_name_ja": "",
        "land_use_name_ja": "第１種中高層住居専用地域",
        "u_building_coverage_ratio_ja": "",
        "u_floor_area_ratio_ja": "",
        "remark_name_ja": "",
        "future_use_purpose_name_ja": "",
        "remark_renovation_name_ja": ""
      }
    },
    {
      "type": "Feature",
      "geometry": {
        "type": "Point",
        "coordinates": [
          139.42421793937683,
          35.62522294756366
        ]
      },
      "properties": {
        "point_in_time_name_ja": "2025年第3四半期",
        "land_type_name_ja": "中古マンション等",
        "price_information_category_name_ja": "成約価格情報",
        "prefecture_name_ja": "東京都",
        "city_code": "13224",
        "city_name_ja": "多摩市",
        "district_code": "132240130",
        "district_name_ja": "豊ケ丘",
        "use_category_name_ja": "",
        "u_transaction_price_total_ja": "1,200万円",
        "u_transaction_price_unit_price_square_meter_ja": "",
        "u_unit_price_per_tsubo_ja": "",
        "u_area_ja": "80㎡",
        "land_shape_name_ja": "",
        "u_land_frontage_ja": "",
        "building_use_name_ja": "",
        "building_structure_name_ja": "ＲＣ",
        "floor_plan_name_ja": "３ＬＤＫ",
        "u_building_total_floor_area_ja": "",
        "u_construction_year_ja": "1978年",
        "front_road_azimuth_name_ja": "",
        "u_front_road_width_ja": "",
        "front_road_type_name_ja": "",
        "land_use_name_ja": "第１種中高層住居専用地域",
        "u_building_coverage_ratio_ja": "",
        "u_floor_area_ratio_ja": "",
        "remark_name_ja": "",
        "future_use_purpose_name_ja": "",
        "remark_renovation_name_ja": ""
      }
    },
    {
      "type": "Feature",
      "geometry": {
        "type": "Point",
        "coordinates": [
          139.42421793937683,
          35.62522294756366
        ]
      },
      "properties": {
        "point_in_time_name_ja": "2025年第3四半期",
        "land_type_name_ja": "中古マンション等",
        "price_information_category_name_ja": "成約価格情報",
        "prefecture_name_ja": "東京都",
        "city_code": "13224",
        "city_name_ja": "多摩市",
        "district_code": "132240130",
        "district_name_ja": "豊ケ丘",
        "use_category_name_ja": "",
        "u_transaction_price_total_ja": "2,500万円",
        "u_transaction_price_unit_price_square_meter_ja": "",
        "u_unit_price_per_tsubo_ja": "",
        "u_area_ja": "95㎡",
        "land_shape_name_ja": "",
        "u_land_frontage_ja": "",
        "building_use_name_ja": "",
        "building_structure_name_ja": "ＲＣ",
        "floor_plan_name_ja": "４ＬＤＫ",
        "u_building_total_floor_area_ja": "",
        "u_construction_year_ja": "1976年",
        "front_road_azimuth_name_ja": "",
        "u_front_road_width_ja": "",
        "front_road_type_name_ja": "",
        "land_use_name_ja": "第１種中高層住居専用地域",
        "u_building_coverage_ratio_ja": "",
        "u_floor_area_ratio_ja": "",
        "remark_name_ja": "",
        "future_use_purpose_name_ja": "",
        "remark_renovation_name_ja": ""
      }
    },
    {
      "type": "Feature",
      "geometry": {
        "type": "Point",
        "coordinates": [
          139.42421793937683,
          35.62522294756366
        ]
      },
      "properties": {
        "point_in_time_name_ja": "2025年第3四半期",
        "land_type_name_ja": "中古マンション等",
        "price_information_category_name_ja": "成約価格情報",
        "prefecture_name_ja": "東京都",
        "city_code": "13224",
        "city_name_ja": "多摩市",
        "district_code": "132240130",
        "district_name_ja": "豊ケ丘",
        "use_category_name_ja": "",
        "u_transaction_price_total_ja": "980万円",
        "u_transaction_price_unit_price_square_meter_ja": "",
        "u_unit_price_per_tsubo_ja": "",
        "u_area_ja": "95㎡",
        "land_shape_name_ja": "",
        "u_land_frontage_ja": "",
        "building_use_name_ja": "",
        "building_structure_name_ja": "ＲＣ",
        "floor_plan_name_ja": "４ＬＤＫ",
        "u_building_total_floor_area_ja": "",
        "u_construction_year_ja": "1976年",
        "front_road_azimuth_name_ja": "",
        "u_front_road_width_ja": "",
        "front_road_type_name_ja": "",
        "land_use_name_ja": "第１種中高層住居専用地域",
        "u_building_coverage_ratio_ja": "",
        "u_floor_area_ratio_ja": "",
        "remark_name_ja": "",
        "future_use_purpose_name_ja": "",
        "remark_renovation_name_ja": ""
      }
    },
    {
      "type": "Feature",
      "geometry": {
        "type": "Point",
        "coordinates": [
          139.42421793937683,
          35.62522294756366
        ]
      },
      "properties": {
        "point_in_time_name_ja": "2025年第3四半期",
        "land_type_name_ja": "中古マンション等",
        "price_information_category_name_ja": "成約価格情報",
        "prefecture_name_ja": "東京都",
        "city_code": "13224",
        "city_name_ja": "多摩市",
        "district_code": "132240130",
        "district_name_ja": "豊ケ丘",
        "use_category_name_ja": "",
        "u_transaction_price_total_ja": "1,400万円",
        "u_transaction_price_unit_price_square_meter_ja": "",
        "u_unit_price_per_tsubo_ja": "",
        "u_area_ja": "80㎡",
        "land_shape_name_ja": "",
        "u_land_frontage_ja": "",
        "building_use_name_ja": "",
        "building_structure_name_ja": "ＲＣ",
        "floor_plan_name_ja": "２ＬＤＫ",
        "u_building_total_floor_area_ja": "",
        "u_construction_year_ja": "1976年",
        "front_road_azimuth_name_ja": "",
        "u_front_road_width_ja": "",
        "front_road_type_name_ja": "",
        "land_use_name_ja": "第１種中高層住居専用地域",
        "u_building_coverage_ratio_ja": "",
        "u_floor_area_ratio_ja": "",
        "remark_name_ja": "",
        "future_use_purpose_name_ja": "",
        "remark_renovation_name_ja": ""
      }
    },
    {
      "type": "Feature",
      "geometry": {
        "type": "Point",
        "coordinates": [
          139.42421793937683,
          35.62522294756366
        ]
      },
      "properties": {
        "point_in_time_name_ja": "2025年第4四半期",
        "land_type_name_ja": "中古マンション等",
        "price_information_category_name_ja": "成約価格情報",
        "prefecture_name_ja": "東京都",
        "city_code": "13224",
        "city_name_ja": "多摩市",
        "district_code": "132240010",
        "district_name_ja": "愛宕",
        "use_category_name_ja": "",
        "u_transaction_price_total_ja": "4,400万円",
        "u_transaction_price_unit_price_square_meter_ja": "",
        "u_unit_price_per_tsubo_ja": "",
        "u_area_ja": "60㎡",
        "land_shape_name_ja": "",
        "u_land_frontage_ja": "",
        "building_use_name_ja": "",
        "building_structure_name_ja": "ＲＣ",
        "floor_plan_name_ja": "２ＬＤＫ",
        "u_building_total_floor_area_ja": "",
        "u_construction_year_ja": "2022年",
        "front_road_azimuth_name_ja": "",
        "u_front_road_width_ja": "",
        "front_road_type_name_ja": "",
        "land_use_name_ja": "近隣商業地域",
        "u_building_coverage_ratio_ja": "",
        "u_floor_area_ratio_ja": "",
        "remark_name_ja": "",
        "future_use_purpose_name_ja": "",
        "remark_renovation_name_ja": ""
      }
    },
    {
      "type": "Feature",
      "geometry": {
        "type": "Point",
        "coordinates": [
          139.42421793937683,
          35.62522294756366
        ]
      },
      "properties": {
        "point_in_time_name_ja": "2025年第4四半期",
        "land_type_name_ja": "中古マンション等",
        "price_information_category_name_ja": "成約価格情報",
        "prefecture_name_ja": "東京都",
        "city_code": "13224",
        "city_name_ja": "多摩市",
        "district_code": "132240010",
        "district_name_ja": "愛宕",
        "use_category_name_ja": "",
        "u_transaction_price_total_ja": "2,200万円",
        "u_transaction_price_unit_price_square_meter_ja": "",
        "u_unit_price_per_tsubo_ja": "",
        "u_area_ja": "75㎡",
        "land_shape_name_ja": "",
        "u_land_frontage_ja": "",
        "building_use_name_ja": "",
        "building_structure_name_ja": "ＲＣ",
        "floor_plan_name_ja": "２ＬＤＫ",
        "u_building_total_floor_area_ja": "",
        "u_construction_year_ja": "1993年",
        "front_road_azimuth_name_ja": "",
        "u_front_road_width_ja": "",
        "front_road_type_name_ja": "",
        "land_use_name_ja": "第１種中高層住居専用地域",
        "u_building_coverage_ratio_ja": "",
        "u_floor_area_ratio_ja": "",
        "remark_name_ja": "",
        "future_use_purpose_name_ja": "",
        "remark_renovation_name_ja": ""
      }
    },
    {
      "type": "Feature",
      "geometry": {
        "type": "Point",
        "coordinates": [
          139.42421793937683,
          35.62522294756366
        ]
      },
      "properties": {
        "point_in_time_name_ja": "2025年第4四半期",
        "land_type_name_ja": "中古マンション等",
        "price_information_category_name_ja": "成約価格情報",
        "prefecture_name_ja": "東京都",
        "city_code": "13224",
        "city_name_ja": "多摩市",
        "district_code": "132240050",
        "district_name_ja": "貝取",
        "use_category_name_ja": "",
        "u_transaction_price_total_ja": "1,300万円",
        "u_transaction_price_unit_price_square_meter_ja": "",
        "u_unit_price_per_tsubo_ja": "",
        "u_area_ja": "100㎡",
        "land_shape_name_ja": "",
        "u_land_frontage_ja": "",
        "building_use_name_ja": "",
        "building_structure_name_ja": "ＲＣ",
        "floor_plan_name_ja": "４ＬＤＫ",
        "u_building_total_floor_area_ja": "",
        "u_construction_year_ja": "1987年",
        "front_road_azimuth_name_ja": "",
        "u_front_road_width_ja": "",
        "front_road_type_name_ja": "",
        "land_use_name_ja": "第１種中高層住居専用地域",
        "u_building_coverage_ratio_ja": "",
        "u_floor_area_ratio_ja": "",
        "remark_name_ja": "",
        "future_use_purpose_name_ja": "",
        "remark_renovation_name_ja": ""
      }
    },
    {
      "type": "Feature",
      "geometry": {
        "type": "Point",
        "coordinates": [
          139.42421793937683,
          35.62522294756366
        ]
      },
      "properties": {
        "point_in_time_name_ja": "2025年第4四半期",
        "land_type_name_ja": "中古マンション等",
        "price_information_category_name_ja": "成約価格情報",
        "prefecture_name_ja": "東京都",
        "city_code": "13224",
        "city_name_ja": "多摩市",
        "district_code": "132240050",
        "district_name_ja": "貝取",
        "use_category_name_ja": "",
        "u_transaction_price_total_ja": "800万円",
        "u_transaction_price_unit_price_square_meter_ja": "",
        "u_unit_price_per_tsubo_ja": "",
        "u_area_ja": "65㎡",
        "land_shape_name_ja": "",
        "u_land_frontage_ja": "",
        "building_use_name_ja": "",
        "building_structure_name_ja": "ＲＣ",
        "floor_plan_name_ja": "２ＬＤＫ",
        "u_building_total_floor_area_ja": "",
        "u_construction_year_ja": "1976年",
        "front_road_azimuth_name_ja": "",
        "u_front_road_width_ja": "",
        "front_road_type_name_ja": "",
        "land_use_name_ja": "第１種中高層住居専用地域",
        "u_building_coverage_ratio_ja": "",
        "u_floor_area_ratio_ja": "",
        "remark_name_ja": "",
        "future_use_purpose_name_ja": "",
        "remark_renovation_name_ja": ""
      }
    },
    {
      "type": "Feature",
      "geometry": {
        "type": "Point",
        "coordinates": [
          139.42421793937683,
          35.62522294756366
        ]
      },
      "properties": {
        "point_in_time_name_ja": "2025年第4四半期",
        "land_type_name_ja": "中古マンション等",
        "price_information_category_name_ja": "成約価格情報",
        "prefecture_name_ja": "東京都",
        "city_code": "13224",
        "city_name_ja": "多摩市",
        "district_code": "132240130",
        "district_name_ja": "豊ケ丘",
        "use_category_name_ja": "",
        "u_transaction_price_total_ja": "1,700万円",
        "u_transaction_price_unit_price_square_meter_ja": "",
        "u_unit_price_per_tsubo_ja": "",
        "u_area_ja": "100㎡",
        "land_shape_name_ja": "",
        "u_land_frontage_ja": "",
        "building_use_name_ja": "",
        "building_structure_name_ja": "ＲＣ",
        "floor_plan_name_ja": "４ＬＤＫ",
        "u_building_total_floor_area_ja": "",
        "u_construction_year_ja": "1988年",
        "front_road_azimuth_name_ja": "",
        "u_front_road_width_ja": "",
        "front_road_type_name_ja": "",
        "land_use_name_ja": "第１種中高層住居専用地域",
        "u_building_coverage_ratio_ja": "",
        "u_floor_area_ratio_ja": "",
        "remark_name_ja": "",
        "future_use_purpose_name_ja": "",
        "remark_renovation_name_ja": ""
      }
    },
    {
      "type": "Feature",
      "geometry": {
        "type": "Point",
        "coordinates": [
          139.42421793937683,
          35.62522294756366
        ]
      },
      "properties": {
        "point_in_time_name_ja": "2025年第4四半期",
        "land_type_name_ja": "中古マンション等",
        "price_information_category_name_ja": "成約価格情報",
        "prefecture_name_ja": "東京都",
        "city_code": "13224",
        "city_name_ja": "多摩市",
        "district_code": "132240130",
        "district_name_ja": "豊ケ丘",
        "use_category_name_ja": "",
        "u_transaction_price_total_ja": "2,800万円",
        "u_transaction_price_unit_price_square_meter_ja": "",
        "u_unit_price_per_tsubo_ja": "",
        "u_area_ja": "145㎡",
        "land_shape_name_ja": "",
        "u_land_frontage_ja": "",
        "building_use_name_ja": "",
        "building_structure_name_ja": "ＲＣ",
        "floor_plan_name_ja": "４ＬＤＫ",
        "u_building_total_floor_area_ja": "",
        "u_construction_year_ja": "1989年",
        "front_road_azimuth_name_ja": "",
        "u_front_road_width_ja": "",
        "front_road_type_name_ja": "",
        "land_use_name_ja": "第１種中高層住居専用地域",
        "u_building_coverage_ratio_ja": "",
        "u_floor_area_ratio_ja": "",
        "remark_name_ja": "",
        "future_use_purpose_name_ja": "",
        "remark_renovation_name_ja": ""
      }
    },
    {
      "type": "Feature",
      "geometry": {
        "type": "Point",
        "coordinates": [
          139.42421793937683,
          35.62522294756366
        ]
      },
      "properties": {
        "point_in_time_name_ja": "2025年第4四半期",
        "land_type_name_ja": "中古マンション等",
        "price_information_category_name_ja": "成約価格情報",
        "prefecture_name_ja": "東京都",
        "city_code": "13224",
        "city_name_ja": "多摩市",
        "district_code": "132240130",
        "district_name_ja": "豊ケ丘",
        "use_category_name_ja": "",
        "u_transaction_price_total_ja": "1,900万円",
        "u_transaction_price_unit_price_square_meter_ja": "",
        "u_unit_price_per_tsubo_ja": "",
        "u_area_ja": "100㎡",
        "land_shape_name_ja": "",
        "u_land_frontage_ja": "",
        "building_use_name_ja": "",
        "building_structure_name_ja": "ＲＣ",
        "floor_plan_name_ja": "４ＬＤＫ",
        "u_building_total_floor_area_ja": "",
        "u_construction_year_ja": "1989年",
        "front_road_azimuth_name_ja": "",
        "u_front_road_width_ja": "",
        "front_road_type_name_ja": "",
        "land_use_name_ja": "第１種中高層住居専用地域",
        "u_building_coverage_ratio_ja": "",
        "u_floor_area_ratio_ja": "",
        "remark_name_ja": "",
        "future_use_purpose_name_ja": "",
        "remark_renovation_name_ja": ""
      }
    },
    {
      "type": "Feature",
      "geometry": {
        "type": "Point",
        "coordinates": [
          139.42421793937683,
          35.62522294756366
        ]
      },
      "properties": {
        "point_in_time_name_ja": "2025年第4四半期",
        "land_type_name_ja": "中古マンション等",
        "price_information_category_name_ja": "成約価格情報",
        "prefecture_name_ja": "東京都",
        "city_code": "13224",
        "city_name_ja": "多摩市",
        "district_code": "132240130",
        "district_name_ja": "豊ケ丘",
        "use_category_name_ja": "",
        "u_transaction_price_total_ja": "1,700万円",
        "u_transaction_price_unit_price_square_meter_ja": "",
        "u_unit_price_per_tsubo_ja": "",
        "u_area_ja": "80㎡",
        "land_shape_name_ja": "",
        "u_land_frontage_ja": "",
        "building_use_name_ja": "",
        "building_structure_name_ja": "ＲＣ",
        "floor_plan_name_ja": "３ＬＤＫ",
        "u_building_total_floor_area_ja": "",
        "u_construction_year_ja": "1976年",
        "front_road_azimuth_name_ja": "",
        "u_front_road_width_ja": "",
        "front_road_type_name_ja": "",
        "land_use_name_ja": "第１種中高層住居専用地域",
        "u_building_coverage_ratio_ja": "",
        "u_floor_area_ratio_ja": "",
        "remark_name_ja": "",
        "future_use_purpose_name_ja": "",
        "remark_renovation_name_ja": ""
      }
    },
    {
      "type": "Feature",
      "geometry": {
        "type": "Point",
        "coordinates": [
          139.42421793937683,
          35.62522294756366
        ]
      },
      "properties": {
        "point_in_time_name_ja": "2025年第4四半期",
        "land_type_name_ja": "中古マンション等",
        "price_information_category_name_ja": "成約価格情報",
        "prefecture_name_ja": "東京都",
        "city_code": "13224",
        "city_name_ja": "多摩市",
        "district_code": "132240130",
        "district_name_ja": "豊ケ丘",
        "use_category_name_ja": "",
        "u_transaction_price_total_ja": "2,600万円",
        "u_transaction_price_unit_price_square_meter_ja": "",
        "u_unit_price_per_tsubo_ja": "",
        "u_area_ja": "145㎡",
        "land_shape_name_ja": "",
        "u_land_frontage_ja": "",
        "building_use_name_ja": "",
        "building_structure_name_ja": "ＲＣ",
        "floor_plan_name_ja": "４ＬＤＫ＋Ｓ",
        "u_building_total_floor_area_ja": "",
        "u_construction_year_ja": "1989年",
        "front_road_azimuth_name_ja": "",
        "u_front_road_width_ja": "",
        "front_road_type_name_ja": "",
        "land_use_name_ja": "第１種中高層住居専用地域",
        "u_building_coverage_ratio_ja": "",
        "u_floor_area_ratio_ja": "",
        "remark_name_ja": "",
        "future_use_purpose_name_ja": "",
        "remark_renovation_name_ja": ""
      }
    },
    {
      "type": "Feature",
      "geometry": {
        "type": "Point",
        "coordinates": [
          139.42421793937683,
          35.62522294756366
        ]
      },
      "properties": {
        "point_in_time_name_ja": "2025年第4四半期",
        "land_type_name_ja": "中古マンション等",
        "price_information_category_name_ja": "成約価格情報",
        "prefecture_name_ja": "東京都",
        "city_code": "13224",
        "city_name_ja": "多摩市",
        "district_code": "132240130",
        "district_name_ja": "豊ケ丘",
        "use_category_name_ja": "",
        "u_transaction_price_total_ja": "4,000万円",
        "u_transaction_price_unit_price_square_meter_ja": "",
        "u_unit_price_per_tsubo_ja": "",
        "u_area_ja": "120㎡",
        "land_shape_name_ja": "",
        "u_land_frontage_ja": "",
        "building_use_name_ja": "",
        "building_structure_name_ja": "ＲＣ",
        "floor_plan_name_ja": "４ＬＤＫ",
        "u_building_total_floor_area_ja": "",
        "u_construction_year_ja": "1989年",
        "front_road_azimuth_name_ja": "",
        "u_front_road_width_ja": "",
        "front_road_type_name_ja": "",
        "land_use_name_ja": "第１種中高層住居専用地域",
        "u_building_coverage_ratio_ja": "",
        "u_floor_area_ratio_ja": "",
        "remark_name_ja": "",
        "future_use_purpose_name_ja": "",
        "remark_renovation_name_ja": ""
      }
    },
    {
      "type": "Feature",
      "geometry": {
        "type": "Point",
        "coordinates": [
          139.42421793937683,
          35.62522294756366
        ]
      },
      "properties": {
        "point_in_time_name_ja": "2025年第4四半期",
        "land_type_name_ja": "中古マンション等",
        "price_information_category_name_ja": "成約価格情報",
        "prefecture_name_ja": "東京都",
        "city_code": "13224",
        "city_name_ja": "多摩市",
        "district_code": "132240130",
        "district_name_ja": "豊ケ丘",
        "use_category_name_ja": "",
        "u_transaction_price_total_ja": "1,900万円",
        "u_transaction_price_unit_price_square_meter_ja": "",
        "u_unit_price_per_tsubo_ja": "",
        "u_area_ja": "60㎡",
        "land_shape_name_ja": "",
        "u_land_frontage_ja": "",
        "building_use_name_ja": "",
        "building_structure_name_ja": "ＲＣ",
        "floor_plan_name_ja": "３ＤＫ",
        "u_building_total_floor_area_ja": "",
        "u_construction_year_ja": "1995年",
        "front_road_azimuth_name_ja": "",
        "u_front_road_width_ja": "",
        "front_road_type_name_ja": "",
        "land_use_name_ja": "第２種中高層住居専用地域",
        "u_building_coverage_ratio_ja": "",
        "u_floor_area_ratio_ja": "",
        "remark_name_ja": "",
        "future_use_purpose_name_ja": "",
        "remark_renovation_name_ja": ""
      }
    },
    {
      "type": "Feature",
      "geometry": {
        "type": "Point",
        "coordinates": [
          139.42421793937683,
          35.62522294756366
        ]
      },
      "properties": {
        "point_in_time_name_ja": "2025年第1四半期",
        "land_type_name_ja": "中古マンション等",
        "price_information_category_name_ja": "成約価格情報",
        "prefecture_name_ja": "東京都",
        "city_code": "13224",
        "city_name_ja": "多摩市",
        "district_code": "132240120",
        "district_name_ja": "鶴牧",
        "use_category_name_ja": "",
        "u_transaction_price_total_ja": "5,700万円",
        "u_transaction_price_unit_price_square_meter_ja": "",
        "u_unit_price_per_tsubo_ja": "",
        "u_area_ja": "80㎡",
        "land_shape_name_ja": "",
        "u_land_frontage_ja": "",
        "building_use_name_ja": "",
        "building_structure_name_ja": "ＲＣ",
        "floor_plan_name_ja": "３ＬＤＫ",
        "u_building_total_floor_area_ja": "",
        "u_construction_year_ja": "2017年",
        "front_road_azimuth_name_ja": "",
        "u_front_road_width_ja": "",
        "front_road_type_name_ja": "",
        "land_use_name_ja": "第２種住居地域",
        "u_building_coverage_ratio_ja": "",
        "u_floor_area_ratio_ja": "",
        "remark_name_ja": "",
        "future_use_purpose_name_ja": "",
        "remark_renovation_name_ja": ""
      }
    },
    {
      "type": "Feature",
      "geometry": {
        "type": "Point",
        "coordinates": [
          139.42421793937683,
          35.62522294756366
        ]
      },
      "properties": {
        "point_in_time_name_ja": "2025年第1四半期",
        "land_type_name_ja": "中古マンション等",
        "price_information_category_name_ja": "成約価格情報",
        "prefecture_name_ja": "東京都",
        "city_code": "13224",
        "city_name_ja": "多摩市",
        "district_code": "132240120",
        "district_name_ja": "鶴牧",
        "use_category_name_ja": "",
        "u_transaction_price_total_ja": "5,700万円",
        "u_transaction_price_unit_price_square_meter_ja": "",
        "u_unit_price_per_tsubo_ja": "",
        "u_area_ja": "85㎡",
        "land_shape_name_ja": "",
        "u_land_frontage_ja": "",
        "building_use_name_ja": "",
        "building_structure_name_ja": "ＲＣ",
        "floor_plan_name_ja": "３ＬＤＫ＋Ｓ",
        "u_building_total_floor_area_ja": "",
        "u_construction_year_ja": "2007年",
        "front_road_azimuth_name_ja": "",
        "u_front_road_width_ja": "",
        "front_road_type_name_ja": "",
        "land_use_name_ja": "第２種住居地域",
        "u_building_coverage_ratio_ja": "",
        "u_floor_area_ratio_ja": "",
        "remark_name_ja": "",
        "future_use_purpose_name_ja": "",
        "remark_renovation_name_ja": ""
      }
    },
    {
      "type": "Feature",
      "geometry": {
        "type": "Point",
        "coordinates": [
          139.42421793937683,
          35.62522294756366
        ]
      },
      "properties": {
        "point_in_time_name_ja": "2025年第1四半期",
        "land_type_name_ja": "中古マンション等",
        "price_information_category_name_ja": "成約価格情報",
        "prefecture_name_ja": "東京都",
        "city_code": "13224",
        "city_name_ja": "多摩市",
        "district_code": "132240120",
        "district_name_ja": "鶴牧",
        "use_category_name_ja": "",
        "u_transaction_price_total_ja": "6,500万円",
        "u_transaction_price_unit_price_square_meter_ja": "",
        "u_unit_price_per_tsubo_ja": "",
        "u_area_ja": "70㎡",
        "land_shape_name_ja": "",
        "u_land_frontage_ja": "",
        "building_use_name_ja": "",
        "building_structure_name_ja": "ＲＣ",
        "floor_plan_name_ja": "３ＬＤＫ",
        "u_building_total_floor_area_ja": "",
        "u_construction_year_ja": "2024年",
        "front_road_azimuth_name_ja": "",
        "u_front_road_width_ja": "",
        "front_road_type_name_ja": "",
        "land_use_name_ja": "商業地域",
        "u_building_coverage_ratio_ja": "",
        "u_floor_area_ratio_ja": "",
        "remark_name_ja": "",
        "future_use_purpose_name_ja": "",
        "remark_renovation_name_ja": ""
      }
    },
    {
      "type": "Feature",
      "geometry": {
        "type": "Point",
        "coordinates": [
          139.42421793937683,
          35.62522294756366
        ]
      },
      "properties": {
        "point_in_time_name_ja": "2025年第1四半期",
        "land_type_name_ja": "中古マンション等",
        "price_information_category_name_ja": "成約価格情報",
        "prefecture_name_ja": "東京都",
        "city_code": "13224",
        "city_name_ja": "多摩市",
        "district_code": "132240120",
        "district_name_ja": "鶴牧",
        "use_category_name_ja": "",
        "u_transaction_price_total_ja": "5,400万円",
        "u_transaction_price_unit_price_square_meter_ja": "",
        "u_unit_price_per_tsubo_ja": "",
        "u_area_ja": "80㎡",
        "land_shape_name_ja": "",
        "u_land_frontage_ja": "",
        "building_use_name_ja": "",
        "building_structure_name_ja": "ＲＣ",
        "floor_plan_name_ja": "３ＬＤＫ",
        "u_building_total_floor_area_ja": "",
        "u_construction_year_ja": "2017年",
        "front_road_azimuth_name_ja": "",
        "u_front_road_width_ja": "",
        "front_road_type_name_ja": "",
        "land_use_name_ja": "第２種住居地域",
        "u_building_coverage_ratio_ja": "",
        "u_floor_area_ratio_ja": "",
        "remark_name_ja": "",
        "future_use_purpose_name_ja": "",
        "remark_renovation_name_ja": ""
      }
    },
    {
      "type": "Feature",
      "geometry": {
        "type": "Point",
        "coordinates": [
          139.42421793937683,
          35.62522294756366
        ]
      },
      "properties": {
        "point_in_time_name_ja": "2025年第1四半期",
        "land_type_name_ja": "中古マンション等",
        "price_information_category_name_ja": "成約価格情報",
        "prefecture_name_ja": "東京都",
        "city_code": "13224",
        "city_name_ja": "多摩市",
        "district_code": "132240120",
        "district_name_ja": "鶴牧",
        "use_category_name_ja": "",
        "u_transaction_price_total_ja": "5,700万円",
        "u_transaction_price_unit_price_square_meter_ja": "",
        "u_unit_price_per_tsubo_ja": "",
        "u_area_ja": "90㎡",
        "land_shape_name_ja": "",
        "u_land_frontage_ja": "",
        "building_use_name_ja": "",
        "building_structure_name_ja": "ＲＣ",
        "floor_plan_name_ja": "３ＬＤＫ",
        "u_building_total_floor_area_ja": "",
        "u_construction_year_ja": "2007年",
        "front_road_azimuth_name_ja": "",
        "u_front_road_width_ja": "",
        "front_road_type_name_ja": "",
        "land_use_name_ja": "第２種中高層住居専用地域",
        "u_building_coverage_ratio_ja": "",
        "u_floor_area_ratio_ja": "",
        "remark_name_ja": "",
        "future_use_purpose_name_ja": "",
        "remark_renovation_name_ja": ""
      }
    },
    {
      "type": "Feature",
      "geometry": {
        "type": "Point",
        "coordinates": [
          139.42421793937683,
          35.62522294756366
        ]
      },
      "properties": {
        "point_in_time_name_ja": "2025年第2四半期",
        "land_type_name_ja": "中古マンション等",
        "price_information_category_name_ja": "成約価格情報",
        "prefecture_name_ja": "東京都",
        "city_code": "13224",
        "city_name_ja": "多摩市",
        "district_code": "132240120",
        "district_name_ja": "鶴牧",
        "use_category_name_ja": "",
        "u_transaction_price_total_ja": "2,400万円",
        "u_transaction_price_unit_price_square_meter_ja": "",
        "u_unit_price_per_tsubo_ja": "",
        "u_area_ja": "80㎡",
        "land_shape_name_ja": "",
        "u_land_frontage_ja": "",
        "building_use_name_ja": "",
        "building_structure_name_ja": "ＲＣ",
        "floor_plan_name_ja": "３ＬＤＫ",
        "u_building_total_floor_area_ja": "",
        "u_construction_year_ja": "1983年",
        "front_road_azimuth_name_ja": "",
        "u_front_road_width_ja": "",
        "front_road_type_name_ja": "",
        "land_use_name_ja": "第１種中高層住居専用地域",
        "u_building_coverage_ratio_ja": "",
        "u_floor_area_ratio_ja": "",
        "remark_name_ja": "",
        "future_use_purpose_name_ja": "",
        "remark_renovation_name_ja": ""
      }
    },
    {
      "type": "Feature",
      "geometry": {
        "type": "Point",
        "coordinates": [
          139.42421793937683,
          35.62522294756366
        ]
      },
      "properties": {
        "point_in_time_name_ja": "2025年第2四半期",
        "land_type_name_ja": "中古マンション等",
        "price_information_category_name_ja": "成約価格情報",
        "prefecture_name_ja": "東京都",
        "city_code": "13224",
        "city_name_ja": "多摩市",
        "district_code": "132240120",
        "district_name_ja": "鶴牧",
        "use_category_name_ja": "",
        "u_transaction_price_total_ja": "2,200万円",
        "u_transaction_price_unit_price_square_meter_ja": "",
        "u_unit_price_per_tsubo_ja": "",
        "u_area_ja": "85㎡",
        "land_shape_name_ja": "",
        "u_land_frontage_ja": "",
        "building_use_name_ja": "",
        "building_structure_name_ja": "ＲＣ",
        "floor_plan_name_ja": "３ＬＤＫ",
        "u_building_total_floor_area_ja": "",
        "u_construction_year_ja": "1982年",
        "front_road_azimuth_name_ja": "",
        "u_front_road_width_ja": "",
        "front_road_type_name_ja": "",
        "land_use_name_ja": "第１種中高層住居専用地域",
        "u_building_coverage_ratio_ja": "",
        "u_floor_area_ratio_ja": "",
        "remark_name_ja": "",
        "future_use_purpose_name_ja": "",
        "remark_renovation_name_ja": ""
      }
    },
    {
      "type": "Feature",
      "geometry": {
        "type": "Point",
        "coordinates": [
          139.42421793937683,
          35.62522294756366
        ]
      },
      "properties": {
        "point_in_time_name_ja": "2025年第2四半期",
        "land_type_name_ja": "中古マンション等",
        "price_information_category_name_ja": "成約価格情報",
        "prefecture_name_ja": "東京都",
        "city_code": "13224",
        "city_name_ja": "多摩市",
        "district_code": "132240120",
        "district_name_ja": "鶴牧",
        "use_category_name_ja": "",
        "u_transaction_price_total_ja": "6,300万円",
        "u_transaction_price_unit_price_square_meter_ja": "",
        "u_unit_price_per_tsubo_ja": "",
        "u_area_ja": "90㎡",
        "land_shape_name_ja": "",
        "u_land_frontage_ja": "",
        "building_use_name_ja": "",
        "building_structure_name_ja": "ＲＣ",
        "floor_plan_name_ja": "３ＬＤＫ",
        "u_building_total_floor_area_ja": "",
        "u_construction_year_ja": "2007年",
        "front_road_azimuth_name_ja": "",
        "u_front_road_width_ja": "",
        "front_road_type_name_ja": "",
        "land_use_name_ja": "第２種住居地域",
        "u_building_coverage_ratio_ja": "",
        "u_floor_area_ratio_ja": "",
        "remark_name_ja": "",
        "future_use_purpose_name_ja": "",
        "remark_renovation_name_ja": "改装済み"
      }
    },
    {
      "type": "Feature",
      "geometry": {
        "type": "Point",
        "coordinates": [
          139.42421793937683,
          35.62522294756366
        ]
      },
      "properties": {
        "point_in_time_name_ja": "2025年第2四半期",
        "land_type_name_ja": "中古マンション等",
        "price_information_category_name_ja": "成約価格情報",
        "prefecture_name_ja": "東京都",
        "city_code": "13224",
        "city_name_ja": "多摩市",
        "district_code": "132240120",
        "district_name_ja": "鶴牧",
        "use_category_name_ja": "",
        "u_transaction_price_total_ja": "2,700万円",
        "u_transaction_price_unit_price_square_meter_ja": "",
        "u_unit_price_per_tsubo_ja": "",
        "u_area_ja": "70㎡",
        "land_shape_name_ja": "",
        "u_land_frontage_ja": "",
        "building_use_name_ja": "",
        "building_structure_name_ja": "ＲＣ",
        "floor_plan_name_ja": "２ＬＤＫ",
        "u_building_total_floor_area_ja": "",
        "u_construction_year_ja": "2004年",
        "front_road_azimuth_name_ja": "",
        "u_front_road_width_ja": "",
        "front_road_type_name_ja": "",
        "land_use_name_ja": "近隣商業地域",
        "u_building_coverage_ratio_ja": "",
        "u_floor_area_ratio_ja": "",
        "remark_name_ja": "",
        "future_use_purpose_name_ja": "",
        "remark_renovation_name_ja": ""
      }
    },
    {
      "type": "Feature",
      "geometry": {
        "type": "Point",
        "coordinates": [
          139.42421793937683,
          35.62522294756366
        ]
      },
      "properties": {
        "point_in_time_name_ja": "2025年第2四半期",
        "land_type_name_ja": "中古マンション等",
        "price_information_category_name_ja": "成約価格情報",
        "prefecture_name_ja": "東京都",
        "city_code": "13224",
        "city_name_ja": "多摩市",
        "district_code": "132240120",
        "district_name_ja": "鶴牧",
        "use_category_name_ja": "",
        "u_transaction_price_total_ja": "2,000万円",
        "u_transaction_price_unit_price_square_meter_ja": "",
        "u_unit_price_per_tsubo_ja": "",
        "u_area_ja": "85㎡",
        "land_shape_name_ja": "",
        "u_land_frontage_ja": "",
        "building_use_name_ja": "",
        "building_structure_name_ja": "ＲＣ",
        "floor_plan_name_ja": "３ＬＤＫ",
        "u_building_total_floor_area_ja": "",
        "u_construction_year_ja": "1983年",
        "front_road_azimuth_name_ja": "",
        "u_front_road_width_ja": "",
        "front_road_type_name_ja": "",
        "land_use_name_ja": "第１種中高層住居専用地域",
        "u_building_coverage_ratio_ja": "",
        "u_floor_area_ratio_ja": "",
        "remark_name_ja": "",
        "future_use_purpose_name_ja": "",
        "remark_renovation_name_ja": ""
      }
    },
    {
      "type": "Feature",
      "geometry": {
        "type": "Point",
        "coordinates": [
          139.42421793937683,
          35.62522294756366
        ]
      },
      "properties": {
        "point_in_time_name_ja": "2025年第2四半期",
        "land_type_name_ja": "中古マンション等",
        "price_information_category_name_ja": "成約価格情報",
        "prefecture_name_ja": "東京都",
        "city_code": "13224",
        "city_name_ja": "多摩市",
        "district_code": "132240120",
        "district_name_ja": "鶴牧",
        "use_category_name_ja": "",
        "u_transaction_price_total_ja": "6,100万円",
        "u_transaction_price_unit_price_square_meter_ja": "",
        "u_unit_price_per_tsubo_ja": "",
        "u_area_ja": "75㎡",
        "land_shape_name_ja": "",
        "u_land_frontage_ja": "",
        "building_use_name_ja": "",
        "building_structure_name_ja": "ＲＣ",
        "floor_plan_name_ja": "３ＬＤＫ",
        "u_building_total_floor_area_ja": "",
        "u_construction_year_ja": "2012年",
        "front_road_azimuth_name_ja": "",
        "u_front_road_width_ja": "",
        "front_road_type_name_ja": "",
        "land_use_name_ja": "近隣商業地域",
        "u_building_coverage_ratio_ja": "",
        "u_floor_area_ratio_ja": "",
        "remark_name_ja": "",
        "future_use_purpose_name_ja": "",
        "remark_renovation_name_ja": ""
      }
    },
    {
      "type": "Feature",
      "geometry": {
        "type": "Point",
        "coordinates": [
          139.42421793937683,
          35.62522294756366
        ]
      },
      "properties": {
        "point_in_time_name_ja": "2025年第2四半期",
        "land_type_name_ja": "中古マンション等",
        "price_information_category_name_ja": "成約価格情報",
        "prefecture_name_ja": "東京都",
        "city_code": "13224",
        "city_name_ja": "多摩市",
        "district_code": "132240120",
        "district_name_ja": "鶴牧",
        "use_category_name_ja": "",
        "u_transaction_price_total_ja": "4,000万円",
        "u_transaction_price_unit_price_square_meter_ja": "",
        "u_unit_price_per_tsubo_ja": "",
        "u_area_ja": "80㎡",
        "land_shape_name_ja": "",
        "u_land_frontage_ja": "",
        "building_use_name_ja": "",
        "building_structure_name_ja": "ＲＣ",
        "floor_plan_name_ja": "２ＬＤＫ＋Ｓ",
        "u_building_total_floor_area_ja": "",
        "u_construction_year_ja": "2006年",
        "front_road_azimuth_name_ja": "",
        "u_front_road_width_ja": "",
        "front_road_type_name_ja": "",
        "land_use_name_ja": "第１種中高層住居専用地域",
        "u_building_coverage_ratio_ja": "",
        "u_floor_area_ratio_ja": "",
        "remark_name_ja": "",
        "future_use_purpose_name_ja": "",
        "remark_renovation_name_ja": ""
      }
    },
    {
      "type": "Feature",
      "geometry": {
        "type": "Point",
        "coordinates": [
          139.42421793937683,
          35.62522294756366
        ]
      },
      "properties": {
        "point_in_time_name_ja": "2025年第2四半期",
        "land_type_name_ja": "中古マンション等",
        "price_information_category_name_ja": "成約価格情報",
        "prefecture_name_ja": "東京都",
        "city_code": "13224",
        "city_name_ja": "多摩市",
        "district_code": "132240120",
        "district_name_ja": "鶴牧",
        "use_category_name_ja": "",
        "u_transaction_price_total_ja": "5,600万円",
        "u_transaction_price_unit_price_square_meter_ja": "",
        "u_unit_price_per_tsubo_ja": "",
        "u_area_ja": "80㎡",
        "land_shape_name_ja": "",
        "u_land_frontage_ja": "",
        "building_use_name_ja": "",
        "building_structure_name_ja": "ＲＣ",
        "floor_plan_name_ja": "３ＬＤＫ",
        "u_building_total_floor_area_ja": "",
        "u_construction_year_ja": "2007年",
        "front_road_azimuth_name_ja": "",
        "u_front_road_width_ja": "",
        "front_road_type_name_ja": "",
        "land_use_name_ja": "第２種住居地域",
        "u_building_coverage_ratio_ja": "",
        "u_floor_area_ratio_ja": "",
        "remark_name_ja": "",
        "future_use_purpose_name_ja": "",
        "remark_renovation_name_ja": ""
      }
    },
    {
      "type": "Feature",
      "geometry": {
        "type": "Point",
        "coordinates": [
          139.42421793937683,
          35.62522294756366
        ]
      },
      "properties": {
        "point_in_time_name_ja": "2025年第3四半期",
        "land_type_name_ja": "中古マンション等",
        "price_information_category_name_ja": "成約価格情報",
        "prefecture_name_ja": "東京都",
        "city_code": "13224",
        "city_name_ja": "多摩市",
        "district_code": "132240120",
        "district_name_ja": "鶴牧",
        "use_category_name_ja": "",
        "u_transaction_price_total_ja": "4,700万円",
        "u_transaction_price_unit_price_square_meter_ja": "",
        "u_unit_price_per_tsubo_ja": "",
        "u_area_ja": "95㎡",
        "land_shape_name_ja": "",
        "u_land_frontage_ja": "",
        "building_use_name_ja": "",
        "building_structure_name_ja": "ＳＲＣ",
        "floor_plan_name_ja": "３ＬＤＫ",
        "u_building_total_floor_area_ja": "",
        "u_construction_year_ja": "2004年",
        "front_road_azimuth_name_ja": "",
        "u_front_road_width_ja": "",
        "front_road_type_name_ja": "",
        "land_use_name_ja": "近隣商業地域",
        "u_building_coverage_ratio_ja": "",
        "u_floor_area_ratio_ja": "",
        "remark_name_ja": "",
        "future_use_purpose_name_ja": "",
        "remark_renovation_name_ja": ""
      }
    },
    {
      "type": "Feature",
      "geometry": {
        "type": "Point",
        "coordinates": [
          139.42421793937683,
          35.62522294756366
        ]
      },
      "properties": {
        "point_in_time_name_ja": "2025年第3四半期",
        "land_type_name_ja": "中古マンション等",
        "price_information_category_name_ja": "成約価格情報",
        "prefecture_name_ja": "東京都",
        "city_code": "13224",
        "city_name_ja": "多摩市",
        "district_code": "132240120",
        "district_name_ja": "鶴牧",
        "use_category_name_ja": "",
        "u_transaction_price_total_ja": "5,500万円",
        "u_transaction_price_unit_price_square_meter_ja": "",
        "u_unit_price_per_tsubo_ja": "",
        "u_area_ja": "80㎡",
        "land_shape_name_ja": "",
        "u_land_frontage_ja": "",
        "building_use_name_ja": "",
        "building_structure_name_ja": "ＲＣ",
        "floor_plan_name_ja": "３ＬＤＫ",
        "u_building_total_floor_area_ja": "",
        "u_construction_year_ja": "2007年",
        "front_road_azimuth_name_ja": "",
        "u_front_road_width_ja": "",
        "front_road_type_name_ja": "",
        "land_use_name_ja": "第２種住居地域",
        "u_building_coverage_ratio_ja": "",
        "u_floor_area_ratio_ja": "",
        "remark_name_ja": "",
        "future_use_purpose_name_ja": "",
        "remark_renovation_name_ja": ""
      }
    },
    {
      "type": "Feature",
      "geometry": {
        "type": "Point",
        "coordinates": [
          139.42421793937683,
          35.62522294756366
        ]
      },
      "properties": {
        "point_in_time_name_ja": "2025年第3四半期",
        "land_type_name_ja": "中古マンション等",
        "price_information_category_name_ja": "成約価格情報",
        "prefecture_name_ja": "東京都",
        "city_code": "13224",
        "city_name_ja": "多摩市",
        "district_code": "132240120",
        "district_name_ja": "鶴牧",
        "use_category_name_ja": "",
        "u_transaction_price_total_ja": "5,700万円",
        "u_transaction_price_unit_price_square_meter_ja": "",
        "u_unit_price_per_tsubo_ja": "",
        "u_area_ja": "70㎡",
        "land_shape_name_ja": "",
        "u_land_frontage_ja": "",
        "building_use_name_ja": "",
        "building_structure_name_ja": "ＲＣ",
        "floor_plan_name_ja": "３ＬＤＫ",
        "u_building_total_floor_area_ja": "",
        "u_construction_year_ja": "2024年",
        "front_road_azimuth_name_ja": "",
        "u_front_road_width_ja": "",
        "front_road_type_name_ja": "",
        "land_use_name_ja": "商業地域",
        "u_building_coverage_ratio_ja": "",
        "u_floor_area_ratio_ja": "",
        "remark_name_ja": "",
        "future_use_purpose_name_ja": "",
        "remark_renovation_name_ja": ""
      }
    },
    {
      "type": "Feature",
      "geometry": {
        "type": "Point",
        "coordinates": [
          139.42421793937683,
          35.62522294756366
        ]
      },
      "properties": {
        "point_in_time_name_ja": "2025年第3四半期",
        "land_type_name_ja": "中古マンション等",
        "price_information_category_name_ja": "成約価格情報",
        "prefecture_name_ja": "東京都",
        "city_code": "13224",
        "city_name_ja": "多摩市",
        "district_code": "132240120",
        "district_name_ja": "鶴牧",
        "use_category_name_ja": "",
        "u_transaction_price_total_ja": "4,600万円",
        "u_transaction_price_unit_price_square_meter_ja": "",
        "u_unit_price_per_tsubo_ja": "",
        "u_area_ja": "85㎡",
        "land_shape_name_ja": "",
        "u_land_frontage_ja": "",
        "building_use_name_ja": "",
        "building_structure_name_ja": "ＲＣ",
        "floor_plan_name_ja": "３ＬＤＫ",
        "u_building_total_floor_area_ja": "",
        "u_construction_year_ja": "2006年",
        "front_road_azimuth_name_ja": "",
        "u_front_road_width_ja": "",
        "front_road_type_name_ja": "",
        "land_use_name_ja": "第２種住居地域",
        "u_building_coverage_ratio_ja": "",
        "u_floor_area_ratio_ja": "",
        "remark_name_ja": "",
        "future_use_purpose_name_ja": "",
        "remark_renovation_name_ja": ""
      }
    },
    {
      "type": "Feature",
      "geometry": {
        "type": "Point",
        "coordinates": [
          139.42421793937683,
          35.62522294756366
        ]
      },
      "properties": {
        "point_in_time_name_ja": "2025年第3四半期",
        "land_type_name_ja": "中古マンション等",
        "price_information_category_name_ja": "成約価格情報",
        "prefecture_name_ja": "東京都",
        "city_code": "13224",
        "city_name_ja": "多摩市",
        "district_code": "132240120",
        "district_name_ja": "鶴牧",
        "use_category_name_ja": "",
        "u_transaction_price_total_ja": "6,600万円",
        "u_transaction_price_unit_price_square_meter_ja": "",
        "u_unit_price_per_tsubo_ja": "",
        "u_area_ja": "100㎡",
        "land_shape_name_ja": "",
        "u_land_frontage_ja": "",
        "building_use_name_ja": "",
        "building_structure_name_ja": "ＲＣ",
        "floor_plan_name_ja": "４ＬＤＫ",
        "u_building_total_floor_area_ja": "",
        "u_construction_year_ja": "2017年",
        "front_road_azimuth_name_ja": "",
        "u_front_road_width_ja": "",
        "front_road_type_name_ja": "",
        "land_use_name_ja": "第２種住居地域",
        "u_building_coverage_ratio_ja": "",
        "u_floor_area_ratio_ja": "",
        "remark_name_ja": "",
        "future_use_purpose_name_ja": "",
        "remark_renovation_name_ja": ""
      }
    },
    {
      "type": "Feature",
      "geometry": {
        "type": "Point",
        "coordinates": [
          139.42421793937683,
          35.62522294756366
        ]
      },
      "properties": {
        "point_in_time_name_ja": "2025年第3四半期",
        "land_type_name_ja": "中古マンション等",
        "price_information_category_name_ja": "成約価格情報",
        "prefecture_name_ja": "東京都",
        "city_code": "13224",
        "city_name_ja": "多摩市",
        "district_code": "132240120",
        "district_name_ja": "鶴牧",
        "use_category_name_ja": "",
        "u_transaction_price_total_ja": "2,200万円",
        "u_transaction_price_unit_price_square_meter_ja": "",
        "u_unit_price_per_tsubo_ja": "",
        "u_area_ja": "90㎡",
        "land_shape_name_ja": "",
        "u_land_frontage_ja": "",
        "building_use_name_ja": "",
        "building_structure_name_ja": "ＳＲＣ",
        "floor_plan_name_ja": "３ＬＤＫ",
        "u_building_total_floor_area_ja": "",
        "u_construction_year_ja": "1984年",
        "front_road_azimuth_name_ja": "",
        "u_front_road_width_ja": "",
        "front_road_type_name_ja": "",
        "land_use_name_ja": "第１種中高層住居専用地域",
        "u_building_coverage_ratio_ja": "",
        "u_floor_area_ratio_ja": "",
        "remark_name_ja": "",
        "future_use_purpose_name_ja": "",
        "remark_renovation_name_ja": ""
      }
    },
    {
      "type": "Feature",
      "geometry": {
        "type": "Point",
        "coordinates": [
          139.42421793937683,
          35.62522294756366
        ]
      },
      "properties": {
        "point_in_time_name_ja": "2025年第3四半期",
        "land_type_name_ja": "中古マンション等",
        "price_information_category_name_ja": "成約価格情報",
        "prefecture_name_ja": "東京都",
        "city_code": "13224",
        "city_name_ja": "多摩市",
        "district_code": "132240120",
        "district_name_ja": "鶴牧",
        "use_category_name_ja": "",
        "u_transaction_price_total_ja": "4,000万円",
        "u_transaction_price_unit_price_square_meter_ja": "",
        "u_unit_price_per_tsubo_ja": "",
        "u_area_ja": "70㎡",
        "land_shape_name_ja": "",
        "u_land_frontage_ja": "",
        "building_use_name_ja": "",
        "building_structure_name_ja": "ＲＣ",
        "floor_plan_name_ja": "３ＬＤＫ",
        "u_building_total_floor_area_ja": "",
        "u_construction_year_ja": "2011年",
        "front_road_azimuth_name_ja": "",
        "u_front_road_width_ja": "",
        "front_road_type_name_ja": "",
        "land_use_name_ja": "近隣商業地域",
        "u_building_coverage_ratio_ja": "",
        "u_floor_area_ratio_ja": "",
        "remark_name_ja": "",
        "future_use_purpose_name_ja": "",
        "remark_renovation_name_ja": ""
      }
    },
    {
      "type": "Feature",
      "geometry": {
        "type": "Point",
        "coordinates": [
          139.42421793937683,
          35.62522294756366
        ]
      },
      "properties": {
        "point_in_time_name_ja": "2025年第3四半期",
        "land_type_name_ja": "中古マンション等",
        "price_information_category_name_ja": "成約価格情報",
        "prefecture_name_ja": "東京都",
        "city_code": "13224",
        "city_name_ja": "多摩市",
        "district_code": "132240120",
        "district_name_ja": "鶴牧",
        "use_category_name_ja": "",
        "u_transaction_price_total_ja": "3,900万円",
        "u_transaction_price_unit_price_square_meter_ja": "",
        "u_unit_price_per_tsubo_ja": "",
        "u_area_ja": "90㎡",
        "land_shape_name_ja": "",
        "u_land_frontage_ja": "",
        "building_use_name_ja": "",
        "building_structure_name_ja": "ＲＣ",
        "floor_plan_name_ja": "３ＬＤＫ",
        "u_building_total_floor_area_ja": "",
        "u_construction_year_ja": "1984年",
        "front_road_azimuth_name_ja": "",
        "u_front_road_width_ja": "",
        "front_road_type_name_ja": "",
        "land_use_name_ja": "第１種中高層住居専用地域",
        "u_building_coverage_ratio_ja": "",
        "u_floor_area_ratio_ja": "",
        "remark_name_ja": "",
        "future_use_purpose_name_ja": "",
        "remark_renovation_name_ja": ""
      }
    },
    {
      "type": "Feature",
      "geometry": {
        "type": "Point",
        "coordinates": [
          139.42421793937683,
          35.62522294756366
        ]
      },
      "properties": {
        "point_in_time_name_ja": "2025年第4四半期",
        "land_type_name_ja": "中古マンション等",
        "price_information_category_name_ja": "成約価格情報",
        "prefecture_name_ja": "東京都",
        "city_code": "13224",
        "city_name_ja": "多摩市",
        "district_code": "132240090",
        "district_name_ja": "山王下",
        "use_category_name_ja": "",
        "u_transaction_price_total_ja": "400万円",
        "u_transaction_price_unit_price_square_meter_ja": "",
        "u_unit_price_per_tsubo_ja": "",
        "u_area_ja": "15㎡",
        "land_shape_name_ja": "",
        "u_land_frontage_ja": "",
        "building_use_name_ja": "",
        "building_structure_name_ja": "ＳＲＣ",
        "floor_plan_name_ja": "１Ｒ",
        "u_building_total_floor_area_ja": "",
        "u_construction_year_ja": "1984年",
        "front_road_azimuth_name_ja": "",
        "u_front_road_width_ja": "",
        "front_road_type_name_ja": "",
        "land_use_name_ja": "近隣商業地域",
        "u_building_coverage_ratio_ja": "",
        "u_floor_area_ratio_ja": "",
        "remark_name_ja": "",
        "future_use_purpose_name_ja": "",
        "remark_renovation_name_ja": ""
      }
    },
    {
      "type": "Feature",
      "geometry": {
        "type": "Point",
        "coordinates": [
          139.42421793937683,
          35.62522294756366
        ]
      },
      "properties": {
        "point_in_time_name_ja": "2025年第4四半期",
        "land_type_name_ja": "中古マンション等",
        "price_information_category_name_ja": "成約価格情報",
        "prefecture_name_ja": "東京都",
        "city_code": "13224",
        "city_name_ja": "多摩市",
        "district_code": "132240120",
        "district_name_ja": "鶴牧",
        "use_category_name_ja": "",
        "u_transaction_price_total_ja": "2,600万円",
        "u_transaction_price_unit_price_square_meter_ja": "",
        "u_unit_price_per_tsubo_ja": "",
        "u_area_ja": "85㎡",
        "land_shape_name_ja": "",
        "u_land_frontage_ja": "",
        "building_use_name_ja": "",
        "building_structure_name_ja": "ＲＣ",
        "floor_plan_name_ja": "３ＬＤＫ",
        "u_building_total_floor_area_ja": "",
        "u_construction_year_ja": "1983年",
        "front_road_azimuth_name_ja": "",
        "u_front_road_width_ja": "",
        "front_road_type_name_ja": "",
        "land_use_name_ja": "第１種中高層住居専用地域",
        "u_building_coverage_ratio_ja": "",
        "u_floor_area_ratio_ja": "",
        "remark_name_ja": "",
        "future_use_purpose_name_ja": "",
        "remark_renovation_name_ja": ""
      }
    },
    {
      "type": "Feature",
      "geometry": {
        "type": "Point",
        "coordinates": [
          139.42421793937683,
          35.62522294756366
        ]
      },
      "properties": {
        "point_in_time_name_ja": "2025年第4四半期",
        "land_type_name_ja": "中古マンション等",
        "price_information_category_name_ja": "成約価格情報",
        "prefecture_name_ja": "東京都",
        "city_code": "13224",
        "city_name_ja": "多摩市",
        "district_code": "132240120",
        "district_name_ja": "鶴牧",
        "use_category_name_ja": "",
        "u_transaction_price_total_ja": "6,700万円",
        "u_transaction_price_unit_price_square_meter_ja": "",
        "u_unit_price_per_tsubo_ja": "",
        "u_area_ja": "95㎡",
        "land_shape_name_ja": "",
        "u_land_frontage_ja": "",
        "building_use_name_ja": "",
        "building_structure_name_ja": "ＲＣ",
        "floor_plan_name_ja": "４ＬＤＫ",
        "u_building_total_floor_area_ja": "",
        "u_construction_year_ja": "2017年",
        "front_road_azimuth_name_ja": "",
        "u_front_road_width_ja": "",
        "front_road_type_name_ja": "",
        "land_use_name_ja": "第２種住居地域",
        "u_building_coverage_ratio_ja": "",
        "u_floor_area_ratio_ja": "",
        "remark_name_ja": "",
        "future_use_purpose_name_ja": "",
        "remark_renovation_name_ja": ""
      }
    },
    {
      "type": "Feature",
      "geometry": {
        "type": "Point",
        "coordinates": [
          139.42421793937683,
          35.62522294756366
        ]
      },
      "properties": {
        "point_in_time_name_ja": "2025年第4四半期",
        "land_type_name_ja": "中古マンション等",
        "price_information_category_name_ja": "成約価格情報",
        "prefecture_name_ja": "東京都",
        "city_code": "13224",
        "city_name_ja": "多摩市",
        "district_code": "132240120",
        "district_name_ja": "鶴牧",
        "use_category_name_ja": "",
        "u_transaction_price_total_ja": "4,900万円",
        "u_transaction_price_unit_price_square_meter_ja": "",
        "u_unit_price_per_tsubo_ja": "",
        "u_area_ja": "65㎡",
        "land_shape_name_ja": "",
        "u_land_frontage_ja": "",
        "building_use_name_ja": "",
        "building_structure_name_ja": "ＲＣ",
        "floor_plan_name_ja": "３ＬＤＫ",
        "u_building_total_floor_area_ja": "",
        "u_construction_year_ja": "2020年",
        "front_road_azimuth_name_ja": "",
        "u_front_road_width_ja": "",
        "front_road_type_name_ja": "",
        "land_use_name_ja": "近隣商業地域",
        "u_building_coverage_ratio_ja": "",
        "u_floor_area_ratio_ja": "",
        "remark_name_ja": "",
        "future_use_purpose_name_ja": "",
        "remark_renovation_name_ja": ""
      }
    },
    {
      "type": "Feature",
      "geometry": {
        "type": "Point",
        "coordinates": [
          139.42421793937683,
          35.62522294756366
        ]
      },
      "properties": {
        "point_in_time_name_ja": "2025年第4四半期",
        "land_type_name_ja": "中古マンション等",
        "price_information_category_name_ja": "成約価格情報",
        "prefecture_name_ja": "東京都",
        "city_code": "13224",
        "city_name_ja": "多摩市",
        "district_code": "132240120",
        "district_name_ja": "鶴牧",
        "use_category_name_ja": "",
        "u_transaction_price_total_ja": "3,600万円",
        "u_transaction_price_unit_price_square_meter_ja": "",
        "u_unit_price_per_tsubo_ja": "",
        "u_area_ja": "80㎡",
        "land_shape_name_ja": "",
        "u_land_frontage_ja": "",
        "building_use_name_ja": "",
        "building_structure_name_ja": "ＲＣ",
        "floor_plan_name_ja": "３ＬＤＫ",
        "u_building_total_floor_area_ja": "",
        "u_construction_year_ja": "1983年",
        "front_road_azimuth_name_ja": "",
        "u_front_road_width_ja": "",
        "front_road_type_name_ja": "",
        "land_use_name_ja": "第１種中高層住居専用地域",
        "u_building_coverage_ratio_ja": "",
        "u_floor_area_ratio_ja": "",
        "remark_name_ja": "",
        "future_use_purpose_name_ja": "",
        "remark_renovation_name_ja": "改装済み"
      }
    },
    {
      "type": "Feature",
      "geometry": {
        "type": "Point",
        "coordinates": [
          139.42421793937683,
          35.62522294756366
        ]
      },
      "properties": {
        "point_in_time_name_ja": "2025年第4四半期",
        "land_type_name_ja": "中古マンション等",
        "price_information_category_name_ja": "成約価格情報",
        "prefecture_name_ja": "東京都",
        "city_code": "13224",
        "city_name_ja": "多摩市",
        "district_code": "132240120",
        "district_name_ja": "鶴牧",
        "use_category_name_ja": "",
        "u_transaction_price_total_ja": "6,700万円",
        "u_transaction_price_unit_price_square_meter_ja": "",
        "u_unit_price_per_tsubo_ja": "",
        "u_area_ja": "95㎡",
        "land_shape_name_ja": "",
        "u_land_frontage_ja": "",
        "building_use_name_ja": "",
        "building_structure_name_ja": "ＲＣ",
        "floor_plan_name_ja": "４ＬＤＫ",
        "u_building_total_floor_area_ja": "",
        "u_construction_year_ja": "2017年",
        "front_road_azimuth_name_ja": "",
        "u_front_road_width_ja": "",
        "front_road_type_name_ja": "",
        "land_use_name_ja": "第２種住居地域",
        "u_building_coverage_ratio_ja": "",
        "u_floor_area_ratio_ja": "",
        "remark_name_ja": "",
        "future_use_purpose_name_ja": "",
        "remark_renovation_name_ja": ""
      }
    },
    {
      "type": "Feature",
      "geometry": {
        "type": "Point",
        "coordinates": [
          139.42421793937683,
          35.62522294756366
        ]
      },
      "properties": {
        "point_in_time_name_ja": "2025年第4四半期",
        "land_type_name_ja": "中古マンション等",
        "price_information_category_name_ja": "成約価格情報",
        "prefecture_name_ja": "東京都",
        "city_code": "13224",
        "city_name_ja": "多摩市",
        "district_code": "132240120",
        "district_name_ja": "鶴牧",
        "use_category_name_ja": "",
        "u_transaction_price_total_ja": "2,300万円",
        "u_transaction_price_unit_price_square_meter_ja": "",
        "u_unit_price_per_tsubo_ja": "",
        "u_area_ja": "55㎡",
        "land_shape_name_ja": "",
        "u_land_frontage_ja": "",
        "building_use_name_ja": "",
        "building_structure_name_ja": "ＲＣ",
        "floor_plan_name_ja": "１ＬＤＫ＋Ｓ",
        "u_building_total_floor_area_ja": "",
        "u_construction_year_ja": "2003年",
        "front_road_azimuth_name_ja": "",
        "u_front_road_width_ja": "",
        "front_road_type_name_ja": "",
        "land_use_name_ja": "近隣商業地域",
        "u_building_coverage_ratio_ja": "",
        "u_floor_area_ratio_ja": "",
        "remark_name_ja": "",
        "future_use_purpose_name_ja": "",
        "remark_renovation_name_ja": ""
      }
    },
    {
      "type": "Feature",
      "geometry": {
        "type": "Point",
        "coordinates": [
          139.42421793937683,
          35.62522294756366
        ]
      },
      "properties": {
        "point_in_time_name_ja": "2025年第4四半期",
        "land_type_name_ja": "中古マンション等",
        "price_information_category_name_ja": "成約価格情報",
        "prefecture_name_ja": "東京都",
        "city_code": "13224",
        "city_name_ja": "多摩市",
        "district_code": "132240120",
        "district_name_ja": "鶴牧",
        "use_category_name_ja": "",
        "u_transaction_price_total_ja": "6,800万円",
        "u_transaction_price_unit_price_square_meter_ja": "",
        "u_unit_price_per_tsubo_ja": "",
        "u_area_ja": "105㎡",
        "land_shape_name_ja": "",
        "u_land_frontage_ja": "",
        "building_use_name_ja": "",
        "building_structure_name_ja": "ＲＣ",
        "floor_plan_name_ja": "４ＬＤＫ",
        "u_building_total_floor_area_ja": "",
        "u_construction_year_ja": "2007年",
        "front_road_azimuth_name_ja": "",
        "u_front_road_width_ja": "",
        "front_road_type_name_ja": "",
        "land_use_name_ja": "第２種住居地域",
        "u_building_coverage_ratio_ja": "",
        "u_floor_area_ratio_ja": "",
        "remark_name_ja": "",
        "future_use_purpose_name_ja": "",
        "remark_renovation_name_ja": ""
      }
    },
    {
      "type": "Feature",
      "geometry": {
        "type": "Point",
        "coordinates": [
          139.42421793937683,
          35.62522294756366
        ]
      },
      "properties": {
        "point_in_time_name_ja": "2025年第4四半期",
        "land_type_name_ja": "中古マンション等",
        "price_information_category_name_ja": "成約価格情報",
        "prefecture_name_ja": "東京都",
        "city_code": "13224",
        "city_name_ja": "多摩市",
        "district_code": "132240120",
        "district_name_ja": "鶴牧",
        "use_category_name_ja": "",
        "u_transaction_price_total_ja": "2,900万円",
        "u_transaction_price_unit_price_square_meter_ja": "",
        "u_unit_price_per_tsubo_ja": "",
        "u_area_ja": "90㎡",
        "land_shape_name_ja": "",
        "u_land_frontage_ja": "",
        "building_use_name_ja": "",
        "building_structure_name_ja": "ＲＣ",
        "floor_plan_name_ja": "３ＬＤＫ",
        "u_building_total_floor_area_ja": "",
        "u_construction_year_ja": "1982年",
        "front_road_azimuth_name_ja": "",
        "u_front_road_width_ja": "",
        "front_road_type_name_ja": "",
        "land_use_name_ja": "第１種中高層住居専用地域",
        "u_building_coverage_ratio_ja": "",
        "u_floor_area_ratio_ja": "",
        "remark_name_ja": "",
        "future_use_purpose_name_ja": "",
        "remark_renovation_name_ja": "改装済み"
      }
    },
    {
      "type": "Feature",
      "geometry": {
        "type": "Point",
        "coordinates": [
          139.4243198633194,
          35.62492643728076
        ]
      },
      "properties": {
        "point_in_time_name_ja": "2025年第1四半期",
        "land_type_name_ja": "中古マンション等",
        "price_information_category_name_ja": "成約価格情報",
        "prefecture_name_ja": "東京都",
        "city_code": "13224",
        "city_name_ja": "多摩市",
        "district_code": "132240030",
        "district_name_ja": "落合",
        "use_category_name_ja": "",
        "u_transaction_price_total_ja": "2,800万円",
        "u_transaction_price_unit_price_square_meter_ja": "",
        "u_unit_price_per_tsubo_ja": "",
        "u_area_ja": "100㎡",
        "land_shape_name_ja": "",
        "u_land_frontage_ja": "",
        "building_use_name_ja": "",
        "building_structure_name_ja": "ＲＣ",
        "floor_plan_name_ja": "３ＬＤＫ＋Ｓ",
        "u_building_total_floor_area_ja": "",
        "u_construction_year_ja": "1987年",
        "front_road_azimuth_name_ja": "",
        "u_front_road_width_ja": "",
        "front_road_type_name_ja": "",
        "land_use_name_ja": "第１種中高層住居専用地域",
        "u_building_coverage_ratio_ja": "",
        "u_floor_area_ratio_ja": "",
        "remark_name_ja": "",
        "future_use_purpose_name_ja": "",
        "remark_renovation_name_ja": ""
      }
    },
    {
      "type": "Feature",
      "geometry": {
        "type": "Point",
        "coordinates": [
          139.4243198633194,
          35.62492643728076
        ]
      },
      "properties": {
        "point_in_time_name_ja": "2025年第1四半期",
        "land_type_name_ja": "中古マンション等",
        "price_information_category_name_ja": "成約価格情報",
        "prefecture_name_ja": "東京都",
        "city_code": "13224",
        "city_name_ja": "多摩市",
        "district_code": "132240030",
        "district_name_ja": "落合",
        "use_category_name_ja": "",
        "u_transaction_price_total_ja": "4,100万円",
        "u_transaction_price_unit_price_square_meter_ja": "",
        "u_unit_price_per_tsubo_ja": "",
        "u_area_ja": "65㎡",
        "land_shape_name_ja": "",
        "u_land_frontage_ja": "",
        "building_use_name_ja": "",
        "building_structure_name_ja": "ＲＣ",
        "floor_plan_name_ja": "２ＬＤＫ",
        "u_building_total_floor_area_ja": "",
        "u_construction_year_ja": "2005年",
        "front_road_azimuth_name_ja": "",
        "u_front_road_width_ja": "",
        "front_road_type_name_ja": "",
        "land_use_name_ja": "第２種住居地域",
        "u_building_coverage_ratio_ja": "",
        "u_floor_area_ratio_ja": "",
        "remark_name_ja": "",
        "future_use_purpose_name_ja": "",
        "remark_renovation_name_ja": ""
      }
    },
    {
      "type": "Feature",
      "geometry": {
        "type": "Point",
        "coordinates": [
          139.4243198633194,
          35.62492643728076
        ]
      },
      "properties": {
        "point_in_time_name_ja": "2025年第2四半期",
        "land_type_name_ja": "中古マンション等",
        "price_information_category_name_ja": "成約価格情報",
        "prefecture_name_ja": "東京都",
        "city_code": "13224",
        "city_name_ja": "多摩市",
        "district_code": "132240030",
        "district_name_ja": "落合",
        "use_category_name_ja": "",
        "u_transaction_price_total_ja": "6,200万円",
        "u_transaction_price_unit_price_square_meter_ja": "",
        "u_unit_price_per_tsubo_ja": "",
        "u_area_ja": "70㎡",
        "land_shape_name_ja": "",
        "u_land_frontage_ja": "",
        "building_use_name_ja": "",
        "building_structure_name_ja": "ＲＣ",
        "floor_plan_name_ja": "３ＬＤＫ",
        "u_building_total_floor_area_ja": "",
        "u_construction_year_ja": "2017年",
        "front_road_azimuth_name_ja": "",
        "u_front_road_width_ja": "",
        "front_road_type_name_ja": "",
        "land_use_name_ja": "商業地域",
        "u_building_coverage_ratio_ja": "",
        "u_floor_area_ratio_ja": "",
        "remark_name_ja": "",
        "future_use_purpose_name_ja": "",
        "remark_renovation_name_ja": "改装済み"
      }
    },
    {
      "type": "Feature",
      "geometry": {
        "type": "Point",
        "coordinates": [
          139.4243198633194,
          35.62492643728076
        ]
      },
      "properties": {
        "point_in_time_name_ja": "2025年第2四半期",
        "land_type_name_ja": "中古マンション等",
        "price_information_category_name_ja": "成約価格情報",
        "prefecture_name_ja": "東京都",
        "city_code": "13224",
        "city_name_ja": "多摩市",
        "district_code": "132240130",
        "district_name_ja": "豊ケ丘",
        "use_category_name_ja": "",
        "u_transaction_price_total_ja": "1,100万円",
        "u_transaction_price_unit_price_square_meter_ja": "",
        "u_unit_price_per_tsubo_ja": "",
        "u_area_ja": "80㎡",
        "land_shape_name_ja": "",
        "u_land_frontage_ja": "",
        "building_use_name_ja": "",
        "building_structure_name_ja": "ＲＣ",
        "floor_plan_name_ja": "３ＬＤＫ",
        "u_building_total_floor_area_ja": "",
        "u_construction_year_ja": "1976年",
        "front_road_azimuth_name_ja": "",
        "u_front_road_width_ja": "",
        "front_road_type_name_ja": "",
        "land_use_name_ja": "第１種中高層住居専用地域",
        "u_building_coverage_ratio_ja": "",
        "u_floor_area_ratio_ja": "",
        "remark_name_ja": "",
        "future_use_purpose_name_ja": "",
        "remark_renovation_name_ja": ""
      }
    },
    {
      "type": "Feature",
      "geometry": {
        "type": "Point",
        "coordinates": [
          139.4243198633194,
          35.62492643728076
        ]
      },
      "properties": {
        "point_in_time_name_ja": "2025年第3四半期",
        "land_type_name_ja": "中古マンション等",
        "price_information_category_name_ja": "成約価格情報",
        "prefecture_name_ja": "東京都",
        "city_code": "13224",
        "city_name_ja": "多摩市",
        "district_code": "132240130",
        "district_name_ja": "豊ケ丘",
        "use_category_name_ja": "",
        "u_transaction_price_total_ja": "3,600万円",
        "u_transaction_price_unit_price_square_meter_ja": "",
        "u_unit_price_per_tsubo_ja": "",
        "u_area_ja": "75㎡",
        "land_shape_name_ja": "",
        "u_land_frontage_ja": "",
        "building_use_name_ja": "",
        "building_structure_name_ja": "ＲＣ",
        "floor_plan_name_ja": "３ＬＤＫ",
        "u_building_total_floor_area_ja": "",
        "u_construction_year_ja": "2001年",
        "front_road_azimuth_name_ja": "",
        "u_front_road_width_ja": "",
        "front_road_type_name_ja": "",
        "land_use_name_ja": "第２種中高層住居専用地域",
        "u_building_coverage_ratio_ja": "",
        "u_floor_area_ratio_ja": "",
        "remark_name_ja": "",
        "future_use_purpose_name_ja": "",
        "remark_renovation_name_ja": ""
      }
    },
    {
      "type": "Feature",
      "geometry": {
        "type": "Point",
        "coordinates": [
          139.4243198633194,
          35.62492643728076
        ]
      },
      "properties": {
        "point_in_time_name_ja": "2025年第4四半期",
        "land_type_name_ja": "中古マンション等",
        "price_information_category_name_ja": "成約価格情報",
        "prefecture_name_ja": "東京都",
        "city_code": "13224",
        "city_name_ja": "多摩市",
        "district_code": "132240130",
        "district_name_ja": "豊ケ丘",
        "use_category_name_ja": "",
        "u_transaction_price_total_ja": "1,300万円",
        "u_transaction_price_unit_price_square_meter_ja": "",
        "u_unit_price_per_tsubo_ja": "",
        "u_area_ja": "65㎡",
        "land_shape_name_ja": "",
        "u_land_frontage_ja": "",
        "building_use_name_ja": "",
        "building_structure_name_ja": "ＲＣ",
        "floor_plan_name_ja": "２ＬＤＫ",
        "u_building_total_floor_area_ja": "",
        "u_construction_year_ja": "1978年",
        "front_road_azimuth_name_ja": "",
        "u_front_road_width_ja": "",
        "front_road_type_name_ja": "",
        "land_use_name_ja": "第１種中高層住居専用地域",
        "u_building_coverage_ratio_ja": "",
        "u_floor_area_ratio_ja": "",
        "remark_name_ja": "",
        "future_use_purpose_name_ja": "",
        "remark_renovation_name_ja": ""
      }
    },
    {
      "type": "Feature",
      "geometry": {
        "type": "Point",
        "coordinates": [
          139.4243198633194,
          35.62492643728076
        ]
      },
      "properties": {
        "point_in_time_name_ja": "2025年第4四半期",
        "land_type_name_ja": "中古マンション等",
        "price_information_category_name_ja": "成約価格情報",
        "prefecture_name_ja": "東京都",
        "city_code": "13224",
        "city_name_ja": "多摩市",
        "district_code": "132240130",
        "district_name_ja": "豊ケ丘",
        "use_category_name_ja": "",
        "u_transaction_price_total_ja": "3,000万円",
        "u_transaction_price_unit_price_square_meter_ja": "",
        "u_unit_price_per_tsubo_ja": "",
        "u_area_ja": "145㎡",
        "land_shape_name_ja": "",
        "u_land_frontage_ja": "",
        "building_use_name_ja": "",
        "building_structure_name_ja": "ＲＣ",
        "floor_plan_name_ja": "５ＬＤＫ",
        "u_building_total_floor_area_ja": "",
        "u_construction_year_ja": "1988年",
        "front_road_azimuth_name_ja": "",
        "u_front_road_width_ja": "",
        "front_road_type_name_ja": "",
        "land_use_name_ja": "第１種中高層住居専用地域",
        "u_building_coverage_ratio_ja": "",
        "u_floor_area_ratio_ja": "",
        "remark_name_ja": "",
        "future_use_purpose_name_ja": "",
        "remark_renovation_name_ja": ""
      }
    },
    {
      "type": "Feature",
      "geometry": {
        "type": "Point",
        "coordinates": [
          139.4243198633194,
          35.62492643728076
        ]
      },
      "properties": {
        "point_in_time_name_ja": "2025年第4四半期",
        "land_type_name_ja": "中古マンション等",
        "price_information_category_name_ja": "成約価格情報",
        "prefecture_name_ja": "東京都",
        "city_code": "13224",
        "city_name_ja": "多摩市",
        "district_code": "132240130",
        "district_name_ja": "豊ケ丘",
        "use_category_name_ja": "",
        "u_transaction_price_total_ja": "1,300万円",
        "u_transaction_price_unit_price_square_meter_ja": "",
        "u_unit_price_per_tsubo_ja": "",
        "u_area_ja": "95㎡",
        "land_shape_name_ja": "",
        "u_land_frontage_ja": "",
        "building_use_name_ja": "",
        "building_structure_name_ja": "ＲＣ",
        "floor_plan_name_ja": "４ＬＤＫ",
        "u_building_total_floor_area_ja": "",
        "u_construction_year_ja": "1976年",
        "front_road_azimuth_name_ja": "",
        "u_front_road_width_ja": "",
        "front_road_type_name_ja": "",
        "land_use_name_ja": "第１種中高層住居専用地域",
        "u_building_coverage_ratio_ja": "",
        "u_floor_area_ratio_ja": "",
        "remark_name_ja": "",
        "future_use_purpose_name_ja": "",
        "remark_renovation_name_ja": ""
      }
    },
    {
      "type": "Feature",
      "geometry": {
        "type": "Point",
        "coordinates": [
          139.4243198633194,
          35.62492643728076
        ]
      },
      "properties": {
        "point_in_time_name_ja": "2025年第1四半期",
        "land_type_name_ja": "中古マンション等",
        "price_information_category_name_ja": "成約価格情報",
        "prefecture_name_ja": "東京都",
        "city_code": "13224",
        "city_name_ja": "多摩市",
        "district_code": "132240120",
        "district_name_ja": "鶴牧",
        "use_category_name_ja": "",
        "u_transaction_price_total_ja": "5,800万円",
        "u_transaction_price_unit_price_square_meter_ja": "",
        "u_unit_price_per_tsubo_ja": "",
        "u_area_ja": "105㎡",
        "land_shape_name_ja": "",
        "u_land_frontage_ja": "",
        "building_use_name_ja": "",
        "building_structure_name_ja": "ＲＣ",
        "floor_plan_name_ja": "４ＬＤＫ",
        "u_building_total_floor_area_ja": "",
        "u_construction_year_ja": "2007年",
        "front_road_azimuth_name_ja": "",
        "u_front_road_width_ja": "",
        "front_road_type_name_ja": "",
        "land_use_name_ja": "第２種住居地域",
        "u_building_coverage_ratio_ja": "",
        "u_floor_area_ratio_ja": "",
        "remark_name_ja": "",
        "future_use_purpose_name_ja": "",
        "remark_renovation_name_ja": ""
      }
    },
    {
      "type": "Feature",
      "geometry": {
        "type": "Point",
        "coordinates": [
          139.4243198633194,
          35.62492643728076
        ]
      },
      "properties": {
        "point_in_time_name_ja": "2025年第2四半期",
        "land_type_name_ja": "中古マンション等",
        "price_information_category_name_ja": "成約価格情報",
        "prefecture_name_ja": "東京都",
        "city_code": "13224",
        "city_name_ja": "多摩市",
        "district_code": "132240120",
        "district_name_ja": "鶴牧",
        "use_category_name_ja": "",
        "u_transaction_price_total_ja": "5,100万円",
        "u_transaction_price_unit_price_square_meter_ja": "",
        "u_unit_price_per_tsubo_ja": "",
        "u_area_ja": "75㎡",
        "land_shape_name_ja": "",
        "u_land_frontage_ja": "",
        "building_use_name_ja": "",
        "building_structure_name_ja": "ＲＣ",
        "floor_plan_name_ja": "３ＬＤＫ",
        "u_building_total_floor_area_ja": "",
        "u_construction_year_ja": "2015年",
        "front_road_azimuth_name_ja": "",
        "u_front_road_width_ja": "",
        "front_road_type_name_ja": "",
        "land_use_name_ja": "商業地域",
        "u_building_coverage_ratio_ja": "",
        "u_floor_area_ratio_ja": "",
        "remark_name_ja": "",
        "future_use_purpose_name_ja": "",
        "remark_renovation_name_ja": ""
      }
    },
    {
      "type": "Feature",
      "geometry": {
        "type": "Point",
        "coordinates": [
          139.4243198633194,
          35.62492643728076
        ]
      },
      "properties": {
        "point_in_time_name_ja": "2025年第2四半期",
        "land_type_name_ja": "中古マンション等",
        "price_information_category_name_ja": "成約価格情報",
        "prefecture_name_ja": "東京都",
        "city_code": "13224",
        "city_name_ja": "多摩市",
        "district_code": "132240120",
        "district_name_ja": "鶴牧",
        "use_category_name_ja": "",
        "u_transaction_price_total_ja": "3,800万円",
        "u_transaction_price_unit_price_square_meter_ja": "",
        "u_unit_price_per_tsubo_ja": "",
        "u_area_ja": "125㎡",
        "land_shape_name_ja": "",
        "u_land_frontage_ja": "",
        "building_use_name_ja": "",
        "building_structure_name_ja": "ＲＣ",
        "floor_plan_name_ja": "４ＬＤＫ",
        "u_building_total_floor_area_ja": "",
        "u_construction_year_ja": "1982年",
        "front_road_azimuth_name_ja": "",
        "u_front_road_width_ja": "",
        "front_road_type_name_ja": "",
        "land_use_name_ja": "第１種中高層住居専用地域",
        "u_building_coverage_ratio_ja": "",
        "u_floor_area_ratio_ja": "",
        "remark_name_ja": "",
        "future_use_purpose_name_ja": "",
        "remark_renovation_name_ja": ""
      }
    },
    {
      "type": "Feature",
      "geometry": {
        "type": "Point",
        "coordinates": [
          139.4243198633194,
          35.62492643728076
        ]
      },
      "properties": {
        "point_in_time_name_ja": "2025年第4四半期",
        "land_type_name_ja": "中古マンション等",
        "price_information_category_name_ja": "成約価格情報",
        "prefecture_name_ja": "東京都",
        "city_code": "13224",
        "city_name_ja": "多摩市",
        "district_code": "132240120",
        "district_name_ja": "鶴牧",
        "use_category_name_ja": "",
        "u_transaction_price_total_ja": "2,200万円",
        "u_transaction_price_unit_price_square_meter_ja": "",
        "u_unit_price_per_tsubo_ja": "",
        "u_area_ja": "120㎡",
        "land_shape_name_ja": "",
        "u_land_frontage_ja": "",
        "building_use_name_ja": "",
        "building_structure_name_ja": "ＲＣ",
        "floor_plan_name_ja": "４ＬＤＫ",
        "u_building_total_floor_area_ja": "",
        "u_construction_year_ja": "1990年",
        "front_road_azimuth_name_ja": "",
        "u_front_road_width_ja": "",
        "front_road_type_name_ja": "",
        "land_use_name_ja": "第１種中高層住居専用地域",
        "u_building_coverage_ratio_ja": "",
        "u_floor_area_ratio_ja": "",
        "remark_name_ja": "",
        "future_use_purpose_name_ja": "",
        "remark_renovation_name_ja": ""
      }
    },
    {
      "type": "Feature",
      "geometry": {
        "type": "Point",
        "coordinates": [
          139.42283391952515,
          35.62394968974833
        ]
      },
      "properties": {
        "point_in_time_name_ja": "2025年第1四半期",
        "land_type_name_ja": "中古マンション等",
        "price_information_category_name_ja": "成約価格情報",
        "prefecture_name_ja": "東京都",
        "city_code": "13224",
        "city_name_ja": "多摩市",
        "district_code": "132240120",
        "district_name_ja": "鶴牧",
        "use_category_name_ja": "",
        "u_transaction_price_total_ja": "5,000万円",
        "u_transaction_price_unit_price_square_meter_ja": "",
        "u_unit_price_per_tsubo_ja": "",
        "u_area_ja": "75㎡",
        "land_shape_name_ja": "",
        "u_land_frontage_ja": "",
        "building_use_name_ja": "",
        "building_structure_name_ja": "ＲＣ",
        "floor_plan_name_ja": "３ＬＤＫ",
        "u_building_total_floor_area_ja": "",
        "u_construction_year_ja": "2007年",
        "front_road_azimuth_name_ja": "",
        "u_front_road_width_ja": "",
        "front_road_type_name_ja": "",
        "land_use_name_ja": "商業地域",
        "u_building_coverage_ratio_ja": "",
        "u_floor_area_ratio_ja": "",
        "remark_name_ja": "",
        "future_use_purpose_name_ja": "",
        "remark_renovation_name_ja": ""
      }
    },
    {
      "type": "Feature",
      "geometry": {
        "type": "Point",
        "coordinates": [
          139.42283391952515,
          35.62394968974833
        ]
      },
      "properties": {
        "point_in_time_name_ja": "2025年第1四半期",
        "land_type_name_ja": "中古マンション等",
        "price_information_category_name_ja": "成約価格情報",
        "prefecture_name_ja": "東京都",
        "city_code": "13224",
        "city_name_ja": "多摩市",
        "district_code": "132240120",
        "district_name_ja": "鶴牧",
        "use_category_name_ja": "",
        "u_transaction_price_total_ja": "6,700万円",
        "u_transaction_price_unit_price_square_meter_ja": "",
        "u_unit_price_per_tsubo_ja": "",
        "u_area_ja": "100㎡",
        "land_shape_name_ja": "",
        "u_land_frontage_ja": "",
        "building_use_name_ja": "",
        "building_structure_name_ja": "ＲＣ",
        "floor_plan_name_ja": "４ＬＤＫ",
        "u_building_total_floor_area_ja": "",
        "u_construction_year_ja": "2017年",
        "front_road_azimuth_name_ja": "",
        "u_front_road_width_ja": "",
        "front_road_type_name_ja": "",
        "land_use_name_ja": "第２種住居地域",
        "u_building_coverage_ratio_ja": "",
        "u_floor_area_ratio_ja": "",
        "remark_name_ja": "",
        "future_use_purpose_name_ja": "",
        "remark_renovation_name_ja": ""
      }
    },
    {
      "type": "Feature",
      "geometry": {
        "type": "Point",
        "coordinates": [
          139.42283391952515,
          35.62394968974833
        ]
      },
      "properties": {
        "point_in_time_name_ja": "2025年第1四半期",
        "land_type_name_ja": "中古マンション等",
        "price_information_category_name_ja": "成約価格情報",
        "prefecture_name_ja": "東京都",
        "city_code": "13224",
        "city_name_ja": "多摩市",
        "district_code": "132240120",
        "district_name_ja": "鶴牧",
        "use_category_name_ja": "",
        "u_transaction_price_total_ja": "5,800万円",
        "u_transaction_price_unit_price_square_meter_ja": "",
        "u_unit_price_per_tsubo_ja": "",
        "u_area_ja": "80㎡",
        "land_shape_name_ja": "",
        "u_land_frontage_ja": "",
        "building_use_name_ja": "",
        "building_structure_name_ja": "ＲＣ",
        "floor_plan_name_ja": "３ＬＤＫ",
        "u_building_total_floor_area_ja": "",
        "u_construction_year_ja": "2015年",
        "front_road_azimuth_name_ja": "",
        "u_front_road_width_ja": "",
        "front_road_type_name_ja": "",
        "land_use_name_ja": "商業地域",
        "u_building_coverage_ratio_ja": "",
        "u_floor_area_ratio_ja": "",
        "remark_name_ja": "",
        "future_use_purpose_name_ja": "",
        "remark_renovation_name_ja": ""
      }
    },
    {
      "type": "Feature",
      "geometry": {
        "type": "Point",
        "coordinates": [
          139.42283391952515,
          35.62394968974833
        ]
      },
      "properties": {
        "point_in_time_name_ja": "2025年第2四半期",
        "land_type_name_ja": "中古マンション等",
        "price_information_category_name_ja": "成約価格情報",
        "prefecture_name_ja": "東京都",
        "city_code": "13224",
        "city_name_ja": "多摩市",
        "district_code": "132240120",
        "district_name_ja": "鶴牧",
        "use_category_name_ja": "",
        "u_transaction_price_total_ja": "6,800万円",
        "u_transaction_price_unit_price_square_meter_ja": "",
        "u_unit_price_per_tsubo_ja": "",
        "u_area_ja": "100㎡",
        "land_shape_name_ja": "",
        "u_land_frontage_ja": "",
        "building_use_name_ja": "",
        "building_structure_name_ja": "ＲＣ",
        "floor_plan_name_ja": "３ＬＤＫ",
        "u_building_total_floor_area_ja": "",
        "u_construction_year_ja": "2017年",
        "front_road_azimuth_name_ja": "",
        "u_front_road_width_ja": "",
        "front_road_type_name_ja": "",
        "land_use_name_ja": "第２種住居地域",
        "u_building_coverage_ratio_ja": "",
        "u_floor_area_ratio_ja": "",
        "remark_name_ja": "",
        "future_use_purpose_name_ja": "",
        "remark_renovation_name_ja": ""
      }
    },
    {
      "type": "Feature",
      "geometry": {
        "type": "Point",
        "coordinates": [
          139.42283391952515,
          35.62394968974833
        ]
      },
      "properties": {
        "point_in_time_name_ja": "2025年第4四半期",
        "land_type_name_ja": "中古マンション等",
        "price_information_category_name_ja": "成約価格情報",
        "prefecture_name_ja": "東京都",
        "city_code": "13224",
        "city_name_ja": "多摩市",
        "district_code": "132240120",
        "district_name_ja": "鶴牧",
        "use_category_name_ja": "",
        "u_transaction_price_total_ja": "6,000万円",
        "u_transaction_price_unit_price_square_meter_ja": "",
        "u_unit_price_per_tsubo_ja": "",
        "u_area_ja": "100㎡",
        "land_shape_name_ja": "",
        "u_land_frontage_ja": "",
        "building_use_name_ja": "",
        "building_structure_name_ja": "ＲＣ",
        "floor_plan_name_ja": "４ＬＤＫ",
        "u_building_total_floor_area_ja": "",
        "u_construction_year_ja": "2017年",
        "front_road_azimuth_name_ja": "",
        "u_front_road_width_ja": "",
        "front_road_type_name_ja": "",
        "land_use_name_ja": "第２種住居地域",
        "u_building_coverage_ratio_ja": "",
        "u_floor_area_ratio_ja": "",
        "remark_name_ja": "",
        "future_use_purpose_name_ja": "",
        "remark_renovation_name_ja": ""
      }
    },
    {
      "type": "Feature",
      "geometry": {
        "type": "Point",
        "coordinates": [
          139.4468879699707,
          35.650805898810574
        ]
      },
      "properties": {
        "point_in_time_name_ja": "2025年第3四半期",
        "land_type_name_ja": "中古マンション等",
        "price_information_category_name_ja": "成約価格情報",
        "prefecture_name_ja": "東京都",
        "city_code": "13224",
        "city_name_ja": "多摩市",
        "district_code": "132240220",
        "district_name_ja": "和田",
        "use_category_name_ja": "",
        "u_transaction_price_total_ja": "1,500万円",
        "u_transaction_price_unit_price_square_meter_ja": "",
        "u_unit_price_per_tsubo_ja": "",
        "u_area_ja": "60㎡",
        "land_shape_name_ja": "",
        "u_land_frontage_ja": "",
        "building_use_name_ja": "",
        "building_structure_name_ja": "ＲＣ",
        "floor_plan_name_ja": "２ＬＤＫ",
        "u_building_total_floor_area_ja": "",
        "u_construction_year_ja": "1985年",
        "front_road_azimuth_name_ja": "",
        "u_front_road_width_ja": "",
        "front_road_type_name_ja": "",
        "land_use_name_ja": "第２種中高層住居専用地域",
        "u_building_coverage_ratio_ja": "",
        "u_floor_area_ratio_ja": "",
        "remark_name_ja": "",
        "future_use_purpose_name_ja": "",
        "remark_renovation_name_ja": ""
      }
    },
    {
      "type": "Feature",
      "geometry": {
        "type": "Point",
        "coordinates": [
          139.4468879699707,
          35.650805898810574
        ]
      },
      "properties": {
        "point_in_time_name_ja": "2025年第4四半期",
        "land_type_name_ja": "中古マンション等",
        "price_information_category_name_ja": "成約価格情報",
        "prefecture_name_ja": "東京都",
        "city_code": "13224",
        "city_name_ja": "多摩市",
        "district_code": "132240220",
        "district_name_ja": "和田",
        "use_category_name_ja": "",
        "u_transaction_price_total_ja": "1,700万円",
        "u_transaction_price_unit_price_square_meter_ja": "",
        "u_unit_price_per_tsubo_ja": "",
        "u_area_ja": "75㎡",
        "land_shape_name_ja": "",
        "u_land_frontage_ja": "",
        "building_use_name_ja": "",
        "building_structure_name_ja": "ＲＣ",
        "floor_plan_name_ja": "３ＬＤＫ",
        "u_building_total_floor_area_ja": "",
        "u_construction_year_ja": "1998年",
        "front_road_azimuth_name_ja": "",
        "u_front_road_width_ja": "",
        "front_road_type_name_ja": "",
        "land_use_name_ja": "準工業地域",
        "u_building_coverage_ratio_ja": "",
        "u_floor_area_ratio_ja": "",
        "remark_name_ja": "",
        "future_use_purpose_name_ja": "",
        "remark_renovation_name_ja": ""
      }
    },
    {
      "type": "Feature",
      "geometry": {
        "type": "Point",
        "coordinates": [
          139.4468879699707,
          35.650805898810574
        ]
      },
      "properties": {
        "point_in_time_name_ja": "2025年第1四半期",
        "land_type_name_ja": "中古マンション等",
        "price_information_category_name_ja": "成約価格情報",
        "prefecture_name_ja": "東京都",
        "city_code": "13224",
        "city_name_ja": "多摩市",
        "district_code": "132240020",
        "district_name_ja": "一ノ宮",
        "use_category_name_ja": "",
        "u_transaction_price_total_ja": "380万円",
        "u_transaction_price_unit_price_square_meter_ja": "",
        "u_unit_price_per_tsubo_ja": "",
        "u_area_ja": "20㎡",
        "land_shape_name_ja": "",
        "u_land_frontage_ja": "",
        "building_use_name_ja": "",
        "building_structure_name_ja": "ＲＣ",
        "floor_plan_name_ja": "１Ｒ",
        "u_building_total_floor_area_ja": "",
        "u_construction_year_ja": "1983年",
        "front_road_azimuth_name_ja": "",
        "u_front_road_width_ja": "",
        "front_road_type_name_ja": "",
        "land_use_name_ja": "商業地域",
        "u_building_coverage_ratio_ja": "",
        "u_floor_area_ratio_ja": "",
        "remark_name_ja": "",
        "future_use_purpose_name_ja": "",
        "remark_renovation_name_ja": ""
      }
    },
    {
      "type": "Feature",
      "geometry": {
        "type": "Point",
        "coordinates": [
          139.4468879699707,
          35.650805898810574
        ]
      },
      "properties": {
        "point_in_time_name_ja": "2025年第1四半期",
        "land_type_name_ja": "中古マンション等",
        "price_information_category_name_ja": "成約価格情報",
        "prefecture_name_ja": "東京都",
        "city_code": "13224",
        "city_name_ja": "多摩市",
        "district_code": "132240110",
        "district_name_ja": "関戸",
        "use_category_name_ja": "",
        "u_transaction_price_total_ja": "4,900万円",
        "u_transaction_price_unit_price_square_meter_ja": "",
        "u_unit_price_per_tsubo_ja": "",
        "u_area_ja": "65㎡",
        "land_shape_name_ja": "",
        "u_land_frontage_ja": "",
        "building_use_name_ja": "",
        "building_structure_name_ja": "ＲＣ",
        "floor_plan_name_ja": "３ＬＤＫ",
        "u_building_total_floor_area_ja": "",
        "u_construction_year_ja": "2022年",
        "front_road_azimuth_name_ja": "",
        "u_front_road_width_ja": "",
        "front_road_type_name_ja": "",
        "land_use_name_ja": "商業地域",
        "u_building_coverage_ratio_ja": "",
        "u_floor_area_ratio_ja": "",
        "remark_name_ja": "",
        "future_use_purpose_name_ja": "",
        "remark_renovation_name_ja": ""
      }
    },
    {
      "type": "Feature",
      "geometry": {
        "type": "Point",
        "coordinates": [
          139.4468879699707,
          35.650805898810574
        ]
      },
      "properties": {
        "point_in_time_name_ja": "2025年第1四半期",
        "land_type_name_ja": "中古マンション等",
        "price_information_category_name_ja": "成約価格情報",
        "prefecture_name_ja": "東京都",
        "city_code": "13224",
        "city_name_ja": "多摩市",
        "district_code": "132240110",
        "district_name_ja": "関戸",
        "use_category_name_ja": "",
        "u_transaction_price_total_ja": "1,700万円",
        "u_transaction_price_unit_price_square_meter_ja": "",
        "u_unit_price_per_tsubo_ja": "",
        "u_area_ja": "55㎡",
        "land_shape_name_ja": "",
        "u_land_frontage_ja": "",
        "building_use_name_ja": "",
        "building_structure_name_ja": "ＲＣ",
        "floor_plan_name_ja": "２ＬＤＫ",
        "u_building_total_floor_area_ja": "",
        "u_construction_year_ja": "1978年",
        "front_road_azimuth_name_ja": "",
        "u_front_road_width_ja": "",
        "front_road_type_name_ja": "",
        "land_use_name_ja": "商業地域",
        "u_building_coverage_ratio_ja": "",
        "u_floor_area_ratio_ja": "",
        "remark_name_ja": "",
        "future_use_purpose_name_ja": "",
        "remark_renovation_name_ja": ""
      }
    },
    {
      "type": "Feature",
      "geometry": {
        "type": "Point",
        "coordinates": [
          139.4468879699707,
          35.650805898810574
        ]
      },
      "properties": {
        "point_in_time_name_ja": "2025年第1四半期",
        "land_type_name_ja": "中古マンション等",
        "price_information_category_name_ja": "成約価格情報",
        "prefecture_name_ja": "東京都",
        "city_code": "13224",
        "city_name_ja": "多摩市",
        "district_code": "132240110",
        "district_name_ja": "関戸",
        "use_category_name_ja": "",
        "u_transaction_price_total_ja": "3,500万円",
        "u_transaction_price_unit_price_square_meter_ja": "",
        "u_unit_price_per_tsubo_ja": "",
        "u_area_ja": "40㎡",
        "land_shape_name_ja": "",
        "u_land_frontage_ja": "",
        "building_use_name_ja": "",
        "building_structure_name_ja": "ＲＣ",
        "floor_plan_name_ja": "１ＬＤＫ",
        "u_building_total_floor_area_ja": "",
        "u_construction_year_ja": "2022年",
        "front_road_azimuth_name_ja": "",
        "u_front_road_width_ja": "",
        "front_road_type_name_ja": "",
        "land_use_name_ja": "商業地域",
        "u_building_coverage_ratio_ja": "",
        "u_floor_area_ratio_ja": "",
        "remark_name_ja": "",
        "future_use_purpose_name_ja": "",
        "remark_renovation_name_ja": ""
      }
    },
    {
      "type": "Feature",
      "geometry": {
        "type": "Point",
        "coordinates": [
          139.4468879699707,
          35.650805898810574
        ]
      },
      "properties": {
        "point_in_time_name_ja": "2025年第1四半期",
        "land_type_name_ja": "中古マンション等",
        "price_information_category_name_ja": "成約価格情報",
        "prefecture_name_ja": "東京都",
        "city_code": "13224",
        "city_name_ja": "多摩市",
        "district_code": "132240110",
        "district_name_ja": "関戸",
        "use_category_name_ja": "",
        "u_transaction_price_total_ja": "5,500万円",
        "u_transaction_price_unit_price_square_meter_ja": "",
        "u_unit_price_per_tsubo_ja": "",
        "u_area_ja": "80㎡",
        "land_shape_name_ja": "",
        "u_land_frontage_ja": "",
        "building_use_name_ja": "",
        "building_structure_name_ja": "ＲＣ",
        "floor_plan_name_ja": "３ＬＤＫ",
        "u_building_total_floor_area_ja": "",
        "u_construction_year_ja": "2003年",
        "front_road_azimuth_name_ja": "",
        "u_front_road_width_ja": "",
        "front_road_type_name_ja": "",
        "land_use_name_ja": "第２種住居地域",
        "u_building_coverage_ratio_ja": "",
        "u_floor_area_ratio_ja": "",
        "remark_name_ja": "",
        "future_use_purpose_name_ja": "",
        "remark_renovation_name_ja": ""
      }
    },
    {
      "type": "Feature",
      "geometry": {
        "type": "Point",
        "coordinates": [
          139.4468879699707,
          35.650805898810574
        ]
      },
      "properties": {
        "point_in_time_name_ja": "2025年第1四半期",
        "land_type_name_ja": "中古マンション等",
        "price_information_category_name_ja": "成約価格情報",
        "prefecture_name_ja": "東京都",
        "city_code": "13224",
        "city_name_ja": "多摩市",
        "district_code": "132240110",
        "district_name_ja": "関戸",
        "use_category_name_ja": "",
        "u_transaction_price_total_ja": "5,000万円",
        "u_transaction_price_unit_price_square_meter_ja": "",
        "u_unit_price_per_tsubo_ja": "",
        "u_area_ja": "70㎡",
        "land_shape_name_ja": "",
        "u_land_frontage_ja": "",
        "building_use_name_ja": "",
        "building_structure_name_ja": "ＲＣ",
        "floor_plan_name_ja": "３ＬＤＫ",
        "u_building_total_floor_area_ja": "",
        "u_construction_year_ja": "2022年",
        "front_road_azimuth_name_ja": "",
        "u_front_road_width_ja": "",
        "front_road_type_name_ja": "",
        "land_use_name_ja": "商業地域",
        "u_building_coverage_ratio_ja": "",
        "u_floor_area_ratio_ja": "",
        "remark_name_ja": "",
        "future_use_purpose_name_ja": "",
        "remark_renovation_name_ja": ""
      }
    },
    {
      "type": "Feature",
      "geometry": {
        "type": "Point",
        "coordinates": [
          139.4468879699707,
          35.650805898810574
        ]
      },
      "properties": {
        "point_in_time_name_ja": "2025年第1四半期",
        "land_type_name_ja": "中古マンション等",
        "price_information_category_name_ja": "成約価格情報",
        "prefecture_name_ja": "東京都",
        "city_code": "13224",
        "city_name_ja": "多摩市",
        "district_code": "132240110",
        "district_name_ja": "関戸",
        "use_category_name_ja": "",
        "u_transaction_price_total_ja": "7,900万円",
        "u_transaction_price_unit_price_square_meter_ja": "",
        "u_unit_price_per_tsubo_ja": "",
        "u_area_ja": "80㎡",
        "land_shape_name_ja": "",
        "u_land_frontage_ja": "",
        "building_use_name_ja": "",
        "building_structure_name_ja": "ＲＣ",
        "floor_plan_name_ja": "３ＬＤＫ",
        "u_building_total_floor_area_ja": "",
        "u_construction_year_ja": "2022年",
        "front_road_azimuth_name_ja": "",
        "u_front_road_width_ja": "",
        "front_road_type_name_ja": "",
        "land_use_name_ja": "第２種住居地域",
        "u_building_coverage_ratio_ja": "",
        "u_floor_area_ratio_ja": "",
        "remark_name_ja": "",
        "future_use_purpose_name_ja": "",
        "remark_renovation_name_ja": ""
      }
    },
    {
      "type": "Feature",
      "geometry": {
        "type": "Point",
        "coordinates": [
          139.4468879699707,
          35.650805898810574
        ]
      },
      "properties": {
        "point_in_time_name_ja": "2025年第1四半期",
        "land_type_name_ja": "中古マンション等",
        "price_information_category_name_ja": "成約価格情報",
        "prefecture_name_ja": "東京都",
        "city_code": "13224",
        "city_name_ja": "多摩市",
        "district_code": "132240110",
        "district_name_ja": "関戸",
        "use_category_name_ja": "",
        "u_transaction_price_total_ja": "2,000万円",
        "u_transaction_price_unit_price_square_meter_ja": "",
        "u_unit_price_per_tsubo_ja": "",
        "u_area_ja": "65㎡",
        "land_shape_name_ja": "",
        "u_land_frontage_ja": "",
        "building_use_name_ja": "",
        "building_structure_name_ja": "ＲＣ",
        "floor_plan_name_ja": "３ＬＤＫ",
        "u_building_total_floor_area_ja": "",
        "u_construction_year_ja": "1978年",
        "front_road_azimuth_name_ja": "",
        "u_front_road_width_ja": "",
        "front_road_type_name_ja": "",
        "land_use_name_ja": "商業地域",
        "u_building_coverage_ratio_ja": "",
        "u_floor_area_ratio_ja": "",
        "remark_name_ja": "",
        "future_use_purpose_name_ja": "",
        "remark_renovation_name_ja": ""
      }
    },
    {
      "type": "Feature",
      "geometry": {
        "type": "Point",
        "coordinates": [
          139.4468879699707,
          35.650805898810574
        ]
      },
      "properties": {
        "point_in_time_name_ja": "2025年第1四半期",
        "land_type_name_ja": "中古マンション等",
        "price_information_category_name_ja": "成約価格情報",
        "prefecture_name_ja": "東京都",
        "city_code": "13224",
        "city_name_ja": "多摩市",
        "district_code": "132240110",
        "district_name_ja": "関戸",
        "use_category_name_ja": "",
        "u_transaction_price_total_ja": "1,800万円",
        "u_transaction_price_unit_price_square_meter_ja": "",
        "u_unit_price_per_tsubo_ja": "",
        "u_area_ja": "65㎡",
        "land_shape_name_ja": "",
        "u_land_frontage_ja": "",
        "building_use_name_ja": "",
        "building_structure_name_ja": "ＳＲＣ",
        "floor_plan_name_ja": "３ＬＤＫ",
        "u_building_total_floor_area_ja": "",
        "u_construction_year_ja": "1981年",
        "front_road_azimuth_name_ja": "",
        "u_front_road_width_ja": "",
        "front_road_type_name_ja": "",
        "land_use_name_ja": "商業地域",
        "u_building_coverage_ratio_ja": "",
        "u_floor_area_ratio_ja": "",
        "remark_name_ja": "",
        "future_use_purpose_name_ja": "",
        "remark_renovation_name_ja": ""
      }
    },
    {
      "type": "Feature",
      "geometry": {
        "type": "Point",
        "coordinates": [
          139.4468879699707,
          35.650805898810574
        ]
      },
      "properties": {
        "point_in_time_name_ja": "2025年第2四半期",
        "land_type_name_ja": "中古マンション等",
        "price_information_category_name_ja": "成約価格情報",
        "prefecture_name_ja": "東京都",
        "city_code": "13224",
        "city_name_ja": "多摩市",
        "district_code": "132240020",
        "district_name_ja": "一ノ宮",
        "use_category_name_ja": "",
        "u_transaction_price_total_ja": "390万円",
        "u_transaction_price_unit_price_square_meter_ja": "",
        "u_unit_price_per_tsubo_ja": "",
        "u_area_ja": "20㎡",
        "land_shape_name_ja": "",
        "u_land_frontage_ja": "",
        "building_use_name_ja": "",
        "building_structure_name_ja": "ＲＣ",
        "floor_plan_name_ja": "１Ｒ",
        "u_building_total_floor_area_ja": "",
        "u_construction_year_ja": "1983年",
        "front_road_azimuth_name_ja": "",
        "u_front_road_width_ja": "",
        "front_road_type_name_ja": "",
        "land_use_name_ja": "商業地域",
        "u_building_coverage_ratio_ja": "",
        "u_floor_area_ratio_ja": "",
        "remark_name_ja": "",
        "future_use_purpose_name_ja": "",
        "remark_renovation_name_ja": ""
      }
    },
    {
      "type": "Feature",
      "geometry": {
        "type": "Point",
        "coordinates": [
          139.4468879699707,
          35.650805898810574
        ]
      },
      "properties": {
        "point_in_time_name_ja": "2025年第2四半期",
        "land_type_name_ja": "中古マンション等",
        "price_information_category_name_ja": "成約価格情報",
        "prefecture_name_ja": "東京都",
        "city_code": "13224",
        "city_name_ja": "多摩市",
        "district_code": "132240110",
        "district_name_ja": "関戸",
        "use_category_name_ja": "",
        "u_transaction_price_total_ja": "800万円",
        "u_transaction_price_unit_price_square_meter_ja": "",
        "u_unit_price_per_tsubo_ja": "",
        "u_area_ja": "70㎡",
        "land_shape_name_ja": "",
        "u_land_frontage_ja": "",
        "building_use_name_ja": "",
        "building_structure_name_ja": "ＳＲＣ",
        "floor_plan_name_ja": "３ＬＤＫ",
        "u_building_total_floor_area_ja": "",
        "u_construction_year_ja": "1972年",
        "front_road_azimuth_name_ja": "",
        "u_front_road_width_ja": "",
        "front_road_type_name_ja": "",
        "land_use_name_ja": "商業地域",
        "u_building_coverage_ratio_ja": "",
        "u_floor_area_ratio_ja": "",
        "remark_name_ja": "",
        "future_use_purpose_name_ja": "",
        "remark_renovation_name_ja": ""
      }
    },
    {
      "type": "Feature",
      "geometry": {
        "type": "Point",
        "coordinates": [
          139.4468879699707,
          35.650805898810574
        ]
      },
      "properties": {
        "point_in_time_name_ja": "2025年第2四半期",
        "land_type_name_ja": "中古マンション等",
        "price_information_category_name_ja": "成約価格情報",
        "prefecture_name_ja": "東京都",
        "city_code": "13224",
        "city_name_ja": "多摩市",
        "district_code": "132240110",
        "district_name_ja": "関戸",
        "use_category_name_ja": "",
        "u_transaction_price_total_ja": "7,000万円",
        "u_transaction_price_unit_price_square_meter_ja": "",
        "u_unit_price_per_tsubo_ja": "",
        "u_area_ja": "75㎡",
        "land_shape_name_ja": "",
        "u_land_frontage_ja": "",
        "building_use_name_ja": "",
        "building_structure_name_ja": "ＲＣ",
        "floor_plan_name_ja": "３ＬＤＫ",
        "u_building_total_floor_area_ja": "",
        "u_construction_year_ja": "2022年",
        "front_road_azimuth_name_ja": "",
        "u_front_road_width_ja": "",
        "front_road_type_name_ja": "",
        "land_use_name_ja": "第２種住居地域",
        "u_building_coverage_ratio_ja": "",
        "u_floor_area_ratio_ja": "",
        "remark_name_ja": "",
        "future_use_purpose_name_ja": "",
        "remark_renovation_name_ja": ""
      }
    },
    {
      "type": "Feature",
      "geometry": {
        "type": "Point",
        "coordinates": [
          139.4468879699707,
          35.650805898810574
        ]
      },
      "properties": {
        "point_in_time_name_ja": "2025年第2四半期",
        "land_type_name_ja": "中古マンション等",
        "price_information_category_name_ja": "成約価格情報",
        "prefecture_name_ja": "東京都",
        "city_code": "13224",
        "city_name_ja": "多摩市",
        "district_code": "132240110",
        "district_name_ja": "関戸",
        "use_category_name_ja": "",
        "u_transaction_price_total_ja": "3,700万円",
        "u_transaction_price_unit_price_square_meter_ja": "",
        "u_unit_price_per_tsubo_ja": "",
        "u_area_ja": "75㎡",
        "land_shape_name_ja": "",
        "u_land_frontage_ja": "",
        "building_use_name_ja": "",
        "building_structure_name_ja": "ＳＲＣ",
        "floor_plan_name_ja": "３ＬＤＫ",
        "u_building_total_floor_area_ja": "",
        "u_construction_year_ja": "1984年",
        "front_road_azimuth_name_ja": "",
        "u_front_road_width_ja": "",
        "front_road_type_name_ja": "",
        "land_use_name_ja": "商業地域",
        "u_building_coverage_ratio_ja": "",
        "u_floor_area_ratio_ja": "",
        "remark_name_ja": "",
        "future_use_purpose_name_ja": "",
        "remark_renovation_name_ja": ""
      }
    },
    {
      "type": "Feature",
      "geometry": {
        "type": "Point",
        "coordinates": [
          139.4468879699707,
          35.650805898810574
        ]
      },
      "properties": {
        "point_in_time_name_ja": "2025年第2四半期",
        "land_type_name_ja": "中古マンション等",
        "price_information_category_name_ja": "成約価格情報",
        "prefecture_name_ja": "東京都",
        "city_code": "13224",
        "city_name_ja": "多摩市",
        "district_code": "132240110",
        "district_name_ja": "関戸",
        "use_category_name_ja": "",
        "u_transaction_price_total_ja": "3,400万円",
        "u_transaction_price_unit_price_square_meter_ja": "",
        "u_unit_price_per_tsubo_ja": "",
        "u_area_ja": "65㎡",
        "land_shape_name_ja": "",
        "u_land_frontage_ja": "",
        "building_use_name_ja": "",
        "building_structure_name_ja": "ＳＲＣ",
        "floor_plan_name_ja": "３ＬＤＫ",
        "u_building_total_floor_area_ja": "",
        "u_construction_year_ja": "1997年",
        "front_road_azimuth_name_ja": "",
        "u_front_road_width_ja": "",
        "front_road_type_name_ja": "",
        "land_use_name_ja": "近隣商業地域",
        "u_building_coverage_ratio_ja": "",
        "u_floor_area_ratio_ja": "",
        "remark_name_ja": "",
        "future_use_purpose_name_ja": "",
        "remark_renovation_name_ja": ""
      }
    },
    {
      "type": "Feature",
      "geometry": {
        "type": "Point",
        "coordinates": [
          139.4468879699707,
          35.650805898810574
        ]
      },
      "properties": {
        "point_in_time_name_ja": "2025年第2四半期",
        "land_type_name_ja": "中古マンション等",
        "price_information_category_name_ja": "成約価格情報",
        "prefecture_name_ja": "東京都",
        "city_code": "13224",
        "city_name_ja": "多摩市",
        "district_code": "132240110",
        "district_name_ja": "関戸",
        "use_category_name_ja": "",
        "u_transaction_price_total_ja": "3,500万円",
        "u_transaction_price_unit_price_square_meter_ja": "",
        "u_unit_price_per_tsubo_ja": "",
        "u_area_ja": "80㎡",
        "land_shape_name_ja": "",
        "u_land_frontage_ja": "",
        "building_use_name_ja": "",
        "building_structure_name_ja": "ＳＲＣ",
        "floor_plan_name_ja": "３ＬＤＫ",
        "u_building_total_floor_area_ja": "",
        "u_construction_year_ja": "1984年",
        "front_road_azimuth_name_ja": "",
        "u_front_road_width_ja": "",
        "front_road_type_name_ja": "",
        "land_use_name_ja": "商業地域",
        "u_building_coverage_ratio_ja": "",
        "u_floor_area_ratio_ja": "",
        "remark_name_ja": "",
        "future_use_purpose_name_ja": "",
        "remark_renovation_name_ja": ""
      }
    },
    {
      "type": "Feature",
      "geometry": {
        "type": "Point",
        "coordinates": [
          139.4468879699707,
          35.650805898810574
        ]
      },
      "properties": {
        "point_in_time_name_ja": "2025年第2四半期",
        "land_type_name_ja": "中古マンション等",
        "price_information_category_name_ja": "成約価格情報",
        "prefecture_name_ja": "東京都",
        "city_code": "13224",
        "city_name_ja": "多摩市",
        "district_code": "132240110",
        "district_name_ja": "関戸",
        "use_category_name_ja": "",
        "u_transaction_price_total_ja": "4,900万円",
        "u_transaction_price_unit_price_square_meter_ja": "",
        "u_unit_price_per_tsubo_ja": "",
        "u_area_ja": "65㎡",
        "land_shape_name_ja": "",
        "u_land_frontage_ja": "",
        "building_use_name_ja": "",
        "building_structure_name_ja": "ＲＣ",
        "floor_plan_name_ja": "３ＬＤＫ",
        "u_building_total_floor_area_ja": "",
        "u_construction_year_ja": "2022年",
        "front_road_azimuth_name_ja": "",
        "u_front_road_width_ja": "",
        "front_road_type_name_ja": "",
        "land_use_name_ja": "商業地域",
        "u_building_coverage_ratio_ja": "",
        "u_floor_area_ratio_ja": "",
        "remark_name_ja": "",
        "future_use_purpose_name_ja": "",
        "remark_renovation_name_ja": ""
      }
    },
    {
      "type": "Feature",
      "geometry": {
        "type": "Point",
        "coordinates": [
          139.4468879699707,
          35.650805898810574
        ]
      },
      "properties": {
        "point_in_time_name_ja": "2025年第2四半期",
        "land_type_name_ja": "中古マンション等",
        "price_information_category_name_ja": "成約価格情報",
        "prefecture_name_ja": "東京都",
        "city_code": "13224",
        "city_name_ja": "多摩市",
        "district_code": "132240110",
        "district_name_ja": "関戸",
        "use_category_name_ja": "",
        "u_transaction_price_total_ja": "7,300万円",
        "u_transaction_price_unit_price_square_meter_ja": "",
        "u_unit_price_per_tsubo_ja": "",
        "u_area_ja": "70㎡",
        "land_shape_name_ja": "",
        "u_land_frontage_ja": "",
        "building_use_name_ja": "",
        "building_structure_name_ja": "ＲＣ",
        "floor_plan_name_ja": "３ＬＤＫ",
        "u_building_total_floor_area_ja": "",
        "u_construction_year_ja": "2022年",
        "front_road_azimuth_name_ja": "",
        "u_front_road_width_ja": "",
        "front_road_type_name_ja": "",
        "land_use_name_ja": "第２種住居地域",
        "u_building_coverage_ratio_ja": "",
        "u_floor_area_ratio_ja": "",
        "remark_name_ja": "",
        "future_use_purpose_name_ja": "",
        "remark_renovation_name_ja": ""
      }
    },
    {
      "type": "Feature",
      "geometry": {
        "type": "Point",
        "coordinates": [
          139.4468879699707,
          35.650805898810574
        ]
      },
      "properties": {
        "point_in_time_name_ja": "2025年第3四半期",
        "land_type_name_ja": "中古マンション等",
        "price_information_category_name_ja": "成約価格情報",
        "prefecture_name_ja": "東京都",
        "city_code": "13224",
        "city_name_ja": "多摩市",
        "district_code": "132240020",
        "district_name_ja": "一ノ宮",
        "use_category_name_ja": "",
        "u_transaction_price_total_ja": "1,300万円",
        "u_transaction_price_unit_price_square_meter_ja": "",
        "u_unit_price_per_tsubo_ja": "",
        "u_area_ja": "35㎡",
        "land_shape_name_ja": "",
        "u_land_frontage_ja": "",
        "building_use_name_ja": "",
        "building_structure_name_ja": "ＳＲＣ",
        "floor_plan_name_ja": "１ＤＫ",
        "u_building_total_floor_area_ja": "",
        "u_construction_year_ja": "1990年",
        "front_road_azimuth_name_ja": "",
        "u_front_road_width_ja": "",
        "front_road_type_name_ja": "",
        "land_use_name_ja": "商業地域",
        "u_building_coverage_ratio_ja": "",
        "u_floor_area_ratio_ja": "",
        "remark_name_ja": "",
        "future_use_purpose_name_ja": "",
        "remark_renovation_name_ja": ""
      }
    },
    {
      "type": "Feature",
      "geometry": {
        "type": "Point",
        "coordinates": [
          139.4468879699707,
          35.650805898810574
        ]
      },
      "properties": {
        "point_in_time_name_ja": "2025年第3四半期",
        "land_type_name_ja": "中古マンション等",
        "price_information_category_name_ja": "成約価格情報",
        "prefecture_name_ja": "東京都",
        "city_code": "13224",
        "city_name_ja": "多摩市",
        "district_code": "132240020",
        "district_name_ja": "一ノ宮",
        "use_category_name_ja": "",
        "u_transaction_price_total_ja": "1,600万円",
        "u_transaction_price_unit_price_square_meter_ja": "",
        "u_unit_price_per_tsubo_ja": "",
        "u_area_ja": "45㎡",
        "land_shape_name_ja": "",
        "u_land_frontage_ja": "",
        "building_use_name_ja": "",
        "building_structure_name_ja": "ＲＣ",
        "floor_plan_name_ja": "２ＤＫ",
        "u_building_total_floor_area_ja": "",
        "u_construction_year_ja": "1977年",
        "front_road_azimuth_name_ja": "",
        "u_front_road_width_ja": "",
        "front_road_type_name_ja": "",
        "land_use_name_ja": "第２種中高層住居専用地域",
        "u_building_coverage_ratio_ja": "",
        "u_floor_area_ratio_ja": "",
        "remark_name_ja": "",
        "future_use_purpose_name_ja": "",
        "remark_renovation_name_ja": ""
      }
    },
    {
      "type": "Feature",
      "geometry": {
        "type": "Point",
        "coordinates": [
          139.4468879699707,
          35.650805898810574
        ]
      },
      "properties": {
        "point_in_time_name_ja": "2025年第3四半期",
        "land_type_name_ja": "中古マンション等",
        "price_information_category_name_ja": "成約価格情報",
        "prefecture_name_ja": "東京都",
        "city_code": "13224",
        "city_name_ja": "多摩市",
        "district_code": "132240020",
        "district_name_ja": "一ノ宮",
        "use_category_name_ja": "",
        "u_transaction_price_total_ja": "4,300万円",
        "u_transaction_price_unit_price_square_meter_ja": "",
        "u_unit_price_per_tsubo_ja": "",
        "u_area_ja": "65㎡",
        "land_shape_name_ja": "",
        "u_land_frontage_ja": "",
        "building_use_name_ja": "",
        "building_structure_name_ja": "ＲＣ",
        "floor_plan_name_ja": "３ＬＤＫ",
        "u_building_total_floor_area_ja": "",
        "u_construction_year_ja": "2015年",
        "front_road_azimuth_name_ja": "",
        "u_front_road_width_ja": "",
        "front_road_type_name_ja": "",
        "land_use_name_ja": "商業地域",
        "u_building_coverage_ratio_ja": "",
        "u_floor_area_ratio_ja": "",
        "remark_name_ja": "",
        "future_use_purpose_name_ja": "",
        "remark_renovation_name_ja": ""
      }
    },
    {
      "type": "Feature",
      "geometry": {
        "type": "Point",
        "coordinates": [
          139.4468879699707,
          35.650805898810574
        ]
      },
      "properties": {
        "point_in_time_name_ja": "2025年第3四半期",
        "land_type_name_ja": "中古マンション等",
        "price_information_category_name_ja": "成約価格情報",
        "prefecture_name_ja": "東京都",
        "city_code": "13224",
        "city_name_ja": "多摩市",
        "district_code": "132240020",
        "district_name_ja": "一ノ宮",
        "use_category_name_ja": "",
        "u_transaction_price_total_ja": "3,000万円",
        "u_transaction_price_unit_price_square_meter_ja": "",
        "u_unit_price_per_tsubo_ja": "",
        "u_area_ja": "50㎡",
        "land_shape_name_ja": "",
        "u_land_frontage_ja": "",
        "building_use_name_ja": "",
        "building_structure_name_ja": "ＳＲＣ",
        "floor_plan_name_ja": "２ＤＫ",
        "u_building_total_floor_area_ja": "",
        "u_construction_year_ja": "1990年",
        "front_road_azimuth_name_ja": "",
        "u_front_road_width_ja": "",
        "front_road_type_name_ja": "",
        "land_use_name_ja": "商業地域",
        "u_building_coverage_ratio_ja": "",
        "u_floor_area_ratio_ja": "",
        "remark_name_ja": "",
        "future_use_purpose_name_ja": "",
        "remark_renovation_name_ja": ""
      }
    },
    {
      "type": "Feature",
      "geometry": {
        "type": "Point",
        "coordinates": [
          139.4468879699707,
          35.650805898810574
        ]
      },
      "properties": {
        "point_in_time_name_ja": "2025年第3四半期",
        "land_type_name_ja": "中古マンション等",
        "price_information_category_name_ja": "成約価格情報",
        "prefecture_name_ja": "東京都",
        "city_code": "13224",
        "city_name_ja": "多摩市",
        "district_code": "132240020",
        "district_name_ja": "一ノ宮",
        "use_category_name_ja": "",
        "u_transaction_price_total_ja": "3,900万円",
        "u_transaction_price_unit_price_square_meter_ja": "",
        "u_unit_price_per_tsubo_ja": "",
        "u_area_ja": "65㎡",
        "land_shape_name_ja": "",
        "u_land_frontage_ja": "",
        "building_use_name_ja": "",
        "building_structure_name_ja": "ＳＲＣ",
        "floor_plan_name_ja": "２ＬＤＫ",
        "u_building_total_floor_area_ja": "",
        "u_construction_year_ja": "2004年",
        "front_road_azimuth_name_ja": "",
        "u_front_road_width_ja": "",
        "front_road_type_name_ja": "",
        "land_use_name_ja": "商業地域",
        "u_building_coverage_ratio_ja": "",
        "u_floor_area_ratio_ja": "",
        "remark_name_ja": "",
        "future_use_purpose_name_ja": "",
        "remark_renovation_name_ja": ""
      }
    },
    {
      "type": "Feature",
      "geometry": {
        "type": "Point",
        "coordinates": [
          139.4468879699707,
          35.650805898810574
        ]
      },
      "properties": {
        "point_in_time_name_ja": "2025年第3四半期",
        "land_type_name_ja": "中古マンション等",
        "price_information_category_name_ja": "成約価格情報",
        "prefecture_name_ja": "東京都",
        "city_code": "13224",
        "city_name_ja": "多摩市",
        "district_code": "132240110",
        "district_name_ja": "関戸",
        "use_category_name_ja": "",
        "u_transaction_price_total_ja": "3,100万円",
        "u_transaction_price_unit_price_square_meter_ja": "",
        "u_unit_price_per_tsubo_ja": "",
        "u_area_ja": "35㎡",
        "land_shape_name_ja": "",
        "u_land_frontage_ja": "",
        "building_use_name_ja": "",
        "building_structure_name_ja": "ＲＣ",
        "floor_plan_name_ja": "１ＬＤＫ",
        "u_building_total_floor_area_ja": "",
        "u_construction_year_ja": "2021年",
        "front_road_azimuth_name_ja": "",
        "u_front_road_width_ja": "",
        "front_road_type_name_ja": "",
        "land_use_name_ja": "商業地域",
        "u_building_coverage_ratio_ja": "",
        "u_floor_area_ratio_ja": "",
        "remark_name_ja": "",
        "future_use_purpose_name_ja": "",
        "remark_renovation_name_ja": ""
      }
    },
    {
      "type": "Feature",
      "geometry": {
        "type": "Point",
        "coordinates": [
          139.4468879699707,
          35.650805898810574
        ]
      },
      "properties": {
        "point_in_time_name_ja": "2025年第3四半期",
        "land_type_name_ja": "中古マンション等",
        "price_information_category_name_ja": "成約価格情報",
        "prefecture_name_ja": "東京都",
        "city_code": "13224",
        "city_name_ja": "多摩市",
        "district_code": "132240110",
        "district_name_ja": "関戸",
        "use_category_name_ja": "",
        "u_transaction_price_total_ja": "5,700万円",
        "u_transaction_price_unit_price_square_meter_ja": "",
        "u_unit_price_per_tsubo_ja": "",
        "u_area_ja": "60㎡",
        "land_shape_name_ja": "",
        "u_land_frontage_ja": "",
        "building_use_name_ja": "",
        "building_structure_name_ja": "ＲＣ",
        "floor_plan_name_ja": "２ＬＤＫ",
        "u_building_total_floor_area_ja": "",
        "u_construction_year_ja": "2022年",
        "front_road_azimuth_name_ja": "",
        "u_front_road_width_ja": "",
        "front_road_type_name_ja": "",
        "land_use_name_ja": "第２種住居地域",
        "u_building_coverage_ratio_ja": "",
        "u_floor_area_ratio_ja": "",
        "remark_name_ja": "",
        "future_use_purpose_name_ja": "",
        "remark_renovation_name_ja": ""
      }
    },
    {
      "type": "Feature",
      "geometry": {
        "type": "Point",
        "coordinates": [
          139.4468879699707,
          35.650805898810574
        ]
      },
      "properties": {
        "point_in_time_name_ja": "2025年第3四半期",
        "land_type_name_ja": "中古マンション等",
        "price_information_category_name_ja": "成約価格情報",
        "prefecture_name_ja": "東京都",
        "city_code": "13224",
        "city_name_ja": "多摩市",
        "district_code": "132240110",
        "district_name_ja": "関戸",
        "use_category_name_ja": "",
        "u_transaction_price_total_ja": "1,000万円",
        "u_transaction_price_unit_price_square_meter_ja": "",
        "u_unit_price_per_tsubo_ja": "",
        "u_area_ja": "45㎡",
        "land_shape_name_ja": "",
        "u_land_frontage_ja": "",
        "building_use_name_ja": "",
        "building_structure_name_ja": "ＲＣ",
        "floor_plan_name_ja": "１ＬＤＫ",
        "u_building_total_floor_area_ja": "",
        "u_construction_year_ja": "1977年",
        "front_road_azimuth_name_ja": "",
        "u_front_road_width_ja": "",
        "front_road_type_name_ja": "",
        "land_use_name_ja": "商業地域",
        "u_building_coverage_ratio_ja": "",
        "u_floor_area_ratio_ja": "",
        "remark_name_ja": "",
        "future_use_purpose_name_ja": "",
        "remark_renovation_name_ja": ""
      }
    },
    {
      "type": "Feature",
      "geometry": {
        "type": "Point",
        "coordinates": [
          139.4468879699707,
          35.650805898810574
        ]
      },
      "properties": {
        "point_in_time_name_ja": "2025年第3四半期",
        "land_type_name_ja": "中古マンション等",
        "price_information_category_name_ja": "成約価格情報",
        "prefecture_name_ja": "東京都",
        "city_code": "13224",
        "city_name_ja": "多摩市",
        "district_code": "132240110",
        "district_name_ja": "関戸",
        "use_category_name_ja": "",
        "u_transaction_price_total_ja": "7,300万円",
        "u_transaction_price_unit_price_square_meter_ja": "",
        "u_unit_price_per_tsubo_ja": "",
        "u_area_ja": "70㎡",
        "land_shape_name_ja": "",
        "u_land_frontage_ja": "",
        "building_use_name_ja": "",
        "building_structure_name_ja": "ＲＣ",
        "floor_plan_name_ja": "３ＬＤＫ",
        "u_building_total_floor_area_ja": "",
        "u_construction_year_ja": "2022年",
        "front_road_azimuth_name_ja": "",
        "u_front_road_width_ja": "",
        "front_road_type_name_ja": "",
        "land_use_name_ja": "第２種住居地域",
        "u_building_coverage_ratio_ja": "",
        "u_floor_area_ratio_ja": "",
        "remark_name_ja": "",
        "future_use_purpose_name_ja": "",
        "remark_renovation_name_ja": ""
      }
    },
    {
      "type": "Feature",
      "geometry": {
        "type": "Point",
        "coordinates": [
          139.4468879699707,
          35.650805898810574
        ]
      },
      "properties": {
        "point_in_time_name_ja": "2025年第3四半期",
        "land_type_name_ja": "中古マンション等",
        "price_information_category_name_ja": "成約価格情報",
        "prefecture_name_ja": "東京都",
        "city_code": "13224",
        "city_name_ja": "多摩市",
        "district_code": "132240110",
        "district_name_ja": "関戸",
        "use_category_name_ja": "",
        "u_transaction_price_total_ja": "7,200万円",
        "u_transaction_price_unit_price_square_meter_ja": "",
        "u_unit_price_per_tsubo_ja": "",
        "u_area_ja": "70㎡",
        "land_shape_name_ja": "",
        "u_land_frontage_ja": "",
        "building_use_name_ja": "",
        "building_structure_name_ja": "ＲＣ",
        "floor_plan_name_ja": "３ＬＤＫ",
        "u_building_total_floor_area_ja": "",
        "u_construction_year_ja": "2022年",
        "front_road_azimuth_name_ja": "",
        "u_front_road_width_ja": "",
        "front_road_type_name_ja": "",
        "land_use_name_ja": "第２種住居地域",
        "u_building_coverage_ratio_ja": "",
        "u_floor_area_ratio_ja": "",
        "remark_name_ja": "",
        "future_use_purpose_name_ja": "",
        "remark_renovation_name_ja": ""
      }
    },
    {
      "type": "Feature",
      "geometry": {
        "type": "Point",
        "coordinates": [
          139.4468879699707,
          35.650805898810574
        ]
      },
      "properties": {
        "point_in_time_name_ja": "2025年第3四半期",
        "land_type_name_ja": "中古マンション等",
        "price_information_category_name_ja": "成約価格情報",
        "prefecture_name_ja": "東京都",
        "city_code": "13224",
        "city_name_ja": "多摩市",
        "district_code": "132240110",
        "district_name_ja": "関戸",
        "use_category_name_ja": "",
        "u_transaction_price_total_ja": "3,600万円",
        "u_transaction_price_unit_price_square_meter_ja": "",
        "u_unit_price_per_tsubo_ja": "",
        "u_area_ja": "80㎡",
        "land_shape_name_ja": "",
        "u_land_frontage_ja": "",
        "building_use_name_ja": "",
        "building_structure_name_ja": "ＳＲＣ",
        "floor_plan_name_ja": "２ＬＤＫ＋Ｓ",
        "u_building_total_floor_area_ja": "",
        "u_construction_year_ja": "1984年",
        "front_road_azimuth_name_ja": "",
        "u_front_road_width_ja": "",
        "front_road_type_name_ja": "",
        "land_use_name_ja": "商業地域",
        "u_building_coverage_ratio_ja": "",
        "u_floor_area_ratio_ja": "",
        "remark_name_ja": "",
        "future_use_purpose_name_ja": "",
        "remark_renovation_name_ja": ""
      }
    },
    {
      "type": "Feature",
      "geometry": {
        "type": "Point",
        "coordinates": [
          139.4468879699707,
          35.650805898810574
        ]
      },
      "properties": {
        "point_in_time_name_ja": "2025年第3四半期",
        "land_type_name_ja": "中古マンション等",
        "price_information_category_name_ja": "成約価格情報",
        "prefecture_name_ja": "東京都",
        "city_code": "13224",
        "city_name_ja": "多摩市",
        "district_code": "132240110",
        "district_name_ja": "関戸",
        "use_category_name_ja": "",
        "u_transaction_price_total_ja": "4,000万円",
        "u_transaction_price_unit_price_square_meter_ja": "",
        "u_unit_price_per_tsubo_ja": "",
        "u_area_ja": "65㎡",
        "land_shape_name_ja": "",
        "u_land_frontage_ja": "",
        "building_use_name_ja": "",
        "building_structure_name_ja": "ＲＣ",
        "floor_plan_name_ja": "３ＬＤＫ",
        "u_building_total_floor_area_ja": "",
        "u_construction_year_ja": "2005年",
        "front_road_azimuth_name_ja": "",
        "u_front_road_width_ja": "",
        "front_road_type_name_ja": "",
        "land_use_name_ja": "商業地域",
        "u_building_coverage_ratio_ja": "",
        "u_floor_area_ratio_ja": "",
        "remark_name_ja": "",
        "future_use_purpose_name_ja": "",
        "remark_renovation_name_ja": ""
      }
    },
    {
      "type": "Feature",
      "geometry": {
        "type": "Point",
        "coordinates": [
          139.4468879699707,
          35.650805898810574
        ]
      },
      "properties": {
        "point_in_time_name_ja": "2025年第3四半期",
        "land_type_name_ja": "中古マンション等",
        "price_information_category_name_ja": "成約価格情報",
        "prefecture_name_ja": "東京都",
        "city_code": "13224",
        "city_name_ja": "多摩市",
        "district_code": "132240110",
        "district_name_ja": "関戸",
        "use_category_name_ja": "",
        "u_transaction_price_total_ja": "7,100万円",
        "u_transaction_price_unit_price_square_meter_ja": "",
        "u_unit_price_per_tsubo_ja": "",
        "u_area_ja": "70㎡",
        "land_shape_name_ja": "",
        "u_land_frontage_ja": "",
        "building_use_name_ja": "",
        "building_structure_name_ja": "ＲＣ",
        "floor_plan_name_ja": "３ＬＤＫ",
        "u_building_total_floor_area_ja": "",
        "u_construction_year_ja": "2022年",
        "front_road_azimuth_name_ja": "",
        "u_front_road_width_ja": "",
        "front_road_type_name_ja": "",
        "land_use_name_ja": "第２種住居地域",
        "u_building_coverage_ratio_ja": "",
        "u_floor_area_ratio_ja": "",
        "remark_name_ja": "",
        "future_use_purpose_name_ja": "",
        "remark_renovation_name_ja": ""
      }
    },
    {
      "type": "Feature",
      "geometry": {
        "type": "Point",
        "coordinates": [
          139.4468879699707,
          35.650805898810574
        ]
      },
      "properties": {
        "point_in_time_name_ja": "2025年第3四半期",
        "land_type_name_ja": "中古マンション等",
        "price_information_category_name_ja": "成約価格情報",
        "prefecture_name_ja": "東京都",
        "city_code": "13224",
        "city_name_ja": "多摩市",
        "district_code": "132240110",
        "district_name_ja": "関戸",
        "use_category_name_ja": "",
        "u_transaction_price_total_ja": "1,500万円",
        "u_transaction_price_unit_price_square_meter_ja": "",
        "u_unit_price_per_tsubo_ja": "",
        "u_area_ja": "75㎡",
        "land_shape_name_ja": "",
        "u_land_frontage_ja": "",
        "building_use_name_ja": "",
        "building_structure_name_ja": "ＳＲＣ",
        "floor_plan_name_ja": "４ＤＫ",
        "u_building_total_floor_area_ja": "",
        "u_construction_year_ja": "1981年",
        "front_road_azimuth_name_ja": "",
        "u_front_road_width_ja": "",
        "front_road_type_name_ja": "",
        "land_use_name_ja": "第２種住居地域",
        "u_building_coverage_ratio_ja": "",
        "u_floor_area_ratio_ja": "",
        "remark_name_ja": "",
        "future_use_purpose_name_ja": "",
        "remark_renovation_name_ja": ""
      }
    },
    {
      "type": "Feature",
      "geometry": {
        "type": "Point",
        "coordinates": [
          139.4468879699707,
          35.650805898810574
        ]
      },
      "properties": {
        "point_in_time_name_ja": "2025年第3四半期",
        "land_type_name_ja": "中古マンション等",
        "price_information_category_name_ja": "成約価格情報",
        "prefecture_name_ja": "東京都",
        "city_code": "13224",
        "city_name_ja": "多摩市",
        "district_code": "132240110",
        "district_name_ja": "関戸",
        "use_category_name_ja": "",
        "u_transaction_price_total_ja": "1,200万円",
        "u_transaction_price_unit_price_square_meter_ja": "",
        "u_unit_price_per_tsubo_ja": "",
        "u_area_ja": "60㎡",
        "land_shape_name_ja": "",
        "u_land_frontage_ja": "",
        "building_use_name_ja": "",
        "building_structure_name_ja": "ＳＲＣ",
        "floor_plan_name_ja": "３ＤＫ",
        "u_building_total_floor_area_ja": "",
        "u_construction_year_ja": "1981年",
        "front_road_azimuth_name_ja": "",
        "u_front_road_width_ja": "",
        "front_road_type_name_ja": "",
        "land_use_name_ja": "近隣商業地域",
        "u_building_coverage_ratio_ja": "",
        "u_floor_area_ratio_ja": "",
        "remark_name_ja": "",
        "future_use_purpose_name_ja": "",
        "remark_renovation_name_ja": ""
      }
    },
    {
      "type": "Feature",
      "geometry": {
        "type": "Point",
        "coordinates": [
          139.4468879699707,
          35.650805898810574
        ]
      },
      "properties": {
        "point_in_time_name_ja": "2025年第3四半期",
        "land_type_name_ja": "中古マンション等",
        "price_information_category_name_ja": "成約価格情報",
        "prefecture_name_ja": "東京都",
        "city_code": "13224",
        "city_name_ja": "多摩市",
        "district_code": "132240110",
        "district_name_ja": "関戸",
        "use_category_name_ja": "",
        "u_transaction_price_total_ja": "3,100万円",
        "u_transaction_price_unit_price_square_meter_ja": "",
        "u_unit_price_per_tsubo_ja": "",
        "u_area_ja": "35㎡",
        "land_shape_name_ja": "",
        "u_land_frontage_ja": "",
        "building_use_name_ja": "",
        "building_structure_name_ja": "ＲＣ",
        "floor_plan_name_ja": "１ＤＫ",
        "u_building_total_floor_area_ja": "",
        "u_construction_year_ja": "2021年",
        "front_road_azimuth_name_ja": "",
        "u_front_road_width_ja": "",
        "front_road_type_name_ja": "",
        "land_use_name_ja": "商業地域",
        "u_building_coverage_ratio_ja": "",
        "u_floor_area_ratio_ja": "",
        "remark_name_ja": "",
        "future_use_purpose_name_ja": "",
        "remark_renovation_name_ja": ""
      }
    },
    {
      "type": "Feature",
      "geometry": {
        "type": "Point",
        "coordinates": [
          139.4468879699707,
          35.650805898810574
        ]
      },
      "properties": {
        "point_in_time_name_ja": "2025年第3四半期",
        "land_type_name_ja": "中古マンション等",
        "price_information_category_name_ja": "成約価格情報",
        "prefecture_name_ja": "東京都",
        "city_code": "13224",
        "city_name_ja": "多摩市",
        "district_code": "132240110",
        "district_name_ja": "関戸",
        "use_category_name_ja": "",
        "u_transaction_price_total_ja": "7,100万円",
        "u_transaction_price_unit_price_square_meter_ja": "",
        "u_unit_price_per_tsubo_ja": "",
        "u_area_ja": "70㎡",
        "land_shape_name_ja": "",
        "u_land_frontage_ja": "",
        "building_use_name_ja": "",
        "building_structure_name_ja": "ＲＣ",
        "floor_plan_name_ja": "３ＬＤＫ",
        "u_building_total_floor_area_ja": "",
        "u_construction_year_ja": "2022年",
        "front_road_azimuth_name_ja": "",
        "u_front_road_width_ja": "",
        "front_road_type_name_ja": "",
        "land_use_name_ja": "第２種住居地域",
        "u_building_coverage_ratio_ja": "",
        "u_floor_area_ratio_ja": "",
        "remark_name_ja": "",
        "future_use_purpose_name_ja": "",
        "remark_renovation_name_ja": ""
      }
    },
    {
      "type": "Feature",
      "geometry": {
        "type": "Point",
        "coordinates": [
          139.4468879699707,
          35.650805898810574
        ]
      },
      "properties": {
        "point_in_time_name_ja": "2025年第3四半期",
        "land_type_name_ja": "中古マンション等",
        "price_information_category_name_ja": "成約価格情報",
        "prefecture_name_ja": "東京都",
        "city_code": "13224",
        "city_name_ja": "多摩市",
        "district_code": "132240110",
        "district_name_ja": "関戸",
        "use_category_name_ja": "",
        "u_transaction_price_total_ja": "3,500万円",
        "u_transaction_price_unit_price_square_meter_ja": "",
        "u_unit_price_per_tsubo_ja": "",
        "u_area_ja": "80㎡",
        "land_shape_name_ja": "",
        "u_land_frontage_ja": "",
        "building_use_name_ja": "",
        "building_structure_name_ja": "ＲＣ",
        "floor_plan_name_ja": "３ＬＤＫ",
        "u_building_total_floor_area_ja": "",
        "u_construction_year_ja": "1997年",
        "front_road_azimuth_name_ja": "",
        "u_front_road_width_ja": "",
        "front_road_type_name_ja": "",
        "land_use_name_ja": "第２種住居地域",
        "u_building_coverage_ratio_ja": "",
        "u_floor_area_ratio_ja": "",
        "remark_name_ja": "",
        "future_use_purpose_name_ja": "",
        "remark_renovation_name_ja": "改装済み"
      }
    },
    {
      "type": "Feature",
      "geometry": {
        "type": "Point",
        "coordinates": [
          139.4468879699707,
          35.650805898810574
        ]
      },
      "properties": {
        "point_in_time_name_ja": "2025年第4四半期",
        "land_type_name_ja": "中古マンション等",
        "price_information_category_name_ja": "成約価格情報",
        "prefecture_name_ja": "東京都",
        "city_code": "13224",
        "city_name_ja": "多摩市",
        "district_code": "132240020",
        "district_name_ja": "一ノ宮",
        "use_category_name_ja": "",
        "u_transaction_price_total_ja": "4,500万円",
        "u_transaction_price_unit_price_square_meter_ja": "",
        "u_unit_price_per_tsubo_ja": "",
        "u_area_ja": "70㎡",
        "land_shape_name_ja": "",
        "u_land_frontage_ja": "",
        "building_use_name_ja": "",
        "building_structure_name_ja": "ＳＲＣ",
        "floor_plan_name_ja": "２ＬＤＫ",
        "u_building_total_floor_area_ja": "",
        "u_construction_year_ja": "2004年",
        "front_road_azimuth_name_ja": "",
        "u_front_road_width_ja": "",
        "front_road_type_name_ja": "",
        "land_use_name_ja": "商業地域",
        "u_building_coverage_ratio_ja": "",
        "u_floor_area_ratio_ja": "",
        "remark_name_ja": "",
        "future_use_purpose_name_ja": "",
        "remark_renovation_name_ja": ""
      }
    },
    {
      "type": "Feature",
      "geometry": {
        "type": "Point",
        "coordinates": [
          139.4468879699707,
          35.650805898810574
        ]
      },
      "properties": {
        "point_in_time_name_ja": "2025年第4四半期",
        "land_type_name_ja": "中古マンション等",
        "price_information_category_name_ja": "成約価格情報",
        "prefecture_name_ja": "東京都",
        "city_code": "13224",
        "city_name_ja": "多摩市",
        "district_code": "132240110",
        "district_name_ja": "関戸",
        "use_category_name_ja": "",
        "u_transaction_price_total_ja": "1,900万円",
        "u_transaction_price_unit_price_square_meter_ja": "",
        "u_unit_price_per_tsubo_ja": "",
        "u_area_ja": "45㎡",
        "land_shape_name_ja": "",
        "u_land_frontage_ja": "",
        "building_use_name_ja": "",
        "building_structure_name_ja": "ＲＣ",
        "floor_plan_name_ja": "１ＬＤＫ",
        "u_building_total_floor_area_ja": "",
        "u_construction_year_ja": "1992年",
        "front_road_azimuth_name_ja": "",
        "u_front_road_width_ja": "",
        "front_road_type_name_ja": "",
        "land_use_name_ja": "第２種住居地域",
        "u_building_coverage_ratio_ja": "",
        "u_floor_area_ratio_ja": "",
        "remark_name_ja": "",
        "future_use_purpose_name_ja": "",
        "remark_renovation_name_ja": ""
      }
    },
    {
      "type": "Feature",
      "geometry": {
        "type": "Point",
        "coordinates": [
          139.4468879699707,
          35.650805898810574
        ]
      },
      "properties": {
        "point_in_time_name_ja": "2025年第4四半期",
        "land_type_name_ja": "中古マンション等",
        "price_information_category_name_ja": "成約価格情報",
        "prefecture_name_ja": "東京都",
        "city_code": "13224",
        "city_name_ja": "多摩市",
        "district_code": "132240110",
        "district_name_ja": "関戸",
        "use_category_name_ja": "",
        "u_transaction_price_total_ja": "3,700万円",
        "u_transaction_price_unit_price_square_meter_ja": "",
        "u_unit_price_per_tsubo_ja": "",
        "u_area_ja": "75㎡",
        "land_shape_name_ja": "",
        "u_land_frontage_ja": "",
        "building_use_name_ja": "",
        "building_structure_name_ja": "ＳＲＣ",
        "floor_plan_name_ja": "３ＬＤＫ",
        "u_building_total_floor_area_ja": "",
        "u_construction_year_ja": "1984年",
        "front_road_azimuth_name_ja": "",
        "u_front_road_width_ja": "",
        "front_road_type_name_ja": "",
        "land_use_name_ja": "商業地域",
        "u_building_coverage_ratio_ja": "",
        "u_floor_area_ratio_ja": "",
        "remark_name_ja": "",
        "future_use_purpose_name_ja": "",
        "remark_renovation_name_ja": ""
      }
    },
    {
      "type": "Feature",
      "geometry": {
        "type": "Point",
        "coordinates": [
          139.4468879699707,
          35.650805898810574
        ]
      },
      "properties": {
        "point_in_time_name_ja": "2025年第4四半期",
        "land_type_name_ja": "中古マンション等",
        "price_information_category_name_ja": "成約価格情報",
        "prefecture_name_ja": "東京都",
        "city_code": "13224",
        "city_name_ja": "多摩市",
        "district_code": "132240110",
        "district_name_ja": "関戸",
        "use_category_name_ja": "",
        "u_transaction_price_total_ja": "7,300万円",
        "u_transaction_price_unit_price_square_meter_ja": "",
        "u_unit_price_per_tsubo_ja": "",
        "u_area_ja": "70㎡",
        "land_shape_name_ja": "",
        "u_land_frontage_ja": "",
        "building_use_name_ja": "",
        "building_structure_name_ja": "ＲＣ",
        "floor_plan_name_ja": "３ＬＤＫ",
        "u_building_total_floor_area_ja": "",
        "u_construction_year_ja": "2022年",
        "front_road_azimuth_name_ja": "",
        "u_front_road_width_ja": "",
        "front_road_type_name_ja": "",
        "land_use_name_ja": "第２種住居地域",
        "u_building_coverage_ratio_ja": "",
        "u_floor_area_ratio_ja": "",
        "remark_name_ja": "",
        "future_use_purpose_name_ja": "",
        "remark_renovation_name_ja": ""
      }
    },
    {
      "type": "Feature",
      "geometry": {
        "type": "Point",
        "coordinates": [
          139.4468879699707,
          35.650805898810574
        ]
      },
      "properties": {
        "point_in_time_name_ja": "2025年第4四半期",
        "land_type_name_ja": "中古マンション等",
        "price_information_category_name_ja": "成約価格情報",
        "prefecture_name_ja": "東京都",
        "city_code": "13224",
        "city_name_ja": "多摩市",
        "district_code": "132240110",
        "district_name_ja": "関戸",
        "use_category_name_ja": "",
        "u_transaction_price_total_ja": "5,900万円",
        "u_transaction_price_unit_price_square_meter_ja": "",
        "u_unit_price_per_tsubo_ja": "",
        "u_area_ja": "55㎡",
        "land_shape_name_ja": "",
        "u_land_frontage_ja": "",
        "building_use_name_ja": "",
        "building_structure_name_ja": "ＲＣ",
        "floor_plan_name_ja": "２ＬＤＫ",
        "u_building_total_floor_area_ja": "",
        "u_construction_year_ja": "2022年",
        "front_road_azimuth_name_ja": "",
        "u_front_road_width_ja": "",
        "front_road_type_name_ja": "",
        "land_use_name_ja": "第２種住居地域",
        "u_building_coverage_ratio_ja": "",
        "u_floor_area_ratio_ja": "",
        "remark_name_ja": "",
        "future_use_purpose_name_ja": "",
        "remark_renovation_name_ja": ""
      }
    },
    {
      "type": "Feature",
      "geometry": {
        "type": "Point",
        "coordinates": [
          139.4468879699707,
          35.650805898810574
        ]
      },
      "properties": {
        "point_in_time_name_ja": "2025年第4四半期",
        "land_type_name_ja": "中古マンション等",
        "price_information_category_name_ja": "成約価格情報",
        "prefecture_name_ja": "東京都",
        "city_code": "13224",
        "city_name_ja": "多摩市",
        "district_code": "132240110",
        "district_name_ja": "関戸",
        "use_category_name_ja": "",
        "u_transaction_price_total_ja": "7,500万円",
        "u_transaction_price_unit_price_square_meter_ja": "",
        "u_unit_price_per_tsubo_ja": "",
        "u_area_ja": "75㎡",
        "land_shape_name_ja": "",
        "u_land_frontage_ja": "",
        "building_use_name_ja": "",
        "building_structure_name_ja": "ＲＣ",
        "floor_plan_name_ja": "３ＬＤＫ",
        "u_building_total_floor_area_ja": "",
        "u_construction_year_ja": "2024年",
        "front_road_azimuth_name_ja": "",
        "u_front_road_width_ja": "",
        "front_road_type_name_ja": "",
        "land_use_name_ja": "第２種住居地域",
        "u_building_coverage_ratio_ja": "",
        "u_floor_area_ratio_ja": "",
        "remark_name_ja": "",
        "future_use_purpose_name_ja": "",
        "remark_renovation_name_ja": ""
      }
    },
    {
      "type": "Feature",
      "geometry": {
        "type": "Point",
        "coordinates": [
          139.4468879699707,
          35.650805898810574
        ]
      },
      "properties": {
        "point_in_time_name_ja": "2025年第4四半期",
        "land_type_name_ja": "中古マンション等",
        "price_information_category_name_ja": "成約価格情報",
        "prefecture_name_ja": "東京都",
        "city_code": "13224",
        "city_name_ja": "多摩市",
        "district_code": "132240110",
        "district_name_ja": "関戸",
        "use_category_name_ja": "",
        "u_transaction_price_total_ja": "6,800万円",
        "u_transaction_price_unit_price_square_meter_ja": "",
        "u_unit_price_per_tsubo_ja": "",
        "u_area_ja": "75㎡",
        "land_shape_name_ja": "",
        "u_land_frontage_ja": "",
        "building_use_name_ja": "",
        "building_structure_name_ja": "ＲＣ",
        "floor_plan_name_ja": "３ＬＤＫ",
        "u_building_total_floor_area_ja": "",
        "u_construction_year_ja": "2024年",
        "front_road_azimuth_name_ja": "",
        "u_front_road_width_ja": "",
        "front_road_type_name_ja": "",
        "land_use_name_ja": "第２種住居地域",
        "u_building_coverage_ratio_ja": "",
        "u_floor_area_ratio_ja": "",
        "remark_name_ja": "",
        "future_use_purpose_name_ja": "",
        "remark_renovation_name_ja": ""
      }
    },
    {
      "type": "Feature",
      "geometry": {
        "type": "Point",
        "coordinates": [
          139.4468879699707,
          35.650805898810574
        ]
      },
      "properties": {
        "point_in_time_name_ja": "2025年第4四半期",
        "land_type_name_ja": "中古マンション等",
        "price_information_category_name_ja": "成約価格情報",
        "prefecture_name_ja": "東京都",
        "city_code": "13224",
        "city_name_ja": "多摩市",
        "district_code": "132240110",
        "district_name_ja": "関戸",
        "use_category_name_ja": "",
        "u_transaction_price_total_ja": "2,400万円",
        "u_transaction_price_unit_price_square_meter_ja": "",
        "u_unit_price_per_tsubo_ja": "",
        "u_area_ja": "85㎡",
        "land_shape_name_ja": "",
        "u_land_frontage_ja": "",
        "building_use_name_ja": "",
        "building_structure_name_ja": "ＲＣ",
        "floor_plan_name_ja": "３ＬＤＫ",
        "u_building_total_floor_area_ja": "",
        "u_construction_year_ja": "1975年",
        "front_road_azimuth_name_ja": "",
        "u_front_road_width_ja": "",
        "front_road_type_name_ja": "",
        "land_use_name_ja": "商業地域",
        "u_building_coverage_ratio_ja": "",
        "u_floor_area_ratio_ja": "",
        "remark_name_ja": "",
        "future_use_purpose_name_ja": "",
        "remark_renovation_name_ja": ""
      }
    },
    {
      "type": "Feature",
      "geometry": {
        "type": "Point",
        "coordinates": [
          139.4468879699707,
          35.650805898810574
        ]
      },
      "properties": {
        "point_in_time_name_ja": "2025年第4四半期",
        "land_type_name_ja": "中古マンション等",
        "price_information_category_name_ja": "成約価格情報",
        "prefecture_name_ja": "東京都",
        "city_code": "13224",
        "city_name_ja": "多摩市",
        "district_code": "132240110",
        "district_name_ja": "関戸",
        "use_category_name_ja": "",
        "u_transaction_price_total_ja": "3,500万円",
        "u_transaction_price_unit_price_square_meter_ja": "",
        "u_unit_price_per_tsubo_ja": "",
        "u_area_ja": "55㎡",
        "land_shape_name_ja": "",
        "u_land_frontage_ja": "",
        "building_use_name_ja": "",
        "building_structure_name_ja": "ＲＣ",
        "floor_plan_name_ja": "２ＬＤＫ",
        "u_building_total_floor_area_ja": "",
        "u_construction_year_ja": "2005年",
        "front_road_azimuth_name_ja": "",
        "u_front_road_width_ja": "",
        "front_road_type_name_ja": "",
        "land_use_name_ja": "第２種住居地域",
        "u_building_coverage_ratio_ja": "",
        "u_floor_area_ratio_ja": "",
        "remark_name_ja": "",
        "future_use_purpose_name_ja": "",
        "remark_renovation_name_ja": ""
      }
    },
    {
      "type": "Feature",
      "geometry": {
        "type": "Point",
        "coordinates": [
          139.4468879699707,
          35.650805898810574
        ]
      },
      "properties": {
        "point_in_time_name_ja": "2025年第4四半期",
        "land_type_name_ja": "中古マンション等",
        "price_information_category_name_ja": "成約価格情報",
        "prefecture_name_ja": "東京都",
        "city_code": "13224",
        "city_name_ja": "多摩市",
        "district_code": "132240110",
        "district_name_ja": "関戸",
        "use_category_name_ja": "",
        "u_transaction_price_total_ja": "2,400万円",
        "u_transaction_price_unit_price_square_meter_ja": "",
        "u_unit_price_per_tsubo_ja": "",
        "u_area_ja": "55㎡",
        "land_shape_name_ja": "",
        "u_land_frontage_ja": "",
        "building_use_name_ja": "",
        "building_structure_name_ja": "ＲＣ",
        "floor_plan_name_ja": "２ＬＤＫ",
        "u_building_total_floor_area_ja": "",
        "u_construction_year_ja": "2005年",
        "front_road_azimuth_name_ja": "",
        "u_front_road_width_ja": "",
        "front_road_type_name_ja": "",
        "land_use_name_ja": "商業地域",
        "u_building_coverage_ratio_ja": "",
        "u_floor_area_ratio_ja": "",
        "remark_name_ja": "",
        "future_use_purpose_name_ja": "",
        "remark_renovation_name_ja": ""
      }
    },
    {
      "type": "Feature",
      "geometry": {
        "type": "Point",
        "coordinates": [
          139.4468879699707,
          35.650805898810574
        ]
      },
      "properties": {
        "point_in_time_name_ja": "2025年第4四半期",
        "land_type_name_ja": "中古マンション等",
        "price_information_category_name_ja": "成約価格情報",
        "prefecture_name_ja": "東京都",
        "city_code": "13224",
        "city_name_ja": "多摩市",
        "district_code": "132240110",
        "district_name_ja": "関戸",
        "use_category_name_ja": "",
        "u_transaction_price_total_ja": "7,300万円",
        "u_transaction_price_unit_price_square_meter_ja": "",
        "u_unit_price_per_tsubo_ja": "",
        "u_area_ja": "70㎡",
        "land_shape_name_ja": "",
        "u_land_frontage_ja": "",
        "building_use_name_ja": "",
        "building_structure_name_ja": "ＲＣ",
        "floor_plan_name_ja": "３ＬＤＫ",
        "u_building_total_floor_area_ja": "",
        "u_construction_year_ja": "2022年",
        "front_road_azimuth_name_ja": "",
        "u_front_road_width_ja": "",
        "front_road_type_name_ja": "",
        "land_use_name_ja": "第２種住居地域",
        "u_building_coverage_ratio_ja": "",
        "u_floor_area_ratio_ja": "",
        "remark_name_ja": "",
        "future_use_purpose_name_ja": "",
        "remark_renovation_name_ja": ""
      }
    },
    {
      "type": "Feature",
      "geometry": {
        "type": "Point",
        "coordinates": [
          139.4468879699707,
          35.650805898810574
        ]
      },
      "properties": {
        "point_in_time_name_ja": "2025年第4四半期",
        "land_type_name_ja": "中古マンション等",
        "price_information_category_name_ja": "成約価格情報",
        "prefecture_name_ja": "東京都",
        "city_code": "13224",
        "city_name_ja": "多摩市",
        "district_code": "132240110",
        "district_name_ja": "関戸",
        "use_category_name_ja": "",
        "u_transaction_price_total_ja": "5,500万円",
        "u_transaction_price_unit_price_square_meter_ja": "",
        "u_unit_price_per_tsubo_ja": "",
        "u_area_ja": "70㎡",
        "land_shape_name_ja": "",
        "u_land_frontage_ja": "",
        "building_use_name_ja": "",
        "building_structure_name_ja": "ＲＣ",
        "floor_plan_name_ja": "３ＬＤＫ",
        "u_building_total_floor_area_ja": "",
        "u_construction_year_ja": "2022年",
        "front_road_azimuth_name_ja": "",
        "u_front_road_width_ja": "",
        "front_road_type_name_ja": "",
        "land_use_name_ja": "商業地域",
        "u_building_coverage_ratio_ja": "",
        "u_floor_area_ratio_ja": "",
        "remark_name_ja": "",
        "future_use_purpose_name_ja": "",
        "remark_renovation_name_ja": ""
      }
    },
    {
      "type": "Feature",
      "geometry": {
        "type": "Point",
        "coordinates": [
          139.4468879699707,
          35.650805898810574
        ]
      },
      "properties": {
        "point_in_time_name_ja": "2025年第4四半期",
        "land_type_name_ja": "中古マンション等",
        "price_information_category_name_ja": "成約価格情報",
        "prefecture_name_ja": "東京都",
        "city_code": "13224",
        "city_name_ja": "多摩市",
        "district_code": "132240110",
        "district_name_ja": "関戸",
        "use_category_name_ja": "",
        "u_transaction_price_total_ja": "7,300万円",
        "u_transaction_price_unit_price_square_meter_ja": "",
        "u_unit_price_per_tsubo_ja": "",
        "u_area_ja": "70㎡",
        "land_shape_name_ja": "",
        "u_land_frontage_ja": "",
        "building_use_name_ja": "",
        "building_structure_name_ja": "ＲＣ",
        "floor_plan_name_ja": "３ＬＤＫ",
        "u_building_total_floor_area_ja": "",
        "u_construction_year_ja": "2022年",
        "front_road_azimuth_name_ja": "",
        "u_front_road_width_ja": "",
        "front_road_type_name_ja": "",
        "land_use_name_ja": "第２種住居地域",
        "u_building_coverage_ratio_ja": "",
        "u_floor_area_ratio_ja": "",
        "remark_name_ja": "",
        "future_use_purpose_name_ja": "",
        "remark_renovation_name_ja": ""
      }
    },
    {
      "type": "Feature",
      "geometry": {
        "type": "Point",
        "coordinates": [
          139.4468879699707,
          35.650805898810574
        ]
      },
      "properties": {
        "point_in_time_name_ja": "2025年第4四半期",
        "land_type_name_ja": "中古マンション等",
        "price_information_category_name_ja": "成約価格情報",
        "prefecture_name_ja": "東京都",
        "city_code": "13224",
        "city_name_ja": "多摩市",
        "district_code": "132240110",
        "district_name_ja": "関戸",
        "use_category_name_ja": "",
        "u_transaction_price_total_ja": "4,200万円",
        "u_transaction_price_unit_price_square_meter_ja": "",
        "u_unit_price_per_tsubo_ja": "",
        "u_area_ja": "65㎡",
        "land_shape_name_ja": "",
        "u_land_frontage_ja": "",
        "building_use_name_ja": "",
        "building_structure_name_ja": "ＲＣ",
        "floor_plan_name_ja": "３ＬＤＫ",
        "u_building_total_floor_area_ja": "",
        "u_construction_year_ja": "1997年",
        "front_road_azimuth_name_ja": "",
        "u_front_road_width_ja": "",
        "front_road_type_name_ja": "",
        "land_use_name_ja": "近隣商業地域",
        "u_building_coverage_ratio_ja": "",
        "u_floor_area_ratio_ja": "",
        "remark_name_ja": "",
        "future_use_purpose_name_ja": "",
        "remark_renovation_name_ja": "改装済み"
      }
    },
    {
      "type": "Feature",
      "geometry": {
        "type": "Point",
        "coordinates": [
          139.4468879699707,
          35.650805898810574
        ]
      },
      "properties": {
        "point_in_time_name_ja": "2025年第4四半期",
        "land_type_name_ja": "中古マンション等",
        "price_information_category_name_ja": "成約価格情報",
        "prefecture_name_ja": "東京都",
        "city_code": "13224",
        "city_name_ja": "多摩市",
        "district_code": "132240110",
        "district_name_ja": "関戸",
        "use_category_name_ja": "",
        "u_transaction_price_total_ja": "7,200万円",
        "u_transaction_price_unit_price_square_meter_ja": "",
        "u_unit_price_per_tsubo_ja": "",
        "u_area_ja": "70㎡",
        "land_shape_name_ja": "",
        "u_land_frontage_ja": "",
        "building_use_name_ja": "",
        "building_structure_name_ja": "ＲＣ",
        "floor_plan_name_ja": "３ＬＤＫ",
        "u_building_total_floor_area_ja": "",
        "u_construction_year_ja": "2022年",
        "front_road_azimuth_name_ja": "",
        "u_front_road_width_ja": "",
        "front_road_type_name_ja": "",
        "land_use_name_ja": "第２種住居地域",
        "u_building_coverage_ratio_ja": "",
        "u_floor_area_ratio_ja": "",
        "remark_name_ja": "",
        "future_use_purpose_name_ja": "",
        "remark_renovation_name_ja": ""
      }
    },
    {
      "type": "Feature",
      "geometry": {
        "type": "Point",
        "coordinates": [
          139.4468879699707,
          35.650805898810574
        ]
      },
      "properties": {
        "point_in_time_name_ja": "2025年第4四半期",
        "land_type_name_ja": "中古マンション等",
        "price_information_category_name_ja": "成約価格情報",
        "prefecture_name_ja": "東京都",
        "city_code": "13224",
        "city_name_ja": "多摩市",
        "district_code": "132240110",
        "district_name_ja": "関戸",
        "use_category_name_ja": "",
        "u_transaction_price_total_ja": "1,300万円",
        "u_transaction_price_unit_price_square_meter_ja": "",
        "u_unit_price_per_tsubo_ja": "",
        "u_area_ja": "60㎡",
        "land_shape_name_ja": "",
        "u_land_frontage_ja": "",
        "building_use_name_ja": "",
        "building_structure_name_ja": "ＲＣ",
        "floor_plan_name_ja": "３ＤＫ",
        "u_building_total_floor_area_ja": "",
        "u_construction_year_ja": "1985年",
        "front_road_azimuth_name_ja": "",
        "u_front_road_width_ja": "",
        "front_road_type_name_ja": "",
        "land_use_name_ja": "第１種低層住居専用地域",
        "u_building_coverage_ratio_ja": "",
        "u_floor_area_ratio_ja": "",
        "remark_name_ja": "",
        "future_use_purpose_name_ja": "",
        "remark_renovation_name_ja": ""
      }
    },
    {
      "type": "Feature",
      "geometry": {
        "type": "Point",
        "coordinates": [
          139.4468879699707,
          35.650805898810574
        ]
      },
      "properties": {
        "point_in_time_name_ja": "2025年第4四半期",
        "land_type_name_ja": "中古マンション等",
        "price_information_category_name_ja": "成約価格情報",
        "prefecture_name_ja": "東京都",
        "city_code": "13224",
        "city_name_ja": "多摩市",
        "district_code": "132240110",
        "district_name_ja": "関戸",
        "use_category_name_ja": "",
        "u_transaction_price_total_ja": "1,500万円",
        "u_transaction_price_unit_price_square_meter_ja": "",
        "u_unit_price_per_tsubo_ja": "",
        "u_area_ja": "50㎡",
        "land_shape_name_ja": "",
        "u_land_frontage_ja": "",
        "building_use_name_ja": "",
        "building_structure_name_ja": "ＳＲＣ",
        "floor_plan_name_ja": "１ＬＤＫ",
        "u_building_total_floor_area_ja": "",
        "u_construction_year_ja": "1978年",
        "front_road_azimuth_name_ja": "",
        "u_front_road_width_ja": "",
        "front_road_type_name_ja": "",
        "land_use_name_ja": "商業地域",
        "u_building_coverage_ratio_ja": "",
        "u_floor_area_ratio_ja": "",
        "remark_name_ja": "",
        "future_use_purpose_name_ja": "",
        "remark_renovation_name_ja": ""
      }
    },
    {
      "type": "Feature",
      "geometry": {
        "type": "Point",
        "coordinates": [
          139.4468879699707,
          35.650805898810574
        ]
      },
      "properties": {
        "point_in_time_name_ja": "2025年第4四半期",
        "land_type_name_ja": "中古マンション等",
        "price_information_category_name_ja": "成約価格情報",
        "prefecture_name_ja": "東京都",
        "city_code": "13224",
        "city_name_ja": "多摩市",
        "district_code": "132240110",
        "district_name_ja": "関戸",
        "use_category_name_ja": "",
        "u_transaction_price_total_ja": "8,200万円",
        "u_transaction_price_unit_price_square_meter_ja": "",
        "u_unit_price_per_tsubo_ja": "",
        "u_area_ja": "80㎡",
        "land_shape_name_ja": "",
        "u_land_frontage_ja": "",
        "building_use_name_ja": "",
        "building_structure_name_ja": "ＲＣ",
        "floor_plan_name_ja": "３ＬＤＫ",
        "u_building_total_floor_area_ja": "",
        "u_construction_year_ja": "2022年",
        "front_road_azimuth_name_ja": "",
        "u_front_road_width_ja": "",
        "front_road_type_name_ja": "",
        "land_use_name_ja": "第２種住居地域",
        "u_building_coverage_ratio_ja": "",
        "u_floor_area_ratio_ja": "",
        "remark_name_ja": "",
        "future_use_purpose_name_ja": "",
        "remark_renovation_name_ja": ""
      }
    },
    {
      "type": "Feature",
      "geometry": {
        "type": "Point",
        "coordinates": [
          139.4468879699707,
          35.650805898810574
        ]
      },
      "properties": {
        "point_in_time_name_ja": "2025年第4四半期",
        "land_type_name_ja": "中古マンション等",
        "price_information_category_name_ja": "成約価格情報",
        "prefecture_name_ja": "東京都",
        "city_code": "13224",
        "city_name_ja": "多摩市",
        "district_code": "132240110",
        "district_name_ja": "関戸",
        "use_category_name_ja": "",
        "u_transaction_price_total_ja": "1,100万円",
        "u_transaction_price_unit_price_square_meter_ja": "",
        "u_unit_price_per_tsubo_ja": "",
        "u_area_ja": "75㎡",
        "land_shape_name_ja": "",
        "u_land_frontage_ja": "",
        "building_use_name_ja": "",
        "building_structure_name_ja": "ＲＣ",
        "floor_plan_name_ja": "３ＬＤＫ",
        "u_building_total_floor_area_ja": "",
        "u_construction_year_ja": "1972年",
        "front_road_azimuth_name_ja": "",
        "u_front_road_width_ja": "",
        "front_road_type_name_ja": "",
        "land_use_name_ja": "商業地域",
        "u_building_coverage_ratio_ja": "",
        "u_floor_area_ratio_ja": "",
        "remark_name_ja": "",
        "future_use_purpose_name_ja": "",
        "remark_renovation_name_ja": ""
      }
    },
    {
      "type": "Feature",
      "geometry": {
        "type": "Point",
        "coordinates": [
          139.4468879699707,
          35.650805898810574
        ]
      },
      "properties": {
        "point_in_time_name_ja": "2025年第4四半期",
        "land_type_name_ja": "中古マンション等",
        "price_information_category_name_ja": "成約価格情報",
        "prefecture_name_ja": "東京都",
        "city_code": "13224",
        "city_name_ja": "多摩市",
        "district_code": "132240110",
        "district_name_ja": "関戸",
        "use_category_name_ja": "",
        "u_transaction_price_total_ja": "3,600万円",
        "u_transaction_price_unit_price_square_meter_ja": "",
        "u_unit_price_per_tsubo_ja": "",
        "u_area_ja": "75㎡",
        "land_shape_name_ja": "",
        "u_land_frontage_ja": "",
        "building_use_name_ja": "",
        "building_structure_name_ja": "ＳＲＣ",
        "floor_plan_name_ja": "３ＬＤＫ",
        "u_building_total_floor_area_ja": "",
        "u_construction_year_ja": "1984年",
        "front_road_azimuth_name_ja": "",
        "u_front_road_width_ja": "",
        "front_road_type_name_ja": "",
        "land_use_name_ja": "商業地域",
        "u_building_coverage_ratio_ja": "",
        "u_floor_area_ratio_ja": "",
        "remark_name_ja": "",
        "future_use_purpose_name_ja": "",
        "remark_renovation_name_ja": ""
      }
    },
    {
      "type": "Feature",
      "geometry": {
        "type": "Point",
        "coordinates": [
          139.4468879699707,
          35.650805898810574
        ]
      },
      "properties": {
        "point_in_time_name_ja": "2025年第4四半期",
        "land_type_name_ja": "中古マンション等",
        "price_information_category_name_ja": "成約価格情報",
        "prefecture_name_ja": "東京都",
        "city_code": "13224",
        "city_name_ja": "多摩市",
        "district_code": "132240110",
        "district_name_ja": "関戸",
        "use_category_name_ja": "",
        "u_transaction_price_total_ja": "1,100万円",
        "u_transaction_price_unit_price_square_meter_ja": "",
        "u_unit_price_per_tsubo_ja": "",
        "u_area_ja": "70㎡",
        "land_shape_name_ja": "",
        "u_land_frontage_ja": "",
        "building_use_name_ja": "",
        "building_structure_name_ja": "ＳＲＣ",
        "floor_plan_name_ja": "３ＬＤＫ",
        "u_building_total_floor_area_ja": "",
        "u_construction_year_ja": "1972年",
        "front_road_azimuth_name_ja": "",
        "u_front_road_width_ja": "",
        "front_road_type_name_ja": "",
        "land_use_name_ja": "商業地域",
        "u_building_coverage_ratio_ja": "",
        "u_floor_area_ratio_ja": "",
        "remark_name_ja": "",
        "future_use_purpose_name_ja": "",
        "remark_renovation_name_ja": ""
      }
    },
    {
      "type": "Feature",
      "geometry": {
        "type": "Point",
        "coordinates": [
          139.4468879699707,
          35.650805898810574
        ]
      },
      "properties": {
        "point_in_time_name_ja": "2025年第4四半期",
        "land_type_name_ja": "中古マンション等",
        "price_information_category_name_ja": "成約価格情報",
        "prefecture_name_ja": "東京都",
        "city_code": "13224",
        "city_name_ja": "多摩市",
        "district_code": "132240110",
        "district_name_ja": "関戸",
        "use_category_name_ja": "",
        "u_transaction_price_total_ja": "4,500万円",
        "u_transaction_price_unit_price_square_meter_ja": "",
        "u_unit_price_per_tsubo_ja": "",
        "u_area_ja": "55㎡",
        "land_shape_name_ja": "",
        "u_land_frontage_ja": "",
        "building_use_name_ja": "",
        "building_structure_name_ja": "ＲＣ",
        "floor_plan_name_ja": "２ＬＤＫ＋Ｓ",
        "u_building_total_floor_area_ja": "",
        "u_construction_year_ja": "2022年",
        "front_road_azimuth_name_ja": "",
        "u_front_road_width_ja": "",
        "front_road_type_name_ja": "",
        "land_use_name_ja": "商業地域",
        "u_building_coverage_ratio_ja": "",
        "u_floor_area_ratio_ja": "",
        "remark_name_ja": "",
        "future_use_purpose_name_ja": "",
        "remark_renovation_name_ja": ""
      }
    },
    {
      "type": "Feature",
      "geometry": {
        "type": "Point",
        "coordinates": [
          139.4468879699707,
          35.650805898810574
        ]
      },
      "properties": {
        "point_in_time_name_ja": "2025年第1四半期",
        "land_type_name_ja": "中古マンション等",
        "price_information_category_name_ja": "成約価格情報",
        "prefecture_name_ja": "東京都",
        "city_code": "13224",
        "city_name_ja": "多摩市",
        "district_code": "132240210",
        "district_name_ja": "連光寺",
        "use_category_name_ja": "",
        "u_transaction_price_total_ja": "1,800万円",
        "u_transaction_price_unit_price_square_meter_ja": "",
        "u_unit_price_per_tsubo_ja": "",
        "u_area_ja": "65㎡",
        "land_shape_name_ja": "",
        "u_land_frontage_ja": "",
        "building_use_name_ja": "",
        "building_structure_name_ja": "ＲＣ",
        "floor_plan_name_ja": "２ＬＤＫ＋Ｓ",
        "u_building_total_floor_area_ja": "",
        "u_construction_year_ja": "1992年",
        "front_road_azimuth_name_ja": "",
        "u_front_road_width_ja": "",
        "front_road_type_name_ja": "",
        "land_use_name_ja": "第１種中高層住居専用地域",
        "u_building_coverage_ratio_ja": "",
        "u_floor_area_ratio_ja": "",
        "remark_name_ja": "",
        "future_use_purpose_name_ja": "",
        "remark_renovation_name_ja": ""
      }
    },
    {
      "type": "Feature",
      "geometry": {
        "type": "Point",
        "coordinates": [
          139.4468879699707,
          35.650805898810574
        ]
      },
      "properties": {
        "point_in_time_name_ja": "2025年第2四半期",
        "land_type_name_ja": "中古マンション等",
        "price_information_category_name_ja": "成約価格情報",
        "prefecture_name_ja": "東京都",
        "city_code": "13224",
        "city_name_ja": "多摩市",
        "district_code": "132240210",
        "district_name_ja": "連光寺",
        "use_category_name_ja": "",
        "u_transaction_price_total_ja": "850万円",
        "u_transaction_price_unit_price_square_meter_ja": "",
        "u_unit_price_per_tsubo_ja": "",
        "u_area_ja": "35㎡",
        "land_shape_name_ja": "",
        "u_land_frontage_ja": "",
        "building_use_name_ja": "",
        "building_structure_name_ja": "ＲＣ",
        "floor_plan_name_ja": "１ＬＤＫ",
        "u_building_total_floor_area_ja": "",
        "u_construction_year_ja": "1988年",
        "front_road_azimuth_name_ja": "",
        "u_front_road_width_ja": "",
        "front_road_type_name_ja": "",
        "land_use_name_ja": "第２種中高層住居専用地域",
        "u_building_coverage_ratio_ja": "",
        "u_floor_area_ratio_ja": "",
        "remark_name_ja": "",
        "future_use_purpose_name_ja": "",
        "remark_renovation_name_ja": ""
      }
    },
    {
      "type": "Feature",
      "geometry": {
        "type": "Point",
        "coordinates": [
          139.4468879699707,
          35.650805898810574
        ]
      },
      "properties": {
        "point_in_time_name_ja": "2025年第2四半期",
        "land_type_name_ja": "中古マンション等",
        "price_information_category_name_ja": "成約価格情報",
        "prefecture_name_ja": "東京都",
        "city_code": "13224",
        "city_name_ja": "多摩市",
        "district_code": "132240210",
        "district_name_ja": "連光寺",
        "use_category_name_ja": "",
        "u_transaction_price_total_ja": "870万円",
        "u_transaction_price_unit_price_square_meter_ja": "",
        "u_unit_price_per_tsubo_ja": "",
        "u_area_ja": "45㎡",
        "land_shape_name_ja": "",
        "u_land_frontage_ja": "",
        "building_use_name_ja": "",
        "building_structure_name_ja": "ＲＣ",
        "floor_plan_name_ja": "３Ｋ",
        "u_building_total_floor_area_ja": "",
        "u_construction_year_ja": "1992年",
        "front_road_azimuth_name_ja": "",
        "u_front_road_width_ja": "",
        "front_road_type_name_ja": "",
        "land_use_name_ja": "第２種住居地域",
        "u_building_coverage_ratio_ja": "",
        "u_floor_area_ratio_ja": "",
        "remark_name_ja": "",
        "future_use_purpose_name_ja": "",
        "remark_renovation_name_ja": ""
      }
    },
    {
      "type": "Feature",
      "geometry": {
        "type": "Point",
        "coordinates": [
          139.4468879699707,
          35.650805898810574
        ]
      },
      "properties": {
        "point_in_time_name_ja": "2025年第2四半期",
        "land_type_name_ja": "中古マンション等",
        "price_information_category_name_ja": "成約価格情報",
        "prefecture_name_ja": "東京都",
        "city_code": "13224",
        "city_name_ja": "多摩市",
        "district_code": "132240210",
        "district_name_ja": "連光寺",
        "use_category_name_ja": "",
        "u_transaction_price_total_ja": "4,600万円",
        "u_transaction_price_unit_price_square_meter_ja": "",
        "u_unit_price_per_tsubo_ja": "",
        "u_area_ja": "85㎡",
        "land_shape_name_ja": "",
        "u_land_frontage_ja": "",
        "building_use_name_ja": "",
        "building_structure_name_ja": "ＲＣ",
        "floor_plan_name_ja": "３ＬＤＫ",
        "u_building_total_floor_area_ja": "",
        "u_construction_year_ja": "2007年",
        "front_road_azimuth_name_ja": "",
        "u_front_road_width_ja": "",
        "front_road_type_name_ja": "",
        "land_use_name_ja": "第２種住居地域",
        "u_building_coverage_ratio_ja": "",
        "u_floor_area_ratio_ja": "",
        "remark_name_ja": "",
        "future_use_purpose_name_ja": "",
        "remark_renovation_name_ja": ""
      }
    },
    {
      "type": "Feature",
      "geometry": {
        "type": "Point",
        "coordinates": [
          139.4468879699707,
          35.650805898810574
        ]
      },
      "properties": {
        "point_in_time_name_ja": "2025年第3四半期",
        "land_type_name_ja": "中古マンション等",
        "price_information_category_name_ja": "成約価格情報",
        "prefecture_name_ja": "東京都",
        "city_code": "13224",
        "city_name_ja": "多摩市",
        "district_code": "132240210",
        "district_name_ja": "連光寺",
        "use_category_name_ja": "",
        "u_transaction_price_total_ja": "4,000万円",
        "u_transaction_price_unit_price_square_meter_ja": "",
        "u_unit_price_per_tsubo_ja": "",
        "u_area_ja": "70㎡",
        "land_shape_name_ja": "",
        "u_land_frontage_ja": "",
        "building_use_name_ja": "",
        "building_structure_name_ja": "ＲＣ",
        "floor_plan_name_ja": "２ＬＤＫ",
        "u_building_total_floor_area_ja": "",
        "u_construction_year_ja": "2007年",
        "front_road_azimuth_name_ja": "",
        "u_front_road_width_ja": "",
        "front_road_type_name_ja": "",
        "land_use_name_ja": "第２種住居地域",
        "u_building_coverage_ratio_ja": "",
        "u_floor_area_ratio_ja": "",
        "remark_name_ja": "",
        "future_use_purpose_name_ja": "",
        "remark_renovation_name_ja": ""
      }
    },
    {
      "type": "Feature",
      "geometry": {
        "type": "Point",
        "coordinates": [
          139.4468879699707,
          35.650805898810574
        ]
      },
      "properties": {
        "point_in_time_name_ja": "2025年第3四半期",
        "land_type_name_ja": "中古マンション等",
        "price_information_category_name_ja": "成約価格情報",
        "prefecture_name_ja": "東京都",
        "city_code": "13224",
        "city_name_ja": "多摩市",
        "district_code": "132240210",
        "district_name_ja": "連光寺",
        "use_category_name_ja": "",
        "u_transaction_price_total_ja": "5,100万円",
        "u_transaction_price_unit_price_square_meter_ja": "",
        "u_unit_price_per_tsubo_ja": "",
        "u_area_ja": "95㎡",
        "land_shape_name_ja": "",
        "u_land_frontage_ja": "",
        "building_use_name_ja": "",
        "building_structure_name_ja": "ＲＣ",
        "floor_plan_name_ja": "３ＬＤＫ",
        "u_building_total_floor_area_ja": "",
        "u_construction_year_ja": "2007年",
        "front_road_azimuth_name_ja": "",
        "u_front_road_width_ja": "",
        "front_road_type_name_ja": "",
        "land_use_name_ja": "第２種住居地域",
        "u_building_coverage_ratio_ja": "",
        "u_floor_area_ratio_ja": "",
        "remark_name_ja": "",
        "future_use_purpose_name_ja": "",
        "remark_renovation_name_ja": ""
      }
    },
    {
      "type": "Feature",
      "geometry": {
        "type": "Point",
        "coordinates": [
          139.4468879699707,
          35.650805898810574
        ]
      },
      "properties": {
        "point_in_time_name_ja": "2025年第3四半期",
        "land_type_name_ja": "中古マンション等",
        "price_information_category_name_ja": "成約価格情報",
        "prefecture_name_ja": "東京都",
        "city_code": "13224",
        "city_name_ja": "多摩市",
        "district_code": "132240210",
        "district_name_ja": "連光寺",
        "use_category_name_ja": "",
        "u_transaction_price_total_ja": "3,400万円",
        "u_transaction_price_unit_price_square_meter_ja": "",
        "u_unit_price_per_tsubo_ja": "",
        "u_area_ja": "80㎡",
        "land_shape_name_ja": "",
        "u_land_frontage_ja": "",
        "building_use_name_ja": "",
        "building_structure_name_ja": "ＲＣ",
        "floor_plan_name_ja": "３ＬＤＫ",
        "u_building_total_floor_area_ja": "",
        "u_construction_year_ja": "2007年",
        "front_road_azimuth_name_ja": "",
        "u_front_road_width_ja": "",
        "front_road_type_name_ja": "",
        "land_use_name_ja": "第２種住居地域",
        "u_building_coverage_ratio_ja": "",
        "u_floor_area_ratio_ja": "",
        "remark_name_ja": "",
        "future_use_purpose_name_ja": "",
        "remark_renovation_name_ja": ""
      }
    },
    {
      "type": "Feature",
      "geometry": {
        "type": "Point",
        "coordinates": [
          139.4468879699707,
          35.650805898810574
        ]
      },
      "properties": {
        "point_in_time_name_ja": "2025年第4四半期",
        "land_type_name_ja": "中古マンション等",
        "price_information_category_name_ja": "成約価格情報",
        "prefecture_name_ja": "東京都",
        "city_code": "13224",
        "city_name_ja": "多摩市",
        "district_code": "132240210",
        "district_name_ja": "連光寺",
        "use_category_name_ja": "",
        "u_transaction_price_total_ja": "740万円",
        "u_transaction_price_unit_price_square_meter_ja": "",
        "u_unit_price_per_tsubo_ja": "",
        "u_area_ja": "30㎡",
        "land_shape_name_ja": "",
        "u_land_frontage_ja": "",
        "building_use_name_ja": "",
        "building_structure_name_ja": "ＲＣ",
        "floor_plan_name_ja": "１ＤＫ",
        "u_building_total_floor_area_ja": "",
        "u_construction_year_ja": "1988年",
        "front_road_azimuth_name_ja": "",
        "u_front_road_width_ja": "",
        "front_road_type_name_ja": "",
        "land_use_name_ja": "第２種中高層住居専用地域",
        "u_building_coverage_ratio_ja": "",
        "u_floor_area_ratio_ja": "",
        "remark_name_ja": "",
        "future_use_purpose_name_ja": "",
        "remark_renovation_name_ja": ""
      }
    },
    {
      "type": "Feature",
      "geometry": {
        "type": "Point",
        "coordinates": [
          139.4468879699707,
          35.650805898810574
        ]
      },
      "properties": {
        "point_in_time_name_ja": "2025年第4四半期",
        "land_type_name_ja": "中古マンション等",
        "price_information_category_name_ja": "成約価格情報",
        "prefecture_name_ja": "東京都",
        "city_code": "13224",
        "city_name_ja": "多摩市",
        "district_code": "132240210",
        "district_name_ja": "連光寺",
        "use_category_name_ja": "",
        "u_transaction_price_total_ja": "5,000万円",
        "u_transaction_price_unit_price_square_meter_ja": "",
        "u_unit_price_per_tsubo_ja": "",
        "u_area_ja": "90㎡",
        "land_shape_name_ja": "",
        "u_land_frontage_ja": "",
        "building_use_name_ja": "",
        "building_structure_name_ja": "ＲＣ",
        "floor_plan_name_ja": "４ＬＤＫ",
        "u_building_total_floor_area_ja": "",
        "u_construction_year_ja": "2007年",
        "front_road_azimuth_name_ja": "",
        "u_front_road_width_ja": "",
        "front_road_type_name_ja": "",
        "land_use_name_ja": "第２種住居地域",
        "u_building_coverage_ratio_ja": "",
        "u_floor_area_ratio_ja": "",
        "remark_name_ja": "",
        "future_use_purpose_name_ja": "",
        "remark_renovation_name_ja": ""
      }
    },
    {
      "type": "Feature",
      "geometry": {
        "type": "Point",
        "coordinates": [
          139.4468879699707,
          35.650805898810574
        ]
      },
      "properties": {
        "point_in_time_name_ja": "2025年第4四半期",
        "land_type_name_ja": "中古マンション等",
        "price_information_category_name_ja": "成約価格情報",
        "prefecture_name_ja": "東京都",
        "city_code": "13224",
        "city_name_ja": "多摩市",
        "district_code": "132240210",
        "district_name_ja": "連光寺",
        "use_category_name_ja": "",
        "u_transaction_price_total_ja": "4,200万円",
        "u_transaction_price_unit_price_square_meter_ja": "",
        "u_unit_price_per_tsubo_ja": "",
        "u_area_ja": "85㎡",
        "land_shape_name_ja": "",
        "u_land_frontage_ja": "",
        "building_use_name_ja": "",
        "building_structure_name_ja": "ＲＣ",
        "floor_plan_name_ja": "３ＬＤＫ",
        "u_building_total_floor_area_ja": "",
        "u_construction_year_ja": "2007年",
        "front_road_azimuth_name_ja": "",
        "u_front_road_width_ja": "",
        "front_road_type_name_ja": "",
        "land_use_name_ja": "第２種住居地域",
        "u_building_coverage_ratio_ja": "",
        "u_floor_area_ratio_ja": "",
        "remark_name_ja": "",
        "future_use_purpose_name_ja": "",
        "remark_renovation_name_ja": ""
      }
    },
    {
      "type": "Feature",
      "geometry": {
        "type": "Point",
        "coordinates": [
          139.4468879699707,
          35.650805898810574
        ]
      },
      "properties": {
        "point_in_time_name_ja": "2025年第4四半期",
        "land_type_name_ja": "中古マンション等",
        "price_information_category_name_ja": "成約価格情報",
        "prefecture_name_ja": "東京都",
        "city_code": "13224",
        "city_name_ja": "多摩市",
        "district_code": "132240210",
        "district_name_ja": "連光寺",
        "use_category_name_ja": "",
        "u_transaction_price_total_ja": "4,100万円",
        "u_transaction_price_unit_price_square_meter_ja": "",
        "u_unit_price_per_tsubo_ja": "",
        "u_area_ja": "65㎡",
        "land_shape_name_ja": "",
        "u_land_frontage_ja": "",
        "building_use_name_ja": "",
        "building_structure_name_ja": "ＲＣ",
        "floor_plan_name_ja": "２ＬＤＫ",
        "u_building_total_floor_area_ja": "",
        "u_construction_year_ja": "2007年",
        "front_road_azimuth_name_ja": "",
        "u_front_road_width_ja": "",
        "front_road_type_name_ja": "",
        "land_use_name_ja": "第２種住居地域",
        "u_building_coverage_ratio_ja": "",
        "u_floor_area_ratio_ja": "",
        "remark_name_ja": "",
        "future_use_purpose_name_ja": "",
        "remark_renovation_name_ja": "改装済み"
      }
    },
    {
      "type": "Feature",
      "geometry": {
        "type": "Point",
        "coordinates": [
          139.44810032844543,
          35.63034629717481
        ]
      },
      "properties": {
        "point_in_time_name_ja": "2025年第1四半期",
        "land_type_name_ja": "中古マンション等",
        "price_information_category_name_ja": "成約価格情報",
        "prefecture_name_ja": "東京都",
        "city_code": "13224",
        "city_name_ja": "多摩市",
        "district_code": "132240180",
        "district_name_ja": "馬引沢",
        "use_category_name_ja": "",
        "u_transaction_price_total_ja": "4,500万円",
        "u_transaction_price_unit_price_square_meter_ja": "",
        "u_unit_price_per_tsubo_ja": "",
        "u_area_ja": "100㎡",
        "land_shape_name_ja": "",
        "u_land_frontage_ja": "",
        "building_use_name_ja": "",
        "building_structure_name_ja": "ＲＣ",
        "floor_plan_name_ja": "３ＬＤＫ",
        "u_building_total_floor_area_ja": "",
        "u_construction_year_ja": "2002年",
        "front_road_azimuth_name_ja": "",
        "u_front_road_width_ja": "",
        "front_road_type_name_ja": "",
        "land_use_name_ja": "第２種中高層住居専用地域",
        "u_building_coverage_ratio_ja": "",
        "u_floor_area_ratio_ja": "",
        "remark_name_ja": "",
        "future_use_purpose_name_ja": "",
        "remark_renovation_name_ja": ""
      }
    },
    {
      "type": "Feature",
      "geometry": {
        "type": "Point",
        "coordinates": [
          139.44810032844543,
          35.63034629717481
        ]
      },
      "properties": {
        "point_in_time_name_ja": "2025年第1四半期",
        "land_type_name_ja": "中古マンション等",
        "price_information_category_name_ja": "成約価格情報",
        "prefecture_name_ja": "東京都",
        "city_code": "13224",
        "city_name_ja": "多摩市",
        "district_code": "132240180",
        "district_name_ja": "馬引沢",
        "use_category_name_ja": "",
        "u_transaction_price_total_ja": "2,300万円",
        "u_transaction_price_unit_price_square_meter_ja": "",
        "u_unit_price_per_tsubo_ja": "",
        "u_area_ja": "65㎡",
        "land_shape_name_ja": "",
        "u_land_frontage_ja": "",
        "building_use_name_ja": "",
        "building_structure_name_ja": "ＲＣ",
        "floor_plan_name_ja": "３ＬＤＫ",
        "u_building_total_floor_area_ja": "",
        "u_construction_year_ja": "1996年",
        "front_road_azimuth_name_ja": "",
        "u_front_road_width_ja": "",
        "front_road_type_name_ja": "",
        "land_use_name_ja": "第２種中高層住居専用地域",
        "u_building_coverage_ratio_ja": "",
        "u_floor_area_ratio_ja": "",
        "remark_name_ja": "",
        "future_use_purpose_name_ja": "",
        "remark_renovation_name_ja": ""
      }
    },
    {
      "type": "Feature",
      "geometry": {
        "type": "Point",
        "coordinates": [
          139.44810032844543,
          35.63034629717481
        ]
      },
      "properties": {
        "point_in_time_name_ja": "2025年第2四半期",
        "land_type_name_ja": "中古マンション等",
        "price_information_category_name_ja": "成約価格情報",
        "prefecture_name_ja": "東京都",
        "city_code": "13224",
        "city_name_ja": "多摩市",
        "district_code": "132240070",
        "district_name_ja": "乞田",
        "use_category_name_ja": "",
        "u_transaction_price_total_ja": "4,000万円",
        "u_transaction_price_unit_price_square_meter_ja": "",
        "u_unit_price_per_tsubo_ja": "",
        "u_area_ja": "85㎡",
        "land_shape_name_ja": "",
        "u_land_frontage_ja": "",
        "building_use_name_ja": "",
        "building_structure_name_ja": "ＲＣ",
        "floor_plan_name_ja": "３ＬＤＫ",
        "u_building_total_floor_area_ja": "",
        "u_construction_year_ja": "2006年",
        "front_road_azimuth_name_ja": "",
        "u_front_road_width_ja": "",
        "front_road_type_name_ja": "",
        "land_use_name_ja": "準住居地域",
        "u_building_coverage_ratio_ja": "",
        "u_floor_area_ratio_ja": "",
        "remark_name_ja": "",
        "future_use_purpose_name_ja": "",
        "remark_renovation_name_ja": ""
      }
    },
    {
      "type": "Feature",
      "geometry": {
        "type": "Point",
        "coordinates": [
          139.44810032844543,
          35.63034629717481
        ]
      },
      "properties": {
        "point_in_time_name_ja": "2025年第2四半期",
        "land_type_name_ja": "中古マンション等",
        "price_information_category_name_ja": "成約価格情報",
        "prefecture_name_ja": "東京都",
        "city_code": "13224",
        "city_name_ja": "多摩市",
        "district_code": "132240180",
        "district_name_ja": "馬引沢",
        "use_category_name_ja": "",
        "u_transaction_price_total_ja": "320万円",
        "u_transaction_price_unit_price_square_meter_ja": "",
        "u_unit_price_per_tsubo_ja": "",
        "u_area_ja": "15㎡",
        "land_shape_name_ja": "",
        "u_land_frontage_ja": "",
        "building_use_name_ja": "",
        "building_structure_name_ja": "ＲＣ",
        "floor_plan_name_ja": "１Ｋ",
        "u_building_total_floor_area_ja": "",
        "u_construction_year_ja": "1989年",
        "front_road_azimuth_name_ja": "",
        "u_front_road_width_ja": "",
        "front_road_type_name_ja": "",
        "land_use_name_ja": "第２種中高層住居専用地域",
        "u_building_coverage_ratio_ja": "",
        "u_floor_area_ratio_ja": "",
        "remark_name_ja": "",
        "future_use_purpose_name_ja": "",
        "remark_renovation_name_ja": ""
      }
    },
    {
      "type": "Feature",
      "geometry": {
        "type": "Point",
        "coordinates": [
          139.44810032844543,
          35.63034629717481
        ]
      },
      "properties": {
        "point_in_time_name_ja": "2025年第2四半期",
        "land_type_name_ja": "中古マンション等",
        "price_information_category_name_ja": "成約価格情報",
        "prefecture_name_ja": "東京都",
        "city_code": "13224",
        "city_name_ja": "多摩市",
        "district_code": "132240180",
        "district_name_ja": "馬引沢",
        "use_category_name_ja": "",
        "u_transaction_price_total_ja": "2,000万円",
        "u_transaction_price_unit_price_square_meter_ja": "",
        "u_unit_price_per_tsubo_ja": "",
        "u_area_ja": "60㎡",
        "land_shape_name_ja": "",
        "u_land_frontage_ja": "",
        "building_use_name_ja": "",
        "building_structure_name_ja": "ＲＣ",
        "floor_plan_name_ja": "２ＬＤＫ",
        "u_building_total_floor_area_ja": "",
        "u_construction_year_ja": "1996年",
        "front_road_azimuth_name_ja": "",
        "u_front_road_width_ja": "",
        "front_road_type_name_ja": "",
        "land_use_name_ja": "第２種中高層住居専用地域",
        "u_building_coverage_ratio_ja": "",
        "u_floor_area_ratio_ja": "",
        "remark_name_ja": "",
        "future_use_purpose_name_ja": "",
        "remark_renovation_name_ja": ""
      }
    },
    {
      "type": "Feature",
      "geometry": {
        "type": "Point",
        "coordinates": [
          139.44810032844543,
          35.63034629717481
        ]
      },
      "properties": {
        "point_in_time_name_ja": "2025年第3四半期",
        "land_type_name_ja": "中古マンション等",
        "price_information_category_name_ja": "成約価格情報",
        "prefecture_name_ja": "東京都",
        "city_code": "13224",
        "city_name_ja": "多摩市",
        "district_code": "132240070",
        "district_name_ja": "乞田",
        "use_category_name_ja": "",
        "u_transaction_price_total_ja": "2,000万円",
        "u_transaction_price_unit_price_square_meter_ja": "",
        "u_unit_price_per_tsubo_ja": "",
        "u_area_ja": "70㎡",
        "land_shape_name_ja": "",
        "u_land_frontage_ja": "",
        "building_use_name_ja": "",
        "building_structure_name_ja": "ＲＣ",
        "floor_plan_name_ja": "３ＬＤＫ",
        "u_building_total_floor_area_ja": "",
        "u_construction_year_ja": "1982年",
        "front_road_azimuth_name_ja": "",
        "u_front_road_width_ja": "",
        "front_road_type_name_ja": "",
        "land_use_name_ja": "第２種住居地域",
        "u_building_coverage_ratio_ja": "",
        "u_floor_area_ratio_ja": "",
        "remark_name_ja": "",
        "future_use_purpose_name_ja": "",
        "remark_renovation_name_ja": ""
      }
    },
    {
      "type": "Feature",
      "geometry": {
        "type": "Point",
        "coordinates": [
          139.44810032844543,
          35.63034629717481
        ]
      },
      "properties": {
        "point_in_time_name_ja": "2025年第1四半期",
        "land_type_name_ja": "中古マンション等",
        "price_information_category_name_ja": "成約価格情報",
        "prefecture_name_ja": "東京都",
        "city_code": "13224",
        "city_name_ja": "多摩市",
        "district_code": "132240010",
        "district_name_ja": "愛宕",
        "use_category_name_ja": "",
        "u_transaction_price_total_ja": "1,100万円",
        "u_transaction_price_unit_price_square_meter_ja": "",
        "u_unit_price_per_tsubo_ja": "",
        "u_area_ja": "70㎡",
        "land_shape_name_ja": "",
        "u_land_frontage_ja": "",
        "building_use_name_ja": "",
        "building_structure_name_ja": "ＲＣ",
        "floor_plan_name_ja": "３ＤＫ",
        "u_building_total_floor_area_ja": "",
        "u_construction_year_ja": "1973年",
        "front_road_azimuth_name_ja": "",
        "u_front_road_width_ja": "",
        "front_road_type_name_ja": "",
        "land_use_name_ja": "第２種中高層住居専用地域",
        "u_building_coverage_ratio_ja": "",
        "u_floor_area_ratio_ja": "",
        "remark_name_ja": "",
        "future_use_purpose_name_ja": "",
        "remark_renovation_name_ja": "改装済み"
      }
    },
    {
      "type": "Feature",
      "geometry": {
        "type": "Point",
        "coordinates": [
          139.44810032844543,
          35.63034629717481
        ]
      },
      "properties": {
        "point_in_time_name_ja": "2025年第1四半期",
        "land_type_name_ja": "中古マンション等",
        "price_information_category_name_ja": "成約価格情報",
        "prefecture_name_ja": "東京都",
        "city_code": "13224",
        "city_name_ja": "多摩市",
        "district_code": "132240010",
        "district_name_ja": "愛宕",
        "use_category_name_ja": "",
        "u_transaction_price_total_ja": "570万円",
        "u_transaction_price_unit_price_square_meter_ja": "",
        "u_unit_price_per_tsubo_ja": "",
        "u_area_ja": "55㎡",
        "land_shape_name_ja": "",
        "u_land_frontage_ja": "",
        "building_use_name_ja": "",
        "building_structure_name_ja": "ＲＣ",
        "floor_plan_name_ja": "３ＤＫ",
        "u_building_total_floor_area_ja": "",
        "u_construction_year_ja": "1972年",
        "front_road_azimuth_name_ja": "",
        "u_front_road_width_ja": "",
        "front_road_type_name_ja": "",
        "land_use_name_ja": "第１種中高層住居専用地域",
        "u_building_coverage_ratio_ja": "",
        "u_floor_area_ratio_ja": "",
        "remark_name_ja": "",
        "future_use_purpose_name_ja": "",
        "remark_renovation_name_ja": ""
      }
    },
    {
      "type": "Feature",
      "geometry": {
        "type": "Point",
        "coordinates": [
          139.44810032844543,
          35.63034629717481
        ]
      },
      "properties": {
        "point_in_time_name_ja": "2025年第1四半期",
        "land_type_name_ja": "中古マンション等",
        "price_information_category_name_ja": "成約価格情報",
        "prefecture_name_ja": "東京都",
        "city_code": "13224",
        "city_name_ja": "多摩市",
        "district_code": "132240050",
        "district_name_ja": "貝取",
        "use_category_name_ja": "",
        "u_transaction_price_total_ja": "1,500万円",
        "u_transaction_price_unit_price_square_meter_ja": "",
        "u_unit_price_per_tsubo_ja": "",
        "u_area_ja": "100㎡",
        "land_shape_name_ja": "",
        "u_land_frontage_ja": "",
        "building_use_name_ja": "",
        "building_structure_name_ja": "ＲＣ",
        "floor_plan_name_ja": "４ＬＤＫ",
        "u_building_total_floor_area_ja": "",
        "u_construction_year_ja": "1983年",
        "front_road_azimuth_name_ja": "",
        "u_front_road_width_ja": "",
        "front_road_type_name_ja": "",
        "land_use_name_ja": "第１種中高層住居専用地域",
        "u_building_coverage_ratio_ja": "",
        "u_floor_area_ratio_ja": "",
        "remark_name_ja": "",
        "future_use_purpose_name_ja": "",
        "remark_renovation_name_ja": ""
      }
    },
    {
      "type": "Feature",
      "geometry": {
        "type": "Point",
        "coordinates": [
          139.44810032844543,
          35.63034629717481
        ]
      },
      "properties": {
        "point_in_time_name_ja": "2025年第1四半期",
        "land_type_name_ja": "中古マンション等",
        "price_information_category_name_ja": "成約価格情報",
        "prefecture_name_ja": "東京都",
        "city_code": "13224",
        "city_name_ja": "多摩市",
        "district_code": "132240050",
        "district_name_ja": "貝取",
        "use_category_name_ja": "",
        "u_transaction_price_total_ja": "1,400万円",
        "u_transaction_price_unit_price_square_meter_ja": "",
        "u_unit_price_per_tsubo_ja": "",
        "u_area_ja": "90㎡",
        "land_shape_name_ja": "",
        "u_land_frontage_ja": "",
        "building_use_name_ja": "",
        "building_structure_name_ja": "ＲＣ",
        "floor_plan_name_ja": "３ＬＤＫ",
        "u_building_total_floor_area_ja": "",
        "u_construction_year_ja": "1987年",
        "front_road_azimuth_name_ja": "",
        "u_front_road_width_ja": "",
        "front_road_type_name_ja": "",
        "land_use_name_ja": "第１種中高層住居専用地域",
        "u_building_coverage_ratio_ja": "",
        "u_floor_area_ratio_ja": "",
        "remark_name_ja": "",
        "future_use_purpose_name_ja": "",
        "remark_renovation_name_ja": ""
      }
    },
    {
      "type": "Feature",
      "geometry": {
        "type": "Point",
        "coordinates": [
          139.44810032844543,
          35.63034629717481
        ]
      },
      "properties": {
        "point_in_time_name_ja": "2025年第1四半期",
        "land_type_name_ja": "中古マンション等",
        "price_information_category_name_ja": "成約価格情報",
        "prefecture_name_ja": "東京都",
        "city_code": "13224",
        "city_name_ja": "多摩市",
        "district_code": "132240050",
        "district_name_ja": "貝取",
        "use_category_name_ja": "",
        "u_transaction_price_total_ja": "1,400万円",
        "u_transaction_price_unit_price_square_meter_ja": "",
        "u_unit_price_per_tsubo_ja": "",
        "u_area_ja": "80㎡",
        "land_shape_name_ja": "",
        "u_land_frontage_ja": "",
        "building_use_name_ja": "",
        "building_structure_name_ja": "ＲＣ",
        "floor_plan_name_ja": "３ＬＤＫ",
        "u_building_total_floor_area_ja": "",
        "u_construction_year_ja": "1980年",
        "front_road_azimuth_name_ja": "",
        "u_front_road_width_ja": "",
        "front_road_type_name_ja": "",
        "land_use_name_ja": "第１種中高層住居専用地域",
        "u_building_coverage_ratio_ja": "",
        "u_floor_area_ratio_ja": "",
        "remark_name_ja": "",
        "future_use_purpose_name_ja": "",
        "remark_renovation_name_ja": ""
      }
    },
    {
      "type": "Feature",
      "geometry": {
        "type": "Point",
        "coordinates": [
          139.44810032844543,
          35.63034629717481
        ]
      },
      "properties": {
        "point_in_time_name_ja": "2025年第1四半期",
        "land_type_name_ja": "中古マンション等",
        "price_information_category_name_ja": "成約価格情報",
        "prefecture_name_ja": "東京都",
        "city_code": "13224",
        "city_name_ja": "多摩市",
        "district_code": "132240050",
        "district_name_ja": "貝取",
        "use_category_name_ja": "",
        "u_transaction_price_total_ja": "470万円",
        "u_transaction_price_unit_price_square_meter_ja": "",
        "u_unit_price_per_tsubo_ja": "",
        "u_area_ja": "20㎡",
        "land_shape_name_ja": "",
        "u_land_frontage_ja": "",
        "building_use_name_ja": "",
        "building_structure_name_ja": "ＲＣ",
        "floor_plan_name_ja": "１Ｋ",
        "u_building_total_floor_area_ja": "",
        "u_construction_year_ja": "1991年",
        "front_road_azimuth_name_ja": "",
        "u_front_road_width_ja": "",
        "front_road_type_name_ja": "",
        "land_use_name_ja": "準住居地域",
        "u_building_coverage_ratio_ja": "",
        "u_floor_area_ratio_ja": "",
        "remark_name_ja": "",
        "future_use_purpose_name_ja": "",
        "remark_renovation_name_ja": ""
      }
    },
    {
      "type": "Feature",
      "geometry": {
        "type": "Point",
        "coordinates": [
          139.44810032844543,
          35.63034629717481
        ]
      },
      "properties": {
        "point_in_time_name_ja": "2025年第1四半期",
        "land_type_name_ja": "中古マンション等",
        "price_information_category_name_ja": "成約価格情報",
        "prefecture_name_ja": "東京都",
        "city_code": "13224",
        "city_name_ja": "多摩市",
        "district_code": "132240110",
        "district_name_ja": "関戸",
        "use_category_name_ja": "",
        "u_transaction_price_total_ja": "3,000万円",
        "u_transaction_price_unit_price_square_meter_ja": "",
        "u_unit_price_per_tsubo_ja": "",
        "u_area_ja": "70㎡",
        "land_shape_name_ja": "",
        "u_land_frontage_ja": "",
        "building_use_name_ja": "",
        "building_structure_name_ja": "ＲＣ",
        "floor_plan_name_ja": "３ＬＤＫ",
        "u_building_total_floor_area_ja": "",
        "u_construction_year_ja": "2008年",
        "front_road_azimuth_name_ja": "",
        "u_front_road_width_ja": "",
        "front_road_type_name_ja": "",
        "land_use_name_ja": "第２種中高層住居専用地域",
        "u_building_coverage_ratio_ja": "",
        "u_floor_area_ratio_ja": "",
        "remark_name_ja": "",
        "future_use_purpose_name_ja": "",
        "remark_renovation_name_ja": ""
      }
    },
    {
      "type": "Feature",
      "geometry": {
        "type": "Point",
        "coordinates": [
          139.44810032844543,
          35.63034629717481
        ]
      },
      "properties": {
        "point_in_time_name_ja": "2025年第2四半期",
        "land_type_name_ja": "中古マンション等",
        "price_information_category_name_ja": "成約価格情報",
        "prefecture_name_ja": "東京都",
        "city_code": "13224",
        "city_name_ja": "多摩市",
        "district_code": "132240010",
        "district_name_ja": "愛宕",
        "use_category_name_ja": "",
        "u_transaction_price_total_ja": "850万円",
        "u_transaction_price_unit_price_square_meter_ja": "",
        "u_unit_price_per_tsubo_ja": "",
        "u_area_ja": "70㎡",
        "land_shape_name_ja": "",
        "u_land_frontage_ja": "",
        "building_use_name_ja": "",
        "building_structure_name_ja": "ＲＣ",
        "floor_plan_name_ja": "２ＤＫ",
        "u_building_total_floor_area_ja": "",
        "u_construction_year_ja": "1973年",
        "front_road_azimuth_name_ja": "",
        "u_front_road_width_ja": "",
        "front_road_type_name_ja": "",
        "land_use_name_ja": "第２種中高層住居専用地域",
        "u_building_coverage_ratio_ja": "",
        "u_floor_area_ratio_ja": "",
        "remark_name_ja": "",
        "future_use_purpose_name_ja": "",
        "remark_renovation_name_ja": ""
      }
    },
    {
      "type": "Feature",
      "geometry": {
        "type": "Point",
        "coordinates": [
          139.44810032844543,
          35.63034629717481
        ]
      },
      "properties": {
        "point_in_time_name_ja": "2025年第2四半期",
        "land_type_name_ja": "中古マンション等",
        "price_information_category_name_ja": "成約価格情報",
        "prefecture_name_ja": "東京都",
        "city_code": "13224",
        "city_name_ja": "多摩市",
        "district_code": "132240010",
        "district_name_ja": "愛宕",
        "use_category_name_ja": "",
        "u_transaction_price_total_ja": "780万円",
        "u_transaction_price_unit_price_square_meter_ja": "",
        "u_unit_price_per_tsubo_ja": "",
        "u_area_ja": "60㎡",
        "land_shape_name_ja": "",
        "u_land_frontage_ja": "",
        "building_use_name_ja": "",
        "building_structure_name_ja": "ＲＣ",
        "floor_plan_name_ja": "２ＬＤＫ",
        "u_building_total_floor_area_ja": "",
        "u_construction_year_ja": "1972年",
        "front_road_azimuth_name_ja": "",
        "u_front_road_width_ja": "",
        "front_road_type_name_ja": "",
        "land_use_name_ja": "第１種中高層住居専用地域",
        "u_building_coverage_ratio_ja": "",
        "u_floor_area_ratio_ja": "",
        "remark_name_ja": "",
        "future_use_purpose_name_ja": "",
        "remark_renovation_name_ja": ""
      }
    },
    {
      "type": "Feature",
      "geometry": {
        "type": "Point",
        "coordinates": [
          139.44810032844543,
          35.63034629717481
        ]
      },
      "properties": {
        "point_in_time_name_ja": "2025年第2四半期",
        "land_type_name_ja": "中古マンション等",
        "price_information_category_name_ja": "成約価格情報",
        "prefecture_name_ja": "東京都",
        "city_code": "13224",
        "city_name_ja": "多摩市",
        "district_code": "132240010",
        "district_name_ja": "愛宕",
        "use_category_name_ja": "",
        "u_transaction_price_total_ja": "980万円",
        "u_transaction_price_unit_price_square_meter_ja": "",
        "u_unit_price_per_tsubo_ja": "",
        "u_area_ja": "55㎡",
        "land_shape_name_ja": "",
        "u_land_frontage_ja": "",
        "building_use_name_ja": "",
        "building_structure_name_ja": "ＲＣ",
        "floor_plan_name_ja": "２ＬＤＫ",
        "u_building_total_floor_area_ja": "",
        "u_construction_year_ja": "1972年",
        "front_road_azimuth_name_ja": "",
        "u_front_road_width_ja": "",
        "front_road_type_name_ja": "",
        "land_use_name_ja": "第１種中高層住居専用地域",
        "u_building_coverage_ratio_ja": "",
        "u_floor_area_ratio_ja": "",
        "remark_name_ja": "",
        "future_use_purpose_name_ja": "",
        "remark_renovation_name_ja": ""
      }
    },
    {
      "type": "Feature",
      "geometry": {
        "type": "Point",
        "coordinates": [
          139.44810032844543,
          35.63034629717481
        ]
      },
      "properties": {
        "point_in_time_name_ja": "2025年第2四半期",
        "land_type_name_ja": "中古マンション等",
        "price_information_category_name_ja": "成約価格情報",
        "prefecture_name_ja": "東京都",
        "city_code": "13224",
        "city_name_ja": "多摩市",
        "district_code": "132240050",
        "district_name_ja": "貝取",
        "use_category_name_ja": "",
        "u_transaction_price_total_ja": "2,300万円",
        "u_transaction_price_unit_price_square_meter_ja": "",
        "u_unit_price_per_tsubo_ja": "",
        "u_area_ja": "85㎡",
        "land_shape_name_ja": "",
        "u_land_frontage_ja": "",
        "building_use_name_ja": "",
        "building_structure_name_ja": "ＲＣ",
        "floor_plan_name_ja": "３ＬＤＫ",
        "u_building_total_floor_area_ja": "",
        "u_construction_year_ja": "1987年",
        "front_road_azimuth_name_ja": "",
        "u_front_road_width_ja": "",
        "front_road_type_name_ja": "",
        "land_use_name_ja": "第１種中高層住居専用地域",
        "u_building_coverage_ratio_ja": "",
        "u_floor_area_ratio_ja": "",
        "remark_name_ja": "",
        "future_use_purpose_name_ja": "",
        "remark_renovation_name_ja": ""
      }
    },
    {
      "type": "Feature",
      "geometry": {
        "type": "Point",
        "coordinates": [
          139.44810032844543,
          35.63034629717481
        ]
      },
      "properties": {
        "point_in_time_name_ja": "2025年第3四半期",
        "land_type_name_ja": "中古マンション等",
        "price_information_category_name_ja": "成約価格情報",
        "prefecture_name_ja": "東京都",
        "city_code": "13224",
        "city_name_ja": "多摩市",
        "district_code": "132240010",
        "district_name_ja": "愛宕",
        "use_category_name_ja": "",
        "u_transaction_price_total_ja": "1,200万円",
        "u_transaction_price_unit_price_square_meter_ja": "",
        "u_unit_price_per_tsubo_ja": "",
        "u_area_ja": "65㎡",
        "land_shape_name_ja": "",
        "u_land_frontage_ja": "",
        "building_use_name_ja": "",
        "building_structure_name_ja": "ＲＣ",
        "floor_plan_name_ja": "３ＬＤＫ",
        "u_building_total_floor_area_ja": "",
        "u_construction_year_ja": "1973年",
        "front_road_azimuth_name_ja": "",
        "u_front_road_width_ja": "",
        "front_road_type_name_ja": "",
        "land_use_name_ja": "第２種中高層住居専用地域",
        "u_building_coverage_ratio_ja": "",
        "u_floor_area_ratio_ja": "",
        "remark_name_ja": "",
        "future_use_purpose_name_ja": "",
        "remark_renovation_name_ja": ""
      }
    },
    {
      "type": "Feature",
      "geometry": {
        "type": "Point",
        "coordinates": [
          139.44810032844543,
          35.63034629717481
        ]
      },
      "properties": {
        "point_in_time_name_ja": "2025年第3四半期",
        "land_type_name_ja": "中古マンション等",
        "price_information_category_name_ja": "成約価格情報",
        "prefecture_name_ja": "東京都",
        "city_code": "13224",
        "city_name_ja": "多摩市",
        "district_code": "132240010",
        "district_name_ja": "愛宕",
        "use_category_name_ja": "",
        "u_transaction_price_total_ja": "1,400万円",
        "u_transaction_price_unit_price_square_meter_ja": "",
        "u_unit_price_per_tsubo_ja": "",
        "u_area_ja": "65㎡",
        "land_shape_name_ja": "",
        "u_land_frontage_ja": "",
        "building_use_name_ja": "",
        "building_structure_name_ja": "ＲＣ",
        "floor_plan_name_ja": "２ＬＤＫ",
        "u_building_total_floor_area_ja": "",
        "u_construction_year_ja": "1973年",
        "front_road_azimuth_name_ja": "",
        "u_front_road_width_ja": "",
        "front_road_type_name_ja": "",
        "land_use_name_ja": "第２種中高層住居専用地域",
        "u_building_coverage_ratio_ja": "",
        "u_floor_area_ratio_ja": "",
        "remark_name_ja": "",
        "future_use_purpose_name_ja": "",
        "remark_renovation_name_ja": ""
      }
    },
    {
      "type": "Feature",
      "geometry": {
        "type": "Point",
        "coordinates": [
          139.44810032844543,
          35.63034629717481
        ]
      },
      "properties": {
        "point_in_time_name_ja": "2025年第3四半期",
        "land_type_name_ja": "中古マンション等",
        "price_information_category_name_ja": "成約価格情報",
        "prefecture_name_ja": "東京都",
        "city_code": "13224",
        "city_name_ja": "多摩市",
        "district_code": "132240010",
        "district_name_ja": "愛宕",
        "use_category_name_ja": "",
        "u_transaction_price_total_ja": "1,200万円",
        "u_transaction_price_unit_price_square_meter_ja": "",
        "u_unit_price_per_tsubo_ja": "",
        "u_area_ja": "55㎡",
        "land_shape_name_ja": "",
        "u_land_frontage_ja": "",
        "building_use_name_ja": "",
        "building_structure_name_ja": "ＲＣ",
        "floor_plan_name_ja": "２ＬＤＫ",
        "u_building_total_floor_area_ja": "",
        "u_construction_year_ja": "1972年",
        "front_road_azimuth_name_ja": "",
        "u_front_road_width_ja": "",
        "front_road_type_name_ja": "",
        "land_use_name_ja": "第１種中高層住居専用地域",
        "u_building_coverage_ratio_ja": "",
        "u_floor_area_ratio_ja": "",
        "remark_name_ja": "",
        "future_use_purpose_name_ja": "",
        "remark_renovation_name_ja": ""
      }
    },
    {
      "type": "Feature",
      "geometry": {
        "type": "Point",
        "coordinates": [
          139.44810032844543,
          35.63034629717481
        ]
      },
      "properties": {
        "point_in_time_name_ja": "2025年第3四半期",
        "land_type_name_ja": "中古マンション等",
        "price_information_category_name_ja": "成約価格情報",
        "prefecture_name_ja": "東京都",
        "city_code": "13224",
        "city_name_ja": "多摩市",
        "district_code": "132240010",
        "district_name_ja": "愛宕",
        "use_category_name_ja": "",
        "u_transaction_price_total_ja": "700万円",
        "u_transaction_price_unit_price_square_meter_ja": "",
        "u_unit_price_per_tsubo_ja": "",
        "u_area_ja": "55㎡",
        "land_shape_name_ja": "",
        "u_land_frontage_ja": "",
        "building_use_name_ja": "",
        "building_structure_name_ja": "ＲＣ",
        "floor_plan_name_ja": "２ＬＤＫ",
        "u_building_total_floor_area_ja": "",
        "u_construction_year_ja": "1972年",
        "front_road_azimuth_name_ja": "",
        "u_front_road_width_ja": "",
        "front_road_type_name_ja": "",
        "land_use_name_ja": "第１種中高層住居専用地域",
        "u_building_coverage_ratio_ja": "",
        "u_floor_area_ratio_ja": "",
        "remark_name_ja": "",
        "future_use_purpose_name_ja": "",
        "remark_renovation_name_ja": ""
      }
    },
    {
      "type": "Feature",
      "geometry": {
        "type": "Point",
        "coordinates": [
          139.44810032844543,
          35.63034629717481
        ]
      },
      "properties": {
        "point_in_time_name_ja": "2025年第3四半期",
        "land_type_name_ja": "中古マンション等",
        "price_information_category_name_ja": "成約価格情報",
        "prefecture_name_ja": "東京都",
        "city_code": "13224",
        "city_name_ja": "多摩市",
        "district_code": "132240050",
        "district_name_ja": "貝取",
        "use_category_name_ja": "",
        "u_transaction_price_total_ja": "1,200万円",
        "u_transaction_price_unit_price_square_meter_ja": "",
        "u_unit_price_per_tsubo_ja": "",
        "u_area_ja": "75㎡",
        "land_shape_name_ja": "",
        "u_land_frontage_ja": "",
        "building_use_name_ja": "",
        "building_structure_name_ja": "ＲＣ",
        "floor_plan_name_ja": "３ＬＤＫ",
        "u_building_total_floor_area_ja": "",
        "u_construction_year_ja": "1980年",
        "front_road_azimuth_name_ja": "",
        "u_front_road_width_ja": "",
        "front_road_type_name_ja": "",
        "land_use_name_ja": "第２種住居地域",
        "u_building_coverage_ratio_ja": "",
        "u_floor_area_ratio_ja": "",
        "remark_name_ja": "",
        "future_use_purpose_name_ja": "",
        "remark_renovation_name_ja": ""
      }
    },
    {
      "type": "Feature",
      "geometry": {
        "type": "Point",
        "coordinates": [
          139.44810032844543,
          35.63034629717481
        ]
      },
      "properties": {
        "point_in_time_name_ja": "2025年第3四半期",
        "land_type_name_ja": "中古マンション等",
        "price_information_category_name_ja": "成約価格情報",
        "prefecture_name_ja": "東京都",
        "city_code": "13224",
        "city_name_ja": "多摩市",
        "district_code": "132240050",
        "district_name_ja": "貝取",
        "use_category_name_ja": "",
        "u_transaction_price_total_ja": "1,100万円",
        "u_transaction_price_unit_price_square_meter_ja": "",
        "u_unit_price_per_tsubo_ja": "",
        "u_area_ja": "80㎡",
        "land_shape_name_ja": "",
        "u_land_frontage_ja": "",
        "building_use_name_ja": "",
        "building_structure_name_ja": "ＲＣ",
        "floor_plan_name_ja": "３ＬＤＫ",
        "u_building_total_floor_area_ja": "",
        "u_construction_year_ja": "1976年",
        "front_road_azimuth_name_ja": "",
        "u_front_road_width_ja": "",
        "front_road_type_name_ja": "",
        "land_use_name_ja": "第１種中高層住居専用地域",
        "u_building_coverage_ratio_ja": "",
        "u_floor_area_ratio_ja": "",
        "remark_name_ja": "",
        "future_use_purpose_name_ja": "",
        "remark_renovation_name_ja": ""
      }
    },
    {
      "type": "Feature",
      "geometry": {
        "type": "Point",
        "coordinates": [
          139.44810032844543,
          35.63034629717481
        ]
      },
      "properties": {
        "point_in_time_name_ja": "2025年第3四半期",
        "land_type_name_ja": "中古マンション等",
        "price_information_category_name_ja": "成約価格情報",
        "prefecture_name_ja": "東京都",
        "city_code": "13224",
        "city_name_ja": "多摩市",
        "district_code": "132240050",
        "district_name_ja": "貝取",
        "use_category_name_ja": "",
        "u_transaction_price_total_ja": "1,000万円",
        "u_transaction_price_unit_price_square_meter_ja": "",
        "u_unit_price_per_tsubo_ja": "",
        "u_area_ja": "80㎡",
        "land_shape_name_ja": "",
        "u_land_frontage_ja": "",
        "building_use_name_ja": "",
        "building_structure_name_ja": "ＲＣ",
        "floor_plan_name_ja": "３ＬＤＫ",
        "u_building_total_floor_area_ja": "",
        "u_construction_year_ja": "1976年",
        "front_road_azimuth_name_ja": "",
        "u_front_road_width_ja": "",
        "front_road_type_name_ja": "",
        "land_use_name_ja": "第１種中高層住居専用地域",
        "u_building_coverage_ratio_ja": "",
        "u_floor_area_ratio_ja": "",
        "remark_name_ja": "",
        "future_use_purpose_name_ja": "",
        "remark_renovation_name_ja": ""
      }
    },
    {
      "type": "Feature",
      "geometry": {
        "type": "Point",
        "coordinates": [
          139.44810032844543,
          35.63034629717481
        ]
      },
      "properties": {
        "point_in_time_name_ja": "2025年第3四半期",
        "land_type_name_ja": "中古マンション等",
        "price_information_category_name_ja": "成約価格情報",
        "prefecture_name_ja": "東京都",
        "city_code": "13224",
        "city_name_ja": "多摩市",
        "district_code": "132240050",
        "district_name_ja": "貝取",
        "use_category_name_ja": "",
        "u_transaction_price_total_ja": "1,600万円",
        "u_transaction_price_unit_price_square_meter_ja": "",
        "u_unit_price_per_tsubo_ja": "",
        "u_area_ja": "75㎡",
        "land_shape_name_ja": "",
        "u_land_frontage_ja": "",
        "building_use_name_ja": "",
        "building_structure_name_ja": "ＲＣ",
        "floor_plan_name_ja": "３ＬＤＫ",
        "u_building_total_floor_area_ja": "",
        "u_construction_year_ja": "1983年",
        "front_road_azimuth_name_ja": "",
        "u_front_road_width_ja": "",
        "front_road_type_name_ja": "",
        "land_use_name_ja": "第１種中高層住居専用地域",
        "u_building_coverage_ratio_ja": "",
        "u_floor_area_ratio_ja": "",
        "remark_name_ja": "",
        "future_use_purpose_name_ja": "",
        "remark_renovation_name_ja": ""
      }
    },
    {
      "type": "Feature",
      "geometry": {
        "type": "Point",
        "coordinates": [
          139.44810032844543,
          35.63034629717481
        ]
      },
      "properties": {
        "point_in_time_name_ja": "2025年第3四半期",
        "land_type_name_ja": "中古マンション等",
        "price_information_category_name_ja": "成約価格情報",
        "prefecture_name_ja": "東京都",
        "city_code": "13224",
        "city_name_ja": "多摩市",
        "district_code": "132240050",
        "district_name_ja": "貝取",
        "use_category_name_ja": "",
        "u_transaction_price_total_ja": "600万円",
        "u_transaction_price_unit_price_square_meter_ja": "",
        "u_unit_price_per_tsubo_ja": "",
        "u_area_ja": "55㎡",
        "land_shape_name_ja": "",
        "u_land_frontage_ja": "",
        "building_use_name_ja": "",
        "building_structure_name_ja": "ＲＣ",
        "floor_plan_name_ja": "３ＤＫ",
        "u_building_total_floor_area_ja": "",
        "u_construction_year_ja": "1976年",
        "front_road_azimuth_name_ja": "",
        "u_front_road_width_ja": "",
        "front_road_type_name_ja": "",
        "land_use_name_ja": "第１種中高層住居専用地域",
        "u_building_coverage_ratio_ja": "",
        "u_floor_area_ratio_ja": "",
        "remark_name_ja": "",
        "future_use_purpose_name_ja": "",
        "remark_renovation_name_ja": ""
      }
    },
    {
      "type": "Feature",
      "geometry": {
        "type": "Point",
        "coordinates": [
          139.44810032844543,
          35.63034629717481
        ]
      },
      "properties": {
        "point_in_time_name_ja": "2025年第3四半期",
        "land_type_name_ja": "中古マンション等",
        "price_information_category_name_ja": "成約価格情報",
        "prefecture_name_ja": "東京都",
        "city_code": "13224",
        "city_name_ja": "多摩市",
        "district_code": "132240050",
        "district_name_ja": "貝取",
        "use_category_name_ja": "",
        "u_transaction_price_total_ja": "1,400万円",
        "u_transaction_price_unit_price_square_meter_ja": "",
        "u_unit_price_per_tsubo_ja": "",
        "u_area_ja": "80㎡",
        "land_shape_name_ja": "",
        "u_land_frontage_ja": "",
        "building_use_name_ja": "",
        "building_structure_name_ja": "ＲＣ",
        "floor_plan_name_ja": "３ＬＤＫ",
        "u_building_total_floor_area_ja": "",
        "u_construction_year_ja": "1987年",
        "front_road_azimuth_name_ja": "",
        "u_front_road_width_ja": "",
        "front_road_type_name_ja": "",
        "land_use_name_ja": "第１種中高層住居専用地域",
        "u_building_coverage_ratio_ja": "",
        "u_floor_area_ratio_ja": "",
        "remark_name_ja": "",
        "future_use_purpose_name_ja": "",
        "remark_renovation_name_ja": ""
      }
    },
    {
      "type": "Feature",
      "geometry": {
        "type": "Point",
        "coordinates": [
          139.44810032844543,
          35.63034629717481
        ]
      },
      "properties": {
        "point_in_time_name_ja": "2025年第4四半期",
        "land_type_name_ja": "中古マンション等",
        "price_information_category_name_ja": "成約価格情報",
        "prefecture_name_ja": "東京都",
        "city_code": "13224",
        "city_name_ja": "多摩市",
        "district_code": "132240010",
        "district_name_ja": "愛宕",
        "use_category_name_ja": "",
        "u_transaction_price_total_ja": "490万円",
        "u_transaction_price_unit_price_square_meter_ja": "",
        "u_unit_price_per_tsubo_ja": "",
        "u_area_ja": "65㎡",
        "land_shape_name_ja": "",
        "u_land_frontage_ja": "",
        "building_use_name_ja": "",
        "building_structure_name_ja": "ＲＣ",
        "floor_plan_name_ja": "３ＬＤＫ",
        "u_building_total_floor_area_ja": "",
        "u_construction_year_ja": "1972年",
        "front_road_azimuth_name_ja": "",
        "u_front_road_width_ja": "",
        "front_road_type_name_ja": "",
        "land_use_name_ja": "第１種中高層住居専用地域",
        "u_building_coverage_ratio_ja": "",
        "u_floor_area_ratio_ja": "",
        "remark_name_ja": "",
        "future_use_purpose_name_ja": "",
        "remark_renovation_name_ja": ""
      }
    },
    {
      "type": "Feature",
      "geometry": {
        "type": "Point",
        "coordinates": [
          139.44810032844543,
          35.63034629717481
        ]
      },
      "properties": {
        "point_in_time_name_ja": "2025年第4四半期",
        "land_type_name_ja": "中古マンション等",
        "price_information_category_name_ja": "成約価格情報",
        "prefecture_name_ja": "東京都",
        "city_code": "13224",
        "city_name_ja": "多摩市",
        "district_code": "132240010",
        "district_name_ja": "愛宕",
        "use_category_name_ja": "",
        "u_transaction_price_total_ja": "800万円",
        "u_transaction_price_unit_price_square_meter_ja": "",
        "u_unit_price_per_tsubo_ja": "",
        "u_area_ja": "65㎡",
        "land_shape_name_ja": "",
        "u_land_frontage_ja": "",
        "building_use_name_ja": "",
        "building_structure_name_ja": "ＲＣ",
        "floor_plan_name_ja": "３ＬＤＫ",
        "u_building_total_floor_area_ja": "",
        "u_construction_year_ja": "1973年",
        "front_road_azimuth_name_ja": "",
        "u_front_road_width_ja": "",
        "front_road_type_name_ja": "",
        "land_use_name_ja": "第２種中高層住居専用地域",
        "u_building_coverage_ratio_ja": "",
        "u_floor_area_ratio_ja": "",
        "remark_name_ja": "",
        "future_use_purpose_name_ja": "",
        "remark_renovation_name_ja": ""
      }
    },
    {
      "type": "Feature",
      "geometry": {
        "type": "Point",
        "coordinates": [
          139.44810032844543,
          35.63034629717481
        ]
      },
      "properties": {
        "point_in_time_name_ja": "2025年第4四半期",
        "land_type_name_ja": "中古マンション等",
        "price_information_category_name_ja": "成約価格情報",
        "prefecture_name_ja": "東京都",
        "city_code": "13224",
        "city_name_ja": "多摩市",
        "district_code": "132240050",
        "district_name_ja": "貝取",
        "use_category_name_ja": "",
        "u_transaction_price_total_ja": "1,400万円",
        "u_transaction_price_unit_price_square_meter_ja": "",
        "u_unit_price_per_tsubo_ja": "",
        "u_area_ja": "75㎡",
        "land_shape_name_ja": "",
        "u_land_frontage_ja": "",
        "building_use_name_ja": "",
        "building_structure_name_ja": "ＲＣ",
        "floor_plan_name_ja": "３ＬＤＫ",
        "u_building_total_floor_area_ja": "",
        "u_construction_year_ja": "1983年",
        "front_road_azimuth_name_ja": "",
        "u_front_road_width_ja": "",
        "front_road_type_name_ja": "",
        "land_use_name_ja": "第１種中高層住居専用地域",
        "u_building_coverage_ratio_ja": "",
        "u_floor_area_ratio_ja": "",
        "remark_name_ja": "",
        "future_use_purpose_name_ja": "",
        "remark_renovation_name_ja": ""
      }
    },
    {
      "type": "Feature",
      "geometry": {
        "type": "Point",
        "coordinates": [
          139.44810032844543,
          35.63034629717481
        ]
      },
      "properties": {
        "point_in_time_name_ja": "2025年第4四半期",
        "land_type_name_ja": "中古マンション等",
        "price_information_category_name_ja": "成約価格情報",
        "prefecture_name_ja": "東京都",
        "city_code": "13224",
        "city_name_ja": "多摩市",
        "district_code": "132240050",
        "district_name_ja": "貝取",
        "use_category_name_ja": "",
        "u_transaction_price_total_ja": "800万円",
        "u_transaction_price_unit_price_square_meter_ja": "",
        "u_unit_price_per_tsubo_ja": "",
        "u_area_ja": "75㎡",
        "land_shape_name_ja": "",
        "u_land_frontage_ja": "",
        "building_use_name_ja": "",
        "building_structure_name_ja": "ＲＣ",
        "floor_plan_name_ja": "３ＬＤＫ",
        "u_building_total_floor_area_ja": "",
        "u_construction_year_ja": "1983年",
        "front_road_azimuth_name_ja": "",
        "u_front_road_width_ja": "",
        "front_road_type_name_ja": "",
        "land_use_name_ja": "第１種中高層住居専用地域",
        "u_building_coverage_ratio_ja": "",
        "u_floor_area_ratio_ja": "",
        "remark_name_ja": "",
        "future_use_purpose_name_ja": "",
        "remark_renovation_name_ja": ""
      }
    },
    {
      "type": "Feature",
      "geometry": {
        "type": "Point",
        "coordinates": [
          139.44810032844543,
          35.63034629717481
        ]
      },
      "properties": {
        "point_in_time_name_ja": "2025年第1四半期",
        "land_type_name_ja": "中古マンション等",
        "price_information_category_name_ja": "成約価格情報",
        "prefecture_name_ja": "東京都",
        "city_code": "13224",
        "city_name_ja": "多摩市",
        "district_code": "132240100",
        "district_name_ja": "諏訪",
        "use_category_name_ja": "",
        "u_transaction_price_total_ja": "1,900万円",
        "u_transaction_price_unit_price_square_meter_ja": "",
        "u_unit_price_per_tsubo_ja": "",
        "u_area_ja": "90㎡",
        "land_shape_name_ja": "",
        "u_land_frontage_ja": "",
        "building_use_name_ja": "",
        "building_structure_name_ja": "ＲＣ",
        "floor_plan_name_ja": "３ＬＤＫ",
        "u_building_total_floor_area_ja": "",
        "u_construction_year_ja": "1979年",
        "front_road_azimuth_name_ja": "",
        "u_front_road_width_ja": "",
        "front_road_type_name_ja": "",
        "land_use_name_ja": "第１種中高層住居専用地域",
        "u_building_coverage_ratio_ja": "",
        "u_floor_area_ratio_ja": "",
        "remark_name_ja": "",
        "future_use_purpose_name_ja": "",
        "remark_renovation_name_ja": ""
      }
    },
    {
      "type": "Feature",
      "geometry": {
        "type": "Point",
        "coordinates": [
          139.44810032844543,
          35.63034629717481
        ]
      },
      "properties": {
        "point_in_time_name_ja": "2025年第1四半期",
        "land_type_name_ja": "中古マンション等",
        "price_information_category_name_ja": "成約価格情報",
        "prefecture_name_ja": "東京都",
        "city_code": "13224",
        "city_name_ja": "多摩市",
        "district_code": "132240100",
        "district_name_ja": "諏訪",
        "use_category_name_ja": "",
        "u_transaction_price_total_ja": "3,400万円",
        "u_transaction_price_unit_price_square_meter_ja": "",
        "u_unit_price_per_tsubo_ja": "",
        "u_area_ja": "55㎡",
        "land_shape_name_ja": "",
        "u_land_frontage_ja": "",
        "building_use_name_ja": "",
        "building_structure_name_ja": "ＲＣ",
        "floor_plan_name_ja": "２ＬＤＫ",
        "u_building_total_floor_area_ja": "",
        "u_construction_year_ja": "2013年",
        "front_road_azimuth_name_ja": "",
        "u_front_road_width_ja": "",
        "front_road_type_name_ja": "",
        "land_use_name_ja": "第１種中高層住居専用地域",
        "u_building_coverage_ratio_ja": "",
        "u_floor_area_ratio_ja": "",
        "remark_name_ja": "",
        "future_use_purpose_name_ja": "",
        "remark_renovation_name_ja": ""
      }
    },
    {
      "type": "Feature",
      "geometry": {
        "type": "Point",
        "coordinates": [
          139.44810032844543,
          35.63034629717481
        ]
      },
      "properties": {
        "point_in_time_name_ja": "2025年第1四半期",
        "land_type_name_ja": "中古マンション等",
        "price_information_category_name_ja": "成約価格情報",
        "prefecture_name_ja": "東京都",
        "city_code": "13224",
        "city_name_ja": "多摩市",
        "district_code": "132240100",
        "district_name_ja": "諏訪",
        "use_category_name_ja": "",
        "u_transaction_price_total_ja": "1,300万円",
        "u_transaction_price_unit_price_square_meter_ja": "",
        "u_unit_price_per_tsubo_ja": "",
        "u_area_ja": "90㎡",
        "land_shape_name_ja": "",
        "u_land_frontage_ja": "",
        "building_use_name_ja": "",
        "building_structure_name_ja": "ＲＣ",
        "floor_plan_name_ja": "３ＬＤＫ",
        "u_building_total_floor_area_ja": "",
        "u_construction_year_ja": "1979年",
        "front_road_azimuth_name_ja": "",
        "u_front_road_width_ja": "",
        "front_road_type_name_ja": "",
        "land_use_name_ja": "第１種中高層住居専用地域",
        "u_building_coverage_ratio_ja": "",
        "u_floor_area_ratio_ja": "",
        "remark_name_ja": "",
        "future_use_purpose_name_ja": "",
        "remark_renovation_name_ja": ""
      }
    },
    {
      "type": "Feature",
      "geometry": {
        "type": "Point",
        "coordinates": [
          139.44810032844543,
          35.63034629717481
        ]
      },
      "properties": {
        "point_in_time_name_ja": "2025年第1四半期",
        "land_type_name_ja": "中古マンション等",
        "price_information_category_name_ja": "成約価格情報",
        "prefecture_name_ja": "東京都",
        "city_code": "13224",
        "city_name_ja": "多摩市",
        "district_code": "132240100",
        "district_name_ja": "諏訪",
        "use_category_name_ja": "",
        "u_transaction_price_total_ja": "3,200万円",
        "u_transaction_price_unit_price_square_meter_ja": "",
        "u_unit_price_per_tsubo_ja": "",
        "u_area_ja": "75㎡",
        "land_shape_name_ja": "",
        "u_land_frontage_ja": "",
        "building_use_name_ja": "",
        "building_structure_name_ja": "ＲＣ",
        "floor_plan_name_ja": "３ＬＤＫ",
        "u_building_total_floor_area_ja": "",
        "u_construction_year_ja": "2015年",
        "front_road_azimuth_name_ja": "",
        "u_front_road_width_ja": "",
        "front_road_type_name_ja": "",
        "land_use_name_ja": "第２種住居地域",
        "u_building_coverage_ratio_ja": "",
        "u_floor_area_ratio_ja": "",
        "remark_name_ja": "",
        "future_use_purpose_name_ja": "",
        "remark_renovation_name_ja": ""
      }
    },
    {
      "type": "Feature",
      "geometry": {
        "type": "Point",
        "coordinates": [
          139.44810032844543,
          35.63034629717481
        ]
      },
      "properties": {
        "point_in_time_name_ja": "2025年第1四半期",
        "land_type_name_ja": "中古マンション等",
        "price_information_category_name_ja": "成約価格情報",
        "prefecture_name_ja": "東京都",
        "city_code": "13224",
        "city_name_ja": "多摩市",
        "district_code": "132240100",
        "district_name_ja": "諏訪",
        "use_category_name_ja": "",
        "u_transaction_price_total_ja": "2,800万円",
        "u_transaction_price_unit_price_square_meter_ja": "",
        "u_unit_price_per_tsubo_ja": "",
        "u_area_ja": "45㎡",
        "land_shape_name_ja": "",
        "u_land_frontage_ja": "",
        "building_use_name_ja": "",
        "building_structure_name_ja": "ＲＣ",
        "floor_plan_name_ja": "２ＤＫ",
        "u_building_total_floor_area_ja": "",
        "u_construction_year_ja": "2013年",
        "front_road_azimuth_name_ja": "",
        "u_front_road_width_ja": "",
        "front_road_type_name_ja": "",
        "land_use_name_ja": "第１種中高層住居専用地域",
        "u_building_coverage_ratio_ja": "",
        "u_floor_area_ratio_ja": "",
        "remark_name_ja": "",
        "future_use_purpose_name_ja": "",
        "remark_renovation_name_ja": ""
      }
    },
    {
      "type": "Feature",
      "geometry": {
        "type": "Point",
        "coordinates": [
          139.44810032844543,
          35.63034629717481
        ]
      },
      "properties": {
        "point_in_time_name_ja": "2025年第1四半期",
        "land_type_name_ja": "中古マンション等",
        "price_information_category_name_ja": "成約価格情報",
        "prefecture_name_ja": "東京都",
        "city_code": "13224",
        "city_name_ja": "多摩市",
        "district_code": "132240150",
        "district_name_ja": "永山",
        "use_category_name_ja": "",
        "u_transaction_price_total_ja": "900万円",
        "u_transaction_price_unit_price_square_meter_ja": "",
        "u_unit_price_per_tsubo_ja": "",
        "u_area_ja": "50㎡",
        "land_shape_name_ja": "",
        "u_land_frontage_ja": "",
        "building_use_name_ja": "",
        "building_structure_name_ja": "ＲＣ",
        "floor_plan_name_ja": "３ＤＫ",
        "u_building_total_floor_area_ja": "",
        "u_construction_year_ja": "1972年",
        "front_road_azimuth_name_ja": "",
        "u_front_road_width_ja": "",
        "front_road_type_name_ja": "",
        "land_use_name_ja": "第１種中高層住居専用地域",
        "u_building_coverage_ratio_ja": "",
        "u_floor_area_ratio_ja": "",
        "remark_name_ja": "",
        "future_use_purpose_name_ja": "",
        "remark_renovation_name_ja": ""
      }
    },
    {
      "type": "Feature",
      "geometry": {
        "type": "Point",
        "coordinates": [
          139.44810032844543,
          35.63034629717481
        ]
      },
      "properties": {
        "point_in_time_name_ja": "2025年第1四半期",
        "land_type_name_ja": "中古マンション等",
        "price_information_category_name_ja": "成約価格情報",
        "prefecture_name_ja": "東京都",
        "city_code": "13224",
        "city_name_ja": "多摩市",
        "district_code": "132240150",
        "district_name_ja": "永山",
        "use_category_name_ja": "",
        "u_transaction_price_total_ja": "890万円",
        "u_transaction_price_unit_price_square_meter_ja": "",
        "u_unit_price_per_tsubo_ja": "",
        "u_area_ja": "55㎡",
        "land_shape_name_ja": "",
        "u_land_frontage_ja": "",
        "building_use_name_ja": "",
        "building_structure_name_ja": "ＲＣ",
        "floor_plan_name_ja": "３ＤＫ",
        "u_building_total_floor_area_ja": "",
        "u_construction_year_ja": "1972年",
        "front_road_azimuth_name_ja": "",
        "u_front_road_width_ja": "",
        "front_road_type_name_ja": "",
        "land_use_name_ja": "第１種中高層住居専用地域",
        "u_building_coverage_ratio_ja": "",
        "u_floor_area_ratio_ja": "",
        "remark_name_ja": "",
        "future_use_purpose_name_ja": "",
        "remark_renovation_name_ja": ""
      }
    },
    {
      "type": "Feature",
      "geometry": {
        "type": "Point",
        "coordinates": [
          139.44810032844543,
          35.63034629717481
        ]
      },
      "properties": {
        "point_in_time_name_ja": "2025年第1四半期",
        "land_type_name_ja": "中古マンション等",
        "price_information_category_name_ja": "成約価格情報",
        "prefecture_name_ja": "東京都",
        "city_code": "13224",
        "city_name_ja": "多摩市",
        "district_code": "132240150",
        "district_name_ja": "永山",
        "use_category_name_ja": "",
        "u_transaction_price_total_ja": "2,100万円",
        "u_transaction_price_unit_price_square_meter_ja": "",
        "u_unit_price_per_tsubo_ja": "",
        "u_area_ja": "100㎡",
        "land_shape_name_ja": "",
        "u_land_frontage_ja": "",
        "building_use_name_ja": "",
        "building_structure_name_ja": "ＲＣ",
        "floor_plan_name_ja": "４ＬＤＫ",
        "u_building_total_floor_area_ja": "",
        "u_construction_year_ja": "1980年",
        "front_road_azimuth_name_ja": "",
        "u_front_road_width_ja": "",
        "front_road_type_name_ja": "",
        "land_use_name_ja": "第１種低層住居専用地域",
        "u_building_coverage_ratio_ja": "",
        "u_floor_area_ratio_ja": "",
        "remark_name_ja": "",
        "future_use_purpose_name_ja": "",
        "remark_renovation_name_ja": ""
      }
    },
    {
      "type": "Feature",
      "geometry": {
        "type": "Point",
        "coordinates": [
          139.44810032844543,
          35.63034629717481
        ]
      },
      "properties": {
        "point_in_time_name_ja": "2025年第1四半期",
        "land_type_name_ja": "中古マンション等",
        "price_information_category_name_ja": "成約価格情報",
        "prefecture_name_ja": "東京都",
        "city_code": "13224",
        "city_name_ja": "多摩市",
        "district_code": "132240150",
        "district_name_ja": "永山",
        "use_category_name_ja": "",
        "u_transaction_price_total_ja": "1,700万円",
        "u_transaction_price_unit_price_square_meter_ja": "",
        "u_unit_price_per_tsubo_ja": "",
        "u_area_ja": "80㎡",
        "land_shape_name_ja": "",
        "u_land_frontage_ja": "",
        "building_use_name_ja": "",
        "building_structure_name_ja": "ＲＣ",
        "floor_plan_name_ja": "３ＬＤＫ",
        "u_building_total_floor_area_ja": "",
        "u_construction_year_ja": "1980年",
        "front_road_azimuth_name_ja": "",
        "u_front_road_width_ja": "",
        "front_road_type_name_ja": "",
        "land_use_name_ja": "第１種中高層住居専用地域",
        "u_building_coverage_ratio_ja": "",
        "u_floor_area_ratio_ja": "",
        "remark_name_ja": "",
        "future_use_purpose_name_ja": "",
        "remark_renovation_name_ja": ""
      }
    },
    {
      "type": "Feature",
      "geometry": {
        "type": "Point",
        "coordinates": [
          139.44810032844543,
          35.63034629717481
        ]
      },
      "properties": {
        "point_in_time_name_ja": "2025年第1四半期",
        "land_type_name_ja": "中古マンション等",
        "price_information_category_name_ja": "成約価格情報",
        "prefecture_name_ja": "東京都",
        "city_code": "13224",
        "city_name_ja": "多摩市",
        "district_code": "132240150",
        "district_name_ja": "永山",
        "use_category_name_ja": "",
        "u_transaction_price_total_ja": "4,100万円",
        "u_transaction_price_unit_price_square_meter_ja": "",
        "u_unit_price_per_tsubo_ja": "",
        "u_area_ja": "95㎡",
        "land_shape_name_ja": "",
        "u_land_frontage_ja": "",
        "building_use_name_ja": "",
        "building_structure_name_ja": "ＲＣ",
        "floor_plan_name_ja": "３ＬＤＫ",
        "u_building_total_floor_area_ja": "",
        "u_construction_year_ja": "2004年",
        "front_road_azimuth_name_ja": "",
        "u_front_road_width_ja": "",
        "front_road_type_name_ja": "",
        "land_use_name_ja": "第１種中高層住居専用地域",
        "u_building_coverage_ratio_ja": "",
        "u_floor_area_ratio_ja": "",
        "remark_name_ja": "",
        "future_use_purpose_name_ja": "",
        "remark_renovation_name_ja": ""
      }
    },
    {
      "type": "Feature",
      "geometry": {
        "type": "Point",
        "coordinates": [
          139.44810032844543,
          35.63034629717481
        ]
      },
      "properties": {
        "point_in_time_name_ja": "2025年第1四半期",
        "land_type_name_ja": "中古マンション等",
        "price_information_category_name_ja": "成約価格情報",
        "prefecture_name_ja": "東京都",
        "city_code": "13224",
        "city_name_ja": "多摩市",
        "district_code": "132240150",
        "district_name_ja": "永山",
        "use_category_name_ja": "",
        "u_transaction_price_total_ja": "1,600万円",
        "u_transaction_price_unit_price_square_meter_ja": "",
        "u_unit_price_per_tsubo_ja": "",
        "u_area_ja": "45㎡",
        "land_shape_name_ja": "",
        "u_land_frontage_ja": "",
        "building_use_name_ja": "",
        "building_structure_name_ja": "ＳＲＣ",
        "floor_plan_name_ja": "２ＤＫ",
        "u_building_total_floor_area_ja": "",
        "u_construction_year_ja": "1993年",
        "front_road_azimuth_name_ja": "",
        "u_front_road_width_ja": "",
        "front_road_type_name_ja": "",
        "land_use_name_ja": "準住居地域",
        "u_building_coverage_ratio_ja": "",
        "u_floor_area_ratio_ja": "",
        "remark_name_ja": "",
        "future_use_purpose_name_ja": "",
        "remark_renovation_name_ja": ""
      }
    },
    {
      "type": "Feature",
      "geometry": {
        "type": "Point",
        "coordinates": [
          139.44810032844543,
          35.63034629717481
        ]
      },
      "properties": {
        "point_in_time_name_ja": "2025年第1四半期",
        "land_type_name_ja": "中古マンション等",
        "price_information_category_name_ja": "成約価格情報",
        "prefecture_name_ja": "東京都",
        "city_code": "13224",
        "city_name_ja": "多摩市",
        "district_code": "132240150",
        "district_name_ja": "永山",
        "use_category_name_ja": "",
        "u_transaction_price_total_ja": "3,200万円",
        "u_transaction_price_unit_price_square_meter_ja": "",
        "u_unit_price_per_tsubo_ja": "",
        "u_area_ja": "85㎡",
        "land_shape_name_ja": "",
        "u_land_frontage_ja": "",
        "building_use_name_ja": "",
        "building_structure_name_ja": "ＲＣ",
        "floor_plan_name_ja": "４ＬＤＫ",
        "u_building_total_floor_area_ja": "",
        "u_construction_year_ja": "1997年",
        "front_road_azimuth_name_ja": "",
        "u_front_road_width_ja": "",
        "front_road_type_name_ja": "",
        "land_use_name_ja": "第２種中高層住居専用地域",
        "u_building_coverage_ratio_ja": "",
        "u_floor_area_ratio_ja": "",
        "remark_name_ja": "",
        "future_use_purpose_name_ja": "",
        "remark_renovation_name_ja": ""
      }
    },
    {
      "type": "Feature",
      "geometry": {
        "type": "Point",
        "coordinates": [
          139.44810032844543,
          35.63034629717481
        ]
      },
      "properties": {
        "point_in_time_name_ja": "2025年第1四半期",
        "land_type_name_ja": "中古マンション等",
        "price_information_category_name_ja": "成約価格情報",
        "prefecture_name_ja": "東京都",
        "city_code": "13224",
        "city_name_ja": "多摩市",
        "district_code": "132240150",
        "district_name_ja": "永山",
        "use_category_name_ja": "",
        "u_transaction_price_total_ja": "1,500万円",
        "u_transaction_price_unit_price_square_meter_ja": "",
        "u_unit_price_per_tsubo_ja": "",
        "u_area_ja": "100㎡",
        "land_shape_name_ja": "",
        "u_land_frontage_ja": "",
        "building_use_name_ja": "",
        "building_structure_name_ja": "ＲＣ",
        "floor_plan_name_ja": "４ＬＤＫ",
        "u_building_total_floor_area_ja": "",
        "u_construction_year_ja": "1981年",
        "front_road_azimuth_name_ja": "",
        "u_front_road_width_ja": "",
        "front_road_type_name_ja": "",
        "land_use_name_ja": "第１種低層住居専用地域",
        "u_building_coverage_ratio_ja": "",
        "u_floor_area_ratio_ja": "",
        "remark_name_ja": "",
        "future_use_purpose_name_ja": "",
        "remark_renovation_name_ja": ""
      }
    },
    {
      "type": "Feature",
      "geometry": {
        "type": "Point",
        "coordinates": [
          139.44810032844543,
          35.63034629717481
        ]
      },
      "properties": {
        "point_in_time_name_ja": "2025年第1四半期",
        "land_type_name_ja": "中古マンション等",
        "price_information_category_name_ja": "成約価格情報",
        "prefecture_name_ja": "東京都",
        "city_code": "13224",
        "city_name_ja": "多摩市",
        "district_code": "132240150",
        "district_name_ja": "永山",
        "use_category_name_ja": "",
        "u_transaction_price_total_ja": "3,800万円",
        "u_transaction_price_unit_price_square_meter_ja": "",
        "u_unit_price_per_tsubo_ja": "",
        "u_area_ja": "75㎡",
        "land_shape_name_ja": "",
        "u_land_frontage_ja": "",
        "building_use_name_ja": "",
        "building_structure_name_ja": "ＲＣ",
        "floor_plan_name_ja": "３ＬＤＫ",
        "u_building_total_floor_area_ja": "",
        "u_construction_year_ja": "2002年",
        "front_road_azimuth_name_ja": "",
        "u_front_road_width_ja": "",
        "front_road_type_name_ja": "",
        "land_use_name_ja": "第２種中高層住居専用地域",
        "u_building_coverage_ratio_ja": "",
        "u_floor_area_ratio_ja": "",
        "remark_name_ja": "",
        "future_use_purpose_name_ja": "",
        "remark_renovation_name_ja": ""
      }
    },
    {
      "type": "Feature",
      "geometry": {
        "type": "Point",
        "coordinates": [
          139.44810032844543,
          35.63034629717481
        ]
      },
      "properties": {
        "point_in_time_name_ja": "2025年第1四半期",
        "land_type_name_ja": "中古マンション等",
        "price_information_category_name_ja": "成約価格情報",
        "prefecture_name_ja": "東京都",
        "city_code": "13224",
        "city_name_ja": "多摩市",
        "district_code": "132240150",
        "district_name_ja": "永山",
        "use_category_name_ja": "",
        "u_transaction_price_total_ja": "2,200万円",
        "u_transaction_price_unit_price_square_meter_ja": "",
        "u_unit_price_per_tsubo_ja": "",
        "u_area_ja": "70㎡",
        "land_shape_name_ja": "",
        "u_land_frontage_ja": "",
        "building_use_name_ja": "",
        "building_structure_name_ja": "ＳＲＣ",
        "floor_plan_name_ja": "２ＬＤＫ",
        "u_building_total_floor_area_ja": "",
        "u_construction_year_ja": "1977年",
        "front_road_azimuth_name_ja": "",
        "u_front_road_width_ja": "",
        "front_road_type_name_ja": "",
        "land_use_name_ja": "第１種中高層住居専用地域",
        "u_building_coverage_ratio_ja": "",
        "u_floor_area_ratio_ja": "",
        "remark_name_ja": "",
        "future_use_purpose_name_ja": "",
        "remark_renovation_name_ja": ""
      }
    },
    {
      "type": "Feature",
      "geometry": {
        "type": "Point",
        "coordinates": [
          139.44810032844543,
          35.63034629717481
        ]
      },
      "properties": {
        "point_in_time_name_ja": "2025年第1四半期",
        "land_type_name_ja": "中古マンション等",
        "price_information_category_name_ja": "成約価格情報",
        "prefecture_name_ja": "東京都",
        "city_code": "13224",
        "city_name_ja": "多摩市",
        "district_code": "132240150",
        "district_name_ja": "永山",
        "use_category_name_ja": "",
        "u_transaction_price_total_ja": "1,200万円",
        "u_transaction_price_unit_price_square_meter_ja": "",
        "u_unit_price_per_tsubo_ja": "",
        "u_area_ja": "55㎡",
        "land_shape_name_ja": "",
        "u_land_frontage_ja": "",
        "building_use_name_ja": "",
        "building_structure_name_ja": "ＲＣ",
        "floor_plan_name_ja": "２ＬＤＫ",
        "u_building_total_floor_area_ja": "",
        "u_construction_year_ja": "1972年",
        "front_road_azimuth_name_ja": "",
        "u_front_road_width_ja": "",
        "front_road_type_name_ja": "",
        "land_use_name_ja": "第１種中高層住居専用地域",
        "u_building_coverage_ratio_ja": "",
        "u_floor_area_ratio_ja": "",
        "remark_name_ja": "",
        "future_use_purpose_name_ja": "",
        "remark_renovation_name_ja": ""
      }
    },
    {
      "type": "Feature",
      "geometry": {
        "type": "Point",
        "coordinates": [
          139.44810032844543,
          35.63034629717481
        ]
      },
      "properties": {
        "point_in_time_name_ja": "2025年第1四半期",
        "land_type_name_ja": "中古マンション等",
        "price_information_category_name_ja": "成約価格情報",
        "prefecture_name_ja": "東京都",
        "city_code": "13224",
        "city_name_ja": "多摩市",
        "district_code": "132240170",
        "district_name_ja": "聖ケ丘",
        "use_category_name_ja": "",
        "u_transaction_price_total_ja": "2,200万円",
        "u_transaction_price_unit_price_square_meter_ja": "",
        "u_unit_price_per_tsubo_ja": "",
        "u_area_ja": "85㎡",
        "land_shape_name_ja": "",
        "u_land_frontage_ja": "",
        "building_use_name_ja": "",
        "building_structure_name_ja": "ＲＣ",
        "floor_plan_name_ja": "３ＬＤＫ",
        "u_building_total_floor_area_ja": "",
        "u_construction_year_ja": "1984年",
        "front_road_azimuth_name_ja": "",
        "u_front_road_width_ja": "",
        "front_road_type_name_ja": "",
        "land_use_name_ja": "第１種中高層住居専用地域",
        "u_building_coverage_ratio_ja": "",
        "u_floor_area_ratio_ja": "",
        "remark_name_ja": "",
        "future_use_purpose_name_ja": "",
        "remark_renovation_name_ja": ""
      }
    },
    {
      "type": "Feature",
      "geometry": {
        "type": "Point",
        "coordinates": [
          139.44810032844543,
          35.63034629717481
        ]
      },
      "properties": {
        "point_in_time_name_ja": "2025年第1四半期",
        "land_type_name_ja": "中古マンション等",
        "price_information_category_name_ja": "成約価格情報",
        "prefecture_name_ja": "東京都",
        "city_code": "13224",
        "city_name_ja": "多摩市",
        "district_code": "132240170",
        "district_name_ja": "聖ケ丘",
        "use_category_name_ja": "",
        "u_transaction_price_total_ja": "2,400万円",
        "u_transaction_price_unit_price_square_meter_ja": "",
        "u_unit_price_per_tsubo_ja": "",
        "u_area_ja": "100㎡",
        "land_shape_name_ja": "",
        "u_land_frontage_ja": "",
        "building_use_name_ja": "",
        "building_structure_name_ja": "ＲＣ",
        "floor_plan_name_ja": "４ＬＤＫ",
        "u_building_total_floor_area_ja": "",
        "u_construction_year_ja": "1984年",
        "front_road_azimuth_name_ja": "",
        "u_front_road_width_ja": "",
        "front_road_type_name_ja": "",
        "land_use_name_ja": "第１種中高層住居専用地域",
        "u_building_coverage_ratio_ja": "",
        "u_floor_area_ratio_ja": "",
        "remark_name_ja": "",
        "future_use_purpose_name_ja": "",
        "remark_renovation_name_ja": ""
      }
    },
    {
      "type": "Feature",
      "geometry": {
        "type": "Point",
        "coordinates": [
          139.44810032844543,
          35.63034629717481
        ]
      },
      "properties": {
        "point_in_time_name_ja": "2025年第2四半期",
        "land_type_name_ja": "中古マンション等",
        "price_information_category_name_ja": "成約価格情報",
        "prefecture_name_ja": "東京都",
        "city_code": "13224",
        "city_name_ja": "多摩市",
        "district_code": "132240100",
        "district_name_ja": "諏訪",
        "use_category_name_ja": "",
        "u_transaction_price_total_ja": "1,700万円",
        "u_transaction_price_unit_price_square_meter_ja": "",
        "u_unit_price_per_tsubo_ja": "",
        "u_area_ja": "80㎡",
        "land_shape_name_ja": "",
        "u_land_frontage_ja": "",
        "building_use_name_ja": "",
        "building_structure_name_ja": "ＲＣ",
        "floor_plan_name_ja": "３ＬＤＫ",
        "u_building_total_floor_area_ja": "",
        "u_construction_year_ja": "1979年",
        "front_road_azimuth_name_ja": "",
        "u_front_road_width_ja": "",
        "front_road_type_name_ja": "",
        "land_use_name_ja": "第１種中高層住居専用地域",
        "u_building_coverage_ratio_ja": "",
        "u_floor_area_ratio_ja": "",
        "remark_name_ja": "",
        "future_use_purpose_name_ja": "",
        "remark_renovation_name_ja": ""
      }
    },
    {
      "type": "Feature",
      "geometry": {
        "type": "Point",
        "coordinates": [
          139.44810032844543,
          35.63034629717481
        ]
      },
      "properties": {
        "point_in_time_name_ja": "2025年第2四半期",
        "land_type_name_ja": "中古マンション等",
        "price_information_category_name_ja": "成約価格情報",
        "prefecture_name_ja": "東京都",
        "city_code": "13224",
        "city_name_ja": "多摩市",
        "district_code": "132240100",
        "district_name_ja": "諏訪",
        "use_category_name_ja": "",
        "u_transaction_price_total_ja": "4,900万円",
        "u_transaction_price_unit_price_square_meter_ja": "",
        "u_unit_price_per_tsubo_ja": "",
        "u_area_ja": "75㎡",
        "land_shape_name_ja": "",
        "u_land_frontage_ja": "",
        "building_use_name_ja": "",
        "building_structure_name_ja": "ＲＣ",
        "floor_plan_name_ja": "３ＬＤＫ",
        "u_building_total_floor_area_ja": "",
        "u_construction_year_ja": "2013年",
        "front_road_azimuth_name_ja": "",
        "u_front_road_width_ja": "",
        "front_road_type_name_ja": "",
        "land_use_name_ja": "第１種中高層住居専用地域",
        "u_building_coverage_ratio_ja": "",
        "u_floor_area_ratio_ja": "",
        "remark_name_ja": "",
        "future_use_purpose_name_ja": "",
        "remark_renovation_name_ja": ""
      }
    },
    {
      "type": "Feature",
      "geometry": {
        "type": "Point",
        "coordinates": [
          139.44810032844543,
          35.63034629717481
        ]
      },
      "properties": {
        "point_in_time_name_ja": "2025年第2四半期",
        "land_type_name_ja": "中古マンション等",
        "price_information_category_name_ja": "成約価格情報",
        "prefecture_name_ja": "東京都",
        "city_code": "13224",
        "city_name_ja": "多摩市",
        "district_code": "132240100",
        "district_name_ja": "諏訪",
        "use_category_name_ja": "",
        "u_transaction_price_total_ja": "3,300万円",
        "u_transaction_price_unit_price_square_meter_ja": "",
        "u_unit_price_per_tsubo_ja": "",
        "u_area_ja": "80㎡",
        "land_shape_name_ja": "",
        "u_land_frontage_ja": "",
        "building_use_name_ja": "",
        "building_structure_name_ja": "ＲＣ",
        "floor_plan_name_ja": "３ＬＤＫ",
        "u_building_total_floor_area_ja": "",
        "u_construction_year_ja": "2015年",
        "front_road_azimuth_name_ja": "",
        "u_front_road_width_ja": "",
        "front_road_type_name_ja": "",
        "land_use_name_ja": "第２種住居地域",
        "u_building_coverage_ratio_ja": "",
        "u_floor_area_ratio_ja": "",
        "remark_name_ja": "",
        "future_use_purpose_name_ja": "",
        "remark_renovation_name_ja": ""
      }
    },
    {
      "type": "Feature",
      "geometry": {
        "type": "Point",
        "coordinates": [
          139.44810032844543,
          35.63034629717481
        ]
      },
      "properties": {
        "point_in_time_name_ja": "2025年第2四半期",
        "land_type_name_ja": "中古マンション等",
        "price_information_category_name_ja": "成約価格情報",
        "prefecture_name_ja": "東京都",
        "city_code": "13224",
        "city_name_ja": "多摩市",
        "district_code": "132240100",
        "district_name_ja": "諏訪",
        "use_category_name_ja": "",
        "u_transaction_price_total_ja": "2,000万円",
        "u_transaction_price_unit_price_square_meter_ja": "",
        "u_unit_price_per_tsubo_ja": "",
        "u_area_ja": "65㎡",
        "land_shape_name_ja": "",
        "u_land_frontage_ja": "",
        "building_use_name_ja": "",
        "building_structure_name_ja": "ＲＣ",
        "floor_plan_name_ja": "３ＬＤＫ",
        "u_building_total_floor_area_ja": "",
        "u_construction_year_ja": "1996年",
        "front_road_azimuth_name_ja": "",
        "u_front_road_width_ja": "",
        "front_road_type_name_ja": "",
        "land_use_name_ja": "第２種中高層住居専用地域",
        "u_building_coverage_ratio_ja": "",
        "u_floor_area_ratio_ja": "",
        "remark_name_ja": "",
        "future_use_purpose_name_ja": "",
        "remark_renovation_name_ja": ""
      }
    },
    {
      "type": "Feature",
      "geometry": {
        "type": "Point",
        "coordinates": [
          139.44810032844543,
          35.63034629717481
        ]
      },
      "properties": {
        "point_in_time_name_ja": "2025年第2四半期",
        "land_type_name_ja": "中古マンション等",
        "price_information_category_name_ja": "成約価格情報",
        "prefecture_name_ja": "東京都",
        "city_code": "13224",
        "city_name_ja": "多摩市",
        "district_code": "132240100",
        "district_name_ja": "諏訪",
        "use_category_name_ja": "",
        "u_transaction_price_total_ja": "3,000万円",
        "u_transaction_price_unit_price_square_meter_ja": "",
        "u_unit_price_per_tsubo_ja": "",
        "u_area_ja": "75㎡",
        "land_shape_name_ja": "",
        "u_land_frontage_ja": "",
        "building_use_name_ja": "",
        "building_structure_name_ja": "ＲＣ",
        "floor_plan_name_ja": "３ＬＤＫ",
        "u_building_total_floor_area_ja": "",
        "u_construction_year_ja": "2015年",
        "front_road_azimuth_name_ja": "",
        "u_front_road_width_ja": "",
        "front_road_type_name_ja": "",
        "land_use_name_ja": "第２種中高層住居専用地域",
        "u_building_coverage_ratio_ja": "",
        "u_floor_area_ratio_ja": "",
        "remark_name_ja": "",
        "future_use_purpose_name_ja": "",
        "remark_renovation_name_ja": ""
      }
    },
    {
      "type": "Feature",
      "geometry": {
        "type": "Point",
        "coordinates": [
          139.44810032844543,
          35.63034629717481
        ]
      },
      "properties": {
        "point_in_time_name_ja": "2025年第2四半期",
        "land_type_name_ja": "中古マンション等",
        "price_information_category_name_ja": "成約価格情報",
        "prefecture_name_ja": "東京都",
        "city_code": "13224",
        "city_name_ja": "多摩市",
        "district_code": "132240100",
        "district_name_ja": "諏訪",
        "use_category_name_ja": "",
        "u_transaction_price_total_ja": "5,000万円",
        "u_transaction_price_unit_price_square_meter_ja": "",
        "u_unit_price_per_tsubo_ja": "",
        "u_area_ja": "100㎡",
        "land_shape_name_ja": "",
        "u_land_frontage_ja": "",
        "building_use_name_ja": "",
        "building_structure_name_ja": "ＲＣ",
        "floor_plan_name_ja": "４ＬＤＫ",
        "u_building_total_floor_area_ja": "",
        "u_construction_year_ja": "2007年",
        "front_road_azimuth_name_ja": "",
        "u_front_road_width_ja": "",
        "front_road_type_name_ja": "",
        "land_use_name_ja": "第１種中高層住居専用地域",
        "u_building_coverage_ratio_ja": "",
        "u_floor_area_ratio_ja": "",
        "remark_name_ja": "",
        "future_use_purpose_name_ja": "",
        "remark_renovation_name_ja": ""
      }
    },
    {
      "type": "Feature",
      "geometry": {
        "type": "Point",
        "coordinates": [
          139.44810032844543,
          35.63034629717481
        ]
      },
      "properties": {
        "point_in_time_name_ja": "2025年第2四半期",
        "land_type_name_ja": "中古マンション等",
        "price_information_category_name_ja": "成約価格情報",
        "prefecture_name_ja": "東京都",
        "city_code": "13224",
        "city_name_ja": "多摩市",
        "district_code": "132240100",
        "district_name_ja": "諏訪",
        "use_category_name_ja": "",
        "u_transaction_price_total_ja": "4,700万円",
        "u_transaction_price_unit_price_square_meter_ja": "",
        "u_unit_price_per_tsubo_ja": "",
        "u_area_ja": "85㎡",
        "land_shape_name_ja": "",
        "u_land_frontage_ja": "",
        "building_use_name_ja": "",
        "building_structure_name_ja": "ＲＣ",
        "floor_plan_name_ja": "３ＬＤＫ",
        "u_building_total_floor_area_ja": "",
        "u_construction_year_ja": "2013年",
        "front_road_azimuth_name_ja": "",
        "u_front_road_width_ja": "",
        "front_road_type_name_ja": "",
        "land_use_name_ja": "第１種中高層住居専用地域",
        "u_building_coverage_ratio_ja": "",
        "u_floor_area_ratio_ja": "",
        "remark_name_ja": "",
        "future_use_purpose_name_ja": "",
        "remark_renovation_name_ja": ""
      }
    },
    {
      "type": "Feature",
      "geometry": {
        "type": "Point",
        "coordinates": [
          139.44810032844543,
          35.63034629717481
        ]
      },
      "properties": {
        "point_in_time_name_ja": "2025年第2四半期",
        "land_type_name_ja": "中古マンション等",
        "price_information_category_name_ja": "成約価格情報",
        "prefecture_name_ja": "東京都",
        "city_code": "13224",
        "city_name_ja": "多摩市",
        "district_code": "132240100",
        "district_name_ja": "諏訪",
        "use_category_name_ja": "",
        "u_transaction_price_total_ja": "1,600万円",
        "u_transaction_price_unit_price_square_meter_ja": "",
        "u_unit_price_per_tsubo_ja": "",
        "u_area_ja": "60㎡",
        "land_shape_name_ja": "",
        "u_land_frontage_ja": "",
        "building_use_name_ja": "",
        "building_structure_name_ja": "ＲＣ",
        "floor_plan_name_ja": "３ＬＤＫ",
        "u_building_total_floor_area_ja": "",
        "u_construction_year_ja": "1984年",
        "front_road_azimuth_name_ja": "",
        "u_front_road_width_ja": "",
        "front_road_type_name_ja": "",
        "land_use_name_ja": "第２種中高層住居専用地域",
        "u_building_coverage_ratio_ja": "",
        "u_floor_area_ratio_ja": "",
        "remark_name_ja": "",
        "future_use_purpose_name_ja": "",
        "remark_renovation_name_ja": ""
      }
    },
    {
      "type": "Feature",
      "geometry": {
        "type": "Point",
        "coordinates": [
          139.44810032844543,
          35.63034629717481
        ]
      },
      "properties": {
        "point_in_time_name_ja": "2025年第2四半期",
        "land_type_name_ja": "中古マンション等",
        "price_information_category_name_ja": "成約価格情報",
        "prefecture_name_ja": "東京都",
        "city_code": "13224",
        "city_name_ja": "多摩市",
        "district_code": "132240150",
        "district_name_ja": "永山",
        "use_category_name_ja": "",
        "u_transaction_price_total_ja": "3,800万円",
        "u_transaction_price_unit_price_square_meter_ja": "",
        "u_unit_price_per_tsubo_ja": "",
        "u_area_ja": "80㎡",
        "land_shape_name_ja": "",
        "u_land_frontage_ja": "",
        "building_use_name_ja": "",
        "building_structure_name_ja": "ＲＣ",
        "floor_plan_name_ja": "３ＬＤＫ",
        "u_building_total_floor_area_ja": "",
        "u_construction_year_ja": "1997年",
        "front_road_azimuth_name_ja": "",
        "u_front_road_width_ja": "",
        "front_road_type_name_ja": "",
        "land_use_name_ja": "第２種中高層住居専用地域",
        "u_building_coverage_ratio_ja": "",
        "u_floor_area_ratio_ja": "",
        "remark_name_ja": "",
        "future_use_purpose_name_ja": "",
        "remark_renovation_name_ja": ""
      }
    },
    {
      "type": "Feature",
      "geometry": {
        "type": "Point",
        "coordinates": [
          139.44810032844543,
          35.63034629717481
        ]
      },
      "properties": {
        "point_in_time_name_ja": "2025年第2四半期",
        "land_type_name_ja": "中古マンション等",
        "price_information_category_name_ja": "成約価格情報",
        "prefecture_name_ja": "東京都",
        "city_code": "13224",
        "city_name_ja": "多摩市",
        "district_code": "132240150",
        "district_name_ja": "永山",
        "use_category_name_ja": "",
        "u_transaction_price_total_ja": "750万円",
        "u_transaction_price_unit_price_square_meter_ja": "",
        "u_unit_price_per_tsubo_ja": "",
        "u_area_ja": "50㎡",
        "land_shape_name_ja": "",
        "u_land_frontage_ja": "",
        "building_use_name_ja": "",
        "building_structure_name_ja": "ＲＣ",
        "floor_plan_name_ja": "３ＤＫ",
        "u_building_total_floor_area_ja": "",
        "u_construction_year_ja": "1972年",
        "front_road_azimuth_name_ja": "",
        "u_front_road_width_ja": "",
        "front_road_type_name_ja": "",
        "land_use_name_ja": "第１種中高層住居専用地域",
        "u_building_coverage_ratio_ja": "",
        "u_floor_area_ratio_ja": "",
        "remark_name_ja": "",
        "future_use_purpose_name_ja": "",
        "remark_renovation_name_ja": ""
      }
    },
    {
      "type": "Feature",
      "geometry": {
        "type": "Point",
        "coordinates": [
          139.44810032844543,
          35.63034629717481
        ]
      },
      "properties": {
        "point_in_time_name_ja": "2025年第2四半期",
        "land_type_name_ja": "中古マンション等",
        "price_information_category_name_ja": "成約価格情報",
        "prefecture_name_ja": "東京都",
        "city_code": "13224",
        "city_name_ja": "多摩市",
        "district_code": "132240150",
        "district_name_ja": "永山",
        "use_category_name_ja": "",
        "u_transaction_price_total_ja": "5,000万円",
        "u_transaction_price_unit_price_square_meter_ja": "",
        "u_unit_price_per_tsubo_ja": "",
        "u_area_ja": "85㎡",
        "land_shape_name_ja": "",
        "u_land_frontage_ja": "",
        "building_use_name_ja": "",
        "building_structure_name_ja": "ＲＣ",
        "floor_plan_name_ja": "３ＬＤＫ",
        "u_building_total_floor_area_ja": "",
        "u_construction_year_ja": "2002年",
        "front_road_azimuth_name_ja": "",
        "u_front_road_width_ja": "",
        "front_road_type_name_ja": "",
        "land_use_name_ja": "第２種中高層住居専用地域",
        "u_building_coverage_ratio_ja": "",
        "u_floor_area_ratio_ja": "",
        "remark_name_ja": "",
        "future_use_purpose_name_ja": "",
        "remark_renovation_name_ja": ""
      }
    },
    {
      "type": "Feature",
      "geometry": {
        "type": "Point",
        "coordinates": [
          139.44810032844543,
          35.63034629717481
        ]
      },
      "properties": {
        "point_in_time_name_ja": "2025年第2四半期",
        "land_type_name_ja": "中古マンション等",
        "price_information_category_name_ja": "成約価格情報",
        "prefecture_name_ja": "東京都",
        "city_code": "13224",
        "city_name_ja": "多摩市",
        "district_code": "132240150",
        "district_name_ja": "永山",
        "use_category_name_ja": "",
        "u_transaction_price_total_ja": "1,400万円",
        "u_transaction_price_unit_price_square_meter_ja": "",
        "u_unit_price_per_tsubo_ja": "",
        "u_area_ja": "50㎡",
        "land_shape_name_ja": "",
        "u_land_frontage_ja": "",
        "building_use_name_ja": "",
        "building_structure_name_ja": "ＲＣ",
        "floor_plan_name_ja": "２ＬＤＫ",
        "u_building_total_floor_area_ja": "",
        "u_construction_year_ja": "1971年",
        "front_road_azimuth_name_ja": "",
        "u_front_road_width_ja": "",
        "front_road_type_name_ja": "",
        "land_use_name_ja": "第１種中高層住居専用地域",
        "u_building_coverage_ratio_ja": "",
        "u_floor_area_ratio_ja": "",
        "remark_name_ja": "",
        "future_use_purpose_name_ja": "",
        "remark_renovation_name_ja": ""
      }
    },
    {
      "type": "Feature",
      "geometry": {
        "type": "Point",
        "coordinates": [
          139.44810032844543,
          35.63034629717481
        ]
      },
      "properties": {
        "point_in_time_name_ja": "2025年第2四半期",
        "land_type_name_ja": "中古マンション等",
        "price_information_category_name_ja": "成約価格情報",
        "prefecture_name_ja": "東京都",
        "city_code": "13224",
        "city_name_ja": "多摩市",
        "district_code": "132240150",
        "district_name_ja": "永山",
        "use_category_name_ja": "",
        "u_transaction_price_total_ja": "1,300万円",
        "u_transaction_price_unit_price_square_meter_ja": "",
        "u_unit_price_per_tsubo_ja": "",
        "u_area_ja": "55㎡",
        "land_shape_name_ja": "",
        "u_land_frontage_ja": "",
        "building_use_name_ja": "",
        "building_structure_name_ja": "ＲＣ",
        "floor_plan_name_ja": "２ＬＤＫ",
        "u_building_total_floor_area_ja": "",
        "u_construction_year_ja": "1972年",
        "front_road_azimuth_name_ja": "",
        "u_front_road_width_ja": "",
        "front_road_type_name_ja": "",
        "land_use_name_ja": "第１種中高層住居専用地域",
        "u_building_coverage_ratio_ja": "",
        "u_floor_area_ratio_ja": "",
        "remark_name_ja": "",
        "future_use_purpose_name_ja": "",
        "remark_renovation_name_ja": ""
      }
    },
    {
      "type": "Feature",
      "geometry": {
        "type": "Point",
        "coordinates": [
          139.44810032844543,
          35.63034629717481
        ]
      },
      "properties": {
        "point_in_time_name_ja": "2025年第2四半期",
        "land_type_name_ja": "中古マンション等",
        "price_information_category_name_ja": "成約価格情報",
        "prefecture_name_ja": "東京都",
        "city_code": "13224",
        "city_name_ja": "多摩市",
        "district_code": "132240150",
        "district_name_ja": "永山",
        "use_category_name_ja": "",
        "u_transaction_price_total_ja": "2,300万円",
        "u_transaction_price_unit_price_square_meter_ja": "",
        "u_unit_price_per_tsubo_ja": "",
        "u_area_ja": "70㎡",
        "land_shape_name_ja": "",
        "u_land_frontage_ja": "",
        "building_use_name_ja": "",
        "building_structure_name_ja": "ＳＲＣ",
        "floor_plan_name_ja": "１ＬＤＫ＋Ｓ",
        "u_building_total_floor_area_ja": "",
        "u_construction_year_ja": "1977年",
        "front_road_azimuth_name_ja": "",
        "u_front_road_width_ja": "",
        "front_road_type_name_ja": "",
        "land_use_name_ja": "第１種中高層住居専用地域",
        "u_building_coverage_ratio_ja": "",
        "u_floor_area_ratio_ja": "",
        "remark_name_ja": "",
        "future_use_purpose_name_ja": "",
        "remark_renovation_name_ja": ""
      }
    },
    {
      "type": "Feature",
      "geometry": {
        "type": "Point",
        "coordinates": [
          139.44810032844543,
          35.63034629717481
        ]
      },
      "properties": {
        "point_in_time_name_ja": "2025年第2四半期",
        "land_type_name_ja": "中古マンション等",
        "price_information_category_name_ja": "成約価格情報",
        "prefecture_name_ja": "東京都",
        "city_code": "13224",
        "city_name_ja": "多摩市",
        "district_code": "132240170",
        "district_name_ja": "聖ケ丘",
        "use_category_name_ja": "",
        "u_transaction_price_total_ja": "1,100万円",
        "u_transaction_price_unit_price_square_meter_ja": "",
        "u_unit_price_per_tsubo_ja": "",
        "u_area_ja": "90㎡",
        "land_shape_name_ja": "",
        "u_land_frontage_ja": "",
        "building_use_name_ja": "",
        "building_structure_name_ja": "ＲＣ",
        "floor_plan_name_ja": "３ＬＤＫ",
        "u_building_total_floor_area_ja": "",
        "u_construction_year_ja": "1984年",
        "front_road_azimuth_name_ja": "",
        "u_front_road_width_ja": "",
        "front_road_type_name_ja": "",
        "land_use_name_ja": "第１種中高層住居専用地域",
        "u_building_coverage_ratio_ja": "",
        "u_floor_area_ratio_ja": "",
        "remark_name_ja": "",
        "future_use_purpose_name_ja": "",
        "remark_renovation_name_ja": ""
      }
    },
    {
      "type": "Feature",
      "geometry": {
        "type": "Point",
        "coordinates": [
          139.44810032844543,
          35.63034629717481
        ]
      },
      "properties": {
        "point_in_time_name_ja": "2025年第2四半期",
        "land_type_name_ja": "中古マンション等",
        "price_information_category_name_ja": "成約価格情報",
        "prefecture_name_ja": "東京都",
        "city_code": "13224",
        "city_name_ja": "多摩市",
        "district_code": "132240170",
        "district_name_ja": "聖ケ丘",
        "use_category_name_ja": "",
        "u_transaction_price_total_ja": "900万円",
        "u_transaction_price_unit_price_square_meter_ja": "",
        "u_unit_price_per_tsubo_ja": "",
        "u_area_ja": "90㎡",
        "land_shape_name_ja": "",
        "u_land_frontage_ja": "",
        "building_use_name_ja": "",
        "building_structure_name_ja": "ＲＣ",
        "floor_plan_name_ja": "３ＬＤＫ",
        "u_building_total_floor_area_ja": "",
        "u_construction_year_ja": "1984年",
        "front_road_azimuth_name_ja": "",
        "u_front_road_width_ja": "",
        "front_road_type_name_ja": "",
        "land_use_name_ja": "第１種中高層住居専用地域",
        "u_building_coverage_ratio_ja": "",
        "u_floor_area_ratio_ja": "",
        "remark_name_ja": "",
        "future_use_purpose_name_ja": "",
        "remark_renovation_name_ja": ""
      }
    },
    {
      "type": "Feature",
      "geometry": {
        "type": "Point",
        "coordinates": [
          139.44810032844543,
          35.63034629717481
        ]
      },
      "properties": {
        "point_in_time_name_ja": "2025年第2四半期",
        "land_type_name_ja": "中古マンション等",
        "price_information_category_name_ja": "成約価格情報",
        "prefecture_name_ja": "東京都",
        "city_code": "13224",
        "city_name_ja": "多摩市",
        "district_code": "132240170",
        "district_name_ja": "聖ケ丘",
        "use_category_name_ja": "",
        "u_transaction_price_total_ja": "3,000万円",
        "u_transaction_price_unit_price_square_meter_ja": "",
        "u_unit_price_per_tsubo_ja": "",
        "u_area_ja": "70㎡",
        "land_shape_name_ja": "",
        "u_land_frontage_ja": "",
        "building_use_name_ja": "",
        "building_structure_name_ja": "ＲＣ",
        "floor_plan_name_ja": "２ＬＤＫ",
        "u_building_total_floor_area_ja": "",
        "u_construction_year_ja": "2011年",
        "front_road_azimuth_name_ja": "",
        "u_front_road_width_ja": "",
        "front_road_type_name_ja": "",
        "land_use_name_ja": "第１種中高層住居専用地域",
        "u_building_coverage_ratio_ja": "",
        "u_floor_area_ratio_ja": "",
        "remark_name_ja": "",
        "future_use_purpose_name_ja": "",
        "remark_renovation_name_ja": ""
      }
    },
    {
      "type": "Feature",
      "geometry": {
        "type": "Point",
        "coordinates": [
          139.44810032844543,
          35.63034629717481
        ]
      },
      "properties": {
        "point_in_time_name_ja": "2025年第2四半期",
        "land_type_name_ja": "中古マンション等",
        "price_information_category_name_ja": "成約価格情報",
        "prefecture_name_ja": "東京都",
        "city_code": "13224",
        "city_name_ja": "多摩市",
        "district_code": "132240170",
        "district_name_ja": "聖ケ丘",
        "use_category_name_ja": "",
        "u_transaction_price_total_ja": "1,700万円",
        "u_transaction_price_unit_price_square_meter_ja": "",
        "u_unit_price_per_tsubo_ja": "",
        "u_area_ja": "115㎡",
        "land_shape_name_ja": "",
        "u_land_frontage_ja": "",
        "building_use_name_ja": "",
        "building_structure_name_ja": "ＲＣ",
        "floor_plan_name_ja": "４ＬＤＫ",
        "u_building_total_floor_area_ja": "",
        "u_construction_year_ja": "1984年",
        "front_road_azimuth_name_ja": "",
        "u_front_road_width_ja": "",
        "front_road_type_name_ja": "",
        "land_use_name_ja": "第１種中高層住居専用地域",
        "u_building_coverage_ratio_ja": "",
        "u_floor_area_ratio_ja": "",
        "remark_name_ja": "",
        "future_use_purpose_name_ja": "",
        "remark_renovation_name_ja": ""
      }
    },
    {
      "type": "Feature",
      "geometry": {
        "type": "Point",
        "coordinates": [
          139.44810032844543,
          35.63034629717481
        ]
      },
      "properties": {
        "point_in_time_name_ja": "2025年第2四半期",
        "land_type_name_ja": "中古マンション等",
        "price_information_category_name_ja": "成約価格情報",
        "prefecture_name_ja": "東京都",
        "city_code": "13224",
        "city_name_ja": "多摩市",
        "district_code": "132240170",
        "district_name_ja": "聖ケ丘",
        "use_category_name_ja": "",
        "u_transaction_price_total_ja": "2,400万円",
        "u_transaction_price_unit_price_square_meter_ja": "",
        "u_unit_price_per_tsubo_ja": "",
        "u_area_ja": "95㎡",
        "land_shape_name_ja": "",
        "u_land_frontage_ja": "",
        "building_use_name_ja": "",
        "building_structure_name_ja": "ＲＣ",
        "floor_plan_name_ja": "４ＬＤＫ",
        "u_building_total_floor_area_ja": "",
        "u_construction_year_ja": "1984年",
        "front_road_azimuth_name_ja": "",
        "u_front_road_width_ja": "",
        "front_road_type_name_ja": "",
        "land_use_name_ja": "第１種中高層住居専用地域",
        "u_building_coverage_ratio_ja": "",
        "u_floor_area_ratio_ja": "",
        "remark_name_ja": "",
        "future_use_purpose_name_ja": "",
        "remark_renovation_name_ja": ""
      }
    },
    {
      "type": "Feature",
      "geometry": {
        "type": "Point",
        "coordinates": [
          139.44810032844543,
          35.63034629717481
        ]
      },
      "properties": {
        "point_in_time_name_ja": "2025年第2四半期",
        "land_type_name_ja": "中古マンション等",
        "price_information_category_name_ja": "成約価格情報",
        "prefecture_name_ja": "東京都",
        "city_code": "13224",
        "city_name_ja": "多摩市",
        "district_code": "132240210",
        "district_name_ja": "連光寺",
        "use_category_name_ja": "",
        "u_transaction_price_total_ja": "2,500万円",
        "u_transaction_price_unit_price_square_meter_ja": "",
        "u_unit_price_per_tsubo_ja": "",
        "u_area_ja": "70㎡",
        "land_shape_name_ja": "",
        "u_land_frontage_ja": "",
        "building_use_name_ja": "",
        "building_structure_name_ja": "ＲＣ",
        "floor_plan_name_ja": "３ＬＤＫ",
        "u_building_total_floor_area_ja": "",
        "u_construction_year_ja": "2001年",
        "front_road_azimuth_name_ja": "",
        "u_front_road_width_ja": "",
        "front_road_type_name_ja": "",
        "land_use_name_ja": "第１種中高層住居専用地域",
        "u_building_coverage_ratio_ja": "",
        "u_floor_area_ratio_ja": "",
        "remark_name_ja": "",
        "future_use_purpose_name_ja": "",
        "remark_renovation_name_ja": ""
      }
    },
    {
      "type": "Feature",
      "geometry": {
        "type": "Point",
        "coordinates": [
          139.44810032844543,
          35.63034629717481
        ]
      },
      "properties": {
        "point_in_time_name_ja": "2025年第3四半期",
        "land_type_name_ja": "中古マンション等",
        "price_information_category_name_ja": "成約価格情報",
        "prefecture_name_ja": "東京都",
        "city_code": "13224",
        "city_name_ja": "多摩市",
        "district_code": "132240100",
        "district_name_ja": "諏訪",
        "use_category_name_ja": "",
        "u_transaction_price_total_ja": "5,500万円",
        "u_transaction_price_unit_price_square_meter_ja": "",
        "u_unit_price_per_tsubo_ja": "",
        "u_area_ja": "85㎡",
        "land_shape_name_ja": "",
        "u_land_frontage_ja": "",
        "building_use_name_ja": "",
        "building_structure_name_ja": "ＲＣ",
        "floor_plan_name_ja": "３ＬＤＫ",
        "u_building_total_floor_area_ja": "",
        "u_construction_year_ja": "2013年",
        "front_road_azimuth_name_ja": "",
        "u_front_road_width_ja": "",
        "front_road_type_name_ja": "",
        "land_use_name_ja": "第１種中高層住居専用地域",
        "u_building_coverage_ratio_ja": "",
        "u_floor_area_ratio_ja": "",
        "remark_name_ja": "",
        "future_use_purpose_name_ja": "",
        "remark_renovation_name_ja": ""
      }
    },
    {
      "type": "Feature",
      "geometry": {
        "type": "Point",
        "coordinates": [
          139.44810032844543,
          35.63034629717481
        ]
      },
      "properties": {
        "point_in_time_name_ja": "2025年第3四半期",
        "land_type_name_ja": "中古マンション等",
        "price_information_category_name_ja": "成約価格情報",
        "prefecture_name_ja": "東京都",
        "city_code": "13224",
        "city_name_ja": "多摩市",
        "district_code": "132240100",
        "district_name_ja": "諏訪",
        "use_category_name_ja": "",
        "u_transaction_price_total_ja": "5,200万円",
        "u_transaction_price_unit_price_square_meter_ja": "",
        "u_unit_price_per_tsubo_ja": "",
        "u_area_ja": "105㎡",
        "land_shape_name_ja": "",
        "u_land_frontage_ja": "",
        "building_use_name_ja": "",
        "building_structure_name_ja": "ＲＣ",
        "floor_plan_name_ja": "４ＬＤＫ",
        "u_building_total_floor_area_ja": "",
        "u_construction_year_ja": "2007年",
        "front_road_azimuth_name_ja": "",
        "u_front_road_width_ja": "",
        "front_road_type_name_ja": "",
        "land_use_name_ja": "第１種中高層住居専用地域",
        "u_building_coverage_ratio_ja": "",
        "u_floor_area_ratio_ja": "",
        "remark_name_ja": "",
        "future_use_purpose_name_ja": "",
        "remark_renovation_name_ja": ""
      }
    },
    {
      "type": "Feature",
      "geometry": {
        "type": "Point",
        "coordinates": [
          139.44810032844543,
          35.63034629717481
        ]
      },
      "properties": {
        "point_in_time_name_ja": "2025年第3四半期",
        "land_type_name_ja": "中古マンション等",
        "price_information_category_name_ja": "成約価格情報",
        "prefecture_name_ja": "東京都",
        "city_code": "13224",
        "city_name_ja": "多摩市",
        "district_code": "132240100",
        "district_name_ja": "諏訪",
        "use_category_name_ja": "",
        "u_transaction_price_total_ja": "2,000万円",
        "u_transaction_price_unit_price_square_meter_ja": "",
        "u_unit_price_per_tsubo_ja": "",
        "u_area_ja": "80㎡",
        "land_shape_name_ja": "",
        "u_land_frontage_ja": "",
        "building_use_name_ja": "",
        "building_structure_name_ja": "ＲＣ",
        "floor_plan_name_ja": "３ＬＤＫ",
        "u_building_total_floor_area_ja": "",
        "u_construction_year_ja": "1979年",
        "front_road_azimuth_name_ja": "",
        "u_front_road_width_ja": "",
        "front_road_type_name_ja": "",
        "land_use_name_ja": "第１種中高層住居専用地域",
        "u_building_coverage_ratio_ja": "",
        "u_floor_area_ratio_ja": "",
        "remark_name_ja": "",
        "future_use_purpose_name_ja": "",
        "remark_renovation_name_ja": ""
      }
    },
    {
      "type": "Feature",
      "geometry": {
        "type": "Point",
        "coordinates": [
          139.44810032844543,
          35.63034629717481
        ]
      },
      "properties": {
        "point_in_time_name_ja": "2025年第3四半期",
        "land_type_name_ja": "中古マンション等",
        "price_information_category_name_ja": "成約価格情報",
        "prefecture_name_ja": "東京都",
        "city_code": "13224",
        "city_name_ja": "多摩市",
        "district_code": "132240100",
        "district_name_ja": "諏訪",
        "use_category_name_ja": "",
        "u_transaction_price_total_ja": "6,700万円",
        "u_transaction_price_unit_price_square_meter_ja": "",
        "u_unit_price_per_tsubo_ja": "",
        "u_area_ja": "95㎡",
        "land_shape_name_ja": "",
        "u_land_frontage_ja": "",
        "building_use_name_ja": "",
        "building_structure_name_ja": "ＲＣ",
        "floor_plan_name_ja": "４ＬＤＫ",
        "u_building_total_floor_area_ja": "",
        "u_construction_year_ja": "2013年",
        "front_road_azimuth_name_ja": "",
        "u_front_road_width_ja": "",
        "front_road_type_name_ja": "",
        "land_use_name_ja": "第１種中高層住居専用地域",
        "u_building_coverage_ratio_ja": "",
        "u_floor_area_ratio_ja": "",
        "remark_name_ja": "",
        "future_use_purpose_name_ja": "",
        "remark_renovation_name_ja": ""
      }
    },
    {
      "type": "Feature",
      "geometry": {
        "type": "Point",
        "coordinates": [
          139.44810032844543,
          35.63034629717481
        ]
      },
      "properties": {
        "point_in_time_name_ja": "2025年第3四半期",
        "land_type_name_ja": "中古マンション等",
        "price_information_category_name_ja": "成約価格情報",
        "prefecture_name_ja": "東京都",
        "city_code": "13224",
        "city_name_ja": "多摩市",
        "district_code": "132240100",
        "district_name_ja": "諏訪",
        "use_category_name_ja": "",
        "u_transaction_price_total_ja": "5,300万円",
        "u_transaction_price_unit_price_square_meter_ja": "",
        "u_unit_price_per_tsubo_ja": "",
        "u_area_ja": "85㎡",
        "land_shape_name_ja": "",
        "u_land_frontage_ja": "",
        "building_use_name_ja": "",
        "building_structure_name_ja": "ＲＣ",
        "floor_plan_name_ja": "３ＬＤＫ",
        "u_building_total_floor_area_ja": "",
        "u_construction_year_ja": "2007年",
        "front_road_azimuth_name_ja": "",
        "u_front_road_width_ja": "",
        "front_road_type_name_ja": "",
        "land_use_name_ja": "第１種低層住居専用地域",
        "u_building_coverage_ratio_ja": "",
        "u_floor_area_ratio_ja": "",
        "remark_name_ja": "",
        "future_use_purpose_name_ja": "",
        "remark_renovation_name_ja": ""
      }
    },
    {
      "type": "Feature",
      "geometry": {
        "type": "Point",
        "coordinates": [
          139.44810032844543,
          35.63034629717481
        ]
      },
      "properties": {
        "point_in_time_name_ja": "2025年第3四半期",
        "land_type_name_ja": "中古マンション等",
        "price_information_category_name_ja": "成約価格情報",
        "prefecture_name_ja": "東京都",
        "city_code": "13224",
        "city_name_ja": "多摩市",
        "district_code": "132240100",
        "district_name_ja": "諏訪",
        "use_category_name_ja": "",
        "u_transaction_price_total_ja": "6,000万円",
        "u_transaction_price_unit_price_square_meter_ja": "",
        "u_unit_price_per_tsubo_ja": "",
        "u_area_ja": "85㎡",
        "land_shape_name_ja": "",
        "u_land_frontage_ja": "",
        "building_use_name_ja": "",
        "building_structure_name_ja": "ＲＣ",
        "floor_plan_name_ja": "３ＬＤＫ",
        "u_building_total_floor_area_ja": "",
        "u_construction_year_ja": "2013年",
        "front_road_azimuth_name_ja": "",
        "u_front_road_width_ja": "",
        "front_road_type_name_ja": "",
        "land_use_name_ja": "第１種中高層住居専用地域",
        "u_building_coverage_ratio_ja": "",
        "u_floor_area_ratio_ja": "",
        "remark_name_ja": "",
        "future_use_purpose_name_ja": "",
        "remark_renovation_name_ja": ""
      }
    },
    {
      "type": "Feature",
      "geometry": {
        "type": "Point",
        "coordinates": [
          139.44810032844543,
          35.63034629717481
        ]
      },
      "properties": {
        "point_in_time_name_ja": "2025年第3四半期",
        "land_type_name_ja": "中古マンション等",
        "price_information_category_name_ja": "成約価格情報",
        "prefecture_name_ja": "東京都",
        "city_code": "13224",
        "city_name_ja": "多摩市",
        "district_code": "132240150",
        "district_name_ja": "永山",
        "use_category_name_ja": "",
        "u_transaction_price_total_ja": "1,600万円",
        "u_transaction_price_unit_price_square_meter_ja": "",
        "u_unit_price_per_tsubo_ja": "",
        "u_area_ja": "55㎡",
        "land_shape_name_ja": "",
        "u_land_frontage_ja": "",
        "building_use_name_ja": "",
        "building_structure_name_ja": "ＲＣ",
        "floor_plan_name_ja": "１ＬＤＫ",
        "u_building_total_floor_area_ja": "",
        "u_construction_year_ja": "1972年",
        "front_road_azimuth_name_ja": "",
        "u_front_road_width_ja": "",
        "front_road_type_name_ja": "",
        "land_use_name_ja": "第１種中高層住居専用地域",
        "u_building_coverage_ratio_ja": "",
        "u_floor_area_ratio_ja": "",
        "remark_name_ja": "",
        "future_use_purpose_name_ja": "",
        "remark_renovation_name_ja": ""
      }
    },
    {
      "type": "Feature",
      "geometry": {
        "type": "Point",
        "coordinates": [
          139.44810032844543,
          35.63034629717481
        ]
      },
      "properties": {
        "point_in_time_name_ja": "2025年第3四半期",
        "land_type_name_ja": "中古マンション等",
        "price_information_category_name_ja": "成約価格情報",
        "prefecture_name_ja": "東京都",
        "city_code": "13224",
        "city_name_ja": "多摩市",
        "district_code": "132240150",
        "district_name_ja": "永山",
        "use_category_name_ja": "",
        "u_transaction_price_total_ja": "4,200万円",
        "u_transaction_price_unit_price_square_meter_ja": "",
        "u_unit_price_per_tsubo_ja": "",
        "u_area_ja": "75㎡",
        "land_shape_name_ja": "",
        "u_land_frontage_ja": "",
        "building_use_name_ja": "",
        "building_structure_name_ja": "ＲＣ",
        "floor_plan_name_ja": "３ＬＤＫ",
        "u_building_total_floor_area_ja": "",
        "u_construction_year_ja": "2019年",
        "front_road_azimuth_name_ja": "",
        "u_front_road_width_ja": "",
        "front_road_type_name_ja": "",
        "land_use_name_ja": "第１種中高層住居専用地域",
        "u_building_coverage_ratio_ja": "",
        "u_floor_area_ratio_ja": "",
        "remark_name_ja": "",
        "future_use_purpose_name_ja": "",
        "remark_renovation_name_ja": ""
      }
    },
    {
      "type": "Feature",
      "geometry": {
        "type": "Point",
        "coordinates": [
          139.44810032844543,
          35.63034629717481
        ]
      },
      "properties": {
        "point_in_time_name_ja": "2025年第3四半期",
        "land_type_name_ja": "中古マンション等",
        "price_information_category_name_ja": "成約価格情報",
        "prefecture_name_ja": "東京都",
        "city_code": "13224",
        "city_name_ja": "多摩市",
        "district_code": "132240150",
        "district_name_ja": "永山",
        "use_category_name_ja": "",
        "u_transaction_price_total_ja": "1,800万円",
        "u_transaction_price_unit_price_square_meter_ja": "",
        "u_unit_price_per_tsubo_ja": "",
        "u_area_ja": "70㎡",
        "land_shape_name_ja": "",
        "u_land_frontage_ja": "",
        "building_use_name_ja": "",
        "building_structure_name_ja": "ＲＣ",
        "floor_plan_name_ja": "３ＬＤＫ",
        "u_building_total_floor_area_ja": "",
        "u_construction_year_ja": "1977年",
        "front_road_azimuth_name_ja": "",
        "u_front_road_width_ja": "",
        "front_road_type_name_ja": "",
        "land_use_name_ja": "第１種中高層住居専用地域",
        "u_building_coverage_ratio_ja": "",
        "u_floor_area_ratio_ja": "",
        "remark_name_ja": "",
        "future_use_purpose_name_ja": "",
        "remark_renovation_name_ja": ""
      }
    },
    {
      "type": "Feature",
      "geometry": {
        "type": "Point",
        "coordinates": [
          139.44810032844543,
          35.63034629717481
        ]
      },
      "properties": {
        "point_in_time_name_ja": "2025年第3四半期",
        "land_type_name_ja": "中古マンション等",
        "price_information_category_name_ja": "成約価格情報",
        "prefecture_name_ja": "東京都",
        "city_code": "13224",
        "city_name_ja": "多摩市",
        "district_code": "132240170",
        "district_name_ja": "聖ケ丘",
        "use_category_name_ja": "",
        "u_transaction_price_total_ja": "1,700万円",
        "u_transaction_price_unit_price_square_meter_ja": "",
        "u_unit_price_per_tsubo_ja": "",
        "u_area_ja": "85㎡",
        "land_shape_name_ja": "",
        "u_land_frontage_ja": "",
        "building_use_name_ja": "",
        "building_structure_name_ja": "ＲＣ",
        "floor_plan_name_ja": "３ＬＤＫ",
        "u_building_total_floor_area_ja": "",
        "u_construction_year_ja": "1984年",
        "front_road_azimuth_name_ja": "",
        "u_front_road_width_ja": "",
        "front_road_type_name_ja": "",
        "land_use_name_ja": "第１種中高層住居専用地域",
        "u_building_coverage_ratio_ja": "",
        "u_floor_area_ratio_ja": "",
        "remark_name_ja": "",
        "future_use_purpose_name_ja": "",
        "remark_renovation_name_ja": ""
      }
    },
    {
      "type": "Feature",
      "geometry": {
        "type": "Point",
        "coordinates": [
          139.44810032844543,
          35.63034629717481
        ]
      },
      "properties": {
        "point_in_time_name_ja": "2025年第3四半期",
        "land_type_name_ja": "中古マンション等",
        "price_information_category_name_ja": "成約価格情報",
        "prefecture_name_ja": "東京都",
        "city_code": "13224",
        "city_name_ja": "多摩市",
        "district_code": "132240210",
        "district_name_ja": "連光寺",
        "use_category_name_ja": "",
        "u_transaction_price_total_ja": "1,600万円",
        "u_transaction_price_unit_price_square_meter_ja": "",
        "u_unit_price_per_tsubo_ja": "",
        "u_area_ja": "60㎡",
        "land_shape_name_ja": "",
        "u_land_frontage_ja": "",
        "building_use_name_ja": "",
        "building_structure_name_ja": "ＲＣ",
        "floor_plan_name_ja": "２ＤＫ＋Ｓ",
        "u_building_total_floor_area_ja": "",
        "u_construction_year_ja": "1992年",
        "front_road_azimuth_name_ja": "",
        "u_front_road_width_ja": "",
        "front_road_type_name_ja": "",
        "land_use_name_ja": "第１種中高層住居専用地域",
        "u_building_coverage_ratio_ja": "",
        "u_floor_area_ratio_ja": "",
        "remark_name_ja": "",
        "future_use_purpose_name_ja": "",
        "remark_renovation_name_ja": ""
      }
    },
    {
      "type": "Feature",
      "geometry": {
        "type": "Point",
        "coordinates": [
          139.44810032844543,
          35.63034629717481
        ]
      },
      "properties": {
        "point_in_time_name_ja": "2025年第3四半期",
        "land_type_name_ja": "中古マンション等",
        "price_information_category_name_ja": "成約価格情報",
        "prefecture_name_ja": "東京都",
        "city_code": "13224",
        "city_name_ja": "多摩市",
        "district_code": "132240210",
        "district_name_ja": "連光寺",
        "use_category_name_ja": "",
        "u_transaction_price_total_ja": "2,000万円",
        "u_transaction_price_unit_price_square_meter_ja": "",
        "u_unit_price_per_tsubo_ja": "",
        "u_area_ja": "75㎡",
        "land_shape_name_ja": "",
        "u_land_frontage_ja": "",
        "building_use_name_ja": "",
        "building_structure_name_ja": "ＲＣ",
        "floor_plan_name_ja": "３ＬＤＫ",
        "u_building_total_floor_area_ja": "",
        "u_construction_year_ja": "1999年",
        "front_road_azimuth_name_ja": "",
        "u_front_road_width_ja": "",
        "front_road_type_name_ja": "",
        "land_use_name_ja": "第１種中高層住居専用地域",
        "u_building_coverage_ratio_ja": "",
        "u_floor_area_ratio_ja": "",
        "remark_name_ja": "",
        "future_use_purpose_name_ja": "",
        "remark_renovation_name_ja": ""
      }
    },
    {
      "type": "Feature",
      "geometry": {
        "type": "Point",
        "coordinates": [
          139.44810032844543,
          35.63034629717481
        ]
      },
      "properties": {
        "point_in_time_name_ja": "2025年第3四半期",
        "land_type_name_ja": "中古マンション等",
        "price_information_category_name_ja": "成約価格情報",
        "prefecture_name_ja": "東京都",
        "city_code": "13224",
        "city_name_ja": "多摩市",
        "district_code": "132240210",
        "district_name_ja": "連光寺",
        "use_category_name_ja": "",
        "u_transaction_price_total_ja": "3,500万円",
        "u_transaction_price_unit_price_square_meter_ja": "",
        "u_unit_price_per_tsubo_ja": "",
        "u_area_ja": "90㎡",
        "land_shape_name_ja": "",
        "u_land_frontage_ja": "",
        "building_use_name_ja": "",
        "building_structure_name_ja": "ＲＣ",
        "floor_plan_name_ja": "３ＬＤＫ",
        "u_building_total_floor_area_ja": "",
        "u_construction_year_ja": "2001年",
        "front_road_azimuth_name_ja": "",
        "u_front_road_width_ja": "",
        "front_road_type_name_ja": "",
        "land_use_name_ja": "第１種中高層住居専用地域",
        "u_building_coverage_ratio_ja": "",
        "u_floor_area_ratio_ja": "",
        "remark_name_ja": "",
        "future_use_purpose_name_ja": "",
        "remark_renovation_name_ja": ""
      }
    },
    {
      "type": "Feature",
      "geometry": {
        "type": "Point",
        "coordinates": [
          139.44810032844543,
          35.63034629717481
        ]
      },
      "properties": {
        "point_in_time_name_ja": "2025年第4四半期",
        "land_type_name_ja": "中古マンション等",
        "price_information_category_name_ja": "成約価格情報",
        "prefecture_name_ja": "東京都",
        "city_code": "13224",
        "city_name_ja": "多摩市",
        "district_code": "132240100",
        "district_name_ja": "諏訪",
        "use_category_name_ja": "",
        "u_transaction_price_total_ja": "3,500万円",
        "u_transaction_price_unit_price_square_meter_ja": "",
        "u_unit_price_per_tsubo_ja": "",
        "u_area_ja": "55㎡",
        "land_shape_name_ja": "",
        "u_land_frontage_ja": "",
        "building_use_name_ja": "",
        "building_structure_name_ja": "ＲＣ",
        "floor_plan_name_ja": "２ＬＤＫ",
        "u_building_total_floor_area_ja": "",
        "u_construction_year_ja": "2013年",
        "front_road_azimuth_name_ja": "",
        "u_front_road_width_ja": "",
        "front_road_type_name_ja": "",
        "land_use_name_ja": "第１種中高層住居専用地域",
        "u_building_coverage_ratio_ja": "",
        "u_floor_area_ratio_ja": "",
        "remark_name_ja": "",
        "future_use_purpose_name_ja": "",
        "remark_renovation_name_ja": ""
      }
    },
    {
      "type": "Feature",
      "geometry": {
        "type": "Point",
        "coordinates": [
          139.44810032844543,
          35.63034629717481
        ]
      },
      "properties": {
        "point_in_time_name_ja": "2025年第4四半期",
        "land_type_name_ja": "中古マンション等",
        "price_information_category_name_ja": "成約価格情報",
        "prefecture_name_ja": "東京都",
        "city_code": "13224",
        "city_name_ja": "多摩市",
        "district_code": "132240100",
        "district_name_ja": "諏訪",
        "use_category_name_ja": "",
        "u_transaction_price_total_ja": "5,000万円",
        "u_transaction_price_unit_price_square_meter_ja": "",
        "u_unit_price_per_tsubo_ja": "",
        "u_area_ja": "75㎡",
        "land_shape_name_ja": "",
        "u_land_frontage_ja": "",
        "building_use_name_ja": "",
        "building_structure_name_ja": "ＲＣ",
        "floor_plan_name_ja": "３ＬＤＫ",
        "u_building_total_floor_area_ja": "",
        "u_construction_year_ja": "2013年",
        "front_road_azimuth_name_ja": "",
        "u_front_road_width_ja": "",
        "front_road_type_name_ja": "",
        "land_use_name_ja": "第１種中高層住居専用地域",
        "u_building_coverage_ratio_ja": "",
        "u_floor_area_ratio_ja": "",
        "remark_name_ja": "",
        "future_use_purpose_name_ja": "",
        "remark_renovation_name_ja": ""
      }
    },
    {
      "type": "Feature",
      "geometry": {
        "type": "Point",
        "coordinates": [
          139.44810032844543,
          35.63034629717481
        ]
      },
      "properties": {
        "point_in_time_name_ja": "2025年第4四半期",
        "land_type_name_ja": "中古マンション等",
        "price_information_category_name_ja": "成約価格情報",
        "prefecture_name_ja": "東京都",
        "city_code": "13224",
        "city_name_ja": "多摩市",
        "district_code": "132240150",
        "district_name_ja": "永山",
        "use_category_name_ja": "",
        "u_transaction_price_total_ja": "1,100万円",
        "u_transaction_price_unit_price_square_meter_ja": "",
        "u_unit_price_per_tsubo_ja": "",
        "u_area_ja": "55㎡",
        "land_shape_name_ja": "",
        "u_land_frontage_ja": "",
        "building_use_name_ja": "",
        "building_structure_name_ja": "ＲＣ",
        "floor_plan_name_ja": "２ＬＤＫ",
        "u_building_total_floor_area_ja": "",
        "u_construction_year_ja": "1972年",
        "front_road_azimuth_name_ja": "",
        "u_front_road_width_ja": "",
        "front_road_type_name_ja": "",
        "land_use_name_ja": "第１種中高層住居専用地域",
        "u_building_coverage_ratio_ja": "",
        "u_floor_area_ratio_ja": "",
        "remark_name_ja": "",
        "future_use_purpose_name_ja": "",
        "remark_renovation_name_ja": ""
      }
    },
    {
      "type": "Feature",
      "geometry": {
        "type": "Point",
        "coordinates": [
          139.44810032844543,
          35.63034629717481
        ]
      },
      "properties": {
        "point_in_time_name_ja": "2025年第4四半期",
        "land_type_name_ja": "中古マンション等",
        "price_information_category_name_ja": "成約価格情報",
        "prefecture_name_ja": "東京都",
        "city_code": "13224",
        "city_name_ja": "多摩市",
        "district_code": "132240150",
        "district_name_ja": "永山",
        "use_category_name_ja": "",
        "u_transaction_price_total_ja": "1,600万円",
        "u_transaction_price_unit_price_square_meter_ja": "",
        "u_unit_price_per_tsubo_ja": "",
        "u_area_ja": "50㎡",
        "land_shape_name_ja": "",
        "u_land_frontage_ja": "",
        "building_use_name_ja": "",
        "building_structure_name_ja": "ＲＣ",
        "floor_plan_name_ja": "２ＬＤＫ",
        "u_building_total_floor_area_ja": "",
        "u_construction_year_ja": "1971年",
        "front_road_azimuth_name_ja": "",
        "u_front_road_width_ja": "",
        "front_road_type_name_ja": "",
        "land_use_name_ja": "第１種中高層住居専用地域",
        "u_building_coverage_ratio_ja": "",
        "u_floor_area_ratio_ja": "",
        "remark_name_ja": "",
        "future_use_purpose_name_ja": "",
        "remark_renovation_name_ja": ""
      }
    },
    {
      "type": "Feature",
      "geometry": {
        "type": "Point",
        "coordinates": [
          139.44810032844543,
          35.63034629717481
        ]
      },
      "properties": {
        "point_in_time_name_ja": "2025年第4四半期",
        "land_type_name_ja": "中古マンション等",
        "price_information_category_name_ja": "成約価格情報",
        "prefecture_name_ja": "東京都",
        "city_code": "13224",
        "city_name_ja": "多摩市",
        "district_code": "132240150",
        "district_name_ja": "永山",
        "use_category_name_ja": "",
        "u_transaction_price_total_ja": "4,200万円",
        "u_transaction_price_unit_price_square_meter_ja": "",
        "u_unit_price_per_tsubo_ja": "",
        "u_area_ja": "75㎡",
        "land_shape_name_ja": "",
        "u_land_frontage_ja": "",
        "building_use_name_ja": "",
        "building_structure_name_ja": "ＲＣ",
        "floor_plan_name_ja": "３ＬＤＫ",
        "u_building_total_floor_area_ja": "",
        "u_construction_year_ja": "2019年",
        "front_road_azimuth_name_ja": "",
        "u_front_road_width_ja": "",
        "front_road_type_name_ja": "",
        "land_use_name_ja": "第１種中高層住居専用地域",
        "u_building_coverage_ratio_ja": "",
        "u_floor_area_ratio_ja": "",
        "remark_name_ja": "",
        "future_use_purpose_name_ja": "",
        "remark_renovation_name_ja": ""
      }
    },
    {
      "type": "Feature",
      "geometry": {
        "type": "Point",
        "coordinates": [
          139.44810032844543,
          35.63034629717481
        ]
      },
      "properties": {
        "point_in_time_name_ja": "2025年第4四半期",
        "land_type_name_ja": "中古マンション等",
        "price_information_category_name_ja": "成約価格情報",
        "prefecture_name_ja": "東京都",
        "city_code": "13224",
        "city_name_ja": "多摩市",
        "district_code": "132240150",
        "district_name_ja": "永山",
        "use_category_name_ja": "",
        "u_transaction_price_total_ja": "4,100万円",
        "u_transaction_price_unit_price_square_meter_ja": "",
        "u_unit_price_per_tsubo_ja": "",
        "u_area_ja": "75㎡",
        "land_shape_name_ja": "",
        "u_land_frontage_ja": "",
        "building_use_name_ja": "",
        "building_structure_name_ja": "ＳＲＣ",
        "floor_plan_name_ja": "３ＬＤＫ",
        "u_building_total_floor_area_ja": "",
        "u_construction_year_ja": "2019年",
        "front_road_azimuth_name_ja": "",
        "u_front_road_width_ja": "",
        "front_road_type_name_ja": "",
        "land_use_name_ja": "第１種中高層住居専用地域",
        "u_building_coverage_ratio_ja": "",
        "u_floor_area_ratio_ja": "",
        "remark_name_ja": "",
        "future_use_purpose_name_ja": "",
        "remark_renovation_name_ja": ""
      }
    },
    {
      "type": "Feature",
      "geometry": {
        "type": "Point",
        "coordinates": [
          139.44810032844543,
          35.63034629717481
        ]
      },
      "properties": {
        "point_in_time_name_ja": "2025年第4四半期",
        "land_type_name_ja": "中古マンション等",
        "price_information_category_name_ja": "成約価格情報",
        "prefecture_name_ja": "東京都",
        "city_code": "13224",
        "city_name_ja": "多摩市",
        "district_code": "132240150",
        "district_name_ja": "永山",
        "use_category_name_ja": "",
        "u_transaction_price_total_ja": "1,800万円",
        "u_transaction_price_unit_price_square_meter_ja": "",
        "u_unit_price_per_tsubo_ja": "",
        "u_area_ja": "100㎡",
        "land_shape_name_ja": "",
        "u_land_frontage_ja": "",
        "building_use_name_ja": "",
        "building_structure_name_ja": "ＲＣ",
        "floor_plan_name_ja": "４ＬＤＫ",
        "u_building_total_floor_area_ja": "",
        "u_construction_year_ja": "1981年",
        "front_road_azimuth_name_ja": "",
        "u_front_road_width_ja": "",
        "front_road_type_name_ja": "",
        "land_use_name_ja": "第１種低層住居専用地域",
        "u_building_coverage_ratio_ja": "",
        "u_floor_area_ratio_ja": "",
        "remark_name_ja": "",
        "future_use_purpose_name_ja": "",
        "remark_renovation_name_ja": ""
      }
    },
    {
      "type": "Feature",
      "geometry": {
        "type": "Point",
        "coordinates": [
          139.44810032844543,
          35.63034629717481
        ]
      },
      "properties": {
        "point_in_time_name_ja": "2025年第4四半期",
        "land_type_name_ja": "中古マンション等",
        "price_information_category_name_ja": "成約価格情報",
        "prefecture_name_ja": "東京都",
        "city_code": "13224",
        "city_name_ja": "多摩市",
        "district_code": "132240150",
        "district_name_ja": "永山",
        "use_category_name_ja": "",
        "u_transaction_price_total_ja": "4,100万円",
        "u_transaction_price_unit_price_square_meter_ja": "",
        "u_unit_price_per_tsubo_ja": "",
        "u_area_ja": "80㎡",
        "land_shape_name_ja": "",
        "u_land_frontage_ja": "",
        "building_use_name_ja": "",
        "building_structure_name_ja": "ＲＣ",
        "floor_plan_name_ja": "３ＬＤＫ",
        "u_building_total_floor_area_ja": "",
        "u_construction_year_ja": "2000年",
        "front_road_azimuth_name_ja": "",
        "u_front_road_width_ja": "",
        "front_road_type_name_ja": "",
        "land_use_name_ja": "準住居地域",
        "u_building_coverage_ratio_ja": "",
        "u_floor_area_ratio_ja": "",
        "remark_name_ja": "",
        "future_use_purpose_name_ja": "",
        "remark_renovation_name_ja": "改装済み"
      }
    },
    {
      "type": "Feature",
      "geometry": {
        "type": "Point",
        "coordinates": [
          139.44810032844543,
          35.63034629717481
        ]
      },
      "properties": {
        "point_in_time_name_ja": "2025年第4四半期",
        "land_type_name_ja": "中古マンション等",
        "price_information_category_name_ja": "成約価格情報",
        "prefecture_name_ja": "東京都",
        "city_code": "13224",
        "city_name_ja": "多摩市",
        "district_code": "132240150",
        "district_name_ja": "永山",
        "use_category_name_ja": "",
        "u_transaction_price_total_ja": "2,300万円",
        "u_transaction_price_unit_price_square_meter_ja": "",
        "u_unit_price_per_tsubo_ja": "",
        "u_area_ja": "70㎡",
        "land_shape_name_ja": "",
        "u_land_frontage_ja": "",
        "building_use_name_ja": "",
        "building_structure_name_ja": "ＳＲＣ",
        "floor_plan_name_ja": "３ＬＤＫ",
        "u_building_total_floor_area_ja": "",
        "u_construction_year_ja": "1977年",
        "front_road_azimuth_name_ja": "",
        "u_front_road_width_ja": "",
        "front_road_type_name_ja": "",
        "land_use_name_ja": "第１種中高層住居専用地域",
        "u_building_coverage_ratio_ja": "",
        "u_floor_area_ratio_ja": "",
        "remark_name_ja": "",
        "future_use_purpose_name_ja": "",
        "remark_renovation_name_ja": ""
      }
    },
    {
      "type": "Feature",
      "geometry": {
        "type": "Point",
        "coordinates": [
          139.44810032844543,
          35.63034629717481
        ]
      },
      "properties": {
        "point_in_time_name_ja": "2025年第4四半期",
        "land_type_name_ja": "中古マンション等",
        "price_information_category_name_ja": "成約価格情報",
        "prefecture_name_ja": "東京都",
        "city_code": "13224",
        "city_name_ja": "多摩市",
        "district_code": "132240170",
        "district_name_ja": "聖ケ丘",
        "use_category_name_ja": "",
        "u_transaction_price_total_ja": "1,900万円",
        "u_transaction_price_unit_price_square_meter_ja": "",
        "u_unit_price_per_tsubo_ja": "",
        "u_area_ja": "85㎡",
        "land_shape_name_ja": "",
        "u_land_frontage_ja": "",
        "building_use_name_ja": "",
        "building_structure_name_ja": "ＲＣ",
        "floor_plan_name_ja": "３ＬＤＫ",
        "u_building_total_floor_area_ja": "",
        "u_construction_year_ja": "1984年",
        "front_road_azimuth_name_ja": "",
        "u_front_road_width_ja": "",
        "front_road_type_name_ja": "",
        "land_use_name_ja": "第１種住居地域",
        "u_building_coverage_ratio_ja": "",
        "u_floor_area_ratio_ja": "",
        "remark_name_ja": "",
        "future_use_purpose_name_ja": "",
        "remark_renovation_name_ja": ""
      }
    },
    {
      "type": "Feature",
      "geometry": {
        "type": "Point",
        "coordinates": [
          139.44810032844543,
          35.63034629717481
        ]
      },
      "properties": {
        "point_in_time_name_ja": "2025年第4四半期",
        "land_type_name_ja": "中古マンション等",
        "price_information_category_name_ja": "成約価格情報",
        "prefecture_name_ja": "東京都",
        "city_code": "13224",
        "city_name_ja": "多摩市",
        "district_code": "132240170",
        "district_name_ja": "聖ケ丘",
        "use_category_name_ja": "",
        "u_transaction_price_total_ja": "1,100万円",
        "u_transaction_price_unit_price_square_meter_ja": "",
        "u_unit_price_per_tsubo_ja": "",
        "u_area_ja": "60㎡",
        "land_shape_name_ja": "",
        "u_land_frontage_ja": "",
        "building_use_name_ja": "",
        "building_structure_name_ja": "ＲＣ",
        "floor_plan_name_ja": "３ＤＫ",
        "u_building_total_floor_area_ja": "",
        "u_construction_year_ja": "1984年",
        "front_road_azimuth_name_ja": "",
        "u_front_road_width_ja": "",
        "front_road_type_name_ja": "",
        "land_use_name_ja": "第２種中高層住居専用地域",
        "u_building_coverage_ratio_ja": "",
        "u_floor_area_ratio_ja": "",
        "remark_name_ja": "",
        "future_use_purpose_name_ja": "",
        "remark_renovation_name_ja": ""
      }
    },
    {
      "type": "Feature",
      "geometry": {
        "type": "Point",
        "coordinates": [
          139.44810032844543,
          35.63034629717481
        ]
      },
      "properties": {
        "point_in_time_name_ja": "2025年第4四半期",
        "land_type_name_ja": "中古マンション等",
        "price_information_category_name_ja": "成約価格情報",
        "prefecture_name_ja": "東京都",
        "city_code": "13224",
        "city_name_ja": "多摩市",
        "district_code": "132240210",
        "district_name_ja": "連光寺",
        "use_category_name_ja": "",
        "u_transaction_price_total_ja": "1,700万円",
        "u_transaction_price_unit_price_square_meter_ja": "",
        "u_unit_price_per_tsubo_ja": "",
        "u_area_ja": "70㎡",
        "land_shape_name_ja": "",
        "u_land_frontage_ja": "",
        "building_use_name_ja": "",
        "building_structure_name_ja": "ＲＣ",
        "floor_plan_name_ja": "３ＬＤＫ",
        "u_building_total_floor_area_ja": "",
        "u_construction_year_ja": "2001年",
        "front_road_azimuth_name_ja": "",
        "u_front_road_width_ja": "",
        "front_road_type_name_ja": "",
        "land_use_name_ja": "第１種中高層住居専用地域",
        "u_building_coverage_ratio_ja": "",
        "u_floor_area_ratio_ja": "",
        "remark_name_ja": "",
        "future_use_purpose_name_ja": "",
        "remark_renovation_name_ja": ""
      }
    },
    {
      "type": "Feature",
      "geometry": {
        "type": "Point",
        "coordinates": [
          139.44810032844543,
          35.63017189067145
        ]
      },
      "properties": {
        "point_in_time_name_ja": "2025年第1四半期",
        "land_type_name_ja": "中古マンション等",
        "price_information_category_name_ja": "成約価格情報",
        "prefecture_name_ja": "東京都",
        "city_code": "13224",
        "city_name_ja": "多摩市",
        "district_code": "132240050",
        "district_name_ja": "貝取",
        "use_category_name_ja": "",
        "u_transaction_price_total_ja": "2,100万円",
        "u_transaction_price_unit_price_square_meter_ja": "",
        "u_unit_price_per_tsubo_ja": "",
        "u_area_ja": "90㎡",
        "land_shape_name_ja": "",
        "u_land_frontage_ja": "",
        "building_use_name_ja": "",
        "building_structure_name_ja": "ＳＲＣ",
        "floor_plan_name_ja": "３ＬＤＫ",
        "u_building_total_floor_area_ja": "",
        "u_construction_year_ja": "1987年",
        "front_road_azimuth_name_ja": "",
        "u_front_road_width_ja": "",
        "front_road_type_name_ja": "",
        "land_use_name_ja": "第１種中高層住居専用地域",
        "u_building_coverage_ratio_ja": "",
        "u_floor_area_ratio_ja": "",
        "remark_name_ja": "",
        "future_use_purpose_name_ja": "",
        "remark_renovation_name_ja": ""
      }
    },
    {
      "type": "Feature",
      "geometry": {
        "type": "Point",
        "coordinates": [
          139.44810032844543,
          35.63017189067145
        ]
      },
      "properties": {
        "point_in_time_name_ja": "2025年第1四半期",
        "land_type_name_ja": "中古マンション等",
        "price_information_category_name_ja": "成約価格情報",
        "prefecture_name_ja": "東京都",
        "city_code": "13224",
        "city_name_ja": "多摩市",
        "district_code": "132240050",
        "district_name_ja": "貝取",
        "use_category_name_ja": "",
        "u_transaction_price_total_ja": "1,700万円",
        "u_transaction_price_unit_price_square_meter_ja": "",
        "u_unit_price_per_tsubo_ja": "",
        "u_area_ja": "75㎡",
        "land_shape_name_ja": "",
        "u_land_frontage_ja": "",
        "building_use_name_ja": "",
        "building_structure_name_ja": "ＲＣ",
        "floor_plan_name_ja": "３ＬＤＫ",
        "u_building_total_floor_area_ja": "",
        "u_construction_year_ja": "1983年",
        "front_road_azimuth_name_ja": "",
        "u_front_road_width_ja": "",
        "front_road_type_name_ja": "",
        "land_use_name_ja": "第１種中高層住居専用地域",
        "u_building_coverage_ratio_ja": "",
        "u_floor_area_ratio_ja": "",
        "remark_name_ja": "",
        "future_use_purpose_name_ja": "",
        "remark_renovation_name_ja": ""
      }
    },
    {
      "type": "Feature",
      "geometry": {
        "type": "Point",
        "coordinates": [
          139.44810032844543,
          35.63017189067145
        ]
      },
      "properties": {
        "point_in_time_name_ja": "2025年第3四半期",
        "land_type_name_ja": "中古マンション等",
        "price_information_category_name_ja": "成約価格情報",
        "prefecture_name_ja": "東京都",
        "city_code": "13224",
        "city_name_ja": "多摩市",
        "district_code": "132240050",
        "district_name_ja": "貝取",
        "use_category_name_ja": "",
        "u_transaction_price_total_ja": "3,000万円",
        "u_transaction_price_unit_price_square_meter_ja": "",
        "u_unit_price_per_tsubo_ja": "",
        "u_area_ja": "80㎡",
        "land_shape_name_ja": "",
        "u_land_frontage_ja": "",
        "building_use_name_ja": "",
        "building_structure_name_ja": "ＲＣ",
        "floor_plan_name_ja": "３ＬＤＫ",
        "u_building_total_floor_area_ja": "",
        "u_construction_year_ja": "2007年",
        "front_road_azimuth_name_ja": "",
        "u_front_road_width_ja": "",
        "front_road_type_name_ja": "",
        "land_use_name_ja": "第１種中高層住居専用地域",
        "u_building_coverage_ratio_ja": "",
        "u_floor_area_ratio_ja": "",
        "remark_name_ja": "",
        "future_use_purpose_name_ja": "",
        "remark_renovation_name_ja": ""
      }
    },
    {
      "type": "Feature",
      "geometry": {
        "type": "Point",
        "coordinates": [
          139.44810032844543,
          35.63017189067145
        ]
      },
      "properties": {
        "point_in_time_name_ja": "2025年第4四半期",
        "land_type_name_ja": "中古マンション等",
        "price_information_category_name_ja": "成約価格情報",
        "prefecture_name_ja": "東京都",
        "city_code": "13224",
        "city_name_ja": "多摩市",
        "district_code": "132240050",
        "district_name_ja": "貝取",
        "use_category_name_ja": "",
        "u_transaction_price_total_ja": "25,000万円",
        "u_transaction_price_unit_price_square_meter_ja": "",
        "u_unit_price_per_tsubo_ja": "",
        "u_area_ja": "100㎡",
        "land_shape_name_ja": "",
        "u_land_frontage_ja": "",
        "building_use_name_ja": "",
        "building_structure_name_ja": "ＲＣ",
        "floor_plan_name_ja": "４ＬＤＫ",
        "u_building_total_floor_area_ja": "",
        "u_construction_year_ja": "1983年",
        "front_road_azimuth_name_ja": "",
        "u_front_road_width_ja": "",
        "front_road_type_name_ja": "",
        "land_use_name_ja": "第１種中高層住居専用地域",
        "u_building_coverage_ratio_ja": "",
        "u_floor_area_ratio_ja": "",
        "remark_name_ja": "",
        "future_use_purpose_name_ja": "",
        "remark_renovation_name_ja": ""
      }
    },
    {
      "type": "Feature",
      "geometry": {
        "type": "Point",
        "coordinates": [
          139.44810032844543,
          35.63017189067145
        ]
      },
      "properties": {
        "point_in_time_name_ja": "2025年第4四半期",
        "land_type_name_ja": "中古マンション等",
        "price_information_category_name_ja": "成約価格情報",
        "prefecture_name_ja": "東京都",
        "city_code": "13224",
        "city_name_ja": "多摩市",
        "district_code": "132240050",
        "district_name_ja": "貝取",
        "use_category_name_ja": "",
        "u_transaction_price_total_ja": "510万円",
        "u_transaction_price_unit_price_square_meter_ja": "",
        "u_unit_price_per_tsubo_ja": "",
        "u_area_ja": "75㎡",
        "land_shape_name_ja": "",
        "u_land_frontage_ja": "",
        "building_use_name_ja": "",
        "building_structure_name_ja": "ＲＣ",
        "floor_plan_name_ja": "３ＬＤＫ",
        "u_building_total_floor_area_ja": "",
        "u_construction_year_ja": "1983年",
        "front_road_azimuth_name_ja": "",
        "u_front_road_width_ja": "",
        "front_road_type_name_ja": "",
        "land_use_name_ja": "第１種中高層住居専用地域",
        "u_building_coverage_ratio_ja": "",
        "u_floor_area_ratio_ja": "",
        "remark_name_ja": "",
        "future_use_purpose_name_ja": "",
        "remark_renovation_name_ja": ""
      }
    },
    {
      "type": "Feature",
      "geometry": {
        "type": "Point",
        "coordinates": [
          139.44810032844543,
          35.63017189067145
        ]
      },
      "properties": {
        "point_in_time_name_ja": "2025年第1四半期",
        "land_type_name_ja": "中古マンション等",
        "price_information_category_name_ja": "成約価格情報",
        "prefecture_name_ja": "東京都",
        "city_code": "13224",
        "city_name_ja": "多摩市",
        "district_code": "132240100",
        "district_name_ja": "諏訪",
        "use_category_name_ja": "",
        "u_transaction_price_total_ja": "3,200万円",
        "u_transaction_price_unit_price_square_meter_ja": "",
        "u_unit_price_per_tsubo_ja": "",
        "u_area_ja": "55㎡",
        "land_shape_name_ja": "",
        "u_land_frontage_ja": "",
        "building_use_name_ja": "",
        "building_structure_name_ja": "ＲＣ",
        "floor_plan_name_ja": "２ＬＤＫ",
        "u_building_total_floor_area_ja": "",
        "u_construction_year_ja": "2013年",
        "front_road_azimuth_name_ja": "",
        "u_front_road_width_ja": "",
        "front_road_type_name_ja": "",
        "land_use_name_ja": "第１種中高層住居専用地域",
        "u_building_coverage_ratio_ja": "",
        "u_floor_area_ratio_ja": "",
        "remark_name_ja": "",
        "future_use_purpose_name_ja": "",
        "remark_renovation_name_ja": ""
      }
    },
    {
      "type": "Feature",
      "geometry": {
        "type": "Point",
        "coordinates": [
          139.44810032844543,
          35.63017189067145
        ]
      },
      "properties": {
        "point_in_time_name_ja": "2025年第1四半期",
        "land_type_name_ja": "中古マンション等",
        "price_information_category_name_ja": "成約価格情報",
        "prefecture_name_ja": "東京都",
        "city_code": "13224",
        "city_name_ja": "多摩市",
        "district_code": "132240100",
        "district_name_ja": "諏訪",
        "use_category_name_ja": "",
        "u_transaction_price_total_ja": "3,400万円",
        "u_transaction_price_unit_price_square_meter_ja": "",
        "u_unit_price_per_tsubo_ja": "",
        "u_area_ja": "55㎡",
        "land_shape_name_ja": "",
        "u_land_frontage_ja": "",
        "building_use_name_ja": "",
        "building_structure_name_ja": "ＲＣ",
        "floor_plan_name_ja": "２ＬＤＫ",
        "u_building_total_floor_area_ja": "",
        "u_construction_year_ja": "2013年",
        "front_road_azimuth_name_ja": "",
        "u_front_road_width_ja": "",
        "front_road_type_name_ja": "",
        "land_use_name_ja": "第１種中高層住居専用地域",
        "u_building_coverage_ratio_ja": "",
        "u_floor_area_ratio_ja": "",
        "remark_name_ja": "",
        "future_use_purpose_name_ja": "",
        "remark_renovation_name_ja": ""
      }
    },
    {
      "type": "Feature",
      "geometry": {
        "type": "Point",
        "coordinates": [
          139.44810032844543,
          35.63017189067145
        ]
      },
      "properties": {
        "point_in_time_name_ja": "2025年第1四半期",
        "land_type_name_ja": "中古マンション等",
        "price_information_category_name_ja": "成約価格情報",
        "prefecture_name_ja": "東京都",
        "city_code": "13224",
        "city_name_ja": "多摩市",
        "district_code": "132240170",
        "district_name_ja": "聖ケ丘",
        "use_category_name_ja": "",
        "u_transaction_price_total_ja": "3,800万円",
        "u_transaction_price_unit_price_square_meter_ja": "",
        "u_unit_price_per_tsubo_ja": "",
        "u_area_ja": "90㎡",
        "land_shape_name_ja": "",
        "u_land_frontage_ja": "",
        "building_use_name_ja": "",
        "building_structure_name_ja": "ＲＣ",
        "floor_plan_name_ja": "３ＬＤＫ",
        "u_building_total_floor_area_ja": "",
        "u_construction_year_ja": "2011年",
        "front_road_azimuth_name_ja": "",
        "u_front_road_width_ja": "",
        "front_road_type_name_ja": "",
        "land_use_name_ja": "第１種中高層住居専用地域",
        "u_building_coverage_ratio_ja": "",
        "u_floor_area_ratio_ja": "",
        "remark_name_ja": "",
        "future_use_purpose_name_ja": "",
        "remark_renovation_name_ja": ""
      }
    },
    {
      "type": "Feature",
      "geometry": {
        "type": "Point",
        "coordinates": [
          139.44810032844543,
          35.63017189067145
        ]
      },
      "properties": {
        "point_in_time_name_ja": "2025年第2四半期",
        "land_type_name_ja": "中古マンション等",
        "price_information_category_name_ja": "成約価格情報",
        "prefecture_name_ja": "東京都",
        "city_code": "13224",
        "city_name_ja": "多摩市",
        "district_code": "132240100",
        "district_name_ja": "諏訪",
        "use_category_name_ja": "",
        "u_transaction_price_total_ja": "3,300万円",
        "u_transaction_price_unit_price_square_meter_ja": "",
        "u_unit_price_per_tsubo_ja": "",
        "u_area_ja": "55㎡",
        "land_shape_name_ja": "",
        "u_land_frontage_ja": "",
        "building_use_name_ja": "",
        "building_structure_name_ja": "ＲＣ",
        "floor_plan_name_ja": "２ＬＤＫ",
        "u_building_total_floor_area_ja": "",
        "u_construction_year_ja": "2013年",
        "front_road_azimuth_name_ja": "",
        "u_front_road_width_ja": "",
        "front_road_type_name_ja": "",
        "land_use_name_ja": "第１種中高層住居専用地域",
        "u_building_coverage_ratio_ja": "",
        "u_floor_area_ratio_ja": "",
        "remark_name_ja": "",
        "future_use_purpose_name_ja": "",
        "remark_renovation_name_ja": ""
      }
    },
    {
      "type": "Feature",
      "geometry": {
        "type": "Point",
        "coordinates": [
          139.44810032844543,
          35.63017189067145
        ]
      },
      "properties": {
        "point_in_time_name_ja": "2025年第2四半期",
        "land_type_name_ja": "中古マンション等",
        "price_information_category_name_ja": "成約価格情報",
        "prefecture_name_ja": "東京都",
        "city_code": "13224",
        "city_name_ja": "多摩市",
        "district_code": "132240100",
        "district_name_ja": "諏訪",
        "use_category_name_ja": "",
        "u_transaction_price_total_ja": "4,900万円",
        "u_transaction_price_unit_price_square_meter_ja": "",
        "u_unit_price_per_tsubo_ja": "",
        "u_area_ja": "85㎡",
        "land_shape_name_ja": "",
        "u_land_frontage_ja": "",
        "building_use_name_ja": "",
        "building_structure_name_ja": "ＲＣ",
        "floor_plan_name_ja": "３ＬＤＫ",
        "u_building_total_floor_area_ja": "",
        "u_construction_year_ja": "2013年",
        "front_road_azimuth_name_ja": "",
        "u_front_road_width_ja": "",
        "front_road_type_name_ja": "",
        "land_use_name_ja": "第１種中高層住居専用地域",
        "u_building_coverage_ratio_ja": "",
        "u_floor_area_ratio_ja": "",
        "remark_name_ja": "",
        "future_use_purpose_name_ja": "",
        "remark_renovation_name_ja": ""
      }
    },
    {
      "type": "Feature",
      "geometry": {
        "type": "Point",
        "coordinates": [
          139.44810032844543,
          35.63017189067145
        ]
      },
      "properties": {
        "point_in_time_name_ja": "2025年第2四半期",
        "land_type_name_ja": "中古マンション等",
        "price_information_category_name_ja": "成約価格情報",
        "prefecture_name_ja": "東京都",
        "city_code": "13224",
        "city_name_ja": "多摩市",
        "district_code": "132240100",
        "district_name_ja": "諏訪",
        "use_category_name_ja": "",
        "u_transaction_price_total_ja": "5,100万円",
        "u_transaction_price_unit_price_square_meter_ja": "",
        "u_unit_price_per_tsubo_ja": "",
        "u_area_ja": "80㎡",
        "land_shape_name_ja": "",
        "u_land_frontage_ja": "",
        "building_use_name_ja": "",
        "building_structure_name_ja": "ＲＣ",
        "floor_plan_name_ja": "３ＬＤＫ",
        "u_building_total_floor_area_ja": "",
        "u_construction_year_ja": "2013年",
        "front_road_azimuth_name_ja": "",
        "u_front_road_width_ja": "",
        "front_road_type_name_ja": "",
        "land_use_name_ja": "第２種中高層住居専用地域",
        "u_building_coverage_ratio_ja": "",
        "u_floor_area_ratio_ja": "",
        "remark_name_ja": "",
        "future_use_purpose_name_ja": "",
        "remark_renovation_name_ja": ""
      }
    },
    {
      "type": "Feature",
      "geometry": {
        "type": "Point",
        "coordinates": [
          139.44810032844543,
          35.63017189067145
        ]
      },
      "properties": {
        "point_in_time_name_ja": "2025年第2四半期",
        "land_type_name_ja": "中古マンション等",
        "price_information_category_name_ja": "成約価格情報",
        "prefecture_name_ja": "東京都",
        "city_code": "13224",
        "city_name_ja": "多摩市",
        "district_code": "132240100",
        "district_name_ja": "諏訪",
        "use_category_name_ja": "",
        "u_transaction_price_total_ja": "3,300万円",
        "u_transaction_price_unit_price_square_meter_ja": "",
        "u_unit_price_per_tsubo_ja": "",
        "u_area_ja": "55㎡",
        "land_shape_name_ja": "",
        "u_land_frontage_ja": "",
        "building_use_name_ja": "",
        "building_structure_name_ja": "ＲＣ",
        "floor_plan_name_ja": "２ＬＤＫ",
        "u_building_total_floor_area_ja": "",
        "u_construction_year_ja": "2013年",
        "front_road_azimuth_name_ja": "",
        "u_front_road_width_ja": "",
        "front_road_type_name_ja": "",
        "land_use_name_ja": "第１種中高層住居専用地域",
        "u_building_coverage_ratio_ja": "",
        "u_floor_area_ratio_ja": "",
        "remark_name_ja": "",
        "future_use_purpose_name_ja": "",
        "remark_renovation_name_ja": ""
      }
    },
    {
      "type": "Feature",
      "geometry": {
        "type": "Point",
        "coordinates": [
          139.44810032844543,
          35.63017189067145
        ]
      },
      "properties": {
        "point_in_time_name_ja": "2025年第2四半期",
        "land_type_name_ja": "中古マンション等",
        "price_information_category_name_ja": "成約価格情報",
        "prefecture_name_ja": "東京都",
        "city_code": "13224",
        "city_name_ja": "多摩市",
        "district_code": "132240100",
        "district_name_ja": "諏訪",
        "use_category_name_ja": "",
        "u_transaction_price_total_ja": "4,700万円",
        "u_transaction_price_unit_price_square_meter_ja": "",
        "u_unit_price_per_tsubo_ja": "",
        "u_area_ja": "75㎡",
        "land_shape_name_ja": "",
        "u_land_frontage_ja": "",
        "building_use_name_ja": "",
        "building_structure_name_ja": "ＲＣ",
        "floor_plan_name_ja": "３ＬＤＫ",
        "u_building_total_floor_area_ja": "",
        "u_construction_year_ja": "2013年",
        "front_road_azimuth_name_ja": "",
        "u_front_road_width_ja": "",
        "front_road_type_name_ja": "",
        "land_use_name_ja": "第１種中高層住居専用地域",
        "u_building_coverage_ratio_ja": "",
        "u_floor_area_ratio_ja": "",
        "remark_name_ja": "",
        "future_use_purpose_name_ja": "",
        "remark_renovation_name_ja": ""
      }
    },
    {
      "type": "Feature",
      "geometry": {
        "type": "Point",
        "coordinates": [
          139.44810032844543,
          35.63017189067145
        ]
      },
      "properties": {
        "point_in_time_name_ja": "2025年第2四半期",
        "land_type_name_ja": "中古マンション等",
        "price_information_category_name_ja": "成約価格情報",
        "prefecture_name_ja": "東京都",
        "city_code": "13224",
        "city_name_ja": "多摩市",
        "district_code": "132240100",
        "district_name_ja": "諏訪",
        "use_category_name_ja": "",
        "u_transaction_price_total_ja": "5,000万円",
        "u_transaction_price_unit_price_square_meter_ja": "",
        "u_unit_price_per_tsubo_ja": "",
        "u_area_ja": "80㎡",
        "land_shape_name_ja": "",
        "u_land_frontage_ja": "",
        "building_use_name_ja": "",
        "building_structure_name_ja": "ＲＣ",
        "floor_plan_name_ja": "３ＬＤＫ",
        "u_building_total_floor_area_ja": "",
        "u_construction_year_ja": "2013年",
        "front_road_azimuth_name_ja": "",
        "u_front_road_width_ja": "",
        "front_road_type_name_ja": "",
        "land_use_name_ja": "第１種中高層住居専用地域",
        "u_building_coverage_ratio_ja": "",
        "u_floor_area_ratio_ja": "",
        "remark_name_ja": "",
        "future_use_purpose_name_ja": "",
        "remark_renovation_name_ja": ""
      }
    },
    {
      "type": "Feature",
      "geometry": {
        "type": "Point",
        "coordinates": [
          139.44810032844543,
          35.63017189067145
        ]
      },
      "properties": {
        "point_in_time_name_ja": "2025年第2四半期",
        "land_type_name_ja": "中古マンション等",
        "price_information_category_name_ja": "成約価格情報",
        "prefecture_name_ja": "東京都",
        "city_code": "13224",
        "city_name_ja": "多摩市",
        "district_code": "132240150",
        "district_name_ja": "永山",
        "use_category_name_ja": "",
        "u_transaction_price_total_ja": "4,100万円",
        "u_transaction_price_unit_price_square_meter_ja": "",
        "u_unit_price_per_tsubo_ja": "",
        "u_area_ja": "75㎡",
        "land_shape_name_ja": "",
        "u_land_frontage_ja": "",
        "building_use_name_ja": "",
        "building_structure_name_ja": "ＲＣ",
        "floor_plan_name_ja": "３ＬＤＫ",
        "u_building_total_floor_area_ja": "",
        "u_construction_year_ja": "2019年",
        "front_road_azimuth_name_ja": "",
        "u_front_road_width_ja": "",
        "front_road_type_name_ja": "",
        "land_use_name_ja": "第１種中高層住居専用地域",
        "u_building_coverage_ratio_ja": "",
        "u_floor_area_ratio_ja": "",
        "remark_name_ja": "",
        "future_use_purpose_name_ja": "",
        "remark_renovation_name_ja": ""
      }
    },
    {
      "type": "Feature",
      "geometry": {
        "type": "Point",
        "coordinates": [
          139.44810032844543,
          35.63017189067145
        ]
      },
      "properties": {
        "point_in_time_name_ja": "2025年第3四半期",
        "land_type_name_ja": "中古マンション等",
        "price_information_category_name_ja": "成約価格情報",
        "prefecture_name_ja": "東京都",
        "city_code": "13224",
        "city_name_ja": "多摩市",
        "district_code": "132240100",
        "district_name_ja": "諏訪",
        "use_category_name_ja": "",
        "u_transaction_price_total_ja": "8,000万円",
        "u_transaction_price_unit_price_square_meter_ja": "",
        "u_unit_price_per_tsubo_ja": "",
        "u_area_ja": "95㎡",
        "land_shape_name_ja": "",
        "u_land_frontage_ja": "",
        "building_use_name_ja": "",
        "building_structure_name_ja": "ＲＣ",
        "floor_plan_name_ja": "４ＬＤＫ",
        "u_building_total_floor_area_ja": "",
        "u_construction_year_ja": "2013年",
        "front_road_azimuth_name_ja": "",
        "u_front_road_width_ja": "",
        "front_road_type_name_ja": "",
        "land_use_name_ja": "第１種中高層住居専用地域",
        "u_building_coverage_ratio_ja": "",
        "u_floor_area_ratio_ja": "",
        "remark_name_ja": "",
        "future_use_purpose_name_ja": "",
        "remark_renovation_name_ja": ""
      }
    },
    {
      "type": "Feature",
      "geometry": {
        "type": "Point",
        "coordinates": [
          139.44810032844543,
          35.63017189067145
        ]
      },
      "properties": {
        "point_in_time_name_ja": "2025年第3四半期",
        "land_type_name_ja": "中古マンション等",
        "price_information_category_name_ja": "成約価格情報",
        "prefecture_name_ja": "東京都",
        "city_code": "13224",
        "city_name_ja": "多摩市",
        "district_code": "132240100",
        "district_name_ja": "諏訪",
        "use_category_name_ja": "",
        "u_transaction_price_total_ja": "6,000万円",
        "u_transaction_price_unit_price_square_meter_ja": "",
        "u_unit_price_per_tsubo_ja": "",
        "u_area_ja": "95㎡",
        "land_shape_name_ja": "",
        "u_land_frontage_ja": "",
        "building_use_name_ja": "",
        "building_structure_name_ja": "ＲＣ",
        "floor_plan_name_ja": "４ＬＤＫ",
        "u_building_total_floor_area_ja": "",
        "u_construction_year_ja": "2013年",
        "front_road_azimuth_name_ja": "",
        "u_front_road_width_ja": "",
        "front_road_type_name_ja": "",
        "land_use_name_ja": "第１種中高層住居専用地域",
        "u_building_coverage_ratio_ja": "",
        "u_floor_area_ratio_ja": "",
        "remark_name_ja": "",
        "future_use_purpose_name_ja": "",
        "remark_renovation_name_ja": ""
      }
    },
    {
      "type": "Feature",
      "geometry": {
        "type": "Point",
        "coordinates": [
          139.44810032844543,
          35.63017189067145
        ]
      },
      "properties": {
        "point_in_time_name_ja": "2025年第3四半期",
        "land_type_name_ja": "中古マンション等",
        "price_information_category_name_ja": "成約価格情報",
        "prefecture_name_ja": "東京都",
        "city_code": "13224",
        "city_name_ja": "多摩市",
        "district_code": "132240150",
        "district_name_ja": "永山",
        "use_category_name_ja": "",
        "u_transaction_price_total_ja": "1,000万円",
        "u_transaction_price_unit_price_square_meter_ja": "",
        "u_unit_price_per_tsubo_ja": "",
        "u_area_ja": "50㎡",
        "land_shape_name_ja": "",
        "u_land_frontage_ja": "",
        "building_use_name_ja": "",
        "building_structure_name_ja": "ＲＣ",
        "floor_plan_name_ja": "２ＬＤＫ",
        "u_building_total_floor_area_ja": "",
        "u_construction_year_ja": "1988年",
        "front_road_azimuth_name_ja": "",
        "u_front_road_width_ja": "",
        "front_road_type_name_ja": "",
        "land_use_name_ja": "第２種中高層住居専用地域",
        "u_building_coverage_ratio_ja": "",
        "u_floor_area_ratio_ja": "",
        "remark_name_ja": "",
        "future_use_purpose_name_ja": "",
        "remark_renovation_name_ja": ""
      }
    },
    {
      "type": "Feature",
      "geometry": {
        "type": "Point",
        "coordinates": [
          139.44810032844543,
          35.63017189067145
        ]
      },
      "properties": {
        "point_in_time_name_ja": "2025年第4四半期",
        "land_type_name_ja": "中古マンション等",
        "price_information_category_name_ja": "成約価格情報",
        "prefecture_name_ja": "東京都",
        "city_code": "13224",
        "city_name_ja": "多摩市",
        "district_code": "132240100",
        "district_name_ja": "諏訪",
        "use_category_name_ja": "",
        "u_transaction_price_total_ja": "3,900万円",
        "u_transaction_price_unit_price_square_meter_ja": "",
        "u_unit_price_per_tsubo_ja": "",
        "u_area_ja": "55㎡",
        "land_shape_name_ja": "",
        "u_land_frontage_ja": "",
        "building_use_name_ja": "",
        "building_structure_name_ja": "ＲＣ",
        "floor_plan_name_ja": "２ＬＤＫ",
        "u_building_total_floor_area_ja": "",
        "u_construction_year_ja": "2013年",
        "front_road_azimuth_name_ja": "",
        "u_front_road_width_ja": "",
        "front_road_type_name_ja": "",
        "land_use_name_ja": "第１種中高層住居専用地域",
        "u_building_coverage_ratio_ja": "",
        "u_floor_area_ratio_ja": "",
        "remark_name_ja": "",
        "future_use_purpose_name_ja": "",
        "remark_renovation_name_ja": ""
      }
    },
    {
      "type": "Feature",
      "geometry": {
        "type": "Point",
        "coordinates": [
          139.44810032844543,
          35.63017189067145
        ]
      },
      "properties": {
        "point_in_time_name_ja": "2025年第4四半期",
        "land_type_name_ja": "中古マンション等",
        "price_information_category_name_ja": "成約価格情報",
        "prefecture_name_ja": "東京都",
        "city_code": "13224",
        "city_name_ja": "多摩市",
        "district_code": "132240150",
        "district_name_ja": "永山",
        "use_category_name_ja": "",
        "u_transaction_price_total_ja": "2,500万円",
        "u_transaction_price_unit_price_square_meter_ja": "",
        "u_unit_price_per_tsubo_ja": "",
        "u_area_ja": "70㎡",
        "land_shape_name_ja": "",
        "u_land_frontage_ja": "",
        "building_use_name_ja": "",
        "building_structure_name_ja": "ＳＲＣ",
        "floor_plan_name_ja": "２ＬＤＫ",
        "u_building_total_floor_area_ja": "",
        "u_construction_year_ja": "1977年",
        "front_road_azimuth_name_ja": "",
        "u_front_road_width_ja": "",
        "front_road_type_name_ja": "",
        "land_use_name_ja": "第１種中高層住居専用地域",
        "u_building_coverage_ratio_ja": "",
        "u_floor_area_ratio_ja": "",
        "remark_name_ja": "",
        "future_use_purpose_name_ja": "",
        "remark_renovation_name_ja": ""
      }
    }
  ]
}