{
  "type": "FeatureCollection",
  "features": [
    {
      "type": "Feature",
      "geometry": {
        "type": "Point",
        "coordinates": [
          139.33168709278107,
          35.606736917682184
        ]
      },
      "properties": {
        "point_in_time_name_ja": "2025年第1四半期",
        "land_type_name_ja": "中古マンション等",
        "price_information_category_name_ja": "成約価格情報",
        "prefecture_name_ja": "東京都",
        "city_code": "13209",
        "city_name_ja": "町田市",
        "district_code": "132090010",
        "district_name_ja": "相原町",
        "use_category_name_ja": "",
        "u_transaction_price_total_ja": "1,200万円",
        "u_transaction_price_unit_price_square_meter_ja": "",
        "u_unit_price_per_tsubo_ja": "",
        "u_area_ja": "70㎡",
        "land_shape_name_ja": "",
        "u_land_frontage_ja": "",
        "building_use_name_ja": "",
        "building_structure_name_ja": "ＲＣ",
        "floor_plan_name_ja": "２ＬＤＫ",
        "u_building_total_floor_area_ja": "",
        "u_construction_year_ja": "1996年",
        "front_road_azimuth_name_ja": "",
        "u_front_road_width_ja": "",
        "front_road_type_name_ja": "",
        "land_use_name_ja": "第１種住居地域",
        "u_building_coverage_ratio_ja": "",
        "u_floor_area_ratio_ja": "",
        "remark_name_ja": "",
        "future_use_purpose_name_ja": "",
        "remark_renovation_name_ja": "改装済み"
      }
    },
    {
      "type": "Feature",
      "geometry": {
        "type": "Point",
        "coordinates": [
          139.33168709278107,
          35.606736917682184
        ]
      },
      "properties": {
        "point_in_time_name_ja": "2025年第2四半期",
        "land_type_name_ja": "中古マンション等",
        "price_information_category_name_ja": "成約価格情報",
        "prefecture_name_ja": "東京都",
        "city_code": "13209",
        "city_name_ja": "町田市",
        "district_code": "132090010",
        "district_name_ja": "相原町",
        "use_category_name_ja": "",
        "u_transaction_price_total_ja": "1,900万円",
        "u_transaction_price_unit_price_square_meter_ja": "",
        "u_unit_price_per_tsubo_ja": "",
        "u_area_ja": "75㎡",
        "land_shape_name_ja": "",
        "u_land_frontage_ja": "",
        "building_use_name_ja": "",
        "building_structure_name_ja": "ＲＣ",
        "floor_plan_name_ja": "３ＬＤＫ",
        "u_building_total_floor_area_ja": "",
        "u_construction_year_ja": "1996年",
        "front_road_azimuth_name_ja": "",
        "u_front_road_width_ja": "",
        "front_road_type_name_ja": "",
        "land_use_name_ja": "第１種低層住居専用地域",
        "u_building_coverage_ratio_ja": "",
        "u_floor_area_ratio_ja": "",
        "remark_name_ja": "",
        "future_use_purpose_name_ja": "",
        "remark_renovation_name_ja": ""
      }
    },
    {
      "type": "Feature",
      "geometry": {
        "type": "Point",
        "coordinates": [
          139.3949818611145,
          35.56880080249839
        ]
      },
      "properties": {
        "point_in_time_name_ja": "2025年第4四半期",
        "land_type_name_ja": "中古マンション等",
        "price_information_category_name_ja": "成約価格情報",
        "prefecture_name_ja": "東京都",
        "city_code": "13209",
        "city_name_ja": "町田市",
        "district_code": "132090060",
        "district_name_ja": "小山田桜台",
        "use_category_name_ja": "",
        "u_transaction_price_total_ja": "1,200万円",
        "u_transaction_price_unit_price_square_meter_ja": "",
        "u_unit_price_per_tsubo_ja": "",
        "u_area_ja": "100㎡",
        "land_shape_name_ja": "",
        "u_land_frontage_ja": "",
        "building_use_name_ja": "",
        "building_structure_name_ja": "ＲＣ",
        "floor_plan_name_ja": "３ＬＤＫ",
        "u_building_total_floor_area_ja": "",
        "u_construction_year_ja": "1985年",
        "front_road_azimuth_name_ja": "",
        "u_front_road_width_ja": "",
        "front_road_type_name_ja": "",
        "land_use_name_ja": "第１種中高層住居専用地域",
        "u_building_coverage_ratio_ja": "",
        "u_floor_area_ratio_ja": "",
        "remark_name_ja": "",
        "future_use_purpose_name_ja": "",
        "remark_renovation_name_ja": ""
      }
    },
    {
      "type": "Feature",
      "geometry": {
        "type": "Point",
        "coordinates": [
          139.3949818611145,
          35.56880080249839
        ]
      },
      "properties": {
        "point_in_time_name_ja": "2025年第2四半期",
        "land_type_name_ja": "中古マンション等",
        "price_information_category_name_ja": "成約価格情報",
        "prefecture_name_ja": "東京都",
        "city_code": "13209",
        "city_name_ja": "町田市",
        "district_code": "132090160",
        "district_name_ja": "図師町",
        "use_category_name_ja": "",
        "u_transaction_price_total_ja": "980万円",
        "u_transaction_price_unit_price_square_meter_ja": "",
        "u_unit_price_per_tsubo_ja": "",
        "u_area_ja": "45㎡",
        "land_shape_name_ja": "",
        "u_land_frontage_ja": "",
        "building_use_name_ja": "",
        "building_structure_name_ja": "ＲＣ",
        "floor_plan_name_ja": "２ＤＫ",
        "u_building_total_floor_area_ja": "",
        "u_construction_year_ja": "1993年",
        "front_road_azimuth_name_ja": "",
        "u_front_road_width_ja": "",
        "front_road_type_name_ja": "",
        "land_use_name_ja": "第１種低層住居専用地域",
        "u_building_coverage_ratio_ja": "",
        "u_floor_area_ratio_ja": "",
        "remark_name_ja": "",
        "future_use_purpose_name_ja": "",
        "remark_renovation_name_ja": ""
      }
    },
    {
      "type": "Feature",
      "geometry": {
        "type": "Point",
        "coordinates": [
          139.41926658153534,
          35.55589249392331
        ]
      },
      "properties": {
        "point_in_time_name_ja": "2025年第2四半期",
        "land_type_name_ja": "中古マンション等",
        "price_information_category_name_ja": "成約価格情報",
        "prefecture_name_ja": "東京都",
        "city_code": "13209",
        "city_name_ja": "町田市",
        "district_code": "132090420",
        "district_name_ja": "山崎町",
        "use_category_name_ja": "",
        "u_transaction_price_total_ja": "1,200万円",
        "u_transaction_price_unit_price_square_meter_ja": "",
        "u_unit_price_per_tsubo_ja": "",
        "u_area_ja": "60㎡",
        "land_shape_name_ja": "",
        "u_land_frontage_ja": "",
        "building_use_name_ja": "",
        "building_structure_name_ja": "ＲＣ",
        "floor_plan_name_ja": "２ＬＤＫ",
        "u_building_total_floor_area_ja": "",
        "u_construction_year_ja": "1976年",
        "front_road_azimuth_name_ja": "",
        "u_front_road_width_ja": "",
        "front_road_type_name_ja": "",
        "land_use_name_ja": "第１種中高層住居専用地域",
        "u_building_coverage_ratio_ja": "",
        "u_floor_area_ratio_ja": "",
        "remark_name_ja": "",
        "future_use_purpose_name_ja": "",
        "remark_renovation_name_ja": ""
      }
    },
    {
      "type": "Feature",
      "geometry": {
        "type": "Point",
        "coordinates": [
          139.41926658153534,
          35.55589249392331
        ]
      },
      "properties": {
        "point_in_time_name_ja": "2025年第3四半期",
        "land_type_name_ja": "中古マンション等",
        "price_information_category_name_ja": "成約価格情報",
        "prefecture_name_ja": "東京都",
        "city_code": "13209",
        "city_name_ja": "町田市",
        "district_code": "132090330",
        "district_name_ja": "本町田",
        "use_category_name_ja": "",
        "u_transaction_price_total_ja": "650万円",
        "u_transaction_price_unit_price_square_meter_ja": "",
        "u_unit_price_per_tsubo_ja": "",
        "u_area_ja": "55㎡",
        "land_shape_name_ja": "",
        "u_land_frontage_ja": "",
        "building_use_name_ja": "",
        "building_structure_name_ja": "ＲＣ",
        "floor_plan_name_ja": "３ＤＫ",
        "u_building_total_floor_area_ja": "",
        "u_construction_year_ja": "1970年",
        "front_road_azimuth_name_ja": "",
        "u_front_road_width_ja": "",
        "front_road_type_name_ja": "",
        "land_use_name_ja": "第１種中高層住居専用地域",
        "u_building_coverage_ratio_ja": "",
        "u_floor_area_ratio_ja": "",
        "remark_name_ja": "",
        "future_use_purpose_name_ja": "",
        "remark_renovation_name_ja": ""
      }
    },
    {
      "type": "Feature",
      "geometry": {
        "type": "Point",
        "coordinates": [
          139.44538056850433,
          35.54210911805369
        ]
      },
      "properties": {
        "point_in_time_name_ja": "2025年第1四半期",
        "land_type_name_ja": "中古マンション等",
        "price_information_category_name_ja": "成約価格情報",
        "prefecture_name_ja": "東京都",
        "city_code": "13209",
        "city_name_ja": "町田市",
        "district_code": "132090020",
        "district_name_ja": "旭町",
        "use_category_name_ja": "",
        "u_transaction_price_total_ja": "3,800万円",
        "u_transaction_price_unit_price_square_meter_ja": "",
        "u_unit_price_per_tsubo_ja": "",
        "u_area_ja": "80㎡",
        "land_shape_name_ja": "",
        "u_land_frontage_ja": "",
        "building_use_name_ja": "",
        "building_structure_name_ja": "ＲＣ",
        "floor_plan_name_ja": "２ＬＤＫ",
        "u_building_total_floor_area_ja": "",
        "u_construction_year_ja": "2002年",
        "front_road_azimuth_name_ja": "",
        "u_front_road_width_ja": "",
        "front_road_type_name_ja": "",
        "land_use_name_ja": "準住居地域",
        "u_building_coverage_ratio_ja": "",
        "u_floor_area_ratio_ja": "",
        "remark_name_ja": "",
        "future_use_purpose_name_ja": "",
        "remark_renovation_name_ja": ""
      }
    },
    {
      "type": "Feature",
      "geometry": {
        "type": "Point",
        "coordinates": [
          139.44538056850433,
          35.54210911805369
        ]
      },
      "properties": {
        "point_in_time_name_ja": "2025年第1四半期",
        "land_type_name_ja": "中古マンション等",
        "price_information_category_name_ja": "成約価格情報",
        "prefecture_name_ja": "東京都",
        "city_code": "13209",
        "city_name_ja": "町田市",
        "district_code": "132090020",
        "district_name_ja": "旭町",
        "use_category_name_ja": "",
        "u_transaction_price_total_ja": "2,700万円",
        "u_transaction_price_unit_price_square_meter_ja": "",
        "u_unit_price_per_tsubo_ja": "",
        "u_area_ja": "105㎡",
        "land_shape_name_ja": "",
        "u_land_frontage_ja": "",
        "building_use_name_ja": "",
        "building_structure_name_ja": "ＲＣ",
        "floor_plan_name_ja": "４ＬＤＫ",
        "u_building_total_floor_area_ja": "",
        "u_construction_year_ja": "1987年",
        "front_road_azimuth_name_ja": "",
        "u_front_road_width_ja": "",
        "front_road_type_name_ja": "",
        "land_use_name_ja": "準住居地域",
        "u_building_coverage_ratio_ja": "",
        "u_floor_area_ratio_ja": "",
        "remark_name_ja": "",
        "future_use_purpose_name_ja": "",
        "remark_renovation_name_ja": ""
      }
    },
    {
      "type": "Feature",
      "geometry": {
        "type": "Point",
        "coordinates": [
          139.44538056850433,
          35.54210911805369
        ]
      },
      "properties": {
        "point_in_time_name_ja": "2025年第1四半期",
        "land_type_name_ja": "中古マンション等",
        "price_information_category_name_ja": "成約価格情報",
        "prefecture_name_ja": "東京都",
        "city_code": "13209",
        "city_name_ja": "町田市",
        "district_code": "132090020",
        "district_name_ja": "旭町",
        "use_category_name_ja": "",
        "u_transaction_price_total_ja": "2,400万円",
        "u_transaction_price_unit_price_square_meter_ja": "",
        "u_unit_price_per_tsubo_ja": "",
        "u_area_ja": "90㎡",
        "land_shape_name_ja": "",
        "u_land_frontage_ja": "",
        "building_use_name_ja": "",
        "building_structure_name_ja": "ＲＣ",
        "floor_plan_name_ja": "３ＬＤＫ＋Ｓ",
        "u_building_total_floor_area_ja": "",
        "u_construction_year_ja": "2006年",
        "front_road_azimuth_name_ja": "",
        "u_front_road_width_ja": "",
        "front_road_type_name_ja": "",
        "land_use_name_ja": "工業地域",
        "u_building_coverage_ratio_ja": "",
        "u_floor_area_ratio_ja": "",
        "remark_name_ja": "",
        "future_use_purpose_name_ja": "",
        "remark_renovation_name_ja": ""
      }
    },
    {
      "type": "Feature",
      "geometry": {
        "type": "Point",
        "coordinates": [
          139.44538056850433,
          35.54210911805369
        ]
      },
      "properties": {
        "point_in_time_name_ja": "2025年第1四半期",
        "land_type_name_ja": "中古マンション等",
        "price_information_category_name_ja": "成約価格情報",
        "prefecture_name_ja": "東京都",
        "city_code": "13209",
        "city_name_ja": "町田市",
        "district_code": "132090420",
        "district_name_ja": "山崎町",
        "use_category_name_ja": "",
        "u_transaction_price_total_ja": "1,800万円",
        "u_transaction_price_unit_price_square_meter_ja": "",
        "u_unit_price_per_tsubo_ja": "",
        "u_area_ja": "100㎡",
        "land_shape_name_ja": "",
        "u_land_frontage_ja": "",
        "building_use_name_ja": "",
        "building_structure_name_ja": "ＲＣ",
        "floor_plan_name_ja": "４ＬＤＫ",
        "u_building_total_floor_area_ja": "",
        "u_construction_year_ja": "1988年",
        "front_road_azimuth_name_ja": "",
        "u_front_road_width_ja": "",
        "front_road_type_name_ja": "",
        "land_use_name_ja": "第１種中高層住居専用地域",
        "u_building_coverage_ratio_ja": "",
        "u_floor_area_ratio_ja": "",
        "remark_name_ja": "",
        "future_use_purpose_name_ja": "",
        "remark_renovation_name_ja": ""
      }
    },
    {
      "type": "Feature",
      "geometry": {
        "type": "Point",
        "coordinates": [
          139.44538056850433,
          35.54210911805369
        ]
      },
      "properties": {
        "point_in_time_name_ja": "2025年第1四半期",
        "land_type_name_ja": "中古マンション等",
        "price_information_category_name_ja": "成約価格情報",
        "prefecture_name_ja": "東京都",
        "city_code": "13209",
        "city_name_ja": "町田市",
        "district_code": "132090420",
        "district_name_ja": "山崎町",
        "use_category_name_ja": "",
        "u_transaction_price_total_ja": "2,000万円",
        "u_transaction_price_unit_price_square_meter_ja": "",
        "u_unit_price_per_tsubo_ja": "",
        "u_area_ja": "90㎡",
        "land_shape_name_ja": "",
        "u_land_frontage_ja": "",
        "building_use_name_ja": "",
        "building_structure_name_ja": "ＲＣ",
        "floor_plan_name_ja": "３ＬＤＫ",
        "u_building_total_floor_area_ja": "",
        "u_construction_year_ja": "1987年",
        "front_road_azimuth_name_ja": "",
        "u_front_road_width_ja": "",
        "front_road_type_name_ja": "",
        "land_use_name_ja": "第１種中高層住居専用地域",
        "u_building_coverage_ratio_ja": "",
        "u_floor_area_ratio_ja": "",
        "remark_name_ja": "",
        "future_use_purpose_name_ja": "",
        "remark_renovation_name_ja": "改装済み"
      }
    },
    {
      "type": "Feature",
      "geometry": {
        "type": "Point",
        "coordinates": [
          139.44538056850433,
          35.54210911805369
        ]
      },
      "properties": {
        "point_in_time_name_ja": "2025年第1四半期",
        "land_type_name_ja": "中古マンション等",
        "price_information_category_name_ja": "成約価格情報",
        "prefecture_name_ja": "東京都",
        "city_code": "13209",
        "city_name_ja": "町田市",
        "district_code": "132090420",
        "district_name_ja": "山崎町",
        "use_category_name_ja": "",
        "u_transaction_price_total_ja": "1,100万円",
        "u_transaction_price_unit_price_square_meter_ja": "",
        "u_unit_price_per_tsubo_ja": "",
        "u_area_ja": "60㎡",
        "land_shape_name_ja": "",
        "u_land_frontage_ja": "",
        "building_use_name_ja": "",
        "building_structure_name_ja": "ＲＣ",
        "floor_plan_name_ja": "２ＬＤＫ",
        "u_building_total_floor_area_ja": "",
        "u_construction_year_ja": "1976年",
        "front_road_azimuth_name_ja": "",
        "u_front_road_width_ja": "",
        "front_road_type_name_ja": "",
        "land_use_name_ja": "",
        "u_building_coverage_ratio_ja": "",
        "u_floor_area_ratio_ja": "",
        "remark_name_ja": "",
        "future_use_purpose_name_ja": "",
        "remark_renovation_name_ja": ""
      }
    },
    {
      "type": "Feature",
      "geometry": {
        "type": "Point",
        "coordinates": [
          139.44538056850433,
          35.54210911805369
        ]
      },
      "properties": {
        "point_in_time_name_ja": "2025年第2四半期",
        "land_type_name_ja": "中古マンション等",
        "price_information_category_name_ja": "成約価格情報",
        "prefecture_name_ja": "東京都",
        "city_code": "13209",
        "city_name_ja": "町田市",
        "district_code": "132090420",
        "district_name_ja": "山崎町",
        "use_category_name_ja": "",
        "u_transaction_price_total_ja": "1,700万円",
        "u_transaction_price_unit_price_square_meter_ja": "",
        "u_unit_price_per_tsubo_ja": "",
        "u_area_ja": "80㎡",
        "land_shape_name_ja": "",
        "u_land_frontage_ja": "",
        "building_use_name_ja": "",
        "building_structure_name_ja": "ＲＣ",
        "floor_plan_name_ja": "３ＬＤＫ＋Ｓ",
        "u_building_total_floor_area_ja": "",
        "u_construction_year_ja": "1987年",
        "front_road_azimuth_name_ja": "",
        "u_front_road_width_ja": "",
        "front_road_type_name_ja": "",
        "land_use_name_ja": "第１種中高層住居専用地域",
        "u_building_coverage_ratio_ja": "",
        "u_floor_area_ratio_ja": "",
        "remark_name_ja": "",
        "future_use_purpose_name_ja": "",
        "remark_renovation_name_ja": ""
      }
    },
    {
      "type": "Feature",
      "geometry": {
        "type": "Point",
        "coordinates": [
          139.44538056850433,
          35.54210911805369
        ]
      },
      "properties": {
        "point_in_time_name_ja": "2025年第2四半期",
        "land_type_name_ja": "中古マンション等",
        "price_information_category_name_ja": "成約価格情報",
        "prefecture_name_ja": "東京都",
        "city_code": "13209",
        "city_name_ja": "町田市",
        "district_code": "132090420",
        "district_name_ja": "山崎町",
        "use_category_name_ja": "",
        "u_transaction_price_total_ja": "2,200万円",
        "u_transaction_price_unit_price_square_meter_ja": "",
        "u_unit_price_per_tsubo_ja": "",
        "u_area_ja": "95㎡",
        "land_shape_name_ja": "",
        "u_land_frontage_ja": "",
        "building_use_name_ja": "",
        "building_structure_name_ja": "ＲＣ",
        "floor_plan_name_ja": "４ＬＤＫ＋Ｓ",
        "u_building_total_floor_area_ja": "",
        "u_construction_year_ja": "1985年",
        "front_road_azimuth_name_ja": "",
        "u_front_road_width_ja": "",
        "front_road_type_name_ja": "",
        "land_use_name_ja": "第１種中高層住居専用地域",
        "u_building_coverage_ratio_ja": "",
        "u_floor_area_ratio_ja": "",
        "remark_name_ja": "",
        "future_use_purpose_name_ja": "",
        "remark_renovation_name_ja": ""
      }
    },
    {
      "type": "Feature",
      "geometry": {
        "type": "Point",
        "coordinates": [
          139.44538056850433,
          35.54210911805369
        ]
      },
      "properties": {
        "point_in_time_name_ja": "2025年第2四半期",
        "land_type_name_ja": "中古マンション等",
        "price_information_category_name_ja": "成約価格情報",
        "prefecture_name_ja": "東京都",
        "city_code": "13209",
        "city_name_ja": "町田市",
        "district_code": "132090420",
        "district_name_ja": "山崎町",
        "use_category_name_ja": "",
        "u_transaction_price_total_ja": "1,400万円",
        "u_transaction_price_unit_price_square_meter_ja": "",
        "u_unit_price_per_tsubo_ja": "",
        "u_area_ja": "80㎡",
        "land_shape_name_ja": "",
        "u_land_frontage_ja": "",
        "building_use_name_ja": "",
        "building_structure_name_ja": "ＲＣ",
        "floor_plan_name_ja": "３ＬＤＫ",
        "u_building_total_floor_area_ja": "",
        "u_construction_year_ja": "1986年",
        "front_road_azimuth_name_ja": "",
        "u_front_road_width_ja": "",
        "front_road_type_name_ja": "",
        "land_use_name_ja": "第１種中高層住居専用地域",
        "u_building_coverage_ratio_ja": "",
        "u_floor_area_ratio_ja": "",
        "remark_name_ja": "",
        "future_use_purpose_name_ja": "",
        "remark_renovation_name_ja": ""
      }
    },
    {
      "type": "Feature",
      "geometry": {
        "type": "Point",
        "coordinates": [
          139.44538056850433,
          35.54210911805369
        ]
      },
      "properties": {
        "point_in_time_name_ja": "2025年第2四半期",
        "land_type_name_ja": "中古マンション等",
        "price_information_category_name_ja": "成約価格情報",
        "prefecture_name_ja": "東京都",
        "city_code": "13209",
        "city_name_ja": "町田市",
        "district_code": "132090420",
        "district_name_ja": "山崎町",
        "use_category_name_ja": "",
        "u_transaction_price_total_ja": "1,300万円",
        "u_transaction_price_unit_price_square_meter_ja": "",
        "u_unit_price_per_tsubo_ja": "",
        "u_area_ja": "90㎡",
        "land_shape_name_ja": "",
        "u_land_frontage_ja": "",
        "building_use_name_ja": "",
        "building_structure_name_ja": "ＲＣ",
        "floor_plan_name_ja": "３ＬＤＫ",
        "u_building_total_floor_area_ja": "",
        "u_construction_year_ja": "1987年",
        "front_road_azimuth_name_ja": "",
        "u_front_road_width_ja": "",
        "front_road_type_name_ja": "",
        "land_use_name_ja": "第１種中高層住居専用地域",
        "u_building_coverage_ratio_ja": "",
        "u_floor_area_ratio_ja": "",
        "remark_name_ja": "",
        "future_use_purpose_name_ja": "",
        "remark_renovation_name_ja": ""
      }
    },
    {
      "type": "Feature",
      "geometry": {
        "type": "Point",
        "coordinates": [
          139.44538056850433,
          35.54210911805369
        ]
      },
      "properties": {
        "point_in_time_name_ja": "2025年第3四半期",
        "land_type_name_ja": "中古マンション等",
        "price_information_category_name_ja": "成約価格情報",
        "prefecture_name_ja": "東京都",
        "city_code": "13209",
        "city_name_ja": "町田市",
        "district_code": "132090420",
        "district_name_ja": "山崎町",
        "use_category_name_ja": "",
        "u_transaction_price_total_ja": "2,000万円",
        "u_transaction_price_unit_price_square_meter_ja": "",
        "u_unit_price_per_tsubo_ja": "",
        "u_area_ja": "100㎡",
        "land_shape_name_ja": "",
        "u_land_frontage_ja": "",
        "building_use_name_ja": "",
        "building_structure_name_ja": "ＲＣ",
        "floor_plan_name_ja": "４ＬＤＫ",
        "u_building_total_floor_area_ja": "",
        "u_construction_year_ja": "1988年",
        "front_road_azimuth_name_ja": "",
        "u_front_road_width_ja": "",
        "front_road_type_name_ja": "",
        "land_use_name_ja": "第１種中高層住居専用地域",
        "u_building_coverage_ratio_ja": "",
        "u_floor_area_ratio_ja": "",
        "remark_name_ja": "",
        "future_use_purpose_name_ja": "",
        "remark_renovation_name_ja": ""
      }
    },
    {
      "type": "Feature",
      "geometry": {
        "type": "Point",
        "coordinates": [
          139.44538056850433,
          35.54210911805369
        ]
      },
      "properties": {
        "point_in_time_name_ja": "2025年第3四半期",
        "land_type_name_ja": "中古マンション等",
        "price_information_category_name_ja": "成約価格情報",
        "prefecture_name_ja": "東京都",
        "city_code": "13209",
        "city_name_ja": "町田市",
        "district_code": "132090420",
        "district_name_ja": "山崎町",
        "use_category_name_ja": "",
        "u_transaction_price_total_ja": "750万円",
        "u_transaction_price_unit_price_square_meter_ja": "",
        "u_unit_price_per_tsubo_ja": "",
        "u_area_ja": "60㎡",
        "land_shape_name_ja": "",
        "u_land_frontage_ja": "",
        "building_use_name_ja": "",
        "building_structure_name_ja": "ＲＣ",
        "floor_plan_name_ja": "１Ｒ",
        "u_building_total_floor_area_ja": "",
        "u_construction_year_ja": "1976年",
        "front_road_azimuth_name_ja": "",
        "u_front_road_width_ja": "",
        "front_road_type_name_ja": "",
        "land_use_name_ja": "第１種中高層住居専用地域",
        "u_building_coverage_ratio_ja": "",
        "u_floor_area_ratio_ja": "",
        "remark_name_ja": "",
        "future_use_purpose_name_ja": "",
        "remark_renovation_name_ja": ""
      }
    },
    {
      "type": "Feature",
      "geometry": {
        "type": "Point",
        "coordinates": [
          139.44538056850433,
          35.54210911805369
        ]
      },
      "properties": {
        "point_in_time_name_ja": "2025年第4四半期",
        "land_type_name_ja": "中古マンション等",
        "price_information_category_name_ja": "成約価格情報",
        "prefecture_name_ja": "東京都",
        "city_code": "13209",
        "city_name_ja": "町田市",
        "district_code": "132090420",
        "district_name_ja": "山崎町",
        "use_category_name_ja": "",
        "u_transaction_price_total_ja": "1,700万円",
        "u_transaction_price_unit_price_square_meter_ja": "",
        "u_unit_price_per_tsubo_ja": "",
        "u_area_ja": "90㎡",
        "land_shape_name_ja": "",
        "u_land_frontage_ja": "",
        "building_use_name_ja": "",
        "building_structure_name_ja": "ＲＣ",
        "floor_plan_name_ja": "３ＬＤＫ＋Ｓ",
        "u_building_total_floor_area_ja": "",
        "u_construction_year_ja": "1988年",
        "front_road_azimuth_name_ja": "",
        "u_front_road_width_ja": "",
        "front_road_type_name_ja": "",
        "land_use_name_ja": "第１種中高層住居専用地域",
        "u_building_coverage_ratio_ja": "",
        "u_floor_area_ratio_ja": "",
        "remark_name_ja": "",
        "future_use_purpose_name_ja": "",
        "remark_renovation_name_ja": ""
      }
    },
    {
      "type": "Feature",
      "geometry": {
        "type": "Point",
        "coordinates": [
          139.44538056850433,
          35.54210911805369
        ]
      },
      "properties": {
        "point_in_time_name_ja": "2025年第1四半期",
        "land_type_name_ja": "中古マンション等",
        "price_information_category_name_ja": "成約価格情報",
        "prefecture_name_ja": "東京都",
        "city_code": "13209",
        "city_name_ja": "町田市",
        "district_code": "132090060",
        "district_name_ja": "小山田桜台",
        "use_category_name_ja": "",
        "u_transaction_price_total_ja": "1,600万円",
        "u_transaction_price_unit_price_square_meter_ja": "",
        "u_unit_price_per_tsubo_ja": "",
        "u_area_ja": "95㎡",
        "land_shape_name_ja": "",
        "u_land_frontage_ja": "",
        "building_use_name_ja": "",
        "building_structure_name_ja": "ＲＣ",
        "floor_plan_name_ja": "３ＬＤＫ",
        "u_building_total_floor_area_ja": "",
        "u_construction_year_ja": "1984年",
        "front_road_azimuth_name_ja": "",
        "u_front_road_width_ja": "",
        "front_road_type_name_ja": "",
        "land_use_name_ja": "第１種中高層住居専用地域",
        "u_building_coverage_ratio_ja": "",
        "u_floor_area_ratio_ja": "",
        "remark_name_ja": "",
        "future_use_purpose_name_ja": "",
        "remark_renovation_name_ja": ""
      }
    },
    {
      "type": "Feature",
      "geometry": {
        "type": "Point",
        "coordinates": [
          139.44538056850433,
          35.54210911805369
        ]
      },
      "properties": {
        "point_in_time_name_ja": "2025年第1四半期",
        "land_type_name_ja": "中古マンション等",
        "price_information_category_name_ja": "成約価格情報",
        "prefecture_name_ja": "東京都",
        "city_code": "13209",
        "city_name_ja": "町田市",
        "district_code": "132090060",
        "district_name_ja": "小山田桜台",
        "use_category_name_ja": "",
        "u_transaction_price_total_ja": "1,300万円",
        "u_transaction_price_unit_price_square_meter_ja": "",
        "u_unit_price_per_tsubo_ja": "",
        "u_area_ja": "100㎡",
        "land_shape_name_ja": "",
        "u_land_frontage_ja": "",
        "building_use_name_ja": "",
        "building_structure_name_ja": "ＲＣ",
        "floor_plan_name_ja": "３ＬＤＫ",
        "u_building_total_floor_area_ja": "",
        "u_construction_year_ja": "1984年",
        "front_road_azimuth_name_ja": "",
        "u_front_road_width_ja": "",
        "front_road_type_name_ja": "",
        "land_use_name_ja": "第１種中高層住居専用地域",
        "u_building_coverage_ratio_ja": "",
        "u_floor_area_ratio_ja": "",
        "remark_name_ja": "",
        "future_use_purpose_name_ja": "",
        "remark_renovation_name_ja": ""
      }
    },
    {
      "type": "Feature",
      "geometry": {
        "type": "Point",
        "coordinates": [
          139.44538056850433,
          35.54210911805369
        ]
      },
      "properties": {
        "point_in_time_name_ja": "2025年第1四半期",
        "land_type_name_ja": "中古マンション等",
        "price_information_category_name_ja": "成約価格情報",
        "prefecture_name_ja": "東京都",
        "city_code": "13209",
        "city_name_ja": "町田市",
        "district_code": "132090100",
        "district_name_ja": "金森",
        "use_category_name_ja": "",
        "u_transaction_price_total_ja": "1,800万円",
        "u_transaction_price_unit_price_square_meter_ja": "",
        "u_unit_price_per_tsubo_ja": "",
        "u_area_ja": "35㎡",
        "land_shape_name_ja": "",
        "u_land_frontage_ja": "",
        "building_use_name_ja": "",
        "building_structure_name_ja": "ＲＣ",
        "floor_plan_name_ja": "２Ｋ",
        "u_building_total_floor_area_ja": "",
        "u_construction_year_ja": "2007年",
        "front_road_azimuth_name_ja": "",
        "u_front_road_width_ja": "",
        "front_road_type_name_ja": "",
        "land_use_name_ja": "近隣商業地域",
        "u_building_coverage_ratio_ja": "",
        "u_floor_area_ratio_ja": "",
        "remark_name_ja": "",
        "future_use_purpose_name_ja": "",
        "remark_renovation_name_ja": ""
      }
    },
    {
      "type": "Feature",
      "geometry": {
        "type": "Point",
        "coordinates": [
          139.44538056850433,
          35.54210911805369
        ]
      },
      "properties": {
        "point_in_time_name_ja": "2025年第1四半期",
        "land_type_name_ja": "中古マンション等",
        "price_information_category_name_ja": "成約価格情報",
        "prefecture_name_ja": "東京都",
        "city_code": "13209",
        "city_name_ja": "町田市",
        "district_code": "132090170",
        "district_name_ja": "忠生",
        "use_category_name_ja": "",
        "u_transaction_price_total_ja": "2,400万円",
        "u_transaction_price_unit_price_square_meter_ja": "",
        "u_unit_price_per_tsubo_ja": "",
        "u_area_ja": "80㎡",
        "land_shape_name_ja": "",
        "u_land_frontage_ja": "",
        "building_use_name_ja": "",
        "building_structure_name_ja": "ＲＣ",
        "floor_plan_name_ja": "３ＬＤＫ",
        "u_building_total_floor_area_ja": "",
        "u_construction_year_ja": "2007年",
        "front_road_azimuth_name_ja": "",
        "u_front_road_width_ja": "",
        "front_road_type_name_ja": "",
        "land_use_name_ja": "準工業地域",
        "u_building_coverage_ratio_ja": "",
        "u_floor_area_ratio_ja": "",
        "remark_name_ja": "",
        "future_use_purpose_name_ja": "",
        "remark_renovation_name_ja": ""
      }
    },
    {
      "type": "Feature",
      "geometry": {
        "type": "Point",
        "coordinates": [
          139.44538056850433,
          35.54210911805369
        ]
      },
      "properties": {
        "point_in_time_name_ja": "2025年第1四半期",
        "land_type_name_ja": "中古マンション等",
        "price_information_category_name_ja": "成約価格情報",
        "prefecture_name_ja": "東京都",
        "city_code": "13209",
        "city_name_ja": "町田市",
        "district_code": "132090330",
        "district_name_ja": "本町田",
        "use_category_name_ja": "",
        "u_transaction_price_total_ja": "460万円",
        "u_transaction_price_unit_price_square_meter_ja": "",
        "u_unit_price_per_tsubo_ja": "",
        "u_area_ja": "55㎡",
        "land_shape_name_ja": "",
        "u_land_frontage_ja": "",
        "building_use_name_ja": "",
        "building_structure_name_ja": "ＲＣ",
        "floor_plan_name_ja": "３ＤＫ",
        "u_building_total_floor_area_ja": "",
        "u_construction_year_ja": "1970年",
        "front_road_azimuth_name_ja": "",
        "u_front_road_width_ja": "",
        "front_road_type_name_ja": "",
        "land_use_name_ja": "",
        "u_building_coverage_ratio_ja": "",
        "u_floor_area_ratio_ja": "",
        "remark_name_ja": "",
        "future_use_purpose_name_ja": "",
        "remark_renovation_name_ja": ""
      }
    },
    {
      "type": "Feature",
      "geometry": {
        "type": "Point",
        "coordinates": [
          139.44538056850433,
          35.54210911805369
        ]
      },
      "properties": {
        "point_in_time_name_ja": "2025年第1四半期",
        "land_type_name_ja": "中古マンション等",
        "price_information_category_name_ja": "成約価格情報",
        "prefecture_name_ja": "東京都",
        "city_code": "13209",
        "city_name_ja": "町田市",
        "district_code": "132090390",
        "district_name_ja": "森野",
        "use_category_name_ja": "",
        "u_transaction_price_total_ja": "3,200万円",
        "u_transaction_price_unit_price_square_meter_ja": "",
        "u_unit_price_per_tsubo_ja": "",
        "u_area_ja": "55㎡",
        "land_shape_name_ja": "",
        "u_land_frontage_ja": "",
        "building_use_name_ja": "",
        "building_structure_name_ja": "ＳＲＣ",
        "floor_plan_name_ja": "１ＬＤＫ",
        "u_building_total_floor_area_ja": "",
        "u_construction_year_ja": "1999年",
        "front_road_azimuth_name_ja": "",
        "u_front_road_width_ja": "",
        "front_road_type_name_ja": "",
        "land_use_name_ja": "近隣商業地域",
        "u_building_coverage_ratio_ja": "",
        "u_floor_area_ratio_ja": "",
        "remark_name_ja": "",
        "future_use_purpose_name_ja": "",
        "remark_renovation_name_ja": ""
      }
    },
    {
      "type": "Feature",
      "geometry": {
        "type": "Point",
        "coordinates": [
          139.44538056850433,
          35.54210911805369
        ]
      },
      "properties": {
        "point_in_time_name_ja": "2025年第1四半期",
        "land_type_name_ja": "中古マンション等",
        "price_information_category_name_ja": "成約価格情報",
        "prefecture_name_ja": "東京都",
        "city_code": "13209",
        "city_name_ja": "町田市",
        "district_code": "132090390",
        "district_name_ja": "森野",
        "use_category_name_ja": "",
        "u_transaction_price_total_ja": "2,800万円",
        "u_transaction_price_unit_price_square_meter_ja": "",
        "u_unit_price_per_tsubo_ja": "",
        "u_area_ja": "60㎡",
        "land_shape_name_ja": "",
        "u_land_frontage_ja": "",
        "building_use_name_ja": "",
        "building_structure_name_ja": "ＲＣ",
        "floor_plan_name_ja": "２ＬＤＫ＋Ｓ",
        "u_building_total_floor_area_ja": "",
        "u_construction_year_ja": "1997年",
        "front_road_azimuth_name_ja": "",
        "u_front_road_width_ja": "",
        "front_road_type_name_ja": "",
        "land_use_name_ja": "近隣商業地域",
        "u_building_coverage_ratio_ja": "",
        "u_floor_area_ratio_ja": "",
        "remark_name_ja": "",
        "future_use_purpose_name_ja": "",
        "remark_renovation_name_ja": ""
      }
    },
    {
      "type": "Feature",
      "geometry": {
        "type": "Point",
        "coordinates": [
          139.44538056850433,
          35.54210911805369
        ]
      },
      "properties": {
        "point_in_time_name_ja": "2025年第1四半期",
        "land_type_name_ja": "中古マンション等",
        "price_information_category_name_ja": "成約価格情報",
        "prefecture_name_ja": "東京都",
        "city_code": "13209",
        "city_name_ja": "町田市",
        "district_code": "132090390",
        "district_name_ja": "森野",
        "use_category_name_ja": "",
        "u_transaction_price_total_ja": "1,100万円",
        "u_transaction_price_unit_price_square_meter_ja": "",
        "u_unit_price_per_tsubo_ja": "",
        "u_area_ja": "30㎡",
        "land_shape_name_ja": "",
        "u_land_frontage_ja": "",
        "building_use_name_ja": "",
        "building_structure_name_ja": "ＳＲＣ",
        "floor_plan_name_ja": "１ＤＫ",
        "u_building_total_floor_area_ja": "",
        "u_construction_year_ja": "1976年",
        "front_road_azimuth_name_ja": "",
        "u_front_road_width_ja": "",
        "front_road_type_name_ja": "",
        "land_use_name_ja": "近隣商業地域",
        "u_building_coverage_ratio_ja": "",
        "u_floor_area_ratio_ja": "",
        "remark_name_ja": "",
        "future_use_purpose_name_ja": "",
        "remark_renovation_name_ja": ""
      }
    },
    {
      "type": "Feature",
      "geometry": {
        "type": "Point",
        "coordinates": [
          139.44538056850433,
          35.54210911805369
        ]
      },
      "properties": {
        "point_in_time_name_ja": "2025年第1四半期",
        "land_type_name_ja": "中古マンション等",
        "price_information_category_name_ja": "成約価格情報",
        "prefecture_name_ja": "東京都",
        "city_code": "13209",
        "city_name_ja": "町田市",
        "district_code": "132090390",
        "district_name_ja": "森野",
        "use_category_name_ja": "",
        "u_transaction_price_total_ja": "3,900万円",
        "u_transaction_price_unit_price_square_meter_ja": "",
        "u_unit_price_per_tsubo_ja": "",
        "u_area_ja": "60㎡",
        "land_shape_name_ja": "",
        "u_land_frontage_ja": "",
        "building_use_name_ja": "",
        "building_structure_name_ja": "ＳＲＣ",
        "floor_plan_name_ja": "３ＤＫ",
        "u_building_total_floor_area_ja": "",
        "u_construction_year_ja": "1999年",
        "front_road_azimuth_name_ja": "",
        "u_front_road_width_ja": "",
        "front_road_type_name_ja": "",
        "land_use_name_ja": "近隣商業地域",
        "u_building_coverage_ratio_ja": "",
        "u_floor_area_ratio_ja": "",
        "remark_name_ja": "",
        "future_use_purpose_name_ja": "",
        "remark_renovation_name_ja": ""
      }
    },
    {
      "type": "Feature",
      "geometry": {
        "type": "Point",
        "coordinates": [
          139.44538056850433,
          35.54210911805369
        ]
      },
      "properties": {
        "point_in_time_name_ja": "2025年第2四半期",
        "land_type_name_ja": "中古マンション等",
        "price_information_category_name_ja": "成約価格情報",
        "prefecture_name_ja": "東京都",
        "city_code": "13209",
        "city_name_ja": "町田市",
        "district_code": "132090170",
        "district_name_ja": "忠生",
        "use_category_name_ja": "",
        "u_transaction_price_total_ja": "2,000万円",
        "u_transaction_price_unit_price_square_meter_ja": "",
        "u_unit_price_per_tsubo_ja": "",
        "u_area_ja": "70㎡",
        "land_shape_name_ja": "",
        "u_land_frontage_ja": "",
        "building_use_name_ja": "",
        "building_structure_name_ja": "ＲＣ",
        "floor_plan_name_ja": "３ＬＤＫ",
        "u_building_total_floor_area_ja": "",
        "u_construction_year_ja": "1992年",
        "front_road_azimuth_name_ja": "",
        "u_front_road_width_ja": "",
        "front_road_type_name_ja": "",
        "land_use_name_ja": "第２種中高層住居専用地域",
        "u_building_coverage_ratio_ja": "",
        "u_floor_area_ratio_ja": "",
        "remark_name_ja": "",
        "future_use_purpose_name_ja": "",
        "remark_renovation_name_ja": ""
      }
    },
    {
      "type": "Feature",
      "geometry": {
        "type": "Point",
        "coordinates": [
          139.44538056850433,
          35.54210911805369
        ]
      },
      "properties": {
        "point_in_time_name_ja": "2025年第2四半期",
        "land_type_name_ja": "中古マンション等",
        "price_information_category_name_ja": "成約価格情報",
        "prefecture_name_ja": "東京都",
        "city_code": "13209",
        "city_name_ja": "町田市",
        "district_code": "132090170",
        "district_name_ja": "忠生",
        "use_category_name_ja": "",
        "u_transaction_price_total_ja": "2,500万円",
        "u_transaction_price_unit_price_square_meter_ja": "",
        "u_unit_price_per_tsubo_ja": "",
        "u_area_ja": "70㎡",
        "land_shape_name_ja": "",
        "u_land_frontage_ja": "",
        "building_use_name_ja": "",
        "building_structure_name_ja": "ＲＣ",
        "floor_plan_name_ja": "３ＬＤＫ",
        "u_building_total_floor_area_ja": "",
        "u_construction_year_ja": "2008年",
        "front_road_azimuth_name_ja": "",
        "u_front_road_width_ja": "",
        "front_road_type_name_ja": "",
        "land_use_name_ja": "準住居地域",
        "u_building_coverage_ratio_ja": "",
        "u_floor_area_ratio_ja": "",
        "remark_name_ja": "",
        "future_use_purpose_name_ja": "",
        "remark_renovation_name_ja": ""
      }
    },
    {
      "type": "Feature",
      "geometry": {
        "type": "Point",
        "coordinates": [
          139.44538056850433,
          35.54210911805369
        ]
      },
      "properties": {
        "point_in_time_name_ja": "2025年第2四半期",
        "land_type_name_ja": "中古マンション等",
        "price_information_category_name_ja": "成約価格情報",
        "prefecture_name_ja": "東京都",
        "city_code": "13209",
        "city_name_ja": "町田市",
        "district_code": "132090330",
        "district_name_ja": "本町田",
        "use_category_name_ja": "",
        "u_transaction_price_total_ja": "490万円",
        "u_transaction_price_unit_price_square_meter_ja": "",
        "u_unit_price_per_tsubo_ja": "",
        "u_area_ja": "55㎡",
        "land_shape_name_ja": "",
        "u_land_frontage_ja": "",
        "building_use_name_ja": "",
        "building_structure_name_ja": "ＲＣ",
        "floor_plan_name_ja": "２ＬＤＫ",
        "u_building_total_floor_area_ja": "",
        "u_construction_year_ja": "1970年",
        "front_road_azimuth_name_ja": "",
        "u_front_road_width_ja": "",
        "front_road_type_name_ja": "",
        "land_use_name_ja": "第１種中高層住居専用地域",
        "u_building_coverage_ratio_ja": "",
        "u_floor_area_ratio_ja": "",
        "remark_name_ja": "",
        "future_use_purpose_name_ja": "",
        "remark_renovation_name_ja": ""
      }
    },
    {
      "type": "Feature",
      "geometry": {
        "type": "Point",
        "coordinates": [
          139.44538056850433,
          35.54210911805369
        ]
      },
      "properties": {
        "point_in_time_name_ja": "2025年第2四半期",
        "land_type_name_ja": "中古マンション等",
        "price_information_category_name_ja": "成約価格情報",
        "prefecture_name_ja": "東京都",
        "city_code": "13209",
        "city_name_ja": "町田市",
        "district_code": "132090330",
        "district_name_ja": "本町田",
        "use_category_name_ja": "",
        "u_transaction_price_total_ja": "1,500万円",
        "u_transaction_price_unit_price_square_meter_ja": "",
        "u_unit_price_per_tsubo_ja": "",
        "u_area_ja": "55㎡",
        "land_shape_name_ja": "",
        "u_land_frontage_ja": "",
        "building_use_name_ja": "",
        "building_structure_name_ja": "ＲＣ",
        "floor_plan_name_ja": "２ＬＤＫ",
        "u_building_total_floor_area_ja": "",
        "u_construction_year_ja": "1970年",
        "front_road_azimuth_name_ja": "",
        "u_front_road_width_ja": "",
        "front_road_type_name_ja": "",
        "land_use_name_ja": "第１種中高層住居専用地域",
        "u_building_coverage_ratio_ja": "",
        "u_floor_area_ratio_ja": "",
        "remark_name_ja": "",
        "future_use_purpose_name_ja": "",
        "remark_renovation_name_ja": ""
      }
    },
    {
      "type": "Feature",
      "geometry": {
        "type": "Point",
        "coordinates": [
          139.44538056850433,
          35.54210911805369
        ]
      },
      "properties": {
        "point_in_time_name_ja": "2025年第2四半期",
        "land_type_name_ja": "中古マンション等",
        "price_information_category_name_ja": "成約価格情報",
        "prefecture_name_ja": "東京都",
        "city_code": "13209",
        "city_name_ja": "町田市",
        "district_code": "132090330",
        "district_name_ja": "本町田",
        "use_category_name_ja": "",
        "u_transaction_price_total_ja": "950万円",
        "u_transaction_price_unit_price_square_meter_ja": "",
        "u_unit_price_per_tsubo_ja": "",
        "u_area_ja": "55㎡",
        "land_shape_name_ja": "",
        "u_land_frontage_ja": "",
        "building_use_name_ja": "",
        "building_structure_name_ja": "ＲＣ",
        "floor_plan_name_ja": "１ＬＤＫ",
        "u_building_total_floor_area_ja": "",
        "u_construction_year_ja": "1970年",
        "front_road_azimuth_name_ja": "",
        "u_front_road_width_ja": "",
        "front_road_type_name_ja": "",
        "land_use_name_ja": "第１種中高層住居専用地域",
        "u_building_coverage_ratio_ja": "",
        "u_floor_area_ratio_ja": "",
        "remark_name_ja": "",
        "future_use_purpose_name_ja": "",
        "remark_renovation_name_ja": ""
      }
    },
    {
      "type": "Feature",
      "geometry": {
        "type": "Point",
        "coordinates": [
          139.44538056850433,
          35.54210911805369
        ]
      },
      "properties": {
        "point_in_time_name_ja": "2025年第2四半期",
        "land_type_name_ja": "中古マンション等",
        "price_information_category_name_ja": "成約価格情報",
        "prefecture_name_ja": "東京都",
        "city_code": "13209",
        "city_name_ja": "町田市",
        "district_code": "132090390",
        "district_name_ja": "森野",
        "use_category_name_ja": "",
        "u_transaction_price_total_ja": "1,200万円",
        "u_transaction_price_unit_price_square_meter_ja": "",
        "u_unit_price_per_tsubo_ja": "",
        "u_area_ja": "65㎡",
        "land_shape_name_ja": "",
        "u_land_frontage_ja": "",
        "building_use_name_ja": "",
        "building_structure_name_ja": "ＲＣ",
        "floor_plan_name_ja": "２ＬＤＫ",
        "u_building_total_floor_area_ja": "",
        "u_construction_year_ja": "1977年",
        "front_road_azimuth_name_ja": "",
        "u_front_road_width_ja": "",
        "front_road_type_name_ja": "",
        "land_use_name_ja": "準住居地域",
        "u_building_coverage_ratio_ja": "",
        "u_floor_area_ratio_ja": "",
        "remark_name_ja": "",
        "future_use_purpose_name_ja": "",
        "remark_renovation_name_ja": ""
      }
    },
    {
      "type": "Feature",
      "geometry": {
        "type": "Point",
        "coordinates": [
          139.44538056850433,
          35.54210911805369
        ]
      },
      "properties": {
        "point_in_time_name_ja": "2025年第2四半期",
        "land_type_name_ja": "中古マンション等",
        "price_information_category_name_ja": "成約価格情報",
        "prefecture_name_ja": "東京都",
        "city_code": "13209",
        "city_name_ja": "町田市",
        "district_code": "132090390",
        "district_name_ja": "森野",
        "use_category_name_ja": "",
        "u_transaction_price_total_ja": "3,100万円",
        "u_transaction_price_unit_price_square_meter_ja": "",
        "u_unit_price_per_tsubo_ja": "",
        "u_area_ja": "60㎡",
        "land_shape_name_ja": "",
        "u_land_frontage_ja": "",
        "building_use_name_ja": "",
        "building_structure_name_ja": "ＳＲＣ",
        "floor_plan_name_ja": "２ＤＫ＋Ｓ",
        "u_building_total_floor_area_ja": "",
        "u_construction_year_ja": "1999年",
        "front_road_azimuth_name_ja": "",
        "u_front_road_width_ja": "",
        "front_road_type_name_ja": "",
        "land_use_name_ja": "近隣商業地域",
        "u_building_coverage_ratio_ja": "",
        "u_floor_area_ratio_ja": "",
        "remark_name_ja": "",
        "future_use_purpose_name_ja": "",
        "remark_renovation_name_ja": ""
      }
    },
    {
      "type": "Feature",
      "geometry": {
        "type": "Point",
        "coordinates": [
          139.44538056850433,
          35.54210911805369
        ]
      },
      "properties": {
        "point_in_time_name_ja": "2025年第2四半期",
        "land_type_name_ja": "中古マンション等",
        "price_information_category_name_ja": "成約価格情報",
        "prefecture_name_ja": "東京都",
        "city_code": "13209",
        "city_name_ja": "町田市",
        "district_code": "132090390",
        "district_name_ja": "森野",
        "use_category_name_ja": "",
        "u_transaction_price_total_ja": "400万円",
        "u_transaction_price_unit_price_square_meter_ja": "",
        "u_unit_price_per_tsubo_ja": "",
        "u_area_ja": "45㎡",
        "land_shape_name_ja": "",
        "u_land_frontage_ja": "",
        "building_use_name_ja": "",
        "building_structure_name_ja": "ＳＲＣ",
        "floor_plan_name_ja": "２ＤＫ",
        "u_building_total_floor_area_ja": "",
        "u_construction_year_ja": "1976年",
        "front_road_azimuth_name_ja": "",
        "u_front_road_width_ja": "",
        "front_road_type_name_ja": "",
        "land_use_name_ja": "近隣商業地域",
        "u_building_coverage_ratio_ja": "",
        "u_floor_area_ratio_ja": "",
        "remark_name_ja": "",
        "future_use_purpose_name_ja": "",
        "remark_renovation_name_ja": ""
      }
    },
    {
      "type": "Feature",
      "geometry": {
        "type": "Point",
        "coordinates": [
          139.44538056850433,
          35.54210911805369
        ]
      },
      "properties": {
        "point_in_time_name_ja": "2025年第2四半期",
        "land_type_name_ja": "中古マンション等",
        "price_information_category_name_ja": "成約価格情報",
        "prefecture_name_ja": "東京都",
        "city_code": "13209",
        "city_name_ja": "町田市",
        "district_code": "132090390",
        "district_name_ja": "森野",
        "use_category_name_ja": "",
        "u_transaction_price_total_ja": "5,500万円",
        "u_transaction_price_unit_price_square_meter_ja": "",
        "u_unit_price_per_tsubo_ja": "",
        "u_area_ja": "70㎡",
        "land_shape_name_ja": "",
        "u_land_frontage_ja": "",
        "building_use_name_ja": "",
        "building_structure_name_ja": "ＲＣ",
        "floor_plan_name_ja": "３ＬＤＫ",
        "u_building_total_floor_area_ja": "",
        "u_construction_year_ja": "2014年",
        "front_road_azimuth_name_ja": "",
        "u_front_road_width_ja": "",
        "front_road_type_name_ja": "",
        "land_use_name_ja": "第２種中高層住居専用地域",
        "u_building_coverage_ratio_ja": "",
        "u_floor_area_ratio_ja": "",
        "remark_name_ja": "",
        "future_use_purpose_name_ja": "",
        "remark_renovation_name_ja": ""
      }
    },
    {
      "type": "Feature",
      "geometry": {
        "type": "Point",
        "coordinates": [
          139.44538056850433,
          35.54210911805369
        ]
      },
      "properties": {
        "point_in_time_name_ja": "2025年第3四半期",
        "land_type_name_ja": "中古マンション等",
        "price_information_category_name_ja": "成約価格情報",
        "prefecture_name_ja": "東京都",
        "city_code": "13209",
        "city_name_ja": "町田市",
        "district_code": "132090060",
        "district_name_ja": "小山田桜台",
        "use_category_name_ja": "",
        "u_transaction_price_total_ja": "800万円",
        "u_transaction_price_unit_price_square_meter_ja": "",
        "u_unit_price_per_tsubo_ja": "",
        "u_area_ja": "100㎡",
        "land_shape_name_ja": "",
        "u_land_frontage_ja": "",
        "building_use_name_ja": "",
        "building_structure_name_ja": "ＲＣ",
        "floor_plan_name_ja": "４ＬＤＫ",
        "u_building_total_floor_area_ja": "",
        "u_construction_year_ja": "1985年",
        "front_road_azimuth_name_ja": "",
        "u_front_road_width_ja": "",
        "front_road_type_name_ja": "",
        "land_use_name_ja": "第１種中高層住居専用地域",
        "u_building_coverage_ratio_ja": "",
        "u_floor_area_ratio_ja": "",
        "remark_name_ja": "",
        "future_use_purpose_name_ja": "",
        "remark_renovation_name_ja": ""
      }
    },
    {
      "type": "Feature",
      "geometry": {
        "type": "Point",
        "coordinates": [
          139.44538056850433,
          35.54210911805369
        ]
      },
      "properties": {
        "point_in_time_name_ja": "2025年第3四半期",
        "land_type_name_ja": "中古マンション等",
        "price_information_category_name_ja": "成約価格情報",
        "prefecture_name_ja": "東京都",
        "city_code": "13209",
        "city_name_ja": "町田市",
        "district_code": "132090060",
        "district_name_ja": "小山田桜台",
        "use_category_name_ja": "",
        "u_transaction_price_total_ja": "1,000万円",
        "u_transaction_price_unit_price_square_meter_ja": "",
        "u_unit_price_per_tsubo_ja": "",
        "u_area_ja": "100㎡",
        "land_shape_name_ja": "",
        "u_land_frontage_ja": "",
        "building_use_name_ja": "",
        "building_structure_name_ja": "ＲＣ",
        "floor_plan_name_ja": "４ＬＤＫ",
        "u_building_total_floor_area_ja": "",
        "u_construction_year_ja": "1986年",
        "front_road_azimuth_name_ja": "",
        "u_front_road_width_ja": "",
        "front_road_type_name_ja": "",
        "land_use_name_ja": "第１種中高層住居専用地域",
        "u_building_coverage_ratio_ja": "",
        "u_floor_area_ratio_ja": "",
        "remark_name_ja": "",
        "future_use_purpose_name_ja": "",
        "remark_renovation_name_ja": ""
      }
    },
    {
      "type": "Feature",
      "geometry": {
        "type": "Point",
        "coordinates": [
          139.44538056850433,
          35.54210911805369
        ]
      },
      "properties": {
        "point_in_time_name_ja": "2025年第3四半期",
        "land_type_name_ja": "中古マンション等",
        "price_information_category_name_ja": "成約価格情報",
        "prefecture_name_ja": "東京都",
        "city_code": "13209",
        "city_name_ja": "町田市",
        "district_code": "132090170",
        "district_name_ja": "忠生",
        "use_category_name_ja": "",
        "u_transaction_price_total_ja": "1,600万円",
        "u_transaction_price_unit_price_square_meter_ja": "",
        "u_unit_price_per_tsubo_ja": "",
        "u_area_ja": "75㎡",
        "land_shape_name_ja": "",
        "u_land_frontage_ja": "",
        "building_use_name_ja": "",
        "building_structure_name_ja": "ＲＣ",
        "floor_plan_name_ja": "３ＬＤＫ",
        "u_building_total_floor_area_ja": "",
        "u_construction_year_ja": "2008年",
        "front_road_azimuth_name_ja": "",
        "u_front_road_width_ja": "",
        "front_road_type_name_ja": "",
        "land_use_name_ja": "準住居地域",
        "u_building_coverage_ratio_ja": "",
        "u_floor_area_ratio_ja": "",
        "remark_name_ja": "",
        "future_use_purpose_name_ja": "",
        "remark_renovation_name_ja": ""
      }
    },
    {
      "type": "Feature",
      "geometry": {
        "type": "Point",
        "coordinates": [
          139.44538056850433,
          35.54210911805369
        ]
      },
      "properties": {
        "point_in_time_name_ja": "2025年第3四半期",
        "land_type_name_ja": "中古マンション等",
        "price_information_category_name_ja": "成約価格情報",
        "prefecture_name_ja": "東京都",
        "city_code": "13209",
        "city_name_ja": "町田市",
        "district_code": "132090170",
        "district_name_ja": "忠生",
        "use_category_name_ja": "",
        "u_transaction_price_total_ja": "1,200万円",
        "u_transaction_price_unit_price_square_meter_ja": "",
        "u_unit_price_per_tsubo_ja": "",
        "u_area_ja": "95㎡",
        "land_shape_name_ja": "",
        "u_land_frontage_ja": "",
        "building_use_name_ja": "",
        "building_structure_name_ja": "ＲＣ",
        "floor_plan_name_ja": "２ＬＤＫ＋Ｓ",
        "u_building_total_floor_area_ja": "",
        "u_construction_year_ja": "1992年",
        "front_road_azimuth_name_ja": "",
        "u_front_road_width_ja": "",
        "front_road_type_name_ja": "",
        "land_use_name_ja": "第２種中高層住居専用地域",
        "u_building_coverage_ratio_ja": "",
        "u_floor_area_ratio_ja": "",
        "remark_name_ja": "",
        "future_use_purpose_name_ja": "",
        "remark_renovation_name_ja": ""
      }
    },
    {
      "type": "Feature",
      "geometry": {
        "type": "Point",
        "coordinates": [
          139.44538056850433,
          35.54210911805369
        ]
      },
      "properties": {
        "point_in_time_name_ja": "2025年第3四半期",
        "land_type_name_ja": "中古マンション等",
        "price_information_category_name_ja": "成約価格情報",
        "prefecture_name_ja": "東京都",
        "city_code": "13209",
        "city_name_ja": "町田市",
        "district_code": "132090330",
        "district_name_ja": "本町田",
        "use_category_name_ja": "",
        "u_transaction_price_total_ja": "1,200万円",
        "u_transaction_price_unit_price_square_meter_ja": "",
        "u_unit_price_per_tsubo_ja": "",
        "u_area_ja": "55㎡",
        "land_shape_name_ja": "",
        "u_land_frontage_ja": "",
        "building_use_name_ja": "",
        "building_structure_name_ja": "ＲＣ",
        "floor_plan_name_ja": "２ＬＤＫ",
        "u_building_total_floor_area_ja": "",
        "u_construction_year_ja": "1970年",
        "front_road_azimuth_name_ja": "",
        "u_front_road_width_ja": "",
        "front_road_type_name_ja": "",
        "land_use_name_ja": "第１種中高層住居専用地域",
        "u_building_coverage_ratio_ja": "",
        "u_floor_area_ratio_ja": "",
        "remark_name_ja": "",
        "future_use_purpose_name_ja": "",
        "remark_renovation_name_ja": ""
      }
    },
    {
      "type": "Feature",
      "geometry": {
        "type": "Point",
        "coordinates": [
          139.44538056850433,
          35.54210911805369
        ]
      },
      "properties": {
        "point_in_time_name_ja": "2025年第3四半期",
        "land_type_name_ja": "中古マンション等",
        "price_information_category_name_ja": "成約価格情報",
        "prefecture_name_ja": "東京都",
        "city_code": "13209",
        "city_name_ja": "町田市",
        "district_code": "132090390",
        "district_name_ja": "森野",
        "use_category_name_ja": "",
        "u_transaction_price_total_ja": "2,900万円",
        "u_transaction_price_unit_price_square_meter_ja": "",
        "u_unit_price_per_tsubo_ja": "",
        "u_area_ja": "60㎡",
        "land_shape_name_ja": "",
        "u_land_frontage_ja": "",
        "building_use_name_ja": "",
        "building_structure_name_ja": "ＲＣ",
        "floor_plan_name_ja": "２ＬＤＫ",
        "u_building_total_floor_area_ja": "",
        "u_construction_year_ja": "1996年",
        "front_road_azimuth_name_ja": "",
        "u_front_road_width_ja": "",
        "front_road_type_name_ja": "",
        "land_use_name_ja": "第２種中高層住居専用地域",
        "u_building_coverage_ratio_ja": "",
        "u_floor_area_ratio_ja": "",
        "remark_name_ja": "",
        "future_use_purpose_name_ja": "",
        "remark_renovation_name_ja": ""
      }
    },
    {
      "type": "Feature",
      "geometry": {
        "type": "Point",
        "coordinates": [
          139.44538056850433,
          35.54210911805369
        ]
      },
      "properties": {
        "point_in_time_name_ja": "2025年第3四半期",
        "land_type_name_ja": "中古マンション等",
        "price_information_category_name_ja": "成約価格情報",
        "prefecture_name_ja": "東京都",
        "city_code": "13209",
        "city_name_ja": "町田市",
        "district_code": "132090390",
        "district_name_ja": "森野",
        "use_category_name_ja": "",
        "u_transaction_price_total_ja": "1,100万円",
        "u_transaction_price_unit_price_square_meter_ja": "",
        "u_unit_price_per_tsubo_ja": "",
        "u_area_ja": "55㎡",
        "land_shape_name_ja": "",
        "u_land_frontage_ja": "",
        "building_use_name_ja": "",
        "building_structure_name_ja": "ＲＣ",
        "floor_plan_name_ja": "３ＬＤＫ",
        "u_building_total_floor_area_ja": "",
        "u_construction_year_ja": "1976年",
        "front_road_azimuth_name_ja": "",
        "u_front_road_width_ja": "",
        "front_road_type_name_ja": "",
        "land_use_name_ja": "準住居地域",
        "u_building_coverage_ratio_ja": "",
        "u_floor_area_ratio_ja": "",
        "remark_name_ja": "",
        "future_use_purpose_name_ja": "",
        "remark_renovation_name_ja": ""
      }
    },
    {
      "type": "Feature",
      "geometry": {
        "type": "Point",
        "coordinates": [
          139.44538056850433,
          35.54210911805369
        ]
      },
      "properties": {
        "point_in_time_name_ja": "2025年第3四半期",
        "land_type_name_ja": "中古マンション等",
        "price_information_category_name_ja": "成約価格情報",
        "prefecture_name_ja": "東京都",
        "city_code": "13209",
        "city_name_ja": "町田市",
        "district_code": "132090390",
        "district_name_ja": "森野",
        "use_category_name_ja": "",
        "u_transaction_price_total_ja": "2,400万円",
        "u_transaction_price_unit_price_square_meter_ja": "",
        "u_unit_price_per_tsubo_ja": "",
        "u_area_ja": "70㎡",
        "land_shape_name_ja": "",
        "u_land_frontage_ja": "",
        "building_use_name_ja": "",
        "building_structure_name_ja": "ＲＣ",
        "floor_plan_name_ja": "２ＬＤＫ",
        "u_building_total_floor_area_ja": "",
        "u_construction_year_ja": "1980年",
        "front_road_azimuth_name_ja": "",
        "u_front_road_width_ja": "",
        "front_road_type_name_ja": "",
        "land_use_name_ja": "第２種中高層住居専用地域",
        "u_building_coverage_ratio_ja": "",
        "u_floor_area_ratio_ja": "",
        "remark_name_ja": "",
        "future_use_purpose_name_ja": "",
        "remark_renovation_name_ja": ""
      }
    },
    {
      "type": "Feature",
      "geometry": {
        "type": "Point",
        "coordinates": [
          139.44538056850433,
          35.54210911805369
        ]
      },
      "properties": {
        "point_in_time_name_ja": "2025年第3四半期",
        "land_type_name_ja": "中古マンション等",
        "price_information_category_name_ja": "成約価格情報",
        "prefecture_name_ja": "東京都",
        "city_code": "13209",
        "city_name_ja": "町田市",
        "district_code": "132090390",
        "district_name_ja": "森野",
        "use_category_name_ja": "",
        "u_transaction_price_total_ja": "4,500万円",
        "u_transaction_price_unit_price_square_meter_ja": "",
        "u_unit_price_per_tsubo_ja": "",
        "u_area_ja": "60㎡",
        "land_shape_name_ja": "",
        "u_land_frontage_ja": "",
        "building_use_name_ja": "",
        "building_structure_name_ja": "ＳＲＣ",
        "floor_plan_name_ja": "２ＬＤＫ",
        "u_building_total_floor_area_ja": "",
        "u_construction_year_ja": "2000年",
        "front_road_azimuth_name_ja": "",
        "u_front_road_width_ja": "",
        "front_road_type_name_ja": "",
        "land_use_name_ja": "商業地域",
        "u_building_coverage_ratio_ja": "",
        "u_floor_area_ratio_ja": "",
        "remark_name_ja": "",
        "future_use_purpose_name_ja": "",
        "remark_renovation_name_ja": ""
      }
    },
    {
      "type": "Feature",
      "geometry": {
        "type": "Point",
        "coordinates": [
          139.44538056850433,
          35.54210911805369
        ]
      },
      "properties": {
        "point_in_time_name_ja": "2025年第4四半期",
        "land_type_name_ja": "中古マンション等",
        "price_information_category_name_ja": "成約価格情報",
        "prefecture_name_ja": "東京都",
        "city_code": "13209",
        "city_name_ja": "町田市",
        "district_code": "132090100",
        "district_name_ja": "金森",
        "use_category_name_ja": "",
        "u_transaction_price_total_ja": "3,400万円",
        "u_transaction_price_unit_price_square_meter_ja": "",
        "u_unit_price_per_tsubo_ja": "",
        "u_area_ja": "70㎡",
        "land_shape_name_ja": "",
        "u_land_frontage_ja": "",
        "building_use_name_ja": "",
        "building_structure_name_ja": "ＲＣ",
        "floor_plan_name_ja": "３ＬＤＫ",
        "u_building_total_floor_area_ja": "",
        "u_construction_year_ja": "2002年",
        "front_road_azimuth_name_ja": "",
        "u_front_road_width_ja": "",
        "front_road_type_name_ja": "",
        "land_use_name_ja": "第１種低層住居専用地域",
        "u_building_coverage_ratio_ja": "",
        "u_floor_area_ratio_ja": "",
        "remark_name_ja": "",
        "future_use_purpose_name_ja": "",
        "remark_renovation_name_ja": ""
      }
    },
    {
      "type": "Feature",
      "geometry": {
        "type": "Point",
        "coordinates": [
          139.44538056850433,
          35.54210911805369
        ]
      },
      "properties": {
        "point_in_time_name_ja": "2025年第4四半期",
        "land_type_name_ja": "中古マンション等",
        "price_information_category_name_ja": "成約価格情報",
        "prefecture_name_ja": "東京都",
        "city_code": "13209",
        "city_name_ja": "町田市",
        "district_code": "132090170",
        "district_name_ja": "忠生",
        "use_category_name_ja": "",
        "u_transaction_price_total_ja": "2,500万円",
        "u_transaction_price_unit_price_square_meter_ja": "",
        "u_unit_price_per_tsubo_ja": "",
        "u_area_ja": "95㎡",
        "land_shape_name_ja": "",
        "u_land_frontage_ja": "",
        "building_use_name_ja": "",
        "building_structure_name_ja": "ＲＣ",
        "floor_plan_name_ja": "２ＬＤＫ＋Ｓ",
        "u_building_total_floor_area_ja": "",
        "u_construction_year_ja": "1992年",
        "front_road_azimuth_name_ja": "",
        "u_front_road_width_ja": "",
        "front_road_type_name_ja": "",
        "land_use_name_ja": "第２種中高層住居専用地域",
        "u_building_coverage_ratio_ja": "",
        "u_floor_area_ratio_ja": "",
        "remark_name_ja": "",
        "future_use_purpose_name_ja": "",
        "remark_renovation_name_ja": ""
      }
    },
    {
      "type": "Feature",
      "geometry": {
        "type": "Point",
        "coordinates": [
          139.44538056850433,
          35.54210911805369
        ]
      },
      "properties": {
        "point_in_time_name_ja": "2025年第4四半期",
        "land_type_name_ja": "中古マンション等",
        "price_information_category_name_ja": "成約価格情報",
        "prefecture_name_ja": "東京都",
        "city_code": "13209",
        "city_name_ja": "町田市",
        "district_code": "132090170",
        "district_name_ja": "忠生",
        "use_category_name_ja": "",
        "u_transaction_price_total_ja": "1,900万円",
        "u_transaction_price_unit_price_square_meter_ja": "",
        "u_unit_price_per_tsubo_ja": "",
        "u_area_ja": "60㎡",
        "land_shape_name_ja": "",
        "u_land_frontage_ja": "",
        "building_use_name_ja": "",
        "building_structure_name_ja": "ＲＣ",
        "floor_plan_name_ja": "２ＬＤＫ",
        "u_building_total_floor_area_ja": "",
        "u_construction_year_ja": "2002年",
        "front_road_azimuth_name_ja": "",
        "u_front_road_width_ja": "",
        "front_road_type_name_ja": "",
        "land_use_name_ja": "準工業地域",
        "u_building_coverage_ratio_ja": "",
        "u_floor_area_ratio_ja": "",
        "remark_name_ja": "",
        "future_use_purpose_name_ja": "",
        "remark_renovation_name_ja": ""
      }
    },
    {
      "type": "Feature",
      "geometry": {
        "type": "Point",
        "coordinates": [
          139.44538056850433,
          35.54210911805369
        ]
      },
      "properties": {
        "point_in_time_name_ja": "2025年第4四半期",
        "land_type_name_ja": "中古マンション等",
        "price_information_category_name_ja": "成約価格情報",
        "prefecture_name_ja": "東京都",
        "city_code": "13209",
        "city_name_ja": "町田市",
        "district_code": "132090330",
        "district_name_ja": "本町田",
        "use_category_name_ja": "",
        "u_transaction_price_total_ja": "1,200万円",
        "u_transaction_price_unit_price_square_meter_ja": "",
        "u_unit_price_per_tsubo_ja": "",
        "u_area_ja": "55㎡",
        "land_shape_name_ja": "",
        "u_land_frontage_ja": "",
        "building_use_name_ja": "",
        "building_structure_name_ja": "ＲＣ",
        "floor_plan_name_ja": "２ＬＤＫ",
        "u_building_total_floor_area_ja": "",
        "u_construction_year_ja": "1970年",
        "front_road_azimuth_name_ja": "",
        "u_front_road_width_ja": "",
        "front_road_type_name_ja": "",
        "land_use_name_ja": "第１種中高層住居専用地域",
        "u_building_coverage_ratio_ja": "",
        "u_floor_area_ratio_ja": "",
        "remark_name_ja": "",
        "future_use_purpose_name_ja": "",
        "remark_renovation_name_ja": ""
      }
    },
    {
      "type": "Feature",
      "geometry": {
        "type": "Point",
        "coordinates": [
          139.44538056850433,
          35.54210911805369
        ]
      },
      "properties": {
        "point_in_time_name_ja": "2025年第4四半期",
        "land_type_name_ja": "中古マンション等",
        "price_information_category_name_ja": "成約価格情報",
        "prefecture_name_ja": "東京都",
        "city_code": "13209",
        "city_name_ja": "町田市",
        "district_code": "132090390",
        "district_name_ja": "森野",
        "use_category_name_ja": "",
        "u_transaction_price_total_ja": "3,700万円",
        "u_transaction_price_unit_price_square_meter_ja": "",
        "u_unit_price_per_tsubo_ja": "",
        "u_area_ja": "65㎡",
        "land_shape_name_ja": "",
        "u_land_frontage_ja": "",
        "building_use_name_ja": "",
        "building_structure_name_ja": "ＳＲＣ",
        "floor_plan_name_ja": "３ＬＤＫ",
        "u_building_total_floor_area_ja": "",
        "u_construction_year_ja": "2003年",
        "front_road_azimuth_name_ja": "",
        "u_front_road_width_ja": "",
        "front_road_type_name_ja": "",
        "land_use_name_ja": "第２種住居地域",
        "u_building_coverage_ratio_ja": "",
        "u_floor_area_ratio_ja": "",
        "remark_name_ja": "",
        "future_use_purpose_name_ja": "",
        "remark_renovation_name_ja": ""
      }
    },
    {
      "type": "Feature",
      "geometry": {
        "type": "Point",
        "coordinates": [
          139.44538056850433,
          35.54210911805369
        ]
      },
      "properties": {
        "point_in_time_name_ja": "2025年第1四半期",
        "land_type_name_ja": "中古マンション等",
        "price_information_category_name_ja": "成約価格情報",
        "prefecture_name_ja": "東京都",
        "city_code": "13209",
        "city_name_ja": "町田市",
        "district_code": "132090230",
        "district_name_ja": "中町",
        "use_category_name_ja": "",
        "u_transaction_price_total_ja": "3,600万円",
        "u_transaction_price_unit_price_square_meter_ja": "",
        "u_unit_price_per_tsubo_ja": "",
        "u_area_ja": "65㎡",
        "land_shape_name_ja": "",
        "u_land_frontage_ja": "",
        "building_use_name_ja": "",
        "building_structure_name_ja": "ＲＣ",
        "floor_plan_name_ja": "２ＬＤＫ",
        "u_building_total_floor_area_ja": "",
        "u_construction_year_ja": "1996年",
        "front_road_azimuth_name_ja": "",
        "u_front_road_width_ja": "",
        "front_road_type_name_ja": "",
        "land_use_name_ja": "商業地域",
        "u_building_coverage_ratio_ja": "",
        "u_floor_area_ratio_ja": "",
        "remark_name_ja": "",
        "future_use_purpose_name_ja": "",
        "remark_renovation_name_ja": ""
      }
    },
    {
      "type": "Feature",
      "geometry": {
        "type": "Point",
        "coordinates": [
          139.44538056850433,
          35.54210911805369
        ]
      },
      "properties": {
        "point_in_time_name_ja": "2025年第1四半期",
        "land_type_name_ja": "中古マンション等",
        "price_information_category_name_ja": "成約価格情報",
        "prefecture_name_ja": "東京都",
        "city_code": "13209",
        "city_name_ja": "町田市",
        "district_code": "132090230",
        "district_name_ja": "中町",
        "use_category_name_ja": "",
        "u_transaction_price_total_ja": "4,300万円",
        "u_transaction_price_unit_price_square_meter_ja": "",
        "u_unit_price_per_tsubo_ja": "",
        "u_area_ja": "65㎡",
        "land_shape_name_ja": "",
        "u_land_frontage_ja": "",
        "building_use_name_ja": "",
        "building_structure_name_ja": "ＲＣ",
        "floor_plan_name_ja": "３ＬＤＫ",
        "u_building_total_floor_area_ja": "",
        "u_construction_year_ja": "1998年",
        "front_road_azimuth_name_ja": "",
        "u_front_road_width_ja": "",
        "front_road_type_name_ja": "",
        "land_use_name_ja": "第２種中高層住居専用地域",
        "u_building_coverage_ratio_ja": "",
        "u_floor_area_ratio_ja": "",
        "remark_name_ja": "",
        "future_use_purpose_name_ja": "",
        "remark_renovation_name_ja": ""
      }
    },
    {
      "type": "Feature",
      "geometry": {
        "type": "Point",
        "coordinates": [
          139.44538056850433,
          35.54210911805369
        ]
      },
      "properties": {
        "point_in_time_name_ja": "2025年第1四半期",
        "land_type_name_ja": "中古マンション等",
        "price_information_category_name_ja": "成約価格情報",
        "prefecture_name_ja": "東京都",
        "city_code": "13209",
        "city_name_ja": "町田市",
        "district_code": "132090230",
        "district_name_ja": "中町",
        "use_category_name_ja": "",
        "u_transaction_price_total_ja": "6,500万円",
        "u_transaction_price_unit_price_square_meter_ja": "",
        "u_unit_price_per_tsubo_ja": "",
        "u_area_ja": "70㎡",
        "land_shape_name_ja": "",
        "u_land_frontage_ja": "",
        "building_use_name_ja": "",
        "building_structure_name_ja": "ＲＣ",
        "floor_plan_name_ja": "３ＬＤＫ",
        "u_building_total_floor_area_ja": "",
        "u_construction_year_ja": "2017年",
        "front_road_azimuth_name_ja": "",
        "u_front_road_width_ja": "",
        "front_road_type_name_ja": "",
        "land_use_name_ja": "近隣商業地域",
        "u_building_coverage_ratio_ja": "",
        "u_floor_area_ratio_ja": "",
        "remark_name_ja": "",
        "future_use_purpose_name_ja": "",
        "remark_renovation_name_ja": ""
      }
    },
    {
      "type": "Feature",
      "geometry": {
        "type": "Point",
        "coordinates": [
          139.44538056850433,
          35.54210911805369
        ]
      },
      "properties": {
        "point_in_time_name_ja": "2025年第1四半期",
        "land_type_name_ja": "中古マンション等",
        "price_information_category_name_ja": "成約価格情報",
        "prefecture_name_ja": "東京都",
        "city_code": "13209",
        "city_name_ja": "町田市",
        "district_code": "132090230",
        "district_name_ja": "中町",
        "use_category_name_ja": "",
        "u_transaction_price_total_ja": "4,500万円",
        "u_transaction_price_unit_price_square_meter_ja": "",
        "u_unit_price_per_tsubo_ja": "",
        "u_area_ja": "60㎡",
        "land_shape_name_ja": "",
        "u_land_frontage_ja": "",
        "building_use_name_ja": "",
        "building_structure_name_ja": "ＲＣ",
        "floor_plan_name_ja": "２ＬＤＫ",
        "u_building_total_floor_area_ja": "",
        "u_construction_year_ja": "1998年",
        "front_road_azimuth_name_ja": "",
        "u_front_road_width_ja": "",
        "front_road_type_name_ja": "",
        "land_use_name_ja": "第２種中高層住居専用地域",
        "u_building_coverage_ratio_ja": "",
        "u_floor_area_ratio_ja": "",
        "remark_name_ja": "",
        "future_use_purpose_name_ja": "",
        "remark_renovation_name_ja": ""
      }
    },
    {
      "type": "Feature",
      "geometry": {
        "type": "Point",
        "coordinates": [
          139.44538056850433,
          35.54210911805369
        ]
      },
      "properties": {
        "point_in_time_name_ja": "2025年第1四半期",
        "land_type_name_ja": "中古マンション等",
        "price_information_category_name_ja": "成約価格情報",
        "prefecture_name_ja": "東京都",
        "city_code": "13209",
        "city_name_ja": "町田市",
        "district_code": "132090230",
        "district_name_ja": "中町",
        "use_category_name_ja": "",
        "u_transaction_price_total_ja": "5,600万円",
        "u_transaction_price_unit_price_square_meter_ja": "",
        "u_unit_price_per_tsubo_ja": "",
        "u_area_ja": "80㎡",
        "land_shape_name_ja": "",
        "u_land_frontage_ja": "",
        "building_use_name_ja": "",
        "building_structure_name_ja": "ＲＣ",
        "floor_plan_name_ja": "３ＬＤＫ",
        "u_building_total_floor_area_ja": "",
        "u_construction_year_ja": "1998年",
        "front_road_azimuth_name_ja": "",
        "u_front_road_width_ja": "",
        "front_road_type_name_ja": "",
        "land_use_name_ja": "第２種中高層住居専用地域",
        "u_building_coverage_ratio_ja": "",
        "u_floor_area_ratio_ja": "",
        "remark_name_ja": "",
        "future_use_purpose_name_ja": "",
        "remark_renovation_name_ja": ""
      }
    },
    {
      "type": "Feature",
      "geometry": {
        "type": "Point",
        "coordinates": [
          139.44538056850433,
          35.54210911805369
        ]
      },
      "properties": {
        "point_in_time_name_ja": "2025年第1四半期",
        "land_type_name_ja": "中古マンション等",
        "price_information_category_name_ja": "成約価格情報",
        "prefecture_name_ja": "東京都",
        "city_code": "13209",
        "city_name_ja": "町田市",
        "district_code": "132090230",
        "district_name_ja": "中町",
        "use_category_name_ja": "",
        "u_transaction_price_total_ja": "3,400万円",
        "u_transaction_price_unit_price_square_meter_ja": "",
        "u_unit_price_per_tsubo_ja": "",
        "u_area_ja": "65㎡",
        "land_shape_name_ja": "",
        "u_land_frontage_ja": "",
        "building_use_name_ja": "",
        "building_structure_name_ja": "ＲＣ",
        "floor_plan_name_ja": "３ＬＤＫ",
        "u_building_total_floor_area_ja": "",
        "u_construction_year_ja": "1995年",
        "front_road_azimuth_name_ja": "",
        "u_front_road_width_ja": "",
        "front_road_type_name_ja": "",
        "land_use_name_ja": "第２種住居地域",
        "u_building_coverage_ratio_ja": "",
        "u_floor_area_ratio_ja": "",
        "remark_name_ja": "",
        "future_use_purpose_name_ja": "",
        "remark_renovation_name_ja": ""
      }
    },
    {
      "type": "Feature",
      "geometry": {
        "type": "Point",
        "coordinates": [
          139.44538056850433,
          35.54210911805369
        ]
      },
      "properties": {
        "point_in_time_name_ja": "2025年第1四半期",
        "land_type_name_ja": "中古マンション等",
        "price_information_category_name_ja": "成約価格情報",
        "prefecture_name_ja": "東京都",
        "city_code": "13209",
        "city_name_ja": "町田市",
        "district_code": "132090300",
        "district_name_ja": "原町田",
        "use_category_name_ja": "",
        "u_transaction_price_total_ja": "7,200万円",
        "u_transaction_price_unit_price_square_meter_ja": "",
        "u_unit_price_per_tsubo_ja": "",
        "u_area_ja": "75㎡",
        "land_shape_name_ja": "",
        "u_land_frontage_ja": "",
        "building_use_name_ja": "",
        "building_structure_name_ja": "ＲＣ",
        "floor_plan_name_ja": "３ＬＤＫ",
        "u_building_total_floor_area_ja": "",
        "u_construction_year_ja": "2016年",
        "front_road_azimuth_name_ja": "",
        "u_front_road_width_ja": "",
        "front_road_type_name_ja": "",
        "land_use_name_ja": "商業地域",
        "u_building_coverage_ratio_ja": "",
        "u_floor_area_ratio_ja": "",
        "remark_name_ja": "",
        "future_use_purpose_name_ja": "",
        "remark_renovation_name_ja": ""
      }
    },
    {
      "type": "Feature",
      "geometry": {
        "type": "Point",
        "coordinates": [
          139.44538056850433,
          35.54210911805369
        ]
      },
      "properties": {
        "point_in_time_name_ja": "2025年第1四半期",
        "land_type_name_ja": "中古マンション等",
        "price_information_category_name_ja": "成約価格情報",
        "prefecture_name_ja": "東京都",
        "city_code": "13209",
        "city_name_ja": "町田市",
        "district_code": "132090300",
        "district_name_ja": "原町田",
        "use_category_name_ja": "",
        "u_transaction_price_total_ja": "2,200万円",
        "u_transaction_price_unit_price_square_meter_ja": "",
        "u_unit_price_per_tsubo_ja": "",
        "u_area_ja": "75㎡",
        "land_shape_name_ja": "",
        "u_land_frontage_ja": "",
        "building_use_name_ja": "",
        "building_structure_name_ja": "ＳＲＣ",
        "floor_plan_name_ja": "２ＬＤＫ＋Ｓ",
        "u_building_total_floor_area_ja": "",
        "u_construction_year_ja": "1983年",
        "front_road_azimuth_name_ja": "",
        "u_front_road_width_ja": "",
        "front_road_type_name_ja": "",
        "land_use_name_ja": "第２種中高層住居専用地域",
        "u_building_coverage_ratio_ja": "",
        "u_floor_area_ratio_ja": "",
        "remark_name_ja": "",
        "future_use_purpose_name_ja": "",
        "remark_renovation_name_ja": ""
      }
    },
    {
      "type": "Feature",
      "geometry": {
        "type": "Point",
        "coordinates": [
          139.44538056850433,
          35.54210911805369
        ]
      },
      "properties": {
        "point_in_time_name_ja": "2025年第1四半期",
        "land_type_name_ja": "中古マンション等",
        "price_information_category_name_ja": "成約価格情報",
        "prefecture_name_ja": "東京都",
        "city_code": "13209",
        "city_name_ja": "町田市",
        "district_code": "132090300",
        "district_name_ja": "原町田",
        "use_category_name_ja": "",
        "u_transaction_price_total_ja": "5,500万円",
        "u_transaction_price_unit_price_square_meter_ja": "",
        "u_unit_price_per_tsubo_ja": "",
        "u_area_ja": "75㎡",
        "land_shape_name_ja": "",
        "u_land_frontage_ja": "",
        "building_use_name_ja": "",
        "building_structure_name_ja": "ＲＣ",
        "floor_plan_name_ja": "３ＬＤＫ",
        "u_building_total_floor_area_ja": "",
        "u_construction_year_ja": "2015年",
        "front_road_azimuth_name_ja": "",
        "u_front_road_width_ja": "",
        "front_road_type_name_ja": "",
        "land_use_name_ja": "近隣商業地域",
        "u_building_coverage_ratio_ja": "",
        "u_floor_area_ratio_ja": "",
        "remark_name_ja": "",
        "future_use_purpose_name_ja": "",
        "remark_renovation_name_ja": ""
      }
    },
    {
      "type": "Feature",
      "geometry": {
        "type": "Point",
        "coordinates": [
          139.44538056850433,
          35.54210911805369
        ]
      },
      "properties": {
        "point_in_time_name_ja": "2025年第1四半期",
        "land_type_name_ja": "中古マンション等",
        "price_information_category_name_ja": "成約価格情報",
        "prefecture_name_ja": "東京都",
        "city_code": "13209",
        "city_name_ja": "町田市",
        "district_code": "132090300",
        "district_name_ja": "原町田",
        "use_category_name_ja": "",
        "u_transaction_price_total_ja": "2,500万円",
        "u_transaction_price_unit_price_square_meter_ja": "",
        "u_unit_price_per_tsubo_ja": "",
        "u_area_ja": "75㎡",
        "land_shape_name_ja": "",
        "u_land_frontage_ja": "",
        "building_use_name_ja": "",
        "building_structure_name_ja": "ＳＲＣ",
        "floor_plan_name_ja": "２ＬＤＫ＋Ｓ",
        "u_building_total_floor_area_ja": "",
        "u_construction_year_ja": "1983年",
        "front_road_azimuth_name_ja": "",
        "u_front_road_width_ja": "",
        "front_road_type_name_ja": "",
        "land_use_name_ja": "第２種中高層住居専用地域",
        "u_building_coverage_ratio_ja": "",
        "u_floor_area_ratio_ja": "",
        "remark_name_ja": "",
        "future_use_purpose_name_ja": "",
        "remark_renovation_name_ja": ""
      }
    },
    {
      "type": "Feature",
      "geometry": {
        "type": "Point",
        "coordinates": [
          139.44538056850433,
          35.54210911805369
        ]
      },
      "properties": {
        "point_in_time_name_ja": "2025年第1四半期",
        "land_type_name_ja": "中古マンション等",
        "price_information_category_name_ja": "成約価格情報",
        "prefecture_name_ja": "東京都",
        "city_code": "13209",
        "city_name_ja": "町田市",
        "district_code": "132090300",
        "district_name_ja": "原町田",
        "use_category_name_ja": "",
        "u_transaction_price_total_ja": "6,100万円",
        "u_transaction_price_unit_price_square_meter_ja": "",
        "u_unit_price_per_tsubo_ja": "",
        "u_area_ja": "70㎡",
        "land_shape_name_ja": "",
        "u_land_frontage_ja": "",
        "building_use_name_ja": "",
        "building_structure_name_ja": "ＲＣ",
        "floor_plan_name_ja": "２ＬＤＫ＋Ｓ",
        "u_building_total_floor_area_ja": "",
        "u_construction_year_ja": "2023年",
        "front_road_azimuth_name_ja": "",
        "u_front_road_width_ja": "",
        "front_road_type_name_ja": "",
        "land_use_name_ja": "商業地域",
        "u_building_coverage_ratio_ja": "",
        "u_floor_area_ratio_ja": "",
        "remark_name_ja": "",
        "future_use_purpose_name_ja": "",
        "remark_renovation_name_ja": ""
      }
    },
    {
      "type": "Feature",
      "geometry": {
        "type": "Point",
        "coordinates": [
          139.44538056850433,
          35.54210911805369
        ]
      },
      "properties": {
        "point_in_time_name_ja": "2025年第1四半期",
        "land_type_name_ja": "中古マンション等",
        "price_information_category_name_ja": "成約価格情報",
        "prefecture_name_ja": "東京都",
        "city_code": "13209",
        "city_name_ja": "町田市",
        "district_code": "132090300",
        "district_name_ja": "原町田",
        "use_category_name_ja": "",
        "u_transaction_price_total_ja": "3,600万円",
        "u_transaction_price_unit_price_square_meter_ja": "",
        "u_unit_price_per_tsubo_ja": "",
        "u_area_ja": "40㎡",
        "land_shape_name_ja": "",
        "u_land_frontage_ja": "",
        "building_use_name_ja": "",
        "building_structure_name_ja": "ＲＣ",
        "floor_plan_name_ja": "１ＬＤＫ",
        "u_building_total_floor_area_ja": "",
        "u_construction_year_ja": "2020年",
        "front_road_azimuth_name_ja": "",
        "u_front_road_width_ja": "",
        "front_road_type_name_ja": "",
        "land_use_name_ja": "近隣商業地域",
        "u_building_coverage_ratio_ja": "",
        "u_floor_area_ratio_ja": "",
        "remark_name_ja": "",
        "future_use_purpose_name_ja": "",
        "remark_renovation_name_ja": ""
      }
    },
    {
      "type": "Feature",
      "geometry": {
        "type": "Point",
        "coordinates": [
          139.44538056850433,
          35.54210911805369
        ]
      },
      "properties": {
        "point_in_time_name_ja": "2025年第1四半期",
        "land_type_name_ja": "中古マンション等",
        "price_information_category_name_ja": "成約価格情報",
        "prefecture_name_ja": "東京都",
        "city_code": "13209",
        "city_name_ja": "町田市",
        "district_code": "132090300",
        "district_name_ja": "原町田",
        "use_category_name_ja": "",
        "u_transaction_price_total_ja": "3,700万円",
        "u_transaction_price_unit_price_square_meter_ja": "",
        "u_unit_price_per_tsubo_ja": "",
        "u_area_ja": "65㎡",
        "land_shape_name_ja": "",
        "u_land_frontage_ja": "",
        "building_use_name_ja": "",
        "building_structure_name_ja": "ＲＣ",
        "floor_plan_name_ja": "３ＬＤＫ",
        "u_building_total_floor_area_ja": "",
        "u_construction_year_ja": "2001年",
        "front_road_azimuth_name_ja": "",
        "u_front_road_width_ja": "",
        "front_road_type_name_ja": "",
        "land_use_name_ja": "第２種中高層住居専用地域",
        "u_building_coverage_ratio_ja": "",
        "u_floor_area_ratio_ja": "",
        "remark_name_ja": "",
        "future_use_purpose_name_ja": "",
        "remark_renovation_name_ja": ""
      }
    },
    {
      "type": "Feature",
      "geometry": {
        "type": "Point",
        "coordinates": [
          139.44538056850433,
          35.54210911805369
        ]
      },
      "properties": {
        "point_in_time_name_ja": "2025年第1四半期",
        "land_type_name_ja": "中古マンション等",
        "price_information_category_name_ja": "成約価格情報",
        "prefecture_name_ja": "東京都",
        "city_code": "13209",
        "city_name_ja": "町田市",
        "district_code": "132090300",
        "district_name_ja": "原町田",
        "use_category_name_ja": "",
        "u_transaction_price_total_ja": "6,800万円",
        "u_transaction_price_unit_price_square_meter_ja": "",
        "u_unit_price_per_tsubo_ja": "",
        "u_area_ja": "60㎡",
        "land_shape_name_ja": "",
        "u_land_frontage_ja": "",
        "building_use_name_ja": "",
        "building_structure_name_ja": "ＲＣ",
        "floor_plan_name_ja": "２ＬＤＫ",
        "u_building_total_floor_area_ja": "",
        "u_construction_year_ja": "2020年",
        "front_road_azimuth_name_ja": "",
        "u_front_road_width_ja": "",
        "front_road_type_name_ja": "",
        "land_use_name_ja": "商業地域",
        "u_building_coverage_ratio_ja": "",
        "u_floor_area_ratio_ja": "",
        "remark_name_ja": "",
        "future_use_purpose_name_ja": "",
        "remark_renovation_name_ja": ""
      }
    },
    {
      "type": "Feature",
      "geometry": {
        "type": "Point",
        "coordinates": [
          139.44538056850433,
          35.54210911805369
        ]
      },
      "properties": {
        "point_in_time_name_ja": "2025年第1四半期",
        "land_type_name_ja": "中古マンション等",
        "price_information_category_name_ja": "成約価格情報",
        "prefecture_name_ja": "東京都",
        "city_code": "13209",
        "city_name_ja": "町田市",
        "district_code": "132090300",
        "district_name_ja": "原町田",
        "use_category_name_ja": "",
        "u_transaction_price_total_ja": "7,800万円",
        "u_transaction_price_unit_price_square_meter_ja": "",
        "u_unit_price_per_tsubo_ja": "",
        "u_area_ja": "75㎡",
        "land_shape_name_ja": "",
        "u_land_frontage_ja": "",
        "building_use_name_ja": "",
        "building_structure_name_ja": "ＲＣ",
        "floor_plan_name_ja": "３ＬＤＫ",
        "u_building_total_floor_area_ja": "",
        "u_construction_year_ja": "2020年",
        "front_road_azimuth_name_ja": "",
        "u_front_road_width_ja": "",
        "front_road_type_name_ja": "",
        "land_use_name_ja": "商業地域",
        "u_building_coverage_ratio_ja": "",
        "u_floor_area_ratio_ja": "",
        "remark_name_ja": "",
        "future_use_purpose_name_ja": "",
        "remark_renovation_name_ja": ""
      }
    },
    {
      "type": "Feature",
      "geometry": {
        "type": "Point",
        "coordinates": [
          139.44538056850433,
          35.54210911805369
        ]
      },
      "properties": {
        "point_in_time_name_ja": "2025年第1四半期",
        "land_type_name_ja": "中古マンション等",
        "price_information_category_name_ja": "成約価格情報",
        "prefecture_name_ja": "東京都",
        "city_code": "13209",
        "city_name_ja": "町田市",
        "district_code": "132090300",
        "district_name_ja": "原町田",
        "use_category_name_ja": "",
        "u_transaction_price_total_ja": "2,200万円",
        "u_transaction_price_unit_price_square_meter_ja": "",
        "u_unit_price_per_tsubo_ja": "",
        "u_area_ja": "45㎡",
        "land_shape_name_ja": "",
        "u_land_frontage_ja": "",
        "building_use_name_ja": "",
        "building_structure_name_ja": "ＳＲＣ",
        "floor_plan_name_ja": "１ＬＤＫ",
        "u_building_total_floor_area_ja": "",
        "u_construction_year_ja": "1984年",
        "front_road_azimuth_name_ja": "",
        "u_front_road_width_ja": "",
        "front_road_type_name_ja": "",
        "land_use_name_ja": "商業地域",
        "u_building_coverage_ratio_ja": "",
        "u_floor_area_ratio_ja": "",
        "remark_name_ja": "",
        "future_use_purpose_name_ja": "",
        "remark_renovation_name_ja": "改装済み"
      }
    },
    {
      "type": "Feature",
      "geometry": {
        "type": "Point",
        "coordinates": [
          139.44538056850433,
          35.54210911805369
        ]
      },
      "properties": {
        "point_in_time_name_ja": "2025年第1四半期",
        "land_type_name_ja": "中古マンション等",
        "price_information_category_name_ja": "成約価格情報",
        "prefecture_name_ja": "東京都",
        "city_code": "13209",
        "city_name_ja": "町田市",
        "district_code": "132090300",
        "district_name_ja": "原町田",
        "use_category_name_ja": "",
        "u_transaction_price_total_ja": "1,800万円",
        "u_transaction_price_unit_price_square_meter_ja": "",
        "u_unit_price_per_tsubo_ja": "",
        "u_area_ja": "25㎡",
        "land_shape_name_ja": "",
        "u_land_frontage_ja": "",
        "building_use_name_ja": "",
        "building_structure_name_ja": "ＲＣ",
        "floor_plan_name_ja": "１Ｋ",
        "u_building_total_floor_area_ja": "",
        "u_construction_year_ja": "2005年",
        "front_road_azimuth_name_ja": "",
        "u_front_road_width_ja": "",
        "front_road_type_name_ja": "",
        "land_use_name_ja": "商業地域",
        "u_building_coverage_ratio_ja": "",
        "u_floor_area_ratio_ja": "",
        "remark_name_ja": "",
        "future_use_purpose_name_ja": "",
        "remark_renovation_name_ja": ""
      }
    },
    {
      "type": "Feature",
      "geometry": {
        "type": "Point",
        "coordinates": [
          139.44538056850433,
          35.54210911805369
        ]
      },
      "properties": {
        "point_in_time_name_ja": "2025年第1四半期",
        "land_type_name_ja": "中古マンション等",
        "price_information_category_name_ja": "成約価格情報",
        "prefecture_name_ja": "東京都",
        "city_code": "13209",
        "city_name_ja": "町田市",
        "district_code": "132090300",
        "district_name_ja": "原町田",
        "use_category_name_ja": "",
        "u_transaction_price_total_ja": "6,300万円",
        "u_transaction_price_unit_price_square_meter_ja": "",
        "u_unit_price_per_tsubo_ja": "",
        "u_area_ja": "65㎡",
        "land_shape_name_ja": "",
        "u_land_frontage_ja": "",
        "building_use_name_ja": "",
        "building_structure_name_ja": "ＲＣ",
        "floor_plan_name_ja": "３ＬＤＫ",
        "u_building_total_floor_area_ja": "",
        "u_construction_year_ja": "2019年",
        "front_road_azimuth_name_ja": "",
        "u_front_road_width_ja": "",
        "front_road_type_name_ja": "",
        "land_use_name_ja": "商業地域",
        "u_building_coverage_ratio_ja": "",
        "u_floor_area_ratio_ja": "",
        "remark_name_ja": "",
        "future_use_purpose_name_ja": "",
        "remark_renovation_name_ja": ""
      }
    },
    {
      "type": "Feature",
      "geometry": {
        "type": "Point",
        "coordinates": [
          139.44538056850433,
          35.54210911805369
        ]
      },
      "properties": {
        "point_in_time_name_ja": "2025年第1四半期",
        "land_type_name_ja": "中古マンション等",
        "price_information_category_name_ja": "成約価格情報",
        "prefecture_name_ja": "東京都",
        "city_code": "13209",
        "city_name_ja": "町田市",
        "district_code": "132090300",
        "district_name_ja": "原町田",
        "use_category_name_ja": "",
        "u_transaction_price_total_ja": "3,600万円",
        "u_transaction_price_unit_price_square_meter_ja": "",
        "u_unit_price_per_tsubo_ja": "",
        "u_area_ja": "55㎡",
        "land_shape_name_ja": "",
        "u_land_frontage_ja": "",
        "building_use_name_ja": "",
        "building_structure_name_ja": "ＲＣ",
        "floor_plan_name_ja": "２ＬＤＫ",
        "u_building_total_floor_area_ja": "",
        "u_construction_year_ja": "2011年",
        "front_road_azimuth_name_ja": "",
        "u_front_road_width_ja": "",
        "front_road_type_name_ja": "",
        "land_use_name_ja": "近隣商業地域",
        "u_building_coverage_ratio_ja": "",
        "u_floor_area_ratio_ja": "",
        "remark_name_ja": "",
        "future_use_purpose_name_ja": "",
        "remark_renovation_name_ja": ""
      }
    },
    {
      "type": "Feature",
      "geometry": {
        "type": "Point",
        "coordinates": [
          139.44538056850433,
          35.54210911805369
        ]
      },
      "properties": {
        "point_in_time_name_ja": "2025年第1四半期",
        "land_type_name_ja": "中古マンション等",
        "price_information_category_name_ja": "成約価格情報",
        "prefecture_name_ja": "東京都",
        "city_code": "13209",
        "city_name_ja": "町田市",
        "district_code": "132090300",
        "district_name_ja": "原町田",
        "use_category_name_ja": "",
        "u_transaction_price_total_ja": "1,400万円",
        "u_transaction_price_unit_price_square_meter_ja": "",
        "u_unit_price_per_tsubo_ja": "",
        "u_area_ja": "35㎡",
        "land_shape_name_ja": "",
        "u_land_frontage_ja": "",
        "building_use_name_ja": "",
        "building_structure_name_ja": "ＲＣ",
        "floor_plan_name_ja": "２Ｋ",
        "u_building_total_floor_area_ja": "",
        "u_construction_year_ja": "1983年",
        "front_road_azimuth_name_ja": "",
        "u_front_road_width_ja": "",
        "front_road_type_name_ja": "",
        "land_use_name_ja": "第２種中高層住居専用地域",
        "u_building_coverage_ratio_ja": "",
        "u_floor_area_ratio_ja": "",
        "remark_name_ja": "",
        "future_use_purpose_name_ja": "",
        "remark_renovation_name_ja": ""
      }
    },
    {
      "type": "Feature",
      "geometry": {
        "type": "Point",
        "coordinates": [
          139.44538056850433,
          35.54210911805369
        ]
      },
      "properties": {
        "point_in_time_name_ja": "2025年第1四半期",
        "land_type_name_ja": "中古マンション等",
        "price_information_category_name_ja": "成約価格情報",
        "prefecture_name_ja": "東京都",
        "city_code": "13209",
        "city_name_ja": "町田市",
        "district_code": "132090300",
        "district_name_ja": "原町田",
        "use_category_name_ja": "",
        "u_transaction_price_total_ja": "5,000万円",
        "u_transaction_price_unit_price_square_meter_ja": "",
        "u_unit_price_per_tsubo_ja": "",
        "u_area_ja": "75㎡",
        "land_shape_name_ja": "",
        "u_land_frontage_ja": "",
        "building_use_name_ja": "",
        "building_structure_name_ja": "ＳＲＣ",
        "floor_plan_name_ja": "３ＬＤＫ",
        "u_building_total_floor_area_ja": "",
        "u_construction_year_ja": "2000年",
        "front_road_azimuth_name_ja": "",
        "u_front_road_width_ja": "",
        "front_road_type_name_ja": "",
        "land_use_name_ja": "近隣商業地域",
        "u_building_coverage_ratio_ja": "",
        "u_floor_area_ratio_ja": "",
        "remark_name_ja": "",
        "future_use_purpose_name_ja": "",
        "remark_renovation_name_ja": "改装済み"
      }
    },
    {
      "type": "Feature",
      "geometry": {
        "type": "Point",
        "coordinates": [
          139.44538056850433,
          35.54210911805369
        ]
      },
      "properties": {
        "point_in_time_name_ja": "2025年第1四半期",
        "land_type_name_ja": "中古マンション等",
        "price_information_category_name_ja": "成約価格情報",
        "prefecture_name_ja": "東京都",
        "city_code": "13209",
        "city_name_ja": "町田市",
        "district_code": "132090300",
        "district_name_ja": "原町田",
        "use_category_name_ja": "",
        "u_transaction_price_total_ja": "5,000万円",
        "u_transaction_price_unit_price_square_meter_ja": "",
        "u_unit_price_per_tsubo_ja": "",
        "u_area_ja": "80㎡",
        "land_shape_name_ja": "",
        "u_land_frontage_ja": "",
        "building_use_name_ja": "",
        "building_structure_name_ja": "ＲＣ",
        "floor_plan_name_ja": "１ＬＤＫ＋Ｓ",
        "u_building_total_floor_area_ja": "",
        "u_construction_year_ja": "2004年",
        "front_road_azimuth_name_ja": "",
        "u_front_road_width_ja": "",
        "front_road_type_name_ja": "",
        "land_use_name_ja": "近隣商業地域",
        "u_building_coverage_ratio_ja": "",
        "u_floor_area_ratio_ja": "",
        "remark_name_ja": "",
        "future_use_purpose_name_ja": "",
        "remark_renovation_name_ja": "改装済み"
      }
    },
    {
      "type": "Feature",
      "geometry": {
        "type": "Point",
        "coordinates": [
          139.44538056850433,
          35.54210911805369
        ]
      },
      "properties": {
        "point_in_time_name_ja": "2025年第2四半期",
        "land_type_name_ja": "中古マンション等",
        "price_information_category_name_ja": "成約価格情報",
        "prefecture_name_ja": "東京都",
        "city_code": "13209",
        "city_name_ja": "町田市",
        "district_code": "132090230",
        "district_name_ja": "中町",
        "use_category_name_ja": "",
        "u_transaction_price_total_ja": "2,400万円",
        "u_transaction_price_unit_price_square_meter_ja": "",
        "u_unit_price_per_tsubo_ja": "",
        "u_area_ja": "70㎡",
        "land_shape_name_ja": "",
        "u_land_frontage_ja": "",
        "building_use_name_ja": "",
        "building_structure_name_ja": "ＲＣ",
        "floor_plan_name_ja": "２ＬＤＫ",
        "u_building_total_floor_area_ja": "",
        "u_construction_year_ja": "1980年",
        "front_road_azimuth_name_ja": "",
        "u_front_road_width_ja": "",
        "front_road_type_name_ja": "",
        "land_use_name_ja": "近隣商業地域",
        "u_building_coverage_ratio_ja": "",
        "u_floor_area_ratio_ja": "",
        "remark_name_ja": "",
        "future_use_purpose_name_ja": "",
        "remark_renovation_name_ja": "改装済み"
      }
    },
    {
      "type": "Feature",
      "geometry": {
        "type": "Point",
        "coordinates": [
          139.44538056850433,
          35.54210911805369
        ]
      },
      "properties": {
        "point_in_time_name_ja": "2025年第2四半期",
        "land_type_name_ja": "中古マンション等",
        "price_information_category_name_ja": "成約価格情報",
        "prefecture_name_ja": "東京都",
        "city_code": "13209",
        "city_name_ja": "町田市",
        "district_code": "132090230",
        "district_name_ja": "中町",
        "use_category_name_ja": "",
        "u_transaction_price_total_ja": "5,500万円",
        "u_transaction_price_unit_price_square_meter_ja": "",
        "u_unit_price_per_tsubo_ja": "",
        "u_area_ja": "75㎡",
        "land_shape_name_ja": "",
        "u_land_frontage_ja": "",
        "building_use_name_ja": "",
        "building_structure_name_ja": "ＲＣ",
        "floor_plan_name_ja": "３ＬＤＫ",
        "u_building_total_floor_area_ja": "",
        "u_construction_year_ja": "2014年",
        "front_road_azimuth_name_ja": "",
        "u_front_road_width_ja": "",
        "front_road_type_name_ja": "",
        "land_use_name_ja": "近隣商業地域",
        "u_building_coverage_ratio_ja": "",
        "u_floor_area_ratio_ja": "",
        "remark_name_ja": "",
        "future_use_purpose_name_ja": "",
        "remark_renovation_name_ja": ""
      }
    },
    {
      "type": "Feature",
      "geometry": {
        "type": "Point",
        "coordinates": [
          139.44538056850433,
          35.54210911805369
        ]
      },
      "properties": {
        "point_in_time_name_ja": "2025年第2四半期",
        "land_type_name_ja": "中古マンション等",
        "price_information_category_name_ja": "成約価格情報",
        "prefecture_name_ja": "東京都",
        "city_code": "13209",
        "city_name_ja": "町田市",
        "district_code": "132090230",
        "district_name_ja": "中町",
        "use_category_name_ja": "",
        "u_transaction_price_total_ja": "3,300万円",
        "u_transaction_price_unit_price_square_meter_ja": "",
        "u_unit_price_per_tsubo_ja": "",
        "u_area_ja": "65㎡",
        "land_shape_name_ja": "",
        "u_land_frontage_ja": "",
        "building_use_name_ja": "",
        "building_structure_name_ja": "ＲＣ",
        "floor_plan_name_ja": "２ＬＤＫ",
        "u_building_total_floor_area_ja": "",
        "u_construction_year_ja": "1996年",
        "front_road_azimuth_name_ja": "",
        "u_front_road_width_ja": "",
        "front_road_type_name_ja": "",
        "land_use_name_ja": "商業地域",
        "u_building_coverage_ratio_ja": "",
        "u_floor_area_ratio_ja": "",
        "remark_name_ja": "",
        "future_use_purpose_name_ja": "",
        "remark_renovation_name_ja": ""
      }
    },
    {
      "type": "Feature",
      "geometry": {
        "type": "Point",
        "coordinates": [
          139.44538056850433,
          35.54210911805369
        ]
      },
      "properties": {
        "point_in_time_name_ja": "2025年第2四半期",
        "land_type_name_ja": "中古マンション等",
        "price_information_category_name_ja": "成約価格情報",
        "prefecture_name_ja": "東京都",
        "city_code": "13209",
        "city_name_ja": "町田市",
        "district_code": "132090230",
        "district_name_ja": "中町",
        "use_category_name_ja": "",
        "u_transaction_price_total_ja": "4,400万円",
        "u_transaction_price_unit_price_square_meter_ja": "",
        "u_unit_price_per_tsubo_ja": "",
        "u_area_ja": "55㎡",
        "land_shape_name_ja": "",
        "u_land_frontage_ja": "",
        "building_use_name_ja": "",
        "building_structure_name_ja": "鉄骨造",
        "floor_plan_name_ja": "２ＬＤＫ",
        "u_building_total_floor_area_ja": "",
        "u_construction_year_ja": "2012年",
        "front_road_azimuth_name_ja": "",
        "u_front_road_width_ja": "",
        "front_road_type_name_ja": "",
        "land_use_name_ja": "近隣商業地域",
        "u_building_coverage_ratio_ja": "",
        "u_floor_area_ratio_ja": "",
        "remark_name_ja": "",
        "future_use_purpose_name_ja": "",
        "remark_renovation_name_ja": ""
      }
    },
    {
      "type": "Feature",
      "geometry": {
        "type": "Point",
        "coordinates": [
          139.44538056850433,
          35.54210911805369
        ]
      },
      "properties": {
        "point_in_time_name_ja": "2025年第2四半期",
        "land_type_name_ja": "中古マンション等",
        "price_information_category_name_ja": "成約価格情報",
        "prefecture_name_ja": "東京都",
        "city_code": "13209",
        "city_name_ja": "町田市",
        "district_code": "132090230",
        "district_name_ja": "中町",
        "use_category_name_ja": "",
        "u_transaction_price_total_ja": "6,500万円",
        "u_transaction_price_unit_price_square_meter_ja": "",
        "u_unit_price_per_tsubo_ja": "",
        "u_area_ja": "70㎡",
        "land_shape_name_ja": "",
        "u_land_frontage_ja": "",
        "building_use_name_ja": "",
        "building_structure_name_ja": "ＲＣ",
        "floor_plan_name_ja": "３ＬＤＫ",
        "u_building_total_floor_area_ja": "",
        "u_construction_year_ja": "2017年",
        "front_road_azimuth_name_ja": "",
        "u_front_road_width_ja": "",
        "front_road_type_name_ja": "",
        "land_use_name_ja": "近隣商業地域",
        "u_building_coverage_ratio_ja": "",
        "u_floor_area_ratio_ja": "",
        "remark_name_ja": "",
        "future_use_purpose_name_ja": "",
        "remark_renovation_name_ja": ""
      }
    },
    {
      "type": "Feature",
      "geometry": {
        "type": "Point",
        "coordinates": [
          139.44538056850433,
          35.54210911805369
        ]
      },
      "properties": {
        "point_in_time_name_ja": "2025年第2四半期",
        "land_type_name_ja": "中古マンション等",
        "price_information_category_name_ja": "成約価格情報",
        "prefecture_name_ja": "東京都",
        "city_code": "13209",
        "city_name_ja": "町田市",
        "district_code": "132090230",
        "district_name_ja": "中町",
        "use_category_name_ja": "",
        "u_transaction_price_total_ja": "6,200万円",
        "u_transaction_price_unit_price_square_meter_ja": "",
        "u_unit_price_per_tsubo_ja": "",
        "u_area_ja": "70㎡",
        "land_shape_name_ja": "",
        "u_land_frontage_ja": "",
        "building_use_name_ja": "",
        "building_structure_name_ja": "ＲＣ",
        "floor_plan_name_ja": "３ＬＤＫ",
        "u_building_total_floor_area_ja": "",
        "u_construction_year_ja": "2017年",
        "front_road_azimuth_name_ja": "",
        "u_front_road_width_ja": "",
        "front_road_type_name_ja": "",
        "land_use_name_ja": "近隣商業地域",
        "u_building_coverage_ratio_ja": "",
        "u_floor_area_ratio_ja": "",
        "remark_name_ja": "",
        "future_use_purpose_name_ja": "",
        "remark_renovation_name_ja": ""
      }
    },
    {
      "type": "Feature",
      "geometry": {
        "type": "Point",
        "coordinates": [
          139.44538056850433,
          35.54210911805369
        ]
      },
      "properties": {
        "point_in_time_name_ja": "2025年第2四半期",
        "land_type_name_ja": "中古マンション等",
        "price_information_category_name_ja": "成約価格情報",
        "prefecture_name_ja": "東京都",
        "city_code": "13209",
        "city_name_ja": "町田市",
        "district_code": "132090300",
        "district_name_ja": "原町田",
        "use_category_name_ja": "",
        "u_transaction_price_total_ja": "5,900万円",
        "u_transaction_price_unit_price_square_meter_ja": "",
        "u_unit_price_per_tsubo_ja": "",
        "u_area_ja": "85㎡",
        "land_shape_name_ja": "",
        "u_land_frontage_ja": "",
        "building_use_name_ja": "",
        "building_structure_name_ja": "ＳＲＣ",
        "floor_plan_name_ja": "３ＬＤＫ",
        "u_building_total_floor_area_ja": "",
        "u_construction_year_ja": "1999年",
        "front_road_azimuth_name_ja": "",
        "u_front_road_width_ja": "",
        "front_road_type_name_ja": "",
        "land_use_name_ja": "商業地域",
        "u_building_coverage_ratio_ja": "",
        "u_floor_area_ratio_ja": "",
        "remark_name_ja": "",
        "future_use_purpose_name_ja": "",
        "remark_renovation_name_ja": "改装済み"
      }
    },
    {
      "type": "Feature",
      "geometry": {
        "type": "Point",
        "coordinates": [
          139.44538056850433,
          35.54210911805369
        ]
      },
      "properties": {
        "point_in_time_name_ja": "2025年第2四半期",
        "land_type_name_ja": "中古マンション等",
        "price_information_category_name_ja": "成約価格情報",
        "prefecture_name_ja": "東京都",
        "city_code": "13209",
        "city_name_ja": "町田市",
        "district_code": "132090300",
        "district_name_ja": "原町田",
        "use_category_name_ja": "",
        "u_transaction_price_total_ja": "4,200万円",
        "u_transaction_price_unit_price_square_meter_ja": "",
        "u_unit_price_per_tsubo_ja": "",
        "u_area_ja": "75㎡",
        "land_shape_name_ja": "",
        "u_land_frontage_ja": "",
        "building_use_name_ja": "",
        "building_structure_name_ja": "ＳＲＣ",
        "floor_plan_name_ja": "３ＬＤＫ",
        "u_building_total_floor_area_ja": "",
        "u_construction_year_ja": "1995年",
        "front_road_azimuth_name_ja": "",
        "u_front_road_width_ja": "",
        "front_road_type_name_ja": "",
        "land_use_name_ja": "近隣商業地域",
        "u_building_coverage_ratio_ja": "",
        "u_floor_area_ratio_ja": "",
        "remark_name_ja": "",
        "future_use_purpose_name_ja": "",
        "remark_renovation_name_ja": ""
      }
    },
    {
      "type": "Feature",
      "geometry": {
        "type": "Point",
        "coordinates": [
          139.44538056850433,
          35.54210911805369
        ]
      },
      "properties": {
        "point_in_time_name_ja": "2025年第2四半期",
        "land_type_name_ja": "中古マンション等",
        "price_information_category_name_ja": "成約価格情報",
        "prefecture_name_ja": "東京都",
        "city_code": "13209",
        "city_name_ja": "町田市",
        "district_code": "132090300",
        "district_name_ja": "原町田",
        "use_category_name_ja": "",
        "u_transaction_price_total_ja": "2,200万円",
        "u_transaction_price_unit_price_square_meter_ja": "",
        "u_unit_price_per_tsubo_ja": "",
        "u_area_ja": "90㎡",
        "land_shape_name_ja": "",
        "u_land_frontage_ja": "",
        "building_use_name_ja": "",
        "building_structure_name_ja": "ＲＣ",
        "floor_plan_name_ja": "３ＬＤＫ",
        "u_building_total_floor_area_ja": "",
        "u_construction_year_ja": "1983年",
        "front_road_azimuth_name_ja": "",
        "u_front_road_width_ja": "",
        "front_road_type_name_ja": "",
        "land_use_name_ja": "近隣商業地域",
        "u_building_coverage_ratio_ja": "",
        "u_floor_area_ratio_ja": "",
        "remark_name_ja": "",
        "future_use_purpose_name_ja": "",
        "remark_renovation_name_ja": ""
      }
    },
    {
      "type": "Feature",
      "geometry": {
        "type": "Point",
        "coordinates": [
          139.44538056850433,
          35.54210911805369
        ]
      },
      "properties": {
        "point_in_time_name_ja": "2025年第2四半期",
        "land_type_name_ja": "中古マンション等",
        "price_information_category_name_ja": "成約価格情報",
        "prefecture_name_ja": "東京都",
        "city_code": "13209",
        "city_name_ja": "町田市",
        "district_code": "132090300",
        "district_name_ja": "原町田",
        "use_category_name_ja": "",
        "u_transaction_price_total_ja": "3,800万円",
        "u_transaction_price_unit_price_square_meter_ja": "",
        "u_unit_price_per_tsubo_ja": "",
        "u_area_ja": "65㎡",
        "land_shape_name_ja": "",
        "u_land_frontage_ja": "",
        "building_use_name_ja": "",
        "building_structure_name_ja": "ＲＣ",
        "floor_plan_name_ja": "３ＬＤＫ",
        "u_building_total_floor_area_ja": "",
        "u_construction_year_ja": "1996年",
        "front_road_azimuth_name_ja": "",
        "u_front_road_width_ja": "",
        "front_road_type_name_ja": "",
        "land_use_name_ja": "近隣商業地域",
        "u_building_coverage_ratio_ja": "",
        "u_floor_area_ratio_ja": "",
        "remark_name_ja": "",
        "future_use_purpose_name_ja": "",
        "remark_renovation_name_ja": ""
      }
    },
    {
      "type": "Feature",
      "geometry": {
        "type": "Point",
        "coordinates": [
          139.44538056850433,
          35.54210911805369
        ]
      },
      "properties": {
        "point_in_time_name_ja": "2025年第2四半期",
        "land_type_name_ja": "中古マンション等",
        "price_information_category_name_ja": "成約価格情報",
        "prefecture_name_ja": "東京都",
        "city_code": "13209",
        "city_name_ja": "町田市",
        "district_code": "132090300",
        "district_name_ja": "原町田",
        "use_category_name_ja": "",
        "u_transaction_price_total_ja": "4,000万円",
        "u_transaction_price_unit_price_square_meter_ja": "",
        "u_unit_price_per_tsubo_ja": "",
        "u_area_ja": "60㎡",
        "land_shape_name_ja": "",
        "u_land_frontage_ja": "",
        "building_use_name_ja": "",
        "building_structure_name_ja": "ＲＣ",
        "floor_plan_name_ja": "３ＬＤＫ",
        "u_building_total_floor_area_ja": "",
        "u_construction_year_ja": "1995年",
        "front_road_azimuth_name_ja": "",
        "u_front_road_width_ja": "",
        "front_road_type_name_ja": "",
        "land_use_name_ja": "商業地域",
        "u_building_coverage_ratio_ja": "",
        "u_floor_area_ratio_ja": "",
        "remark_name_ja": "",
        "future_use_purpose_name_ja": "",
        "remark_renovation_name_ja": ""
      }
    },
    {
      "type": "Feature",
      "geometry": {
        "type": "Point",
        "coordinates": [
          139.44538056850433,
          35.54210911805369
        ]
      },
      "properties": {
        "point_in_time_name_ja": "2025年第2四半期",
        "land_type_name_ja": "中古マンション等",
        "price_information_category_name_ja": "成約価格情報",
        "prefecture_name_ja": "東京都",
        "city_code": "13209",
        "city_name_ja": "町田市",
        "district_code": "132090300",
        "district_name_ja": "原町田",
        "use_category_name_ja": "",
        "u_transaction_price_total_ja": "3,100万円",
        "u_transaction_price_unit_price_square_meter_ja": "",
        "u_unit_price_per_tsubo_ja": "",
        "u_area_ja": "70㎡",
        "land_shape_name_ja": "",
        "u_land_frontage_ja": "",
        "building_use_name_ja": "",
        "building_structure_name_ja": "ＲＣ",
        "floor_plan_name_ja": "３ＬＤＫ",
        "u_building_total_floor_area_ja": "",
        "u_construction_year_ja": "1996年",
        "front_road_azimuth_name_ja": "",
        "u_front_road_width_ja": "",
        "front_road_type_name_ja": "",
        "land_use_name_ja": "近隣商業地域",
        "u_building_coverage_ratio_ja": "",
        "u_floor_area_ratio_ja": "",
        "remark_name_ja": "",
        "future_use_purpose_name_ja": "",
        "remark_renovation_name_ja": ""
      }
    },
    {
      "type": "Feature",
      "geometry": {
        "type": "Point",
        "coordinates": [
          139.44538056850433,
          35.54210911805369
        ]
      },
      "properties": {
        "point_in_time_name_ja": "2025年第2四半期",
        "land_type_name_ja": "中古マンション等",
        "price_information_category_name_ja": "成約価格情報",
        "prefecture_name_ja": "東京都",
        "city_code": "13209",
        "city_name_ja": "町田市",
        "district_code": "132090300",
        "district_name_ja": "原町田",
        "use_category_name_ja": "",
        "u_transaction_price_total_ja": "3,700万円",
        "u_transaction_price_unit_price_square_meter_ja": "",
        "u_unit_price_per_tsubo_ja": "",
        "u_area_ja": "40㎡",
        "land_shape_name_ja": "",
        "u_land_frontage_ja": "",
        "building_use_name_ja": "",
        "building_structure_name_ja": "ＲＣ",
        "floor_plan_name_ja": "１ＬＤＫ",
        "u_building_total_floor_area_ja": "",
        "u_construction_year_ja": "2020年",
        "front_road_azimuth_name_ja": "",
        "u_front_road_width_ja": "",
        "front_road_type_name_ja": "",
        "land_use_name_ja": "近隣商業地域",
        "u_building_coverage_ratio_ja": "",
        "u_floor_area_ratio_ja": "",
        "remark_name_ja": "",
        "future_use_purpose_name_ja": "",
        "remark_renovation_name_ja": ""
      }
    },
    {
      "type": "Feature",
      "geometry": {
        "type": "Point",
        "coordinates": [
          139.44538056850433,
          35.54210911805369
        ]
      },
      "properties": {
        "point_in_time_name_ja": "2025年第2四半期",
        "land_type_name_ja": "中古マンション等",
        "price_information_category_name_ja": "成約価格情報",
        "prefecture_name_ja": "東京都",
        "city_code": "13209",
        "city_name_ja": "町田市",
        "district_code": "132090300",
        "district_name_ja": "原町田",
        "use_category_name_ja": "",
        "u_transaction_price_total_ja": "4,500万円",
        "u_transaction_price_unit_price_square_meter_ja": "",
        "u_unit_price_per_tsubo_ja": "",
        "u_area_ja": "65㎡",
        "land_shape_name_ja": "",
        "u_land_frontage_ja": "",
        "building_use_name_ja": "",
        "building_structure_name_ja": "ＳＲＣ",
        "floor_plan_name_ja": "２ＬＤＫ＋Ｓ",
        "u_building_total_floor_area_ja": "",
        "u_construction_year_ja": "2001年",
        "front_road_azimuth_name_ja": "",
        "u_front_road_width_ja": "",
        "front_road_type_name_ja": "",
        "land_use_name_ja": "第２種中高層住居専用地域",
        "u_building_coverage_ratio_ja": "",
        "u_floor_area_ratio_ja": "",
        "remark_name_ja": "",
        "future_use_purpose_name_ja": "",
        "remark_renovation_name_ja": ""
      }
    },
    {
      "type": "Feature",
      "geometry": {
        "type": "Point",
        "coordinates": [
          139.44538056850433,
          35.54210911805369
        ]
      },
      "properties": {
        "point_in_time_name_ja": "2025年第2四半期",
        "land_type_name_ja": "中古マンション等",
        "price_information_category_name_ja": "成約価格情報",
        "prefecture_name_ja": "東京都",
        "city_code": "13209",
        "city_name_ja": "町田市",
        "district_code": "132090300",
        "district_name_ja": "原町田",
        "use_category_name_ja": "",
        "u_transaction_price_total_ja": "6,600万円",
        "u_transaction_price_unit_price_square_meter_ja": "",
        "u_unit_price_per_tsubo_ja": "",
        "u_area_ja": "60㎡",
        "land_shape_name_ja": "",
        "u_land_frontage_ja": "",
        "building_use_name_ja": "",
        "building_structure_name_ja": "ＲＣ",
        "floor_plan_name_ja": "１ＬＤＫ＋Ｓ",
        "u_building_total_floor_area_ja": "",
        "u_construction_year_ja": "2025年",
        "front_road_azimuth_name_ja": "",
        "u_front_road_width_ja": "",
        "front_road_type_name_ja": "",
        "land_use_name_ja": "近隣商業地域",
        "u_building_coverage_ratio_ja": "",
        "u_floor_area_ratio_ja": "",
        "remark_name_ja": "",
        "future_use_purpose_name_ja": "",
        "remark_renovation_name_ja": ""
      }
    },
    {
      "type": "Feature",
      "geometry": {
        "type": "Point",
        "coordinates": [
          139.44538056850433,
          35.54210911805369
        ]
      },
      "properties": {
        "point_in_time_name_ja": "2025年第2四半期",
        "land_type_name_ja": "中古マンション等",
        "price_information_category_name_ja": "成約価格情報",
        "prefecture_name_ja": "東京都",
        "city_code": "13209",
        "city_name_ja": "町田市",
        "district_code": "132090300",
        "district_name_ja": "原町田",
        "use_category_name_ja": "",
        "u_transaction_price_total_ja": "3,000万円",
        "u_transaction_price_unit_price_square_meter_ja": "",
        "u_unit_price_per_tsubo_ja": "",
        "u_area_ja": "45㎡",
        "land_shape_name_ja": "",
        "u_land_frontage_ja": "",
        "building_use_name_ja": "",
        "building_structure_name_ja": "ＲＣ",
        "floor_plan_name_ja": "１ＬＤＫ",
        "u_building_total_floor_area_ja": "",
        "u_construction_year_ja": "2004年",
        "front_road_azimuth_name_ja": "",
        "u_front_road_width_ja": "",
        "front_road_type_name_ja": "",
        "land_use_name_ja": "商業地域",
        "u_building_coverage_ratio_ja": "",
        "u_floor_area_ratio_ja": "",
        "remark_name_ja": "",
        "future_use_purpose_name_ja": "",
        "remark_renovation_name_ja": ""
      }
    },
    {
      "type": "Feature",
      "geometry": {
        "type": "Point",
        "coordinates": [
          139.44538056850433,
          35.54210911805369
        ]
      },
      "properties": {
        "point_in_time_name_ja": "2025年第2四半期",
        "land_type_name_ja": "中古マンション等",
        "price_information_category_name_ja": "成約価格情報",
        "prefecture_name_ja": "東京都",
        "city_code": "13209",
        "city_name_ja": "町田市",
        "district_code": "132090300",
        "district_name_ja": "原町田",
        "use_category_name_ja": "",
        "u_transaction_price_total_ja": "4,000万円",
        "u_transaction_price_unit_price_square_meter_ja": "",
        "u_unit_price_per_tsubo_ja": "",
        "u_area_ja": "60㎡",
        "land_shape_name_ja": "",
        "u_land_frontage_ja": "",
        "building_use_name_ja": "",
        "building_structure_name_ja": "ＲＣ",
        "floor_plan_name_ja": "２ＬＤＫ",
        "u_building_total_floor_area_ja": "",
        "u_construction_year_ja": "2006年",
        "front_road_azimuth_name_ja": "",
        "u_front_road_width_ja": "",
        "front_road_type_name_ja": "",
        "land_use_name_ja": "商業地域",
        "u_building_coverage_ratio_ja": "",
        "u_floor_area_ratio_ja": "",
        "remark_name_ja": "",
        "future_use_purpose_name_ja": "",
        "remark_renovation_name_ja": ""
      }
    },
    {
      "type": "Feature",
      "geometry": {
        "type": "Point",
        "coordinates": [
          139.44538056850433,
          35.54210911805369
        ]
      },
      "properties": {
        "point_in_time_name_ja": "2025年第2四半期",
        "land_type_name_ja": "中古マンション等",
        "price_information_category_name_ja": "成約価格情報",
        "prefecture_name_ja": "東京都",
        "city_code": "13209",
        "city_name_ja": "町田市",
        "district_code": "132090300",
        "district_name_ja": "原町田",
        "use_category_name_ja": "",
        "u_transaction_price_total_ja": "720万円",
        "u_transaction_price_unit_price_square_meter_ja": "",
        "u_unit_price_per_tsubo_ja": "",
        "u_area_ja": "20㎡",
        "land_shape_name_ja": "",
        "u_land_frontage_ja": "",
        "building_use_name_ja": "",
        "building_structure_name_ja": "ＲＣ",
        "floor_plan_name_ja": "１Ｋ",
        "u_building_total_floor_area_ja": "",
        "u_construction_year_ja": "1994年",
        "front_road_azimuth_name_ja": "",
        "u_front_road_width_ja": "",
        "front_road_type_name_ja": "",
        "land_use_name_ja": "第２種中高層住居専用地域",
        "u_building_coverage_ratio_ja": "",
        "u_floor_area_ratio_ja": "",
        "remark_name_ja": "",
        "future_use_purpose_name_ja": "",
        "remark_renovation_name_ja": ""
      }
    },
    {
      "type": "Feature",
      "geometry": {
        "type": "Point",
        "coordinates": [
          139.44538056850433,
          35.54210911805369
        ]
      },
      "properties": {
        "point_in_time_name_ja": "2025年第2四半期",
        "land_type_name_ja": "中古マンション等",
        "price_information_category_name_ja": "成約価格情報",
        "prefecture_name_ja": "東京都",
        "city_code": "13209",
        "city_name_ja": "町田市",
        "district_code": "132090300",
        "district_name_ja": "原町田",
        "use_category_name_ja": "",
        "u_transaction_price_total_ja": "7,100万円",
        "u_transaction_price_unit_price_square_meter_ja": "",
        "u_unit_price_per_tsubo_ja": "",
        "u_area_ja": "70㎡",
        "land_shape_name_ja": "",
        "u_land_frontage_ja": "",
        "building_use_name_ja": "",
        "building_structure_name_ja": "ＲＣ",
        "floor_plan_name_ja": "２ＬＤＫ＋Ｓ",
        "u_building_total_floor_area_ja": "",
        "u_construction_year_ja": "2023年",
        "front_road_azimuth_name_ja": "",
        "u_front_road_width_ja": "",
        "front_road_type_name_ja": "",
        "land_use_name_ja": "商業地域",
        "u_building_coverage_ratio_ja": "",
        "u_floor_area_ratio_ja": "",
        "remark_name_ja": "",
        "future_use_purpose_name_ja": "",
        "remark_renovation_name_ja": ""
      }
    },
    {
      "type": "Feature",
      "geometry": {
        "type": "Point",
        "coordinates": [
          139.44538056850433,
          35.54210911805369
        ]
      },
      "properties": {
        "point_in_time_name_ja": "2025年第3四半期",
        "land_type_name_ja": "中古マンション等",
        "price_information_category_name_ja": "成約価格情報",
        "prefecture_name_ja": "東京都",
        "city_code": "13209",
        "city_name_ja": "町田市",
        "district_code": "132090160",
        "district_name_ja": "図師町",
        "use_category_name_ja": "",
        "u_transaction_price_total_ja": "450万円",
        "u_transaction_price_unit_price_square_meter_ja": "",
        "u_unit_price_per_tsubo_ja": "",
        "u_area_ja": "60㎡",
        "land_shape_name_ja": "",
        "u_land_frontage_ja": "",
        "building_use_name_ja": "",
        "building_structure_name_ja": "ＲＣ",
        "floor_plan_name_ja": "３ＤＫ",
        "u_building_total_floor_area_ja": "",
        "u_construction_year_ja": "1993年",
        "front_road_azimuth_name_ja": "",
        "u_front_road_width_ja": "",
        "front_road_type_name_ja": "",
        "land_use_name_ja": "第１種低層住居専用地域",
        "u_building_coverage_ratio_ja": "",
        "u_floor_area_ratio_ja": "",
        "remark_name_ja": "",
        "future_use_purpose_name_ja": "",
        "remark_renovation_name_ja": ""
      }
    },
    {
      "type": "Feature",
      "geometry": {
        "type": "Point",
        "coordinates": [
          139.44538056850433,
          35.54210911805369
        ]
      },
      "properties": {
        "point_in_time_name_ja": "2025年第3四半期",
        "land_type_name_ja": "中古マンション等",
        "price_information_category_name_ja": "成約価格情報",
        "prefecture_name_ja": "東京都",
        "city_code": "13209",
        "city_name_ja": "町田市",
        "district_code": "132090230",
        "district_name_ja": "中町",
        "use_category_name_ja": "",
        "u_transaction_price_total_ja": "3,000万円",
        "u_transaction_price_unit_price_square_meter_ja": "",
        "u_unit_price_per_tsubo_ja": "",
        "u_area_ja": "70㎡",
        "land_shape_name_ja": "",
        "u_land_frontage_ja": "",
        "building_use_name_ja": "",
        "building_structure_name_ja": "ＲＣ",
        "floor_plan_name_ja": "３ＬＤＫ",
        "u_building_total_floor_area_ja": "",
        "u_construction_year_ja": "1994年",
        "front_road_azimuth_name_ja": "",
        "u_front_road_width_ja": "",
        "front_road_type_name_ja": "",
        "land_use_name_ja": "第２種中高層住居専用地域",
        "u_building_coverage_ratio_ja": "",
        "u_floor_area_ratio_ja": "",
        "remark_name_ja": "",
        "future_use_purpose_name_ja": "",
        "remark_renovation_name_ja": ""
      }
    },
    {
      "type": "Feature",
      "geometry": {
        "type": "Point",
        "coordinates": [
          139.44538056850433,
          35.54210911805369
        ]
      },
      "properties": {
        "point_in_time_name_ja": "2025年第3四半期",
        "land_type_name_ja": "中古マンション等",
        "price_information_category_name_ja": "成約価格情報",
        "prefecture_name_ja": "東京都",
        "city_code": "13209",
        "city_name_ja": "町田市",
        "district_code": "132090230",
        "district_name_ja": "中町",
        "use_category_name_ja": "",
        "u_transaction_price_total_ja": "2,400万円",
        "u_transaction_price_unit_price_square_meter_ja": "",
        "u_unit_price_per_tsubo_ja": "",
        "u_area_ja": "85㎡",
        "land_shape_name_ja": "",
        "u_land_frontage_ja": "",
        "building_use_name_ja": "",
        "building_structure_name_ja": "ＲＣ",
        "floor_plan_name_ja": "３ＬＤＫ",
        "u_building_total_floor_area_ja": "",
        "u_construction_year_ja": "1986年",
        "front_road_azimuth_name_ja": "",
        "u_front_road_width_ja": "",
        "front_road_type_name_ja": "",
        "land_use_name_ja": "第２種中高層住居専用地域",
        "u_building_coverage_ratio_ja": "",
        "u_floor_area_ratio_ja": "",
        "remark_name_ja": "",
        "future_use_purpose_name_ja": "",
        "remark_renovation_name_ja": ""
      }
    },
    {
      "type": "Feature",
      "geometry": {
        "type": "Point",
        "coordinates": [
          139.44538056850433,
          35.54210911805369
        ]
      },
      "properties": {
        "point_in_time_name_ja": "2025年第3四半期",
        "land_type_name_ja": "中古マンション等",
        "price_information_category_name_ja": "成約価格情報",
        "prefecture_name_ja": "東京都",
        "city_code": "13209",
        "city_name_ja": "町田市",
        "district_code": "132090230",
        "district_name_ja": "中町",
        "use_category_name_ja": "",
        "u_transaction_price_total_ja": "3,500万円",
        "u_transaction_price_unit_price_square_meter_ja": "",
        "u_unit_price_per_tsubo_ja": "",
        "u_area_ja": "65㎡",
        "land_shape_name_ja": "",
        "u_land_frontage_ja": "",
        "building_use_name_ja": "",
        "building_structure_name_ja": "ＳＲＣ",
        "floor_plan_name_ja": "２ＬＤＫ＋Ｓ",
        "u_building_total_floor_area_ja": "",
        "u_construction_year_ja": "1998年",
        "front_road_azimuth_name_ja": "",
        "u_front_road_width_ja": "",
        "front_road_type_name_ja": "",
        "land_use_name_ja": "商業地域",
        "u_building_coverage_ratio_ja": "",
        "u_floor_area_ratio_ja": "",
        "remark_name_ja": "",
        "future_use_purpose_name_ja": "",
        "remark_renovation_name_ja": ""
      }
    },
    {
      "type": "Feature",
      "geometry": {
        "type": "Point",
        "coordinates": [
          139.44538056850433,
          35.54210911805369
        ]
      },
      "properties": {
        "point_in_time_name_ja": "2025年第3四半期",
        "land_type_name_ja": "中古マンション等",
        "price_information_category_name_ja": "成約価格情報",
        "prefecture_name_ja": "東京都",
        "city_code": "13209",
        "city_name_ja": "町田市",
        "district_code": "132090230",
        "district_name_ja": "中町",
        "use_category_name_ja": "",
        "u_transaction_price_total_ja": "5,700万円",
        "u_transaction_price_unit_price_square_meter_ja": "",
        "u_unit_price_per_tsubo_ja": "",
        "u_area_ja": "75㎡",
        "land_shape_name_ja": "",
        "u_land_frontage_ja": "",
        "building_use_name_ja": "",
        "building_structure_name_ja": "ＲＣ",
        "floor_plan_name_ja": "３ＬＤＫ",
        "u_building_total_floor_area_ja": "",
        "u_construction_year_ja": "2018年",
        "front_road_azimuth_name_ja": "",
        "u_front_road_width_ja": "",
        "front_road_type_name_ja": "",
        "land_use_name_ja": "第２種中高層住居専用地域",
        "u_building_coverage_ratio_ja": "",
        "u_floor_area_ratio_ja": "",
        "remark_name_ja": "",
        "future_use_purpose_name_ja": "",
        "remark_renovation_name_ja": ""
      }
    },
    {
      "type": "Feature",
      "geometry": {
        "type": "Point",
        "coordinates": [
          139.44538056850433,
          35.54210911805369
        ]
      },
      "properties": {
        "point_in_time_name_ja": "2025年第3四半期",
        "land_type_name_ja": "中古マンション等",
        "price_information_category_name_ja": "成約価格情報",
        "prefecture_name_ja": "東京都",
        "city_code": "13209",
        "city_name_ja": "町田市",
        "district_code": "132090230",
        "district_name_ja": "中町",
        "use_category_name_ja": "",
        "u_transaction_price_total_ja": "3,800万円",
        "u_transaction_price_unit_price_square_meter_ja": "",
        "u_unit_price_per_tsubo_ja": "",
        "u_area_ja": "65㎡",
        "land_shape_name_ja": "",
        "u_land_frontage_ja": "",
        "building_use_name_ja": "",
        "building_structure_name_ja": "ＲＣ",
        "floor_plan_name_ja": "３ＬＤＫ",
        "u_building_total_floor_area_ja": "",
        "u_construction_year_ja": "1994年",
        "front_road_azimuth_name_ja": "",
        "u_front_road_width_ja": "",
        "front_road_type_name_ja": "",
        "land_use_name_ja": "第２種中高層住居専用地域",
        "u_building_coverage_ratio_ja": "",
        "u_floor_area_ratio_ja": "",
        "remark_name_ja": "",
        "future_use_purpose_name_ja": "",
        "remark_renovation_name_ja": ""
      }
    },
    {
      "type": "Feature",
      "geometry": {
        "type": "Point",
        "coordinates": [
          139.44538056850433,
          35.54210911805369
        ]
      },
      "properties": {
        "point_in_time_name_ja": "2025年第3四半期",
        "land_type_name_ja": "中古マンション等",
        "price_information_category_name_ja": "成約価格情報",
        "prefecture_name_ja": "東京都",
        "city_code": "13209",
        "city_name_ja": "町田市",
        "district_code": "132090300",
        "district_name_ja": "原町田",
        "use_category_name_ja": "",
        "u_transaction_price_total_ja": "4,000万円",
        "u_transaction_price_unit_price_square_meter_ja": "",
        "u_unit_price_per_tsubo_ja": "",
        "u_area_ja": "65㎡",
        "land_shape_name_ja": "",
        "u_land_frontage_ja": "",
        "building_use_name_ja": "",
        "building_structure_name_ja": "ＲＣ",
        "floor_plan_name_ja": "２ＬＤＫ",
        "u_building_total_floor_area_ja": "",
        "u_construction_year_ja": "2000年",
        "front_road_azimuth_name_ja": "",
        "u_front_road_width_ja": "",
        "front_road_type_name_ja": "",
        "land_use_name_ja": "商業地域",
        "u_building_coverage_ratio_ja": "",
        "u_floor_area_ratio_ja": "",
        "remark_name_ja": "",
        "future_use_purpose_name_ja": "",
        "remark_renovation_name_ja": ""
      }
    },
    {
      "type": "Feature",
      "geometry": {
        "type": "Point",
        "coordinates": [
          139.44538056850433,
          35.54210911805369
        ]
      },
      "properties": {
        "point_in_time_name_ja": "2025年第3四半期",
        "land_type_name_ja": "中古マンション等",
        "price_information_category_name_ja": "成約価格情報",
        "prefecture_name_ja": "東京都",
        "city_code": "13209",
        "city_name_ja": "町田市",
        "district_code": "132090300",
        "district_name_ja": "原町田",
        "use_category_name_ja": "",
        "u_transaction_price_total_ja": "5,000万円",
        "u_transaction_price_unit_price_square_meter_ja": "",
        "u_unit_price_per_tsubo_ja": "",
        "u_area_ja": "75㎡",
        "land_shape_name_ja": "",
        "u_land_frontage_ja": "",
        "building_use_name_ja": "",
        "building_structure_name_ja": "ＲＣ",
        "floor_plan_name_ja": "３ＬＤＫ",
        "u_building_total_floor_area_ja": "",
        "u_construction_year_ja": "2000年",
        "front_road_azimuth_name_ja": "",
        "u_front_road_width_ja": "",
        "front_road_type_name_ja": "",
        "land_use_name_ja": "商業地域",
        "u_building_coverage_ratio_ja": "",
        "u_floor_area_ratio_ja": "",
        "remark_name_ja": "",
        "future_use_purpose_name_ja": "",
        "remark_renovation_name_ja": ""
      }
    },
    {
      "type": "Feature",
      "geometry": {
        "type": "Point",
        "coordinates": [
          139.44538056850433,
          35.54210911805369
        ]
      },
      "properties": {
        "point_in_time_name_ja": "2025年第3四半期",
        "land_type_name_ja": "中古マンション等",
        "price_information_category_name_ja": "成約価格情報",
        "prefecture_name_ja": "東京都",
        "city_code": "13209",
        "city_name_ja": "町田市",
        "district_code": "132090300",
        "district_name_ja": "原町田",
        "use_category_name_ja": "",
        "u_transaction_price_total_ja": "3,700万円",
        "u_transaction_price_unit_price_square_meter_ja": "",
        "u_unit_price_per_tsubo_ja": "",
        "u_area_ja": "35㎡",
        "land_shape_name_ja": "",
        "u_land_frontage_ja": "",
        "building_use_name_ja": "",
        "building_structure_name_ja": "ＲＣ",
        "floor_plan_name_ja": "１ＬＤＫ",
        "u_building_total_floor_area_ja": "",
        "u_construction_year_ja": "2019年",
        "front_road_azimuth_name_ja": "",
        "u_front_road_width_ja": "",
        "front_road_type_name_ja": "",
        "land_use_name_ja": "商業地域",
        "u_building_coverage_ratio_ja": "",
        "u_floor_area_ratio_ja": "",
        "remark_name_ja": "",
        "future_use_purpose_name_ja": "",
        "remark_renovation_name_ja": ""
      }
    },
    {
      "type": "Feature",
      "geometry": {
        "type": "Point",
        "coordinates": [
          139.44538056850433,
          35.54210911805369
        ]
      },
      "properties": {
        "point_in_time_name_ja": "2025年第3四半期",
        "land_type_name_ja": "中古マンション等",
        "price_information_category_name_ja": "成約価格情報",
        "prefecture_name_ja": "東京都",
        "city_code": "13209",
        "city_name_ja": "町田市",
        "district_code": "132090300",
        "district_name_ja": "原町田",
        "use_category_name_ja": "",
        "u_transaction_price_total_ja": "5,000万円",
        "u_transaction_price_unit_price_square_meter_ja": "",
        "u_unit_price_per_tsubo_ja": "",
        "u_area_ja": "65㎡",
        "land_shape_name_ja": "",
        "u_land_frontage_ja": "",
        "building_use_name_ja": "",
        "building_structure_name_ja": "ＲＣ",
        "floor_plan_name_ja": "２ＬＤＫ",
        "u_building_total_floor_area_ja": "",
        "u_construction_year_ja": "1999年",
        "front_road_azimuth_name_ja": "",
        "u_front_road_width_ja": "",
        "front_road_type_name_ja": "",
        "land_use_name_ja": "商業地域",
        "u_building_coverage_ratio_ja": "",
        "u_floor_area_ratio_ja": "",
        "remark_name_ja": "",
        "future_use_purpose_name_ja": "",
        "remark_renovation_name_ja": ""
      }
    },
    {
      "type": "Feature",
      "geometry": {
        "type": "Point",
        "coordinates": [
          139.44538056850433,
          35.54210911805369
        ]
      },
      "properties": {
        "point_in_time_name_ja": "2025年第3四半期",
        "land_type_name_ja": "中古マンション等",
        "price_information_category_name_ja": "成約価格情報",
        "prefecture_name_ja": "東京都",
        "city_code": "13209",
        "city_name_ja": "町田市",
        "district_code": "132090300",
        "district_name_ja": "原町田",
        "use_category_name_ja": "",
        "u_transaction_price_total_ja": "5,900万円",
        "u_transaction_price_unit_price_square_meter_ja": "",
        "u_unit_price_per_tsubo_ja": "",
        "u_area_ja": "85㎡",
        "land_shape_name_ja": "",
        "u_land_frontage_ja": "",
        "building_use_name_ja": "",
        "building_structure_name_ja": "ＲＣ",
        "floor_plan_name_ja": "４ＬＤＫ",
        "u_building_total_floor_area_ja": "",
        "u_construction_year_ja": "2000年",
        "front_road_azimuth_name_ja": "",
        "u_front_road_width_ja": "",
        "front_road_type_name_ja": "",
        "land_use_name_ja": "近隣商業地域",
        "u_building_coverage_ratio_ja": "",
        "u_floor_area_ratio_ja": "",
        "remark_name_ja": "",
        "future_use_purpose_name_ja": "",
        "remark_renovation_name_ja": ""
      }
    },
    {
      "type": "Feature",
      "geometry": {
        "type": "Point",
        "coordinates": [
          139.44538056850433,
          35.54210911805369
        ]
      },
      "properties": {
        "point_in_time_name_ja": "2025年第3四半期",
        "land_type_name_ja": "中古マンション等",
        "price_information_category_name_ja": "成約価格情報",
        "prefecture_name_ja": "東京都",
        "city_code": "13209",
        "city_name_ja": "町田市",
        "district_code": "132090300",
        "district_name_ja": "原町田",
        "use_category_name_ja": "",
        "u_transaction_price_total_ja": "4,400万円",
        "u_transaction_price_unit_price_square_meter_ja": "",
        "u_unit_price_per_tsubo_ja": "",
        "u_area_ja": "75㎡",
        "land_shape_name_ja": "",
        "u_land_frontage_ja": "",
        "building_use_name_ja": "",
        "building_structure_name_ja": "ＳＲＣ",
        "floor_plan_name_ja": "３ＬＤＫ",
        "u_building_total_floor_area_ja": "",
        "u_construction_year_ja": "2000年",
        "front_road_azimuth_name_ja": "",
        "u_front_road_width_ja": "",
        "front_road_type_name_ja": "",
        "land_use_name_ja": "近隣商業地域",
        "u_building_coverage_ratio_ja": "",
        "u_floor_area_ratio_ja": "",
        "remark_name_ja": "",
        "future_use_purpose_name_ja": "",
        "remark_renovation_name_ja": ""
      }
    },
    {
      "type": "Feature",
      "geometry": {
        "type": "Point",
        "coordinates": [
          139.44538056850433,
          35.54210911805369
        ]
      },
      "properties": {
        "point_in_time_name_ja": "2025年第3四半期",
        "land_type_name_ja": "中古マンション等",
        "price_information_category_name_ja": "成約価格情報",
        "prefecture_name_ja": "東京都",
        "city_code": "13209",
        "city_name_ja": "町田市",
        "district_code": "132090300",
        "district_name_ja": "原町田",
        "use_category_name_ja": "",
        "u_transaction_price_total_ja": "6,000万円",
        "u_transaction_price_unit_price_square_meter_ja": "",
        "u_unit_price_per_tsubo_ja": "",
        "u_area_ja": "85㎡",
        "land_shape_name_ja": "",
        "u_land_frontage_ja": "",
        "building_use_name_ja": "",
        "building_structure_name_ja": "ＳＲＣ",
        "floor_plan_name_ja": "４ＬＤＫ",
        "u_building_total_floor_area_ja": "",
        "u_construction_year_ja": "1996年",
        "front_road_azimuth_name_ja": "",
        "u_front_road_width_ja": "",
        "front_road_type_name_ja": "",
        "land_use_name_ja": "商業地域",
        "u_building_coverage_ratio_ja": "",
        "u_floor_area_ratio_ja": "",
        "remark_name_ja": "",
        "future_use_purpose_name_ja": "",
        "remark_renovation_name_ja": ""
      }
    },
    {
      "type": "Feature",
      "geometry": {
        "type": "Point",
        "coordinates": [
          139.44538056850433,
          35.54210911805369
        ]
      },
      "properties": {
        "point_in_time_name_ja": "2025年第3四半期",
        "land_type_name_ja": "中古マンション等",
        "price_information_category_name_ja": "成約価格情報",
        "prefecture_name_ja": "東京都",
        "city_code": "13209",
        "city_name_ja": "町田市",
        "district_code": "132090340",
        "district_name_ja": "南大谷",
        "use_category_name_ja": "",
        "u_transaction_price_total_ja": "390万円",
        "u_transaction_price_unit_price_square_meter_ja": "",
        "u_unit_price_per_tsubo_ja": "",
        "u_area_ja": "45㎡",
        "land_shape_name_ja": "",
        "u_land_frontage_ja": "",
        "building_use_name_ja": "",
        "building_structure_name_ja": "ＲＣ",
        "floor_plan_name_ja": "２ＤＫ",
        "u_building_total_floor_area_ja": "",
        "u_construction_year_ja": "1961年",
        "front_road_azimuth_name_ja": "",
        "u_front_road_width_ja": "",
        "front_road_type_name_ja": "",
        "land_use_name_ja": "第１種低層住居専用地域",
        "u_building_coverage_ratio_ja": "",
        "u_floor_area_ratio_ja": "",
        "remark_name_ja": "",
        "future_use_purpose_name_ja": "",
        "remark_renovation_name_ja": ""
      }
    },
    {
      "type": "Feature",
      "geometry": {
        "type": "Point",
        "coordinates": [
          139.44538056850433,
          35.54210911805369
        ]
      },
      "properties": {
        "point_in_time_name_ja": "2025年第4四半期",
        "land_type_name_ja": "中古マンション等",
        "price_information_category_name_ja": "成約価格情報",
        "prefecture_name_ja": "東京都",
        "city_code": "13209",
        "city_name_ja": "町田市",
        "district_code": "132090230",
        "district_name_ja": "中町",
        "use_category_name_ja": "",
        "u_transaction_price_total_ja": "5,600万円",
        "u_transaction_price_unit_price_square_meter_ja": "",
        "u_unit_price_per_tsubo_ja": "",
        "u_area_ja": "75㎡",
        "land_shape_name_ja": "",
        "u_land_frontage_ja": "",
        "building_use_name_ja": "",
        "building_structure_name_ja": "ＲＣ",
        "floor_plan_name_ja": "３ＬＤＫ",
        "u_building_total_floor_area_ja": "",
        "u_construction_year_ja": "2018年",
        "front_road_azimuth_name_ja": "",
        "u_front_road_width_ja": "",
        "front_road_type_name_ja": "",
        "land_use_name_ja": "第２種中高層住居専用地域",
        "u_building_coverage_ratio_ja": "",
        "u_floor_area_ratio_ja": "",
        "remark_name_ja": "",
        "future_use_purpose_name_ja": "",
        "remark_renovation_name_ja": ""
      }
    },
    {
      "type": "Feature",
      "geometry": {
        "type": "Point",
        "coordinates": [
          139.44538056850433,
          35.54210911805369
        ]
      },
      "properties": {
        "point_in_time_name_ja": "2025年第4四半期",
        "land_type_name_ja": "中古マンション等",
        "price_information_category_name_ja": "成約価格情報",
        "prefecture_name_ja": "東京都",
        "city_code": "13209",
        "city_name_ja": "町田市",
        "district_code": "132090300",
        "district_name_ja": "原町田",
        "use_category_name_ja": "",
        "u_transaction_price_total_ja": "4,400万円",
        "u_transaction_price_unit_price_square_meter_ja": "",
        "u_unit_price_per_tsubo_ja": "",
        "u_area_ja": "80㎡",
        "land_shape_name_ja": "",
        "u_land_frontage_ja": "",
        "building_use_name_ja": "",
        "building_structure_name_ja": "ＲＣ",
        "floor_plan_name_ja": "２ＬＤＫ＋Ｓ",
        "u_building_total_floor_area_ja": "",
        "u_construction_year_ja": "2000年",
        "front_road_azimuth_name_ja": "",
        "u_front_road_width_ja": "",
        "front_road_type_name_ja": "",
        "land_use_name_ja": "第２種中高層住居専用地域",
        "u_building_coverage_ratio_ja": "",
        "u_floor_area_ratio_ja": "",
        "remark_name_ja": "",
        "future_use_purpose_name_ja": "",
        "remark_renovation_name_ja": ""
      }
    },
    {
      "type": "Feature",
      "geometry": {
        "type": "Point",
        "coordinates": [
          139.44538056850433,
          35.54210911805369
        ]
      },
      "properties": {
        "point_in_time_name_ja": "2025年第4四半期",
        "land_type_name_ja": "中古マンション等",
        "price_information_category_name_ja": "成約価格情報",
        "prefecture_name_ja": "東京都",
        "city_code": "13209",
        "city_name_ja": "町田市",
        "district_code": "132090300",
        "district_name_ja": "原町田",
        "use_category_name_ja": "",
        "u_transaction_price_total_ja": "3,100万円",
        "u_transaction_price_unit_price_square_meter_ja": "",
        "u_unit_price_per_tsubo_ja": "",
        "u_area_ja": "90㎡",
        "land_shape_name_ja": "",
        "u_land_frontage_ja": "",
        "building_use_name_ja": "",
        "building_structure_name_ja": "ＲＣ",
        "floor_plan_name_ja": "３ＬＤＫ",
        "u_building_total_floor_area_ja": "",
        "u_construction_year_ja": "1983年",
        "front_road_azimuth_name_ja": "",
        "u_front_road_width_ja": "",
        "front_road_type_name_ja": "",
        "land_use_name_ja": "近隣商業地域",
        "u_building_coverage_ratio_ja": "",
        "u_floor_area_ratio_ja": "",
        "remark_name_ja": "",
        "future_use_purpose_name_ja": "",
        "remark_renovation_name_ja": ""
      }
    },
    {
      "type": "Feature",
      "geometry": {
        "type": "Point",
        "coordinates": [
          139.44538056850433,
          35.54210911805369
        ]
      },
      "properties": {
        "point_in_time_name_ja": "2025年第4四半期",
        "land_type_name_ja": "中古マンション等",
        "price_information_category_name_ja": "成約価格情報",
        "prefecture_name_ja": "東京都",
        "city_code": "13209",
        "city_name_ja": "町田市",
        "district_code": "132090300",
        "district_name_ja": "原町田",
        "use_category_name_ja": "",
        "u_transaction_price_total_ja": "5,900万円",
        "u_transaction_price_unit_price_square_meter_ja": "",
        "u_unit_price_per_tsubo_ja": "",
        "u_area_ja": "70㎡",
        "land_shape_name_ja": "",
        "u_land_frontage_ja": "",
        "building_use_name_ja": "",
        "building_structure_name_ja": "ＲＣ",
        "floor_plan_name_ja": "２ＬＤＫ",
        "u_building_total_floor_area_ja": "",
        "u_construction_year_ja": "2012年",
        "front_road_azimuth_name_ja": "",
        "u_front_road_width_ja": "",
        "front_road_type_name_ja": "",
        "land_use_name_ja": "近隣商業地域",
        "u_building_coverage_ratio_ja": "",
        "u_floor_area_ratio_ja": "",
        "remark_name_ja": "",
        "future_use_purpose_name_ja": "",
        "remark_renovation_name_ja": ""
      }
    },
    {
      "type": "Feature",
      "geometry": {
        "type": "Point",
        "coordinates": [
          139.44538056850433,
          35.54210911805369
        ]
      },
      "properties": {
        "point_in_time_name_ja": "2025年第4四半期",
        "land_type_name_ja": "中古マンション等",
        "price_information_category_name_ja": "成約価格情報",
        "prefecture_name_ja": "東京都",
        "city_code": "13209",
        "city_name_ja": "町田市",
        "district_code": "132090300",
        "district_name_ja": "原町田",
        "use_category_name_ja": "",
        "u_transaction_price_total_ja": "3,400万円",
        "u_transaction_price_unit_price_square_meter_ja": "",
        "u_unit_price_per_tsubo_ja": "",
        "u_area_ja": "65㎡",
        "land_shape_name_ja": "",
        "u_land_frontage_ja": "",
        "building_use_name_ja": "",
        "building_structure_name_ja": "ＲＣ",
        "floor_plan_name_ja": "３ＬＤＫ",
        "u_building_total_floor_area_ja": "",
        "u_construction_year_ja": "1996年",
        "front_road_azimuth_name_ja": "",
        "u_front_road_width_ja": "",
        "front_road_type_name_ja": "",
        "land_use_name_ja": "近隣商業地域",
        "u_building_coverage_ratio_ja": "",
        "u_floor_area_ratio_ja": "",
        "remark_name_ja": "",
        "future_use_purpose_name_ja": "",
        "remark_renovation_name_ja": ""
      }
    },
    {
      "type": "Feature",
      "geometry": {
        "type": "Point",
        "coordinates": [
          139.44538056850433,
          35.54210911805369
        ]
      },
      "properties": {
        "point_in_time_name_ja": "2025年第4四半期",
        "land_type_name_ja": "中古マンション等",
        "price_information_category_name_ja": "成約価格情報",
        "prefecture_name_ja": "東京都",
        "city_code": "13209",
        "city_name_ja": "町田市",
        "district_code": "132090300",
        "district_name_ja": "原町田",
        "use_category_name_ja": "",
        "u_transaction_price_total_ja": "3,500万円",
        "u_transaction_price_unit_price_square_meter_ja": "",
        "u_unit_price_per_tsubo_ja": "",
        "u_area_ja": "60㎡",
        "land_shape_name_ja": "",
        "u_land_frontage_ja": "",
        "building_use_name_ja": "",
        "building_structure_name_ja": "ＲＣ",
        "floor_plan_name_ja": "１ＬＤＫ＋Ｓ",
        "u_building_total_floor_area_ja": "",
        "u_construction_year_ja": "2012年",
        "front_road_azimuth_name_ja": "",
        "u_front_road_width_ja": "",
        "front_road_type_name_ja": "",
        "land_use_name_ja": "第２種中高層住居専用地域",
        "u_building_coverage_ratio_ja": "",
        "u_floor_area_ratio_ja": "",
        "remark_name_ja": "",
        "future_use_purpose_name_ja": "",
        "remark_renovation_name_ja": ""
      }
    },
    {
      "type": "Feature",
      "geometry": {
        "type": "Point",
        "coordinates": [
          139.44538056850433,
          35.54210911805369
        ]
      },
      "properties": {
        "point_in_time_name_ja": "2025年第4四半期",
        "land_type_name_ja": "中古マンション等",
        "price_information_category_name_ja": "成約価格情報",
        "prefecture_name_ja": "東京都",
        "city_code": "13209",
        "city_name_ja": "町田市",
        "district_code": "132090300",
        "district_name_ja": "原町田",
        "use_category_name_ja": "",
        "u_transaction_price_total_ja": "5,200万円",
        "u_transaction_price_unit_price_square_meter_ja": "",
        "u_unit_price_per_tsubo_ja": "",
        "u_area_ja": "75㎡",
        "land_shape_name_ja": "",
        "u_land_frontage_ja": "",
        "building_use_name_ja": "",
        "building_structure_name_ja": "ＲＣ",
        "floor_plan_name_ja": "３ＬＤＫ",
        "u_building_total_floor_area_ja": "",
        "u_construction_year_ja": "1999年",
        "front_road_azimuth_name_ja": "",
        "u_front_road_width_ja": "",
        "front_road_type_name_ja": "",
        "land_use_name_ja": "商業地域",
        "u_building_coverage_ratio_ja": "",
        "u_floor_area_ratio_ja": "",
        "remark_name_ja": "",
        "future_use_purpose_name_ja": "",
        "remark_renovation_name_ja": ""
      }
    },
    {
      "type": "Feature",
      "geometry": {
        "type": "Point",
        "coordinates": [
          139.44538056850433,
          35.54210911805369
        ]
      },
      "properties": {
        "point_in_time_name_ja": "2025年第4四半期",
        "land_type_name_ja": "中古マンション等",
        "price_information_category_name_ja": "成約価格情報",
        "prefecture_name_ja": "東京都",
        "city_code": "13209",
        "city_name_ja": "町田市",
        "district_code": "132090300",
        "district_name_ja": "原町田",
        "use_category_name_ja": "",
        "u_transaction_price_total_ja": "3,800万円",
        "u_transaction_price_unit_price_square_meter_ja": "",
        "u_unit_price_per_tsubo_ja": "",
        "u_area_ja": "40㎡",
        "land_shape_name_ja": "",
        "u_land_frontage_ja": "",
        "building_use_name_ja": "",
        "building_structure_name_ja": "ＲＣ",
        "floor_plan_name_ja": "１ＬＤＫ",
        "u_building_total_floor_area_ja": "",
        "u_construction_year_ja": "2020年",
        "front_road_azimuth_name_ja": "",
        "u_front_road_width_ja": "",
        "front_road_type_name_ja": "",
        "land_use_name_ja": "近隣商業地域",
        "u_building_coverage_ratio_ja": "",
        "u_floor_area_ratio_ja": "",
        "remark_name_ja": "",
        "future_use_purpose_name_ja": "",
        "remark_renovation_name_ja": ""
      }
    },
    {
      "type": "Feature",
      "geometry": {
        "type": "Point",
        "coordinates": [
          139.44538056850433,
          35.54210911805369
        ]
      },
      "properties": {
        "point_in_time_name_ja": "2025年第4四半期",
        "land_type_name_ja": "中古マンション等",
        "price_information_category_name_ja": "成約価格情報",
        "prefecture_name_ja": "東京都",
        "city_code": "13209",
        "city_name_ja": "町田市",
        "district_code": "132090300",
        "district_name_ja": "原町田",
        "use_category_name_ja": "",
        "u_transaction_price_total_ja": "3,200万円",
        "u_transaction_price_unit_price_square_meter_ja": "",
        "u_unit_price_per_tsubo_ja": "",
        "u_area_ja": "65㎡",
        "land_shape_name_ja": "",
        "u_land_frontage_ja": "",
        "building_use_name_ja": "",
        "building_structure_name_ja": "ＲＣ",
        "floor_plan_name_ja": "３ＬＤＫ",
        "u_building_total_floor_area_ja": "",
        "u_construction_year_ja": "1996年",
        "front_road_azimuth_name_ja": "",
        "u_front_road_width_ja": "",
        "front_road_type_name_ja": "",
        "land_use_name_ja": "近隣商業地域",
        "u_building_coverage_ratio_ja": "",
        "u_floor_area_ratio_ja": "",
        "remark_name_ja": "",
        "future_use_purpose_name_ja": "",
        "remark_renovation_name_ja": ""
      }
    },
    {
      "type": "Feature",
      "geometry": {
        "type": "Point",
        "coordinates": [
          139.44538056850433,
          35.54210911805369
        ]
      },
      "properties": {
        "point_in_time_name_ja": "2025年第4四半期",
        "land_type_name_ja": "中古マンション等",
        "price_information_category_name_ja": "成約価格情報",
        "prefecture_name_ja": "東京都",
        "city_code": "13209",
        "city_name_ja": "町田市",
        "district_code": "132090300",
        "district_name_ja": "原町田",
        "use_category_name_ja": "",
        "u_transaction_price_total_ja": "5,800万円",
        "u_transaction_price_unit_price_square_meter_ja": "",
        "u_unit_price_per_tsubo_ja": "",
        "u_area_ja": "60㎡",
        "land_shape_name_ja": "",
        "u_land_frontage_ja": "",
        "building_use_name_ja": "",
        "building_structure_name_ja": "ＲＣ",
        "floor_plan_name_ja": "２ＬＫ",
        "u_building_total_floor_area_ja": "",
        "u_construction_year_ja": "2016年",
        "front_road_azimuth_name_ja": "",
        "u_front_road_width_ja": "",
        "front_road_type_name_ja": "",
        "land_use_name_ja": "商業地域",
        "u_building_coverage_ratio_ja": "",
        "u_floor_area_ratio_ja": "",
        "remark_name_ja": "",
        "future_use_purpose_name_ja": "",
        "remark_renovation_name_ja": ""
      }
    },
    {
      "type": "Feature",
      "geometry": {
        "type": "Point",
        "coordinates": [
          139.44538056850433,
          35.54210911805369
        ]
      },
      "properties": {
        "point_in_time_name_ja": "2025年第4四半期",
        "land_type_name_ja": "中古マンション等",
        "price_information_category_name_ja": "成約価格情報",
        "prefecture_name_ja": "東京都",
        "city_code": "13209",
        "city_name_ja": "町田市",
        "district_code": "132090480",
        "district_name_ja": "山崎",
        "use_category_name_ja": "",
        "u_transaction_price_total_ja": "1,700万円",
        "u_transaction_price_unit_price_square_meter_ja": "",
        "u_unit_price_per_tsubo_ja": "",
        "u_area_ja": "55㎡",
        "land_shape_name_ja": "",
        "u_land_frontage_ja": "",
        "building_use_name_ja": "",
        "building_structure_name_ja": "ＲＣ",
        "floor_plan_name_ja": "２ＤＫ",
        "u_building_total_floor_area_ja": "",
        "u_construction_year_ja": "2009年",
        "front_road_azimuth_name_ja": "",
        "u_front_road_width_ja": "",
        "front_road_type_name_ja": "",
        "land_use_name_ja": "第１種中高層住居専用地域",
        "u_building_coverage_ratio_ja": "",
        "u_floor_area_ratio_ja": "",
        "remark_name_ja": "",
        "future_use_purpose_name_ja": "",
        "remark_renovation_name_ja": ""
      }
    },
    {
      "type": "Feature",
      "geometry": {
        "type": "Point",
        "coordinates": [
          139.44538056850433,
          35.54210911805369
        ]
      },
      "properties": {
        "point_in_time_name_ja": "2025年第2四半期",
        "land_type_name_ja": "中古マンション等",
        "price_information_category_name_ja": "成約価格情報",
        "prefecture_name_ja": "東京都",
        "city_code": "13209",
        "city_name_ja": "町田市",
        "district_code": "132090560",
        "district_name_ja": "藤の台",
        "use_category_name_ja": "",
        "u_transaction_price_total_ja": "430万円",
        "u_transaction_price_unit_price_square_meter_ja": "",
        "u_unit_price_per_tsubo_ja": "",
        "u_area_ja": "50㎡",
        "land_shape_name_ja": "",
        "u_land_frontage_ja": "",
        "building_use_name_ja": "",
        "building_structure_name_ja": "ＲＣ",
        "floor_plan_name_ja": "２ＬＤＫ",
        "u_building_total_floor_area_ja": "",
        "u_construction_year_ja": "1971年",
        "front_road_azimuth_name_ja": "",
        "u_front_road_width_ja": "",
        "front_road_type_name_ja": "",
        "land_use_name_ja": "第１種中高層住居専用地域",
        "u_building_coverage_ratio_ja": "",
        "u_floor_area_ratio_ja": "",
        "remark_name_ja": "",
        "future_use_purpose_name_ja": "",
        "remark_renovation_name_ja": ""
      }
    },
    {
      "type": "Feature",
      "geometry": {
        "type": "Point",
        "coordinates": [
          139.44538056850433,
          35.54210911805369
        ]
      },
      "properties": {
        "point_in_time_name_ja": "2025年第2四半期",
        "land_type_name_ja": "中古マンション等",
        "price_information_category_name_ja": "成約価格情報",
        "prefecture_name_ja": "東京都",
        "city_code": "13209",
        "city_name_ja": "町田市",
        "district_code": "132090560",
        "district_name_ja": "藤の台",
        "use_category_name_ja": "",
        "u_transaction_price_total_ja": "1,000万円",
        "u_transaction_price_unit_price_square_meter_ja": "",
        "u_unit_price_per_tsubo_ja": "",
        "u_area_ja": "50㎡",
        "land_shape_name_ja": "",
        "u_land_frontage_ja": "",
        "building_use_name_ja": "",
        "building_structure_name_ja": "ＲＣ",
        "floor_plan_name_ja": "２ＬＤＫ",
        "u_building_total_floor_area_ja": "",
        "u_construction_year_ja": "1971年",
        "front_road_azimuth_name_ja": "",
        "u_front_road_width_ja": "",
        "front_road_type_name_ja": "",
        "land_use_name_ja": "第１種中高層住居専用地域",
        "u_building_coverage_ratio_ja": "",
        "u_floor_area_ratio_ja": "",
        "remark_name_ja": "",
        "future_use_purpose_name_ja": "",
        "remark_renovation_name_ja": ""
      }
    },
    {
      "type": "Feature",
      "geometry": {
        "type": "Point",
        "coordinates": [
          139.44538056850433,
          35.54210911805369
        ]
      },
      "properties": {
        "point_in_time_name_ja": "2025年第4四半期",
        "land_type_name_ja": "中古マンション等",
        "price_information_category_name_ja": "成約価格情報",
        "prefecture_name_ja": "東京都",
        "city_code": "13209",
        "city_name_ja": "町田市",
        "district_code": "132090560",
        "district_name_ja": "藤の台",
        "use_category_name_ja": "",
        "u_transaction_price_total_ja": "600万円",
        "u_transaction_price_unit_price_square_meter_ja": "",
        "u_unit_price_per_tsubo_ja": "",
        "u_area_ja": "50㎡",
        "land_shape_name_ja": "",
        "u_land_frontage_ja": "",
        "building_use_name_ja": "",
        "building_structure_name_ja": "ＲＣ",
        "floor_plan_name_ja": "２ＬＤＫ",
        "u_building_total_floor_area_ja": "",
        "u_construction_year_ja": "1971年",
        "front_road_azimuth_name_ja": "",
        "u_front_road_width_ja": "",
        "front_road_type_name_ja": "",
        "land_use_name_ja": "第１種中高層住居専用地域",
        "u_building_coverage_ratio_ja": "",
        "u_floor_area_ratio_ja": "",
        "remark_name_ja": "",
        "future_use_purpose_name_ja": "",
        "remark_renovation_name_ja": ""
      }
    },
    {
      "type": "Feature",
      "geometry": {
        "type": "Point",
        "coordinates": [
          139.44538056850433,
          35.54210911805369
        ]
      },
      "properties": {
        "point_in_time_name_ja": "2025年第4四半期",
        "land_type_name_ja": "中古マンション等",
        "price_information_category_name_ja": "成約価格情報",
        "prefecture_name_ja": "東京都",
        "city_code": "13209",
        "city_name_ja": "町田市",
        "district_code": "132090560",
        "district_name_ja": "藤の台",
        "use_category_name_ja": "",
        "u_transaction_price_total_ja": "1,200万円",
        "u_transaction_price_unit_price_square_meter_ja": "",
        "u_unit_price_per_tsubo_ja": "",
        "u_area_ja": "50㎡",
        "land_shape_name_ja": "",
        "u_land_frontage_ja": "",
        "building_use_name_ja": "",
        "building_structure_name_ja": "ＲＣ",
        "floor_plan_name_ja": "２ＬＤＫ",
        "u_building_total_floor_area_ja": "",
        "u_construction_year_ja": "1971年",
        "front_road_azimuth_name_ja": "",
        "u_front_road_width_ja": "",
        "front_road_type_name_ja": "",
        "land_use_name_ja": "第１種中高層住居専用地域",
        "u_building_coverage_ratio_ja": "",
        "u_floor_area_ratio_ja": "",
        "remark_name_ja": "",
        "future_use_purpose_name_ja": "",
        "remark_renovation_name_ja": ""
      }
    },
    {
      "type": "Feature",
      "geometry": {
        "type": "Point",
        "coordinates": [
          139.44538056850433,
          35.54210911805369
        ]
      },
      "properties": {
        "point_in_time_name_ja": "2025年第4四半期",
        "land_type_name_ja": "中古マンション等",
        "price_information_category_name_ja": "成約価格情報",
        "prefecture_name_ja": "東京都",
        "city_code": "13209",
        "city_name_ja": "町田市",
        "district_code": "132090560",
        "district_name_ja": "藤の台",
        "use_category_name_ja": "",
        "u_transaction_price_total_ja": "600万円",
        "u_transaction_price_unit_price_square_meter_ja": "",
        "u_unit_price_per_tsubo_ja": "",
        "u_area_ja": "50㎡",
        "land_shape_name_ja": "",
        "u_land_frontage_ja": "",
        "building_use_name_ja": "",
        "building_structure_name_ja": "ＲＣ",
        "floor_plan_name_ja": "３ＤＫ",
        "u_building_total_floor_area_ja": "",
        "u_construction_year_ja": "1971年",
        "front_road_azimuth_name_ja": "",
        "u_front_road_width_ja": "",
        "front_road_type_name_ja": "",
        "land_use_name_ja": "第１種中高層住居専用地域",
        "u_building_coverage_ratio_ja": "",
        "u_floor_area_ratio_ja": "",
        "remark_name_ja": "",
        "future_use_purpose_name_ja": "",
        "remark_renovation_name_ja": ""
      }
    },
    {
      "type": "Feature",
      "geometry": {
        "type": "Point",
        "coordinates": [
          139.4810003042221,
          35.58320346133907
        ]
      },
      "properties": {
        "point_in_time_name_ja": "2025年第1四半期",
        "land_type_name_ja": "中古マンション等",
        "price_information_category_name_ja": "成約価格情報",
        "prefecture_name_ja": "東京都",
        "city_code": "13209",
        "city_name_ja": "町田市",
        "district_code": "132090200",
        "district_name_ja": "鶴川",
        "use_category_name_ja": "",
        "u_transaction_price_total_ja": "890万円",
        "u_transaction_price_unit_price_square_meter_ja": "",
        "u_unit_price_per_tsubo_ja": "",
        "u_area_ja": "55㎡",
        "land_shape_name_ja": "",
        "u_land_frontage_ja": "",
        "building_use_name_ja": "",
        "building_structure_name_ja": "ＲＣ",
        "floor_plan_name_ja": "２ＬＤＫ",
        "u_building_total_floor_area_ja": "",
        "u_construction_year_ja": "1969年",
        "front_road_azimuth_name_ja": "",
        "u_front_road_width_ja": "",
        "front_road_type_name_ja": "",
        "land_use_name_ja": "第１種中高層住居専用地域",
        "u_building_coverage_ratio_ja": "",
        "u_floor_area_ratio_ja": "",
        "remark_name_ja": "",
        "future_use_purpose_name_ja": "",
        "remark_renovation_name_ja": ""
      }
    },
    {
      "type": "Feature",
      "geometry": {
        "type": "Point",
        "coordinates": [
          139.4810003042221,
          35.58320346133907
        ]
      },
      "properties": {
        "point_in_time_name_ja": "2025年第1四半期",
        "land_type_name_ja": "中古マンション等",
        "price_information_category_name_ja": "成約価格情報",
        "prefecture_name_ja": "東京都",
        "city_code": "13209",
        "city_name_ja": "町田市",
        "district_code": "132090200",
        "district_name_ja": "鶴川",
        "use_category_name_ja": "",
        "u_transaction_price_total_ja": "2,100万円",
        "u_transaction_price_unit_price_square_meter_ja": "",
        "u_unit_price_per_tsubo_ja": "",
        "u_area_ja": "65㎡",
        "land_shape_name_ja": "",
        "u_land_frontage_ja": "",
        "building_use_name_ja": "",
        "building_structure_name_ja": "ＲＣ",
        "floor_plan_name_ja": "３ＬＤＫ",
        "u_building_total_floor_area_ja": "",
        "u_construction_year_ja": "2002年",
        "front_road_azimuth_name_ja": "",
        "u_front_road_width_ja": "",
        "front_road_type_name_ja": "",
        "land_use_name_ja": "第１種低層住居専用地域",
        "u_building_coverage_ratio_ja": "",
        "u_floor_area_ratio_ja": "",
        "remark_name_ja": "",
        "future_use_purpose_name_ja": "",
        "remark_renovation_name_ja": ""
      }
    },
    {
      "type": "Feature",
      "geometry": {
        "type": "Point",
        "coordinates": [
          139.4810003042221,
          35.58320346133907
        ]
      },
      "properties": {
        "point_in_time_name_ja": "2025年第1四半期",
        "land_type_name_ja": "中古マンション等",
        "price_information_category_name_ja": "成約価格情報",
        "prefecture_name_ja": "東京都",
        "city_code": "13209",
        "city_name_ja": "町田市",
        "district_code": "132090200",
        "district_name_ja": "鶴川",
        "use_category_name_ja": "",
        "u_transaction_price_total_ja": "880万円",
        "u_transaction_price_unit_price_square_meter_ja": "",
        "u_unit_price_per_tsubo_ja": "",
        "u_area_ja": "55㎡",
        "land_shape_name_ja": "",
        "u_land_frontage_ja": "",
        "building_use_name_ja": "",
        "building_structure_name_ja": "ＲＣ",
        "floor_plan_name_ja": "２ＬＤＫ",
        "u_building_total_floor_area_ja": "",
        "u_construction_year_ja": "1968年",
        "front_road_azimuth_name_ja": "",
        "u_front_road_width_ja": "",
        "front_road_type_name_ja": "",
        "land_use_name_ja": "第１種中高層住居専用地域",
        "u_building_coverage_ratio_ja": "",
        "u_floor_area_ratio_ja": "",
        "remark_name_ja": "",
        "future_use_purpose_name_ja": "",
        "remark_renovation_name_ja": ""
      }
    },
    {
      "type": "Feature",
      "geometry": {
        "type": "Point",
        "coordinates": [
          139.4810003042221,
          35.58320346133907
        ]
      },
      "properties": {
        "point_in_time_name_ja": "2025年第2四半期",
        "land_type_name_ja": "中古マンション等",
        "price_information_category_name_ja": "成約価格情報",
        "prefecture_name_ja": "東京都",
        "city_code": "13209",
        "city_name_ja": "町田市",
        "district_code": "132090200",
        "district_name_ja": "鶴川",
        "use_category_name_ja": "",
        "u_transaction_price_total_ja": "450万円",
        "u_transaction_price_unit_price_square_meter_ja": "",
        "u_unit_price_per_tsubo_ja": "",
        "u_area_ja": "55㎡",
        "land_shape_name_ja": "",
        "u_land_frontage_ja": "",
        "building_use_name_ja": "",
        "building_structure_name_ja": "ＲＣ",
        "floor_plan_name_ja": "２ＬＤＫ",
        "u_building_total_floor_area_ja": "",
        "u_construction_year_ja": "1969年",
        "front_road_azimuth_name_ja": "",
        "u_front_road_width_ja": "",
        "front_road_type_name_ja": "",
        "land_use_name_ja": "第１種中高層住居専用地域",
        "u_building_coverage_ratio_ja": "",
        "u_floor_area_ratio_ja": "",
        "remark_name_ja": "",
        "future_use_purpose_name_ja": "",
        "remark_renovation_name_ja": ""
      }
    },
    {
      "type": "Feature",
      "geometry": {
        "type": "Point",
        "coordinates": [
          139.4810003042221,
          35.58320346133907
        ]
      },
      "properties": {
        "point_in_time_name_ja": "2025年第2四半期",
        "land_type_name_ja": "中古マンション等",
        "price_information_category_name_ja": "成約価格情報",
        "prefecture_name_ja": "東京都",
        "city_code": "13209",
        "city_name_ja": "町田市",
        "district_code": "132090200",
        "district_name_ja": "鶴川",
        "use_category_name_ja": "",
        "u_transaction_price_total_ja": "800万円",
        "u_transaction_price_unit_price_square_meter_ja": "",
        "u_unit_price_per_tsubo_ja": "",
        "u_area_ja": "55㎡",
        "land_shape_name_ja": "",
        "u_land_frontage_ja": "",
        "building_use_name_ja": "",
        "building_structure_name_ja": "ＲＣ",
        "floor_plan_name_ja": "２ＬＤＫ",
        "u_building_total_floor_area_ja": "",
        "u_construction_year_ja": "1968年",
        "front_road_azimuth_name_ja": "",
        "u_front_road_width_ja": "",
        "front_road_type_name_ja": "",
        "land_use_name_ja": "第１種中高層住居専用地域",
        "u_building_coverage_ratio_ja": "",
        "u_floor_area_ratio_ja": "",
        "remark_name_ja": "",
        "future_use_purpose_name_ja": "",
        "remark_renovation_name_ja": ""
      }
    },
    {
      "type": "Feature",
      "geometry": {
        "type": "Point",
        "coordinates": [
          139.4810003042221,
          35.58320346133907
        ]
      },
      "properties": {
        "point_in_time_name_ja": "2025年第2四半期",
        "land_type_name_ja": "中古マンション等",
        "price_information_category_name_ja": "成約価格情報",
        "prefecture_name_ja": "東京都",
        "city_code": "13209",
        "city_name_ja": "町田市",
        "district_code": "132090200",
        "district_name_ja": "鶴川",
        "use_category_name_ja": "",
        "u_transaction_price_total_ja": "1,100万円",
        "u_transaction_price_unit_price_square_meter_ja": "",
        "u_unit_price_per_tsubo_ja": "",
        "u_area_ja": "70㎡",
        "land_shape_name_ja": "",
        "u_land_frontage_ja": "",
        "building_use_name_ja": "",
        "building_structure_name_ja": "ＲＣ",
        "floor_plan_name_ja": "３ＬＤＫ",
        "u_building_total_floor_area_ja": "",
        "u_construction_year_ja": "1969年",
        "front_road_azimuth_name_ja": "",
        "u_front_road_width_ja": "",
        "front_road_type_name_ja": "",
        "land_use_name_ja": "第１種中高層住居専用地域",
        "u_building_coverage_ratio_ja": "",
        "u_floor_area_ratio_ja": "",
        "remark_name_ja": "",
        "future_use_purpose_name_ja": "",
        "remark_renovation_name_ja": ""
      }
    },
    {
      "type": "Feature",
      "geometry": {
        "type": "Point",
        "coordinates": [
          139.4810003042221,
          35.58320346133907
        ]
      },
      "properties": {
        "point_in_time_name_ja": "2025年第2四半期",
        "land_type_name_ja": "中古マンション等",
        "price_information_category_name_ja": "成約価格情報",
        "prefecture_name_ja": "東京都",
        "city_code": "13209",
        "city_name_ja": "町田市",
        "district_code": "132090200",
        "district_name_ja": "鶴川",
        "use_category_name_ja": "",
        "u_transaction_price_total_ja": "880万円",
        "u_transaction_price_unit_price_square_meter_ja": "",
        "u_unit_price_per_tsubo_ja": "",
        "u_area_ja": "55㎡",
        "land_shape_name_ja": "",
        "u_land_frontage_ja": "",
        "building_use_name_ja": "",
        "building_structure_name_ja": "ＲＣ",
        "floor_plan_name_ja": "２ＬＤＫ",
        "u_building_total_floor_area_ja": "",
        "u_construction_year_ja": "1969年",
        "front_road_azimuth_name_ja": "",
        "u_front_road_width_ja": "",
        "front_road_type_name_ja": "",
        "land_use_name_ja": "第１種中高層住居専用地域",
        "u_building_coverage_ratio_ja": "",
        "u_floor_area_ratio_ja": "",
        "remark_name_ja": "",
        "future_use_purpose_name_ja": "",
        "remark_renovation_name_ja": ""
      }
    },
    {
      "type": "Feature",
      "geometry": {
        "type": "Point",
        "coordinates": [
          139.4810003042221,
          35.58320346133907
        ]
      },
      "properties": {
        "point_in_time_name_ja": "2025年第2四半期",
        "land_type_name_ja": "中古マンション等",
        "price_information_category_name_ja": "成約価格情報",
        "prefecture_name_ja": "東京都",
        "city_code": "13209",
        "city_name_ja": "町田市",
        "district_code": "132090200",
        "district_name_ja": "鶴川",
        "use_category_name_ja": "",
        "u_transaction_price_total_ja": "690万円",
        "u_transaction_price_unit_price_square_meter_ja": "",
        "u_unit_price_per_tsubo_ja": "",
        "u_area_ja": "55㎡",
        "land_shape_name_ja": "",
        "u_land_frontage_ja": "",
        "building_use_name_ja": "",
        "building_structure_name_ja": "ＲＣ",
        "floor_plan_name_ja": "３ＬＤＫ",
        "u_building_total_floor_area_ja": "",
        "u_construction_year_ja": "1969年",
        "front_road_azimuth_name_ja": "",
        "u_front_road_width_ja": "",
        "front_road_type_name_ja": "",
        "land_use_name_ja": "第１種中高層住居専用地域",
        "u_building_coverage_ratio_ja": "",
        "u_floor_area_ratio_ja": "",
        "remark_name_ja": "",
        "future_use_purpose_name_ja": "",
        "remark_renovation_name_ja": ""
      }
    },
    {
      "type": "Feature",
      "geometry": {
        "type": "Point",
        "coordinates": [
          139.4810003042221,
          35.58320346133907
        ]
      },
      "properties": {
        "point_in_time_name_ja": "2025年第2四半期",
        "land_type_name_ja": "中古マンション等",
        "price_information_category_name_ja": "成約価格情報",
        "prefecture_name_ja": "東京都",
        "city_code": "13209",
        "city_name_ja": "町田市",
        "district_code": "132090200",
        "district_name_ja": "鶴川",
        "use_category_name_ja": "",
        "u_transaction_price_total_ja": "800万円",
        "u_transaction_price_unit_price_square_meter_ja": "",
        "u_unit_price_per_tsubo_ja": "",
        "u_area_ja": "70㎡",
        "land_shape_name_ja": "",
        "u_land_frontage_ja": "",
        "building_use_name_ja": "",
        "building_structure_name_ja": "ＲＣ",
        "floor_plan_name_ja": "３ＬＤＫ",
        "u_building_total_floor_area_ja": "",
        "u_construction_year_ja": "1969年",
        "front_road_azimuth_name_ja": "",
        "u_front_road_width_ja": "",
        "front_road_type_name_ja": "",
        "land_use_name_ja": "第１種中高層住居専用地域",
        "u_building_coverage_ratio_ja": "",
        "u_floor_area_ratio_ja": "",
        "remark_name_ja": "",
        "future_use_purpose_name_ja": "",
        "remark_renovation_name_ja": ""
      }
    },
    {
      "type": "Feature",
      "geometry": {
        "type": "Point",
        "coordinates": [
          139.4810003042221,
          35.58320346133907
        ]
      },
      "properties": {
        "point_in_time_name_ja": "2025年第3四半期",
        "land_type_name_ja": "中古マンション等",
        "price_information_category_name_ja": "成約価格情報",
        "prefecture_name_ja": "東京都",
        "city_code": "13209",
        "city_name_ja": "町田市",
        "district_code": "132090200",
        "district_name_ja": "鶴川",
        "use_category_name_ja": "",
        "u_transaction_price_total_ja": "1,000万円",
        "u_transaction_price_unit_price_square_meter_ja": "",
        "u_unit_price_per_tsubo_ja": "",
        "u_area_ja": "65㎡",
        "land_shape_name_ja": "",
        "u_land_frontage_ja": "",
        "building_use_name_ja": "",
        "building_structure_name_ja": "ＲＣ",
        "floor_plan_name_ja": "２ＬＤＫ",
        "u_building_total_floor_area_ja": "",
        "u_construction_year_ja": "1969年",
        "front_road_azimuth_name_ja": "",
        "u_front_road_width_ja": "",
        "front_road_type_name_ja": "",
        "land_use_name_ja": "第１種中高層住居専用地域",
        "u_building_coverage_ratio_ja": "",
        "u_floor_area_ratio_ja": "",
        "remark_name_ja": "",
        "future_use_purpose_name_ja": "",
        "remark_renovation_name_ja": ""
      }
    },
    {
      "type": "Feature",
      "geometry": {
        "type": "Point",
        "coordinates": [
          139.4810003042221,
          35.58320346133907
        ]
      },
      "properties": {
        "point_in_time_name_ja": "2025年第3四半期",
        "land_type_name_ja": "中古マンション等",
        "price_information_category_name_ja": "成約価格情報",
        "prefecture_name_ja": "東京都",
        "city_code": "13209",
        "city_name_ja": "町田市",
        "district_code": "132090200",
        "district_name_ja": "鶴川",
        "use_category_name_ja": "",
        "u_transaction_price_total_ja": "760万円",
        "u_transaction_price_unit_price_square_meter_ja": "",
        "u_unit_price_per_tsubo_ja": "",
        "u_area_ja": "55㎡",
        "land_shape_name_ja": "",
        "u_land_frontage_ja": "",
        "building_use_name_ja": "",
        "building_structure_name_ja": "ＲＣ",
        "floor_plan_name_ja": "２ＤＫ",
        "u_building_total_floor_area_ja": "",
        "u_construction_year_ja": "1968年",
        "front_road_azimuth_name_ja": "",
        "u_front_road_width_ja": "",
        "front_road_type_name_ja": "",
        "land_use_name_ja": "第１種中高層住居専用地域",
        "u_building_coverage_ratio_ja": "",
        "u_floor_area_ratio_ja": "",
        "remark_name_ja": "",
        "future_use_purpose_name_ja": "",
        "remark_renovation_name_ja": ""
      }
    },
    {
      "type": "Feature",
      "geometry": {
        "type": "Point",
        "coordinates": [
          139.4810003042221,
          35.58320346133907
        ]
      },
      "properties": {
        "point_in_time_name_ja": "2025年第3四半期",
        "land_type_name_ja": "中古マンション等",
        "price_information_category_name_ja": "成約価格情報",
        "prefecture_name_ja": "東京都",
        "city_code": "13209",
        "city_name_ja": "町田市",
        "district_code": "132090200",
        "district_name_ja": "鶴川",
        "use_category_name_ja": "",
        "u_transaction_price_total_ja": "580万円",
        "u_transaction_price_unit_price_square_meter_ja": "",
        "u_unit_price_per_tsubo_ja": "",
        "u_area_ja": "70㎡",
        "land_shape_name_ja": "",
        "u_land_frontage_ja": "",
        "building_use_name_ja": "",
        "building_structure_name_ja": "ＲＣ",
        "floor_plan_name_ja": "３ＬＤＫ",
        "u_building_total_floor_area_ja": "",
        "u_construction_year_ja": "1969年",
        "front_road_azimuth_name_ja": "",
        "u_front_road_width_ja": "",
        "front_road_type_name_ja": "",
        "land_use_name_ja": "第１種中高層住居専用地域",
        "u_building_coverage_ratio_ja": "",
        "u_floor_area_ratio_ja": "",
        "remark_name_ja": "",
        "future_use_purpose_name_ja": "",
        "remark_renovation_name_ja": ""
      }
    },
    {
      "type": "Feature",
      "geometry": {
        "type": "Point",
        "coordinates": [
          139.4810003042221,
          35.58320346133907
        ]
      },
      "properties": {
        "point_in_time_name_ja": "2025年第3四半期",
        "land_type_name_ja": "中古マンション等",
        "price_information_category_name_ja": "成約価格情報",
        "prefecture_name_ja": "東京都",
        "city_code": "13209",
        "city_name_ja": "町田市",
        "district_code": "132090200",
        "district_name_ja": "鶴川",
        "use_category_name_ja": "",
        "u_transaction_price_total_ja": "780万円",
        "u_transaction_price_unit_price_square_meter_ja": "",
        "u_unit_price_per_tsubo_ja": "",
        "u_area_ja": "55㎡",
        "land_shape_name_ja": "",
        "u_land_frontage_ja": "",
        "building_use_name_ja": "",
        "building_structure_name_ja": "ＲＣ",
        "floor_plan_name_ja": "２ＬＤＫ",
        "u_building_total_floor_area_ja": "",
        "u_construction_year_ja": "1968年",
        "front_road_azimuth_name_ja": "",
        "u_front_road_width_ja": "",
        "front_road_type_name_ja": "",
        "land_use_name_ja": "第１種中高層住居専用地域",
        "u_building_coverage_ratio_ja": "",
        "u_floor_area_ratio_ja": "",
        "remark_name_ja": "",
        "future_use_purpose_name_ja": "",
        "remark_renovation_name_ja": ""
      }
    },
    {
      "type": "Feature",
      "geometry": {
        "type": "Point",
        "coordinates": [
          139.4810003042221,
          35.58320346133907
        ]
      },
      "properties": {
        "point_in_time_name_ja": "2025年第3四半期",
        "land_type_name_ja": "中古マンション等",
        "price_information_category_name_ja": "成約価格情報",
        "prefecture_name_ja": "東京都",
        "city_code": "13209",
        "city_name_ja": "町田市",
        "district_code": "132090200",
        "district_name_ja": "鶴川",
        "use_category_name_ja": "",
        "u_transaction_price_total_ja": "250万円",
        "u_transaction_price_unit_price_square_meter_ja": "",
        "u_unit_price_per_tsubo_ja": "",
        "u_area_ja": "55㎡",
        "land_shape_name_ja": "",
        "u_land_frontage_ja": "",
        "building_use_name_ja": "",
        "building_structure_name_ja": "ＲＣ",
        "floor_plan_name_ja": "３ＤＫ",
        "u_building_total_floor_area_ja": "",
        "u_construction_year_ja": "1968年",
        "front_road_azimuth_name_ja": "",
        "u_front_road_width_ja": "",
        "front_road_type_name_ja": "",
        "land_use_name_ja": "第１種中高層住居専用地域",
        "u_building_coverage_ratio_ja": "",
        "u_floor_area_ratio_ja": "",
        "remark_name_ja": "",
        "future_use_purpose_name_ja": "",
        "remark_renovation_name_ja": ""
      }
    },
    {
      "type": "Feature",
      "geometry": {
        "type": "Point",
        "coordinates": [
          139.4810003042221,
          35.58320346133907
        ]
      },
      "properties": {
        "point_in_time_name_ja": "2025年第4四半期",
        "land_type_name_ja": "中古マンション等",
        "price_information_category_name_ja": "成約価格情報",
        "prefecture_name_ja": "東京都",
        "city_code": "13209",
        "city_name_ja": "町田市",
        "district_code": "132090200",
        "district_name_ja": "鶴川",
        "use_category_name_ja": "",
        "u_transaction_price_total_ja": "870万円",
        "u_transaction_price_unit_price_square_meter_ja": "",
        "u_unit_price_per_tsubo_ja": "",
        "u_area_ja": "70㎡",
        "land_shape_name_ja": "",
        "u_land_frontage_ja": "",
        "building_use_name_ja": "",
        "building_structure_name_ja": "ＲＣ",
        "floor_plan_name_ja": "３ＬＤＫ",
        "u_building_total_floor_area_ja": "",
        "u_construction_year_ja": "1969年",
        "front_road_azimuth_name_ja": "",
        "u_front_road_width_ja": "",
        "front_road_type_name_ja": "",
        "land_use_name_ja": "第１種中高層住居専用地域",
        "u_building_coverage_ratio_ja": "",
        "u_floor_area_ratio_ja": "",
        "remark_name_ja": "",
        "future_use_purpose_name_ja": "",
        "remark_renovation_name_ja": ""
      }
    },
    {
      "type": "Feature",
      "geometry": {
        "type": "Point",
        "coordinates": [
          139.4810003042221,
          35.58320346133907
        ]
      },
      "properties": {
        "point_in_time_name_ja": "2025年第4四半期",
        "land_type_name_ja": "中古マンション等",
        "price_information_category_name_ja": "成約価格情報",
        "prefecture_name_ja": "東京都",
        "city_code": "13209",
        "city_name_ja": "町田市",
        "district_code": "132090200",
        "district_name_ja": "鶴川",
        "use_category_name_ja": "",
        "u_transaction_price_total_ja": "600万円",
        "u_transaction_price_unit_price_square_meter_ja": "",
        "u_unit_price_per_tsubo_ja": "",
        "u_area_ja": "70㎡",
        "land_shape_name_ja": "",
        "u_land_frontage_ja": "",
        "building_use_name_ja": "",
        "building_structure_name_ja": "ＲＣ",
        "floor_plan_name_ja": "３ＬＤＫ",
        "u_building_total_floor_area_ja": "",
        "u_construction_year_ja": "1969年",
        "front_road_azimuth_name_ja": "",
        "u_front_road_width_ja": "",
        "front_road_type_name_ja": "",
        "land_use_name_ja": "第１種中高層住居専用地域",
        "u_building_coverage_ratio_ja": "",
        "u_floor_area_ratio_ja": "",
        "remark_name_ja": "",
        "future_use_purpose_name_ja": "",
        "remark_renovation_name_ja": ""
      }
    },
    {
      "type": "Feature",
      "geometry": {
        "type": "Point",
        "coordinates": [
          139.4810003042221,
          35.58320346133907
        ]
      },
      "properties": {
        "point_in_time_name_ja": "2025年第4四半期",
        "land_type_name_ja": "中古マンション等",
        "price_information_category_name_ja": "成約価格情報",
        "prefecture_name_ja": "東京都",
        "city_code": "13209",
        "city_name_ja": "町田市",
        "district_code": "132090200",
        "district_name_ja": "鶴川",
        "use_category_name_ja": "",
        "u_transaction_price_total_ja": "1,300万円",
        "u_transaction_price_unit_price_square_meter_ja": "",
        "u_unit_price_per_tsubo_ja": "",
        "u_area_ja": "55㎡",
        "land_shape_name_ja": "",
        "u_land_frontage_ja": "",
        "building_use_name_ja": "",
        "building_structure_name_ja": "ＲＣ",
        "floor_plan_name_ja": "２ＬＤＫ",
        "u_building_total_floor_area_ja": "",
        "u_construction_year_ja": "1969年",
        "front_road_azimuth_name_ja": "",
        "u_front_road_width_ja": "",
        "front_road_type_name_ja": "",
        "land_use_name_ja": "第１種中高層住居専用地域",
        "u_building_coverage_ratio_ja": "",
        "u_floor_area_ratio_ja": "",
        "remark_name_ja": "",
        "future_use_purpose_name_ja": "",
        "remark_renovation_name_ja": ""
      }
    },
    {
      "type": "Feature",
      "geometry": {
        "type": "Point",
        "coordinates": [
          139.4810003042221,
          35.58320346133907
        ]
      },
      "properties": {
        "point_in_time_name_ja": "2025年第4四半期",
        "land_type_name_ja": "中古マンション等",
        "price_information_category_name_ja": "成約価格情報",
        "prefecture_name_ja": "東京都",
        "city_code": "13209",
        "city_name_ja": "町田市",
        "district_code": "132090200",
        "district_name_ja": "鶴川",
        "use_category_name_ja": "",
        "u_transaction_price_total_ja": "1,700万円",
        "u_transaction_price_unit_price_square_meter_ja": "",
        "u_unit_price_per_tsubo_ja": "",
        "u_area_ja": "55㎡",
        "land_shape_name_ja": "",
        "u_land_frontage_ja": "",
        "building_use_name_ja": "",
        "building_structure_name_ja": "ＲＣ",
        "floor_plan_name_ja": "２ＬＤＫ",
        "u_building_total_floor_area_ja": "",
        "u_construction_year_ja": "1968年",
        "front_road_azimuth_name_ja": "",
        "u_front_road_width_ja": "",
        "front_road_type_name_ja": "",
        "land_use_name_ja": "第１種低層住居専用地域",
        "u_building_coverage_ratio_ja": "",
        "u_floor_area_ratio_ja": "",
        "remark_name_ja": "",
        "future_use_purpose_name_ja": "",
        "remark_renovation_name_ja": "改装済み"
      }
    },
    {
      "type": "Feature",
      "geometry": {
        "type": "Point",
        "coordinates": [
          139.4810003042221,
          35.58320346133907
        ]
      },
      "properties": {
        "point_in_time_name_ja": "2025年第4四半期",
        "land_type_name_ja": "中古マンション等",
        "price_information_category_name_ja": "成約価格情報",
        "prefecture_name_ja": "東京都",
        "city_code": "13209",
        "city_name_ja": "町田市",
        "district_code": "132090200",
        "district_name_ja": "鶴川",
        "use_category_name_ja": "",
        "u_transaction_price_total_ja": "400万円",
        "u_transaction_price_unit_price_square_meter_ja": "",
        "u_unit_price_per_tsubo_ja": "",
        "u_area_ja": "55㎡",
        "land_shape_name_ja": "",
        "u_land_frontage_ja": "",
        "building_use_name_ja": "",
        "building_structure_name_ja": "ＲＣ",
        "floor_plan_name_ja": "３ＤＫ",
        "u_building_total_floor_area_ja": "",
        "u_construction_year_ja": "1968年",
        "front_road_azimuth_name_ja": "",
        "u_front_road_width_ja": "",
        "front_road_type_name_ja": "",
        "land_use_name_ja": "第１種中高層住居専用地域",
        "u_building_coverage_ratio_ja": "",
        "u_floor_area_ratio_ja": "",
        "remark_name_ja": "",
        "future_use_purpose_name_ja": "",
        "remark_renovation_name_ja": ""
      }
    },
    {
      "type": "Feature",
      "geometry": {
        "type": "Point",
        "coordinates": [
          139.4810003042221,
          35.58320346133907
        ]
      },
      "properties": {
        "point_in_time_name_ja": "2025年第1四半期",
        "land_type_name_ja": "中古マンション等",
        "price_information_category_name_ja": "成約価格情報",
        "prefecture_name_ja": "東京都",
        "city_code": "13209",
        "city_name_ja": "町田市",
        "district_code": "132090380",
        "district_name_ja": "三輪緑山",
        "use_category_name_ja": "",
        "u_transaction_price_total_ja": "2,500万円",
        "u_transaction_price_unit_price_square_meter_ja": "",
        "u_unit_price_per_tsubo_ja": "",
        "u_area_ja": "65㎡",
        "land_shape_name_ja": "",
        "u_land_frontage_ja": "",
        "building_use_name_ja": "",
        "building_structure_name_ja": "ＲＣ",
        "floor_plan_name_ja": "２ＬＤＫ",
        "u_building_total_floor_area_ja": "",
        "u_construction_year_ja": "2016年",
        "front_road_azimuth_name_ja": "",
        "u_front_road_width_ja": "",
        "front_road_type_name_ja": "",
        "land_use_name_ja": "第１種住居地域",
        "u_building_coverage_ratio_ja": "",
        "u_floor_area_ratio_ja": "",
        "remark_name_ja": "",
        "future_use_purpose_name_ja": "",
        "remark_renovation_name_ja": ""
      }
    },
    {
      "type": "Feature",
      "geometry": {
        "type": "Point",
        "coordinates": [
          139.4810003042221,
          35.58320346133907
        ]
      },
      "properties": {
        "point_in_time_name_ja": "2025年第1四半期",
        "land_type_name_ja": "中古マンション等",
        "price_information_category_name_ja": "成約価格情報",
        "prefecture_name_ja": "東京都",
        "city_code": "13209",
        "city_name_ja": "町田市",
        "district_code": "132090380",
        "district_name_ja": "三輪緑山",
        "use_category_name_ja": "",
        "u_transaction_price_total_ja": "2,700万円",
        "u_transaction_price_unit_price_square_meter_ja": "",
        "u_unit_price_per_tsubo_ja": "",
        "u_area_ja": "110㎡",
        "land_shape_name_ja": "",
        "u_land_frontage_ja": "",
        "building_use_name_ja": "",
        "building_structure_name_ja": "ＲＣ",
        "floor_plan_name_ja": "３ＬＤＫ",
        "u_building_total_floor_area_ja": "",
        "u_construction_year_ja": "1989年",
        "front_road_azimuth_name_ja": "",
        "u_front_road_width_ja": "",
        "front_road_type_name_ja": "",
        "land_use_name_ja": "第１種住居地域",
        "u_building_coverage_ratio_ja": "",
        "u_floor_area_ratio_ja": "",
        "remark_name_ja": "",
        "future_use_purpose_name_ja": "",
        "remark_renovation_name_ja": ""
      }
    },
    {
      "type": "Feature",
      "geometry": {
        "type": "Point",
        "coordinates": [
          139.4810003042221,
          35.58320346133907
        ]
      },
      "properties": {
        "point_in_time_name_ja": "2025年第2四半期",
        "land_type_name_ja": "中古マンション等",
        "price_information_category_name_ja": "成約価格情報",
        "prefecture_name_ja": "東京都",
        "city_code": "13209",
        "city_name_ja": "町田市",
        "district_code": "132090080",
        "district_name_ja": "金井",
        "use_category_name_ja": "",
        "u_transaction_price_total_ja": "3,000万円",
        "u_transaction_price_unit_price_square_meter_ja": "",
        "u_unit_price_per_tsubo_ja": "",
        "u_area_ja": "70㎡",
        "land_shape_name_ja": "",
        "u_land_frontage_ja": "",
        "building_use_name_ja": "",
        "building_structure_name_ja": "ＲＣ",
        "floor_plan_name_ja": "３ＬＤＫ",
        "u_building_total_floor_area_ja": "",
        "u_construction_year_ja": "2006年",
        "front_road_azimuth_name_ja": "",
        "u_front_road_width_ja": "",
        "front_road_type_name_ja": "",
        "land_use_name_ja": "準住居地域",
        "u_building_coverage_ratio_ja": "",
        "u_floor_area_ratio_ja": "",
        "remark_name_ja": "",
        "future_use_purpose_name_ja": "",
        "remark_renovation_name_ja": ""
      }
    },
    {
      "type": "Feature",
      "geometry": {
        "type": "Point",
        "coordinates": [
          139.4810003042221,
          35.58320346133907
        ]
      },
      "properties": {
        "point_in_time_name_ja": "2025年第2四半期",
        "land_type_name_ja": "中古マンション等",
        "price_information_category_name_ja": "成約価格情報",
        "prefecture_name_ja": "東京都",
        "city_code": "13209",
        "city_name_ja": "町田市",
        "district_code": "132090380",
        "district_name_ja": "三輪緑山",
        "use_category_name_ja": "",
        "u_transaction_price_total_ja": "2,100万円",
        "u_transaction_price_unit_price_square_meter_ja": "",
        "u_unit_price_per_tsubo_ja": "",
        "u_area_ja": "115㎡",
        "land_shape_name_ja": "",
        "u_land_frontage_ja": "",
        "building_use_name_ja": "",
        "building_structure_name_ja": "ＲＣ",
        "floor_plan_name_ja": "２ＬＤＫ",
        "u_building_total_floor_area_ja": "",
        "u_construction_year_ja": "1989年",
        "front_road_azimuth_name_ja": "",
        "u_front_road_width_ja": "",
        "front_road_type_name_ja": "",
        "land_use_name_ja": "第１種住居地域",
        "u_building_coverage_ratio_ja": "",
        "u_floor_area_ratio_ja": "",
        "remark_name_ja": "",
        "future_use_purpose_name_ja": "",
        "remark_renovation_name_ja": ""
      }
    },
    {
      "type": "Feature",
      "geometry": {
        "type": "Point",
        "coordinates": [
          139.4810003042221,
          35.58320346133907
        ]
      },
      "properties": {
        "point_in_time_name_ja": "2025年第2四半期",
        "land_type_name_ja": "中古マンション等",
        "price_information_category_name_ja": "成約価格情報",
        "prefecture_name_ja": "東京都",
        "city_code": "13209",
        "city_name_ja": "町田市",
        "district_code": "132090380",
        "district_name_ja": "三輪緑山",
        "use_category_name_ja": "",
        "u_transaction_price_total_ja": "3,500万円",
        "u_transaction_price_unit_price_square_meter_ja": "",
        "u_unit_price_per_tsubo_ja": "",
        "u_area_ja": "65㎡",
        "land_shape_name_ja": "",
        "u_land_frontage_ja": "",
        "building_use_name_ja": "",
        "building_structure_name_ja": "ＲＣ",
        "floor_plan_name_ja": "２ＬＤＫ",
        "u_building_total_floor_area_ja": "",
        "u_construction_year_ja": "2016年",
        "front_road_azimuth_name_ja": "",
        "u_front_road_width_ja": "",
        "front_road_type_name_ja": "",
        "land_use_name_ja": "第１種住居地域",
        "u_building_coverage_ratio_ja": "",
        "u_floor_area_ratio_ja": "",
        "remark_name_ja": "",
        "future_use_purpose_name_ja": "",
        "remark_renovation_name_ja": ""
      }
    },
    {
      "type": "Feature",
      "geometry": {
        "type": "Point",
        "coordinates": [
          139.4810003042221,
          35.58320346133907
        ]
      },
      "properties": {
        "point_in_time_name_ja": "2025年第3四半期",
        "land_type_name_ja": "中古マンション等",
        "price_information_category_name_ja": "成約価格情報",
        "prefecture_name_ja": "東京都",
        "city_code": "13209",
        "city_name_ja": "町田市",
        "district_code": "132090380",
        "district_name_ja": "三輪緑山",
        "use_category_name_ja": "",
        "u_transaction_price_total_ja": "1,700万円",
        "u_transaction_price_unit_price_square_meter_ja": "",
        "u_unit_price_per_tsubo_ja": "",
        "u_area_ja": "100㎡",
        "land_shape_name_ja": "",
        "u_land_frontage_ja": "",
        "building_use_name_ja": "",
        "building_structure_name_ja": "ＲＣ",
        "floor_plan_name_ja": "３ＬＤＫ",
        "u_building_total_floor_area_ja": "",
        "u_construction_year_ja": "1991年",
        "front_road_azimuth_name_ja": "",
        "u_front_road_width_ja": "",
        "front_road_type_name_ja": "",
        "land_use_name_ja": "第１種住居地域",
        "u_building_coverage_ratio_ja": "",
        "u_floor_area_ratio_ja": "",
        "remark_name_ja": "",
        "future_use_purpose_name_ja": "",
        "remark_renovation_name_ja": ""
      }
    },
    {
      "type": "Feature",
      "geometry": {
        "type": "Point",
        "coordinates": [
          139.4810003042221,
          35.58320346133907
        ]
      },
      "properties": {
        "point_in_time_name_ja": "2025年第4四半期",
        "land_type_name_ja": "中古マンション等",
        "price_information_category_name_ja": "成約価格情報",
        "prefecture_name_ja": "東京都",
        "city_code": "13209",
        "city_name_ja": "町田市",
        "district_code": "132090380",
        "district_name_ja": "三輪緑山",
        "use_category_name_ja": "",
        "u_transaction_price_total_ja": "1,600万円",
        "u_transaction_price_unit_price_square_meter_ja": "",
        "u_unit_price_per_tsubo_ja": "",
        "u_area_ja": "45㎡",
        "land_shape_name_ja": "",
        "u_land_frontage_ja": "",
        "building_use_name_ja": "",
        "building_structure_name_ja": "ＲＣ",
        "floor_plan_name_ja": "１ＬＤＫ",
        "u_building_total_floor_area_ja": "",
        "u_construction_year_ja": "2016年",
        "front_road_azimuth_name_ja": "",
        "u_front_road_width_ja": "",
        "front_road_type_name_ja": "",
        "land_use_name_ja": "第１種住居地域",
        "u_building_coverage_ratio_ja": "",
        "u_floor_area_ratio_ja": "",
        "remark_name_ja": "",
        "future_use_purpose_name_ja": "",
        "remark_renovation_name_ja": ""
      }
    },
    {
      "type": "Feature",
      "geometry": {
        "type": "Point",
        "coordinates": [
          139.4810003042221,
          35.58320346133907
        ]
      },
      "properties": {
        "point_in_time_name_ja": "2025年第4四半期",
        "land_type_name_ja": "中古マンション等",
        "price_information_category_name_ja": "成約価格情報",
        "prefecture_name_ja": "東京都",
        "city_code": "13209",
        "city_name_ja": "町田市",
        "district_code": "132090380",
        "district_name_ja": "三輪緑山",
        "use_category_name_ja": "",
        "u_transaction_price_total_ja": "1,500万円",
        "u_transaction_price_unit_price_square_meter_ja": "",
        "u_unit_price_per_tsubo_ja": "",
        "u_area_ja": "70㎡",
        "land_shape_name_ja": "",
        "u_land_frontage_ja": "",
        "building_use_name_ja": "",
        "building_structure_name_ja": "ＲＣ",
        "floor_plan_name_ja": "３ＬＤＫ",
        "u_building_total_floor_area_ja": "",
        "u_construction_year_ja": "1997年",
        "front_road_azimuth_name_ja": "",
        "u_front_road_width_ja": "",
        "front_road_type_name_ja": "",
        "land_use_name_ja": "第１種住居地域",
        "u_building_coverage_ratio_ja": "",
        "u_floor_area_ratio_ja": "",
        "remark_name_ja": "",
        "future_use_purpose_name_ja": "",
        "remark_renovation_name_ja": ""
      }
    },
    {
      "type": "Feature",
      "geometry": {
        "type": "Point",
        "coordinates": [
          139.4810003042221,
          35.58320346133907
        ]
      },
      "properties": {
        "point_in_time_name_ja": "2025年第4四半期",
        "land_type_name_ja": "中古マンション等",
        "price_information_category_name_ja": "成約価格情報",
        "prefecture_name_ja": "東京都",
        "city_code": "13209",
        "city_name_ja": "町田市",
        "district_code": "132090380",
        "district_name_ja": "三輪緑山",
        "use_category_name_ja": "",
        "u_transaction_price_total_ja": "2,100万円",
        "u_transaction_price_unit_price_square_meter_ja": "",
        "u_unit_price_per_tsubo_ja": "",
        "u_area_ja": "130㎡",
        "land_shape_name_ja": "",
        "u_land_frontage_ja": "",
        "building_use_name_ja": "",
        "building_structure_name_ja": "ＲＣ",
        "floor_plan_name_ja": "４ＬＤＫ",
        "u_building_total_floor_area_ja": "",
        "u_construction_year_ja": "1989年",
        "front_road_azimuth_name_ja": "",
        "u_front_road_width_ja": "",
        "front_road_type_name_ja": "",
        "land_use_name_ja": "第１種住居地域",
        "u_building_coverage_ratio_ja": "",
        "u_floor_area_ratio_ja": "",
        "remark_name_ja": "",
        "future_use_purpose_name_ja": "",
        "remark_renovation_name_ja": ""
      }
    },
    {
      "type": "Feature",
      "geometry": {
        "type": "Point",
        "coordinates": [
          139.4810003042221,
          35.58320346133907
        ]
      },
      "properties": {
        "point_in_time_name_ja": "2025年第4四半期",
        "land_type_name_ja": "中古マンション等",
        "price_information_category_name_ja": "成約価格情報",
        "prefecture_name_ja": "東京都",
        "city_code": "13209",
        "city_name_ja": "町田市",
        "district_code": "132090380",
        "district_name_ja": "三輪緑山",
        "use_category_name_ja": "",
        "u_transaction_price_total_ja": "2,200万円",
        "u_transaction_price_unit_price_square_meter_ja": "",
        "u_unit_price_per_tsubo_ja": "",
        "u_area_ja": "105㎡",
        "land_shape_name_ja": "",
        "u_land_frontage_ja": "",
        "building_use_name_ja": "",
        "building_structure_name_ja": "ＲＣ",
        "floor_plan_name_ja": "３ＬＤＫ",
        "u_building_total_floor_area_ja": "",
        "u_construction_year_ja": "1991年",
        "front_road_azimuth_name_ja": "",
        "u_front_road_width_ja": "",
        "front_road_type_name_ja": "",
        "land_use_name_ja": "第１種住居地域",
        "u_building_coverage_ratio_ja": "",
        "u_floor_area_ratio_ja": "",
        "remark_name_ja": "",
        "future_use_purpose_name_ja": "",
        "remark_renovation_name_ja": ""
      }
    },
    {
      "type": "Feature",
      "geometry": {
        "type": "Point",
        "coordinates": [
          139.4810003042221,
          35.58320346133907
        ]
      },
      "properties": {
        "point_in_time_name_ja": "2025年第4四半期",
        "land_type_name_ja": "中古マンション等",
        "price_information_category_name_ja": "成約価格情報",
        "prefecture_name_ja": "東京都",
        "city_code": "13209",
        "city_name_ja": "町田市",
        "district_code": "132090550",
        "district_name_ja": "金井ヶ丘",
        "use_category_name_ja": "",
        "u_transaction_price_total_ja": "2,500万円",
        "u_transaction_price_unit_price_square_meter_ja": "",
        "u_unit_price_per_tsubo_ja": "",
        "u_area_ja": "70㎡",
        "land_shape_name_ja": "",
        "u_land_frontage_ja": "",
        "building_use_name_ja": "",
        "building_structure_name_ja": "ＲＣ",
        "floor_plan_name_ja": "１ＬＤＫ＋Ｓ",
        "u_building_total_floor_area_ja": "",
        "u_construction_year_ja": "1999年",
        "front_road_azimuth_name_ja": "",
        "u_front_road_width_ja": "",
        "front_road_type_name_ja": "",
        "land_use_name_ja": "第１種低層住居専用地域",
        "u_building_coverage_ratio_ja": "",
        "u_floor_area_ratio_ja": "",
        "remark_name_ja": "",
        "future_use_purpose_name_ja": "",
        "remark_renovation_name_ja": ""
      }
    },
    {
      "type": "Feature",
      "geometry": {
        "type": "Point",
        "coordinates": [
          139.4810003042221,
          35.58320346133907
        ]
      },
      "properties": {
        "point_in_time_name_ja": "2025年第1四半期",
        "land_type_name_ja": "中古マンション等",
        "price_information_category_name_ja": "成約価格情報",
        "prefecture_name_ja": "東京都",
        "city_code": "13209",
        "city_name_ja": "町田市",
        "district_code": "132090490",
        "district_name_ja": "能ヶ谷",
        "use_category_name_ja": "",
        "u_transaction_price_total_ja": "1,200万円",
        "u_transaction_price_unit_price_square_meter_ja": "",
        "u_unit_price_per_tsubo_ja": "",
        "u_area_ja": "25㎡",
        "land_shape_name_ja": "",
        "u_land_frontage_ja": "",
        "building_use_name_ja": "",
        "building_structure_name_ja": "ＳＲＣ",
        "floor_plan_name_ja": "１Ｒ",
        "u_building_total_floor_area_ja": "",
        "u_construction_year_ja": "1999年",
        "front_road_azimuth_name_ja": "",
        "u_front_road_width_ja": "",
        "front_road_type_name_ja": "",
        "land_use_name_ja": "商業地域",
        "u_building_coverage_ratio_ja": "",
        "u_floor_area_ratio_ja": "",
        "remark_name_ja": "",
        "future_use_purpose_name_ja": "",
        "remark_renovation_name_ja": ""
      }
    },
    {
      "type": "Feature",
      "geometry": {
        "type": "Point",
        "coordinates": [
          139.4810003042221,
          35.58320346133907
        ]
      },
      "properties": {
        "point_in_time_name_ja": "2025年第1四半期",
        "land_type_name_ja": "中古マンション等",
        "price_information_category_name_ja": "成約価格情報",
        "prefecture_name_ja": "東京都",
        "city_code": "13209",
        "city_name_ja": "町田市",
        "district_code": "132090490",
        "district_name_ja": "能ヶ谷",
        "use_category_name_ja": "",
        "u_transaction_price_total_ja": "4,300万円",
        "u_transaction_price_unit_price_square_meter_ja": "",
        "u_unit_price_per_tsubo_ja": "",
        "u_area_ja": "70㎡",
        "land_shape_name_ja": "",
        "u_land_frontage_ja": "",
        "building_use_name_ja": "",
        "building_structure_name_ja": "ＲＣ",
        "floor_plan_name_ja": "３ＬＤＫ",
        "u_building_total_floor_area_ja": "",
        "u_construction_year_ja": "2004年",
        "front_road_azimuth_name_ja": "",
        "u_front_road_width_ja": "",
        "front_road_type_name_ja": "",
        "land_use_name_ja": "商業地域",
        "u_building_coverage_ratio_ja": "",
        "u_floor_area_ratio_ja": "",
        "remark_name_ja": "",
        "future_use_purpose_name_ja": "",
        "remark_renovation_name_ja": ""
      }
    },
    {
      "type": "Feature",
      "geometry": {
        "type": "Point",
        "coordinates": [
          139.4810003042221,
          35.58320346133907
        ]
      },
      "properties": {
        "point_in_time_name_ja": "2025年第2四半期",
        "land_type_name_ja": "中古マンション等",
        "price_information_category_name_ja": "成約価格情報",
        "prefecture_name_ja": "東京都",
        "city_code": "13209",
        "city_name_ja": "町田市",
        "district_code": "132090490",
        "district_name_ja": "能ヶ谷",
        "use_category_name_ja": "",
        "u_transaction_price_total_ja": "3,900万円",
        "u_transaction_price_unit_price_square_meter_ja": "",
        "u_unit_price_per_tsubo_ja": "",
        "u_area_ja": "65㎡",
        "land_shape_name_ja": "",
        "u_land_frontage_ja": "",
        "building_use_name_ja": "",
        "building_structure_name_ja": "ＲＣ",
        "floor_plan_name_ja": "３ＬＤＫ",
        "u_building_total_floor_area_ja": "",
        "u_construction_year_ja": "2007年",
        "front_road_azimuth_name_ja": "",
        "u_front_road_width_ja": "",
        "front_road_type_name_ja": "",
        "land_use_name_ja": "第２種中高層住居専用地域",
        "u_building_coverage_ratio_ja": "",
        "u_floor_area_ratio_ja": "",
        "remark_name_ja": "",
        "future_use_purpose_name_ja": "",
        "remark_renovation_name_ja": ""
      }
    },
    {
      "type": "Feature",
      "geometry": {
        "type": "Point",
        "coordinates": [
          139.4810003042221,
          35.58320346133907
        ]
      },
      "properties": {
        "point_in_time_name_ja": "2025年第2四半期",
        "land_type_name_ja": "中古マンション等",
        "price_information_category_name_ja": "成約価格情報",
        "prefecture_name_ja": "東京都",
        "city_code": "13209",
        "city_name_ja": "町田市",
        "district_code": "132090490",
        "district_name_ja": "能ヶ谷",
        "use_category_name_ja": "",
        "u_transaction_price_total_ja": "4,000万円",
        "u_transaction_price_unit_price_square_meter_ja": "",
        "u_unit_price_per_tsubo_ja": "",
        "u_area_ja": "75㎡",
        "land_shape_name_ja": "",
        "u_land_frontage_ja": "",
        "building_use_name_ja": "",
        "building_structure_name_ja": "ＳＲＣ",
        "floor_plan_name_ja": "２ＬＤＫ＋Ｓ",
        "u_building_total_floor_area_ja": "",
        "u_construction_year_ja": "1999年",
        "front_road_azimuth_name_ja": "",
        "u_front_road_width_ja": "",
        "front_road_type_name_ja": "",
        "land_use_name_ja": "商業地域",
        "u_building_coverage_ratio_ja": "",
        "u_floor_area_ratio_ja": "",
        "remark_name_ja": "",
        "future_use_purpose_name_ja": "",
        "remark_renovation_name_ja": ""
      }
    },
    {
      "type": "Feature",
      "geometry": {
        "type": "Point",
        "coordinates": [
          139.4810003042221,
          35.58320346133907
        ]
      },
      "properties": {
        "point_in_time_name_ja": "2025年第3四半期",
        "land_type_name_ja": "中古マンション等",
        "price_information_category_name_ja": "成約価格情報",
        "prefecture_name_ja": "東京都",
        "city_code": "13209",
        "city_name_ja": "町田市",
        "district_code": "132090490",
        "district_name_ja": "能ヶ谷",
        "use_category_name_ja": "",
        "u_transaction_price_total_ja": "1,600万円",
        "u_transaction_price_unit_price_square_meter_ja": "",
        "u_unit_price_per_tsubo_ja": "",
        "u_area_ja": "65㎡",
        "land_shape_name_ja": "",
        "u_land_frontage_ja": "",
        "building_use_name_ja": "",
        "building_structure_name_ja": "ＲＣ",
        "floor_plan_name_ja": "３ＬＤＫ",
        "u_building_total_floor_area_ja": "",
        "u_construction_year_ja": "1989年",
        "front_road_azimuth_name_ja": "",
        "u_front_road_width_ja": "",
        "front_road_type_name_ja": "",
        "land_use_name_ja": "第１種低層住居専用地域",
        "u_building_coverage_ratio_ja": "",
        "u_floor_area_ratio_ja": "",
        "remark_name_ja": "",
        "future_use_purpose_name_ja": "",
        "remark_renovation_name_ja": ""
      }
    },
    {
      "type": "Feature",
      "geometry": {
        "type": "Point",
        "coordinates": [
          139.4810003042221,
          35.58320346133907
        ]
      },
      "properties": {
        "point_in_time_name_ja": "2025年第3四半期",
        "land_type_name_ja": "中古マンション等",
        "price_information_category_name_ja": "成約価格情報",
        "prefecture_name_ja": "東京都",
        "city_code": "13209",
        "city_name_ja": "町田市",
        "district_code": "132090490",
        "district_name_ja": "能ヶ谷",
        "use_category_name_ja": "",
        "u_transaction_price_total_ja": "1,400万円",
        "u_transaction_price_unit_price_square_meter_ja": "",
        "u_unit_price_per_tsubo_ja": "",
        "u_area_ja": "90㎡",
        "land_shape_name_ja": "",
        "u_land_frontage_ja": "",
        "building_use_name_ja": "",
        "building_structure_name_ja": "ＲＣ",
        "floor_plan_name_ja": "４ＬＤＫ",
        "u_building_total_floor_area_ja": "",
        "u_construction_year_ja": "1987年",
        "front_road_azimuth_name_ja": "",
        "u_front_road_width_ja": "",
        "front_road_type_name_ja": "",
        "land_use_name_ja": "第１種低層住居専用地域",
        "u_building_coverage_ratio_ja": "",
        "u_floor_area_ratio_ja": "",
        "remark_name_ja": "",
        "future_use_purpose_name_ja": "",
        "remark_renovation_name_ja": ""
      }
    },
    {
      "type": "Feature",
      "geometry": {
        "type": "Point",
        "coordinates": [
          139.4810003042221,
          35.58320346133907
        ]
      },
      "properties": {
        "point_in_time_name_ja": "2025年第4四半期",
        "land_type_name_ja": "中古マンション等",
        "price_information_category_name_ja": "成約価格情報",
        "prefecture_name_ja": "東京都",
        "city_code": "13209",
        "city_name_ja": "町田市",
        "district_code": "132090030",
        "district_name_ja": "大蔵町",
        "use_category_name_ja": "",
        "u_transaction_price_total_ja": "2,300万円",
        "u_transaction_price_unit_price_square_meter_ja": "",
        "u_unit_price_per_tsubo_ja": "",
        "u_area_ja": "80㎡",
        "land_shape_name_ja": "",
        "u_land_frontage_ja": "",
        "building_use_name_ja": "",
        "building_structure_name_ja": "ＲＣ",
        "floor_plan_name_ja": "３ＬＤＫ",
        "u_building_total_floor_area_ja": "",
        "u_construction_year_ja": "2006年",
        "front_road_azimuth_name_ja": "",
        "u_front_road_width_ja": "",
        "front_road_type_name_ja": "",
        "land_use_name_ja": "準住居地域",
        "u_building_coverage_ratio_ja": "",
        "u_floor_area_ratio_ja": "",
        "remark_name_ja": "",
        "future_use_purpose_name_ja": "",
        "remark_renovation_name_ja": ""
      }
    },
    {
      "type": "Feature",
      "geometry": {
        "type": "Point",
        "coordinates": [
          139.4810003042221,
          35.58320346133907
        ]
      },
      "properties": {
        "point_in_time_name_ja": "2025年第4四半期",
        "land_type_name_ja": "中古マンション等",
        "price_information_category_name_ja": "成約価格情報",
        "prefecture_name_ja": "東京都",
        "city_code": "13209",
        "city_name_ja": "町田市",
        "district_code": "132090490",
        "district_name_ja": "能ヶ谷",
        "use_category_name_ja": "",
        "u_transaction_price_total_ja": "4,600万円",
        "u_transaction_price_unit_price_square_meter_ja": "",
        "u_unit_price_per_tsubo_ja": "",
        "u_area_ja": "85㎡",
        "land_shape_name_ja": "",
        "u_land_frontage_ja": "",
        "building_use_name_ja": "",
        "building_structure_name_ja": "ＲＣ",
        "floor_plan_name_ja": "３ＬＤＫ",
        "u_building_total_floor_area_ja": "",
        "u_construction_year_ja": "2004年",
        "front_road_azimuth_name_ja": "",
        "u_front_road_width_ja": "",
        "front_road_type_name_ja": "",
        "land_use_name_ja": "商業地域",
        "u_building_coverage_ratio_ja": "",
        "u_floor_area_ratio_ja": "",
        "remark_name_ja": "",
        "future_use_purpose_name_ja": "",
        "remark_renovation_name_ja": ""
      }
    },
    {
      "type": "Feature",
      "geometry": {
        "type": "Point",
        "coordinates": [
          139.4810003042221,
          35.58320346133907
        ]
      },
      "properties": {
        "point_in_time_name_ja": "2025年第4四半期",
        "land_type_name_ja": "中古マンション等",
        "price_information_category_name_ja": "成約価格情報",
        "prefecture_name_ja": "東京都",
        "city_code": "13209",
        "city_name_ja": "町田市",
        "district_code": "132090490",
        "district_name_ja": "能ヶ谷",
        "use_category_name_ja": "",
        "u_transaction_price_total_ja": "2,800万円",
        "u_transaction_price_unit_price_square_meter_ja": "",
        "u_unit_price_per_tsubo_ja": "",
        "u_area_ja": "65㎡",
        "land_shape_name_ja": "",
        "u_land_frontage_ja": "",
        "building_use_name_ja": "",
        "building_structure_name_ja": "ＳＲＣ",
        "floor_plan_name_ja": "３ＤＫ",
        "u_building_total_floor_area_ja": "",
        "u_construction_year_ja": "1999年",
        "front_road_azimuth_name_ja": "",
        "u_front_road_width_ja": "",
        "front_road_type_name_ja": "",
        "land_use_name_ja": "商業地域",
        "u_building_coverage_ratio_ja": "",
        "u_floor_area_ratio_ja": "",
        "remark_name_ja": "",
        "future_use_purpose_name_ja": "",
        "remark_renovation_name_ja": ""
      }
    },
    {
      "type": "Feature",
      "geometry": {
        "type": "Point",
        "coordinates": [
          139.4810003042221,
          35.58320346133907
        ]
      },
      "properties": {
        "point_in_time_name_ja": "2025年第4四半期",
        "land_type_name_ja": "中古マンション等",
        "price_information_category_name_ja": "成約価格情報",
        "prefecture_name_ja": "東京都",
        "city_code": "13209",
        "city_name_ja": "町田市",
        "district_code": "132090490",
        "district_name_ja": "能ヶ谷",
        "use_category_name_ja": "",
        "u_transaction_price_total_ja": "1,900万円",
        "u_transaction_price_unit_price_square_meter_ja": "",
        "u_unit_price_per_tsubo_ja": "",
        "u_area_ja": "65㎡",
        "land_shape_name_ja": "",
        "u_land_frontage_ja": "",
        "building_use_name_ja": "",
        "building_structure_name_ja": "ＲＣ",
        "floor_plan_name_ja": "３ＤＫ",
        "u_building_total_floor_area_ja": "",
        "u_construction_year_ja": "1989年",
        "front_road_azimuth_name_ja": "",
        "u_front_road_width_ja": "",
        "front_road_type_name_ja": "",
        "land_use_name_ja": "第１種低層住居専用地域",
        "u_building_coverage_ratio_ja": "",
        "u_floor_area_ratio_ja": "",
        "remark_name_ja": "",
        "future_use_purpose_name_ja": "",
        "remark_renovation_name_ja": ""
      }
    },
    {
      "type": "Feature",
      "geometry": {
        "type": "Point",
        "coordinates": [
          139.4810003042221,
          35.58320346133907
        ]
      },
      "properties": {
        "point_in_time_name_ja": "2025年第4四半期",
        "land_type_name_ja": "中古マンション等",
        "price_information_category_name_ja": "成約価格情報",
        "prefecture_name_ja": "東京都",
        "city_code": "13209",
        "city_name_ja": "町田市",
        "district_code": "132090490",
        "district_name_ja": "能ヶ谷",
        "use_category_name_ja": "",
        "u_transaction_price_total_ja": "4,000万円",
        "u_transaction_price_unit_price_square_meter_ja": "",
        "u_unit_price_per_tsubo_ja": "",
        "u_area_ja": "70㎡",
        "land_shape_name_ja": "",
        "u_land_frontage_ja": "",
        "building_use_name_ja": "",
        "building_structure_name_ja": "ＲＣ",
        "floor_plan_name_ja": "３ＬＤＫ",
        "u_building_total_floor_area_ja": "",
        "u_construction_year_ja": "2004年",
        "front_road_azimuth_name_ja": "",
        "u_front_road_width_ja": "",
        "front_road_type_name_ja": "",
        "land_use_name_ja": "商業地域",
        "u_building_coverage_ratio_ja": "",
        "u_floor_area_ratio_ja": "",
        "remark_name_ja": "",
        "future_use_purpose_name_ja": "",
        "remark_renovation_name_ja": ""
      }
    },
    {
      "type": "Feature",
      "geometry": {
        "type": "Point",
        "coordinates": [
          139.46332454681396,
          35.56327640566383
        ]
      },
      "properties": {
        "point_in_time_name_ja": "2025年第1四半期",
        "land_type_name_ja": "中古マンション等",
        "price_information_category_name_ja": "成約価格情報",
        "prefecture_name_ja": "東京都",
        "city_code": "13209",
        "city_name_ja": "町田市",
        "district_code": "132090180",
        "district_name_ja": "玉川学園",
        "use_category_name_ja": "",
        "u_transaction_price_total_ja": "3,300万円",
        "u_transaction_price_unit_price_square_meter_ja": "",
        "u_unit_price_per_tsubo_ja": "",
        "u_area_ja": "75㎡",
        "land_shape_name_ja": "",
        "u_land_frontage_ja": "",
        "building_use_name_ja": "",
        "building_structure_name_ja": "ＲＣ",
        "floor_plan_name_ja": "２ＬＤＫ＋Ｓ",
        "u_building_total_floor_area_ja": "",
        "u_construction_year_ja": "2006年",
        "front_road_azimuth_name_ja": "",
        "u_front_road_width_ja": "",
        "front_road_type_name_ja": "",
        "land_use_name_ja": "第１種低層住居専用地域",
        "u_building_coverage_ratio_ja": "",
        "u_floor_area_ratio_ja": "",
        "remark_name_ja": "",
        "future_use_purpose_name_ja": "",
        "remark_renovation_name_ja": ""
      }
    },
    {
      "type": "Feature",
      "geometry": {
        "type": "Point",
        "coordinates": [
          139.46332454681396,
          35.56327640566383
        ]
      },
      "properties": {
        "point_in_time_name_ja": "2025年第1四半期",
        "land_type_name_ja": "中古マンション等",
        "price_information_category_name_ja": "成約価格情報",
        "prefecture_name_ja": "東京都",
        "city_code": "13209",
        "city_name_ja": "町田市",
        "district_code": "132090340",
        "district_name_ja": "南大谷",
        "use_category_name_ja": "",
        "u_transaction_price_total_ja": "3,000万円",
        "u_transaction_price_unit_price_square_meter_ja": "",
        "u_unit_price_per_tsubo_ja": "",
        "u_area_ja": "85㎡",
        "land_shape_name_ja": "",
        "u_land_frontage_ja": "",
        "building_use_name_ja": "",
        "building_structure_name_ja": "ＲＣ",
        "floor_plan_name_ja": "４ＬＤＫ",
        "u_building_total_floor_area_ja": "",
        "u_construction_year_ja": "2006年",
        "front_road_azimuth_name_ja": "",
        "u_front_road_width_ja": "",
        "front_road_type_name_ja": "",
        "land_use_name_ja": "第２種中高層住居専用地域",
        "u_building_coverage_ratio_ja": "",
        "u_floor_area_ratio_ja": "",
        "remark_name_ja": "",
        "future_use_purpose_name_ja": "",
        "remark_renovation_name_ja": "改装済み"
      }
    },
    {
      "type": "Feature",
      "geometry": {
        "type": "Point",
        "coordinates": [
          139.46332454681396,
          35.56327640566383
        ]
      },
      "properties": {
        "point_in_time_name_ja": "2025年第1四半期",
        "land_type_name_ja": "中古マンション等",
        "price_information_category_name_ja": "成約価格情報",
        "prefecture_name_ja": "東京都",
        "city_code": "13209",
        "city_name_ja": "町田市",
        "district_code": "132090340",
        "district_name_ja": "南大谷",
        "use_category_name_ja": "",
        "u_transaction_price_total_ja": "3,400万円",
        "u_transaction_price_unit_price_square_meter_ja": "",
        "u_unit_price_per_tsubo_ja": "",
        "u_area_ja": "80㎡",
        "land_shape_name_ja": "",
        "u_land_frontage_ja": "",
        "building_use_name_ja": "",
        "building_structure_name_ja": "ＲＣ",
        "floor_plan_name_ja": "３ＬＤＫ",
        "u_building_total_floor_area_ja": "",
        "u_construction_year_ja": "2006年",
        "front_road_azimuth_name_ja": "",
        "u_front_road_width_ja": "",
        "front_road_type_name_ja": "",
        "land_use_name_ja": "第２種中高層住居専用地域",
        "u_building_coverage_ratio_ja": "",
        "u_floor_area_ratio_ja": "",
        "remark_name_ja": "",
        "future_use_purpose_name_ja": "",
        "remark_renovation_name_ja": ""
      }
    },
    {
      "type": "Feature",
      "geometry": {
        "type": "Point",
        "coordinates": [
          139.46332454681396,
          35.56327640566383
        ]
      },
      "properties": {
        "point_in_time_name_ja": "2025年第1四半期",
        "land_type_name_ja": "中古マンション等",
        "price_information_category_name_ja": "成約価格情報",
        "prefecture_name_ja": "東京都",
        "city_code": "13209",
        "city_name_ja": "町田市",
        "district_code": "132090340",
        "district_name_ja": "南大谷",
        "use_category_name_ja": "",
        "u_transaction_price_total_ja": "3,500万円",
        "u_transaction_price_unit_price_square_meter_ja": "",
        "u_unit_price_per_tsubo_ja": "",
        "u_area_ja": "90㎡",
        "land_shape_name_ja": "",
        "u_land_frontage_ja": "",
        "building_use_name_ja": "",
        "building_structure_name_ja": "ＲＣ",
        "floor_plan_name_ja": "４ＬＤＫ",
        "u_building_total_floor_area_ja": "",
        "u_construction_year_ja": "2006年",
        "front_road_azimuth_name_ja": "",
        "u_front_road_width_ja": "",
        "front_road_type_name_ja": "",
        "land_use_name_ja": "第２種中高層住居専用地域",
        "u_building_coverage_ratio_ja": "",
        "u_floor_area_ratio_ja": "",
        "remark_name_ja": "",
        "future_use_purpose_name_ja": "",
        "remark_renovation_name_ja": ""
      }
    },
    {
      "type": "Feature",
      "geometry": {
        "type": "Point",
        "coordinates": [
          139.46332454681396,
          35.56327640566383
        ]
      },
      "properties": {
        "point_in_time_name_ja": "2025年第2四半期",
        "land_type_name_ja": "中古マンション等",
        "price_information_category_name_ja": "成約価格情報",
        "prefecture_name_ja": "東京都",
        "city_code": "13209",
        "city_name_ja": "町田市",
        "district_code": "132090180",
        "district_name_ja": "玉川学園",
        "use_category_name_ja": "",
        "u_transaction_price_total_ja": "3,700万円",
        "u_transaction_price_unit_price_square_meter_ja": "",
        "u_unit_price_per_tsubo_ja": "",
        "u_area_ja": "75㎡",
        "land_shape_name_ja": "",
        "u_land_frontage_ja": "",
        "building_use_name_ja": "",
        "building_structure_name_ja": "ＲＣ",
        "floor_plan_name_ja": "３ＬＤＫ",
        "u_building_total_floor_area_ja": "",
        "u_construction_year_ja": "1999年",
        "front_road_azimuth_name_ja": "",
        "u_front_road_width_ja": "",
        "front_road_type_name_ja": "",
        "land_use_name_ja": "第１種中高層住居専用地域",
        "u_building_coverage_ratio_ja": "",
        "u_floor_area_ratio_ja": "",
        "remark_name_ja": "",
        "future_use_purpose_name_ja": "",
        "remark_renovation_name_ja": ""
      }
    },
    {
      "type": "Feature",
      "geometry": {
        "type": "Point",
        "coordinates": [
          139.46332454681396,
          35.56327640566383
        ]
      },
      "properties": {
        "point_in_time_name_ja": "2025年第2四半期",
        "land_type_name_ja": "中古マンション等",
        "price_information_category_name_ja": "成約価格情報",
        "prefecture_name_ja": "東京都",
        "city_code": "13209",
        "city_name_ja": "町田市",
        "district_code": "132090340",
        "district_name_ja": "南大谷",
        "use_category_name_ja": "",
        "u_transaction_price_total_ja": "3,700万円",
        "u_transaction_price_unit_price_square_meter_ja": "",
        "u_unit_price_per_tsubo_ja": "",
        "u_area_ja": "85㎡",
        "land_shape_name_ja": "",
        "u_land_frontage_ja": "",
        "building_use_name_ja": "",
        "building_structure_name_ja": "ＲＣ",
        "floor_plan_name_ja": "４ＬＤＫ",
        "u_building_total_floor_area_ja": "",
        "u_construction_year_ja": "2006年",
        "front_road_azimuth_name_ja": "",
        "u_front_road_width_ja": "",
        "front_road_type_name_ja": "",
        "land_use_name_ja": "第２種中高層住居専用地域",
        "u_building_coverage_ratio_ja": "",
        "u_floor_area_ratio_ja": "",
        "remark_name_ja": "",
        "future_use_purpose_name_ja": "",
        "remark_renovation_name_ja": ""
      }
    },
    {
      "type": "Feature",
      "geometry": {
        "type": "Point",
        "coordinates": [
          139.46332454681396,
          35.56327640566383
        ]
      },
      "properties": {
        "point_in_time_name_ja": "2025年第2四半期",
        "land_type_name_ja": "中古マンション等",
        "price_information_category_name_ja": "成約価格情報",
        "prefecture_name_ja": "東京都",
        "city_code": "13209",
        "city_name_ja": "町田市",
        "district_code": "132090340",
        "district_name_ja": "南大谷",
        "use_category_name_ja": "",
        "u_transaction_price_total_ja": "3,300万円",
        "u_transaction_price_unit_price_square_meter_ja": "",
        "u_unit_price_per_tsubo_ja": "",
        "u_area_ja": "85㎡",
        "land_shape_name_ja": "",
        "u_land_frontage_ja": "",
        "building_use_name_ja": "",
        "building_structure_name_ja": "ＲＣ",
        "floor_plan_name_ja": "４ＬＤＫ",
        "u_building_total_floor_area_ja": "",
        "u_construction_year_ja": "2006年",
        "front_road_azimuth_name_ja": "",
        "u_front_road_width_ja": "",
        "front_road_type_name_ja": "",
        "land_use_name_ja": "第２種中高層住居専用地域",
        "u_building_coverage_ratio_ja": "",
        "u_floor_area_ratio_ja": "",
        "remark_name_ja": "",
        "future_use_purpose_name_ja": "",
        "remark_renovation_name_ja": ""
      }
    },
    {
      "type": "Feature",
      "geometry": {
        "type": "Point",
        "coordinates": [
          139.46332454681396,
          35.56327640566383
        ]
      },
      "properties": {
        "point_in_time_name_ja": "2025年第3四半期",
        "land_type_name_ja": "中古マンション等",
        "price_information_category_name_ja": "成約価格情報",
        "prefecture_name_ja": "東京都",
        "city_code": "13209",
        "city_name_ja": "町田市",
        "district_code": "132090340",
        "district_name_ja": "南大谷",
        "use_category_name_ja": "",
        "u_transaction_price_total_ja": "3,200万円",
        "u_transaction_price_unit_price_square_meter_ja": "",
        "u_unit_price_per_tsubo_ja": "",
        "u_area_ja": "75㎡",
        "land_shape_name_ja": "",
        "u_land_frontage_ja": "",
        "building_use_name_ja": "",
        "building_structure_name_ja": "ＲＣ",
        "floor_plan_name_ja": "３ＬＤＫ",
        "u_building_total_floor_area_ja": "",
        "u_construction_year_ja": "2006年",
        "front_road_azimuth_name_ja": "",
        "u_front_road_width_ja": "",
        "front_road_type_name_ja": "",
        "land_use_name_ja": "第２種中高層住居専用地域",
        "u_building_coverage_ratio_ja": "",
        "u_floor_area_ratio_ja": "",
        "remark_name_ja": "",
        "future_use_purpose_name_ja": "",
        "remark_renovation_name_ja": ""
      }
    },
    {
      "type": "Feature",
      "geometry": {
        "type": "Point",
        "coordinates": [
          139.46332454681396,
          35.56327640566383
        ]
      },
      "properties": {
        "point_in_time_name_ja": "2025年第3四半期",
        "land_type_name_ja": "中古マンション等",
        "price_information_category_name_ja": "成約価格情報",
        "prefecture_name_ja": "東京都",
        "city_code": "13209",
        "city_name_ja": "町田市",
        "district_code": "132090340",
        "district_name_ja": "南大谷",
        "use_category_name_ja": "",
        "u_transaction_price_total_ja": "2,700万円",
        "u_transaction_price_unit_price_square_meter_ja": "",
        "u_unit_price_per_tsubo_ja": "",
        "u_area_ja": "65㎡",
        "land_shape_name_ja": "",
        "u_land_frontage_ja": "",
        "building_use_name_ja": "",
        "building_structure_name_ja": "ＲＣ",
        "floor_plan_name_ja": "３ＬＤＫ",
        "u_building_total_floor_area_ja": "",
        "u_construction_year_ja": "2006年",
        "front_road_azimuth_name_ja": "",
        "u_front_road_width_ja": "",
        "front_road_type_name_ja": "",
        "land_use_name_ja": "第２種中高層住居専用地域",
        "u_building_coverage_ratio_ja": "",
        "u_floor_area_ratio_ja": "",
        "remark_name_ja": "",
        "future_use_purpose_name_ja": "",
        "remark_renovation_name_ja": ""
      }
    },
    {
      "type": "Feature",
      "geometry": {
        "type": "Point",
        "coordinates": [
          139.46332454681396,
          35.56327640566383
        ]
      },
      "properties": {
        "point_in_time_name_ja": "2025年第3四半期",
        "land_type_name_ja": "中古マンション等",
        "price_information_category_name_ja": "成約価格情報",
        "prefecture_name_ja": "東京都",
        "city_code": "13209",
        "city_name_ja": "町田市",
        "district_code": "132090340",
        "district_name_ja": "南大谷",
        "use_category_name_ja": "",
        "u_transaction_price_total_ja": "2,300万円",
        "u_transaction_price_unit_price_square_meter_ja": "",
        "u_unit_price_per_tsubo_ja": "",
        "u_area_ja": "85㎡",
        "land_shape_name_ja": "",
        "u_land_frontage_ja": "",
        "building_use_name_ja": "",
        "building_structure_name_ja": "ＲＣ",
        "floor_plan_name_ja": "４ＬＤＫ",
        "u_building_total_floor_area_ja": "",
        "u_construction_year_ja": "2006年",
        "front_road_azimuth_name_ja": "",
        "u_front_road_width_ja": "",
        "front_road_type_name_ja": "",
        "land_use_name_ja": "第２種中高層住居専用地域",
        "u_building_coverage_ratio_ja": "",
        "u_floor_area_ratio_ja": "",
        "remark_name_ja": "",
        "future_use_purpose_name_ja": "",
        "remark_renovation_name_ja": ""
      }
    },
    {
      "type": "Feature",
      "geometry": {
        "type": "Point",
        "coordinates": [
          139.46332454681396,
          35.56327640566383
        ]
      },
      "properties": {
        "point_in_time_name_ja": "2025年第4四半期",
        "land_type_name_ja": "中古マンション等",
        "price_information_category_name_ja": "成約価格情報",
        "prefecture_name_ja": "東京都",
        "city_code": "13209",
        "city_name_ja": "町田市",
        "district_code": "132090180",
        "district_name_ja": "玉川学園",
        "use_category_name_ja": "",
        "u_transaction_price_total_ja": "2,200万円",
        "u_transaction_price_unit_price_square_meter_ja": "",
        "u_unit_price_per_tsubo_ja": "",
        "u_area_ja": "75㎡",
        "land_shape_name_ja": "",
        "u_land_frontage_ja": "",
        "building_use_name_ja": "",
        "building_structure_name_ja": "ＲＣ",
        "floor_plan_name_ja": "３ＬＤＫ",
        "u_building_total_floor_area_ja": "",
        "u_construction_year_ja": "1995年",
        "front_road_azimuth_name_ja": "",
        "u_front_road_width_ja": "",
        "front_road_type_name_ja": "",
        "land_use_name_ja": "第１種低層住居専用地域",
        "u_building_coverage_ratio_ja": "",
        "u_floor_area_ratio_ja": "",
        "remark_name_ja": "",
        "future_use_purpose_name_ja": "",
        "remark_renovation_name_ja": ""
      }
    },
    {
      "type": "Feature",
      "geometry": {
        "type": "Point",
        "coordinates": [
          139.46332454681396,
          35.56327640566383
        ]
      },
      "properties": {
        "point_in_time_name_ja": "2025年第4四半期",
        "land_type_name_ja": "中古マンション等",
        "price_information_category_name_ja": "成約価格情報",
        "prefecture_name_ja": "東京都",
        "city_code": "13209",
        "city_name_ja": "町田市",
        "district_code": "132090340",
        "district_name_ja": "南大谷",
        "use_category_name_ja": "",
        "u_transaction_price_total_ja": "3,300万円",
        "u_transaction_price_unit_price_square_meter_ja": "",
        "u_unit_price_per_tsubo_ja": "",
        "u_area_ja": "90㎡",
        "land_shape_name_ja": "",
        "u_land_frontage_ja": "",
        "building_use_name_ja": "",
        "building_structure_name_ja": "ＲＣ",
        "floor_plan_name_ja": "４ＬＤＫ",
        "u_building_total_floor_area_ja": "",
        "u_construction_year_ja": "2006年",
        "front_road_azimuth_name_ja": "",
        "u_front_road_width_ja": "",
        "front_road_type_name_ja": "",
        "land_use_name_ja": "第２種中高層住居専用地域",
        "u_building_coverage_ratio_ja": "",
        "u_floor_area_ratio_ja": "",
        "remark_name_ja": "",
        "future_use_purpose_name_ja": "",
        "remark_renovation_name_ja": ""
      }
    },
    {
      "type": "Feature",
      "geometry": {
        "type": "Point",
        "coordinates": [
          139.46332454681396,
          35.56327640566383
        ]
      },
      "properties": {
        "point_in_time_name_ja": "2025年第4四半期",
        "land_type_name_ja": "中古マンション等",
        "price_information_category_name_ja": "成約価格情報",
        "prefecture_name_ja": "東京都",
        "city_code": "13209",
        "city_name_ja": "町田市",
        "district_code": "132090340",
        "district_name_ja": "南大谷",
        "use_category_name_ja": "",
        "u_transaction_price_total_ja": "2,900万円",
        "u_transaction_price_unit_price_square_meter_ja": "",
        "u_unit_price_per_tsubo_ja": "",
        "u_area_ja": "80㎡",
        "land_shape_name_ja": "",
        "u_land_frontage_ja": "",
        "building_use_name_ja": "",
        "building_structure_name_ja": "ＲＣ",
        "floor_plan_name_ja": "４ＬＤＫ",
        "u_building_total_floor_area_ja": "",
        "u_construction_year_ja": "2006年",
        "front_road_azimuth_name_ja": "",
        "u_front_road_width_ja": "",
        "front_road_type_name_ja": "",
        "land_use_name_ja": "第２種中高層住居専用地域",
        "u_building_coverage_ratio_ja": "",
        "u_floor_area_ratio_ja": "",
        "remark_name_ja": "",
        "future_use_purpose_name_ja": "",
        "remark_renovation_name_ja": ""
      }
    },
    {
      "type": "Feature",
      "geometry": {
        "type": "Point",
        "coordinates": [
          139.46332454681396,
          35.56327640566383
        ]
      },
      "properties": {
        "point_in_time_name_ja": "2025年第4四半期",
        "land_type_name_ja": "中古マンション等",
        "price_information_category_name_ja": "成約価格情報",
        "prefecture_name_ja": "東京都",
        "city_code": "13209",
        "city_name_ja": "町田市",
        "district_code": "132090340",
        "district_name_ja": "南大谷",
        "use_category_name_ja": "",
        "u_transaction_price_total_ja": "2,900万円",
        "u_transaction_price_unit_price_square_meter_ja": "",
        "u_unit_price_per_tsubo_ja": "",
        "u_area_ja": "70㎡",
        "land_shape_name_ja": "",
        "u_land_frontage_ja": "",
        "building_use_name_ja": "",
        "building_structure_name_ja": "ＲＣ",
        "floor_plan_name_ja": "３ＬＤＫ",
        "u_building_total_floor_area_ja": "",
        "u_construction_year_ja": "2006年",
        "front_road_azimuth_name_ja": "",
        "u_front_road_width_ja": "",
        "front_road_type_name_ja": "",
        "land_use_name_ja": "第２種中高層住居専用地域",
        "u_building_coverage_ratio_ja": "",
        "u_floor_area_ratio_ja": "",
        "remark_name_ja": "",
        "future_use_purpose_name_ja": "",
        "remark_renovation_name_ja": ""
      }
    },
    {
      "type": "Feature",
      "geometry": {
        "type": "Point",
        "coordinates": [
          139.46332454681396,
          35.56327640566383
        ]
      },
      "properties": {
        "point_in_time_name_ja": "2025年第4四半期",
        "land_type_name_ja": "中古マンション等",
        "price_information_category_name_ja": "成約価格情報",
        "prefecture_name_ja": "東京都",
        "city_code": "13209",
        "city_name_ja": "町田市",
        "district_code": "132090340",
        "district_name_ja": "南大谷",
        "use_category_name_ja": "",
        "u_transaction_price_total_ja": "990万円",
        "u_transaction_price_unit_price_square_meter_ja": "",
        "u_unit_price_per_tsubo_ja": "",
        "u_area_ja": "105㎡",
        "land_shape_name_ja": "",
        "u_land_frontage_ja": "",
        "building_use_name_ja": "",
        "building_structure_name_ja": "木造",
        "floor_plan_name_ja": "４ＬＤＫ",
        "u_building_total_floor_area_ja": "",
        "u_construction_year_ja": "1981年",
        "front_road_azimuth_name_ja": "",
        "u_front_road_width_ja": "",
        "front_road_type_name_ja": "",
        "land_use_name_ja": "第１種低層住居専用地域",
        "u_building_coverage_ratio_ja": "",
        "u_floor_area_ratio_ja": "",
        "remark_name_ja": "",
        "future_use_purpose_name_ja": "",
        "remark_renovation_name_ja": "改装済み"
      }
    },
    {
      "type": "Feature",
      "geometry": {
        "type": "Point",
        "coordinates": [
          139.46332454681396,
          35.56327640566383
        ]
      },
      "properties": {
        "point_in_time_name_ja": "2025年第1四半期",
        "land_type_name_ja": "中古マンション等",
        "price_information_category_name_ja": "成約価格情報",
        "prefecture_name_ja": "東京都",
        "city_code": "13209",
        "city_name_ja": "町田市",
        "district_code": "132090560",
        "district_name_ja": "藤の台",
        "use_category_name_ja": "",
        "u_transaction_price_total_ja": "240万円",
        "u_transaction_price_unit_price_square_meter_ja": "",
        "u_unit_price_per_tsubo_ja": "",
        "u_area_ja": "50㎡",
        "land_shape_name_ja": "",
        "u_land_frontage_ja": "",
        "building_use_name_ja": "",
        "building_structure_name_ja": "ＲＣ",
        "floor_plan_name_ja": "３ＤＫ",
        "u_building_total_floor_area_ja": "",
        "u_construction_year_ja": "1971年",
        "front_road_azimuth_name_ja": "",
        "u_front_road_width_ja": "",
        "front_road_type_name_ja": "",
        "land_use_name_ja": "第１種中高層住居専用地域",
        "u_building_coverage_ratio_ja": "",
        "u_floor_area_ratio_ja": "",
        "remark_name_ja": "",
        "future_use_purpose_name_ja": "",
        "remark_renovation_name_ja": ""
      }
    },
    {
      "type": "Feature",
      "geometry": {
        "type": "Point",
        "coordinates": [
          139.47280883789062,
          35.53542171237365
        ]
      },
      "properties": {
        "point_in_time_name_ja": "2025年第1四半期",
        "land_type_name_ja": "中古マンション等",
        "price_information_category_name_ja": "成約価格情報",
        "prefecture_name_ja": "東京都",
        "city_code": "13209",
        "city_name_ja": "町田市",
        "district_code": "132090360",
        "district_name_ja": "南成瀬",
        "use_category_name_ja": "",
        "u_transaction_price_total_ja": "5,700万円",
        "u_transaction_price_unit_price_square_meter_ja": "",
        "u_unit_price_per_tsubo_ja": "",
        "u_area_ja": "95㎡",
        "land_shape_name_ja": "",
        "u_land_frontage_ja": "",
        "building_use_name_ja": "",
        "building_structure_name_ja": "ＲＣ",
        "floor_plan_name_ja": "３ＬＤＫ",
        "u_building_total_floor_area_ja": "",
        "u_construction_year_ja": "2002年",
        "front_road_azimuth_name_ja": "",
        "u_front_road_width_ja": "",
        "front_road_type_name_ja": "",
        "land_use_name_ja": "近隣商業地域",
        "u_building_coverage_ratio_ja": "",
        "u_floor_area_ratio_ja": "",
        "remark_name_ja": "",
        "future_use_purpose_name_ja": "",
        "remark_renovation_name_ja": ""
      }
    },
    {
      "type": "Feature",
      "geometry": {
        "type": "Point",
        "coordinates": [
          139.47280883789062,
          35.53542171237365
        ]
      },
      "properties": {
        "point_in_time_name_ja": "2025年第2四半期",
        "land_type_name_ja": "中古マンション等",
        "price_information_category_name_ja": "成約価格情報",
        "prefecture_name_ja": "東京都",
        "city_code": "13209",
        "city_name_ja": "町田市",
        "district_code": "132090360",
        "district_name_ja": "南成瀬",
        "use_category_name_ja": "",
        "u_transaction_price_total_ja": "4,900万円",
        "u_transaction_price_unit_price_square_meter_ja": "",
        "u_unit_price_per_tsubo_ja": "",
        "u_area_ja": "85㎡",
        "land_shape_name_ja": "",
        "u_land_frontage_ja": "",
        "building_use_name_ja": "",
        "building_structure_name_ja": "ＳＲＣ",
        "floor_plan_name_ja": "３ＬＤＫ",
        "u_building_total_floor_area_ja": "",
        "u_construction_year_ja": "2002年",
        "front_road_azimuth_name_ja": "",
        "u_front_road_width_ja": "",
        "front_road_type_name_ja": "",
        "land_use_name_ja": "近隣商業地域",
        "u_building_coverage_ratio_ja": "",
        "u_floor_area_ratio_ja": "",
        "remark_name_ja": "",
        "future_use_purpose_name_ja": "",
        "remark_renovation_name_ja": ""
      }
    },
    {
      "type": "Feature",
      "geometry": {
        "type": "Point",
        "coordinates": [
          139.47280883789062,
          35.53542171237365
        ]
      },
      "properties": {
        "point_in_time_name_ja": "2025年第4四半期",
        "land_type_name_ja": "中古マンション等",
        "price_information_category_name_ja": "成約価格情報",
        "prefecture_name_ja": "東京都",
        "city_code": "13209",
        "city_name_ja": "町田市",
        "district_code": "132090360",
        "district_name_ja": "南成瀬",
        "use_category_name_ja": "",
        "u_transaction_price_total_ja": "4,300万円",
        "u_transaction_price_unit_price_square_meter_ja": "",
        "u_unit_price_per_tsubo_ja": "",
        "u_area_ja": "65㎡",
        "land_shape_name_ja": "",
        "u_land_frontage_ja": "",
        "building_use_name_ja": "",
        "building_structure_name_ja": "ＲＣ",
        "floor_plan_name_ja": "２ＬＤＫ",
        "u_building_total_floor_area_ja": "",
        "u_construction_year_ja": "2004年",
        "front_road_azimuth_name_ja": "",
        "u_front_road_width_ja": "",
        "front_road_type_name_ja": "",
        "land_use_name_ja": "近隣商業地域",
        "u_building_coverage_ratio_ja": "",
        "u_floor_area_ratio_ja": "",
        "remark_name_ja": "",
        "future_use_purpose_name_ja": "",
        "remark_renovation_name_ja": ""
      }
    },
    {
      "type": "Feature",
      "geometry": {
        "type": "Point",
        "coordinates": [
          139.47280883789062,
          35.53542171237365
        ]
      },
      "properties": {
        "point_in_time_name_ja": "2025年第4四半期",
        "land_type_name_ja": "中古マンション等",
        "price_information_category_name_ja": "成約価格情報",
        "prefecture_name_ja": "東京都",
        "city_code": "13209",
        "city_name_ja": "町田市",
        "district_code": "132090360",
        "district_name_ja": "南成瀬",
        "use_category_name_ja": "",
        "u_transaction_price_total_ja": "3,500万円",
        "u_transaction_price_unit_price_square_meter_ja": "",
        "u_unit_price_per_tsubo_ja": "",
        "u_area_ja": "65㎡",
        "land_shape_name_ja": "",
        "u_land_frontage_ja": "",
        "building_use_name_ja": "",
        "building_structure_name_ja": "ＲＣ",
        "floor_plan_name_ja": "２ＬＤＫ",
        "u_building_total_floor_area_ja": "",
        "u_construction_year_ja": "2004年",
        "front_road_azimuth_name_ja": "",
        "u_front_road_width_ja": "",
        "front_road_type_name_ja": "",
        "land_use_name_ja": "近隣商業地域",
        "u_building_coverage_ratio_ja": "",
        "u_floor_area_ratio_ja": "",
        "remark_name_ja": "",
        "future_use_purpose_name_ja": "",
        "remark_renovation_name_ja": ""
      }
    },
    {
      "type": "Feature",
      "geometry": {
        "type": "Point",
        "coordinates": [
          139.47280883789062,
          35.53542171237365
        ]
      },
      "properties": {
        "point_in_time_name_ja": "2025年第3四半期",
        "land_type_name_ja": "中古マンション等",
        "price_information_category_name_ja": "成約価格情報",
        "prefecture_name_ja": "東京都",
        "city_code": "13209",
        "city_name_ja": "町田市",
        "district_code": "132090240",
        "district_name_ja": "成瀬",
        "use_category_name_ja": "",
        "u_transaction_price_total_ja": "3,500万円",
        "u_transaction_price_unit_price_square_meter_ja": "",
        "u_unit_price_per_tsubo_ja": "",
        "u_area_ja": "95㎡",
        "land_shape_name_ja": "",
        "u_land_frontage_ja": "",
        "building_use_name_ja": "",
        "building_structure_name_ja": "ＳＲＣ",
        "floor_plan_name_ja": "３ＬＤＫ",
        "u_building_total_floor_area_ja": "",
        "u_construction_year_ja": "1991年",
        "front_road_azimuth_name_ja": "",
        "u_front_road_width_ja": "",
        "front_road_type_name_ja": "",
        "land_use_name_ja": "準工業地域",
        "u_building_coverage_ratio_ja": "",
        "u_floor_area_ratio_ja": "",
        "remark_name_ja": "",
        "future_use_purpose_name_ja": "",
        "remark_renovation_name_ja": ""
      }
    },
    {
      "type": "Feature",
      "geometry": {
        "type": "Point",
        "coordinates": [
          139.47280883789062,
          35.53542171237365
        ]
      },
      "properties": {
        "point_in_time_name_ja": "2025年第4四半期",
        "land_type_name_ja": "中古マンション等",
        "price_information_category_name_ja": "成約価格情報",
        "prefecture_name_ja": "東京都",
        "city_code": "13209",
        "city_name_ja": "町田市",
        "district_code": "132090240",
        "district_name_ja": "成瀬",
        "use_category_name_ja": "",
        "u_transaction_price_total_ja": "3,900万円",
        "u_transaction_price_unit_price_square_meter_ja": "",
        "u_unit_price_per_tsubo_ja": "",
        "u_area_ja": "115㎡",
        "land_shape_name_ja": "",
        "u_land_frontage_ja": "",
        "building_use_name_ja": "",
        "building_structure_name_ja": "ＳＲＣ",
        "floor_plan_name_ja": "４ＬＤＫ",
        "u_building_total_floor_area_ja": "",
        "u_construction_year_ja": "1991年",
        "front_road_azimuth_name_ja": "",
        "u_front_road_width_ja": "",
        "front_road_type_name_ja": "",
        "land_use_name_ja": "準工業地域",
        "u_building_coverage_ratio_ja": "",
        "u_floor_area_ratio_ja": "",
        "remark_name_ja": "",
        "future_use_purpose_name_ja": "",
        "remark_renovation_name_ja": ""
      }
    },
    {
      "type": "Feature",
      "geometry": {
        "type": "Point",
        "coordinates": [
          139.47280883789062,
          35.53542171237365
        ]
      },
      "properties": {
        "point_in_time_name_ja": "2025年第4四半期",
        "land_type_name_ja": "中古マンション等",
        "price_information_category_name_ja": "成約価格情報",
        "prefecture_name_ja": "東京都",
        "city_code": "13209",
        "city_name_ja": "町田市",
        "district_code": "132090240",
        "district_name_ja": "成瀬",
        "use_category_name_ja": "",
        "u_transaction_price_total_ja": "5,300万円",
        "u_transaction_price_unit_price_square_meter_ja": "",
        "u_unit_price_per_tsubo_ja": "",
        "u_area_ja": "140㎡",
        "land_shape_name_ja": "",
        "u_land_frontage_ja": "",
        "building_use_name_ja": "",
        "building_structure_name_ja": "ＳＲＣ",
        "floor_plan_name_ja": "３ＬＤＫ",
        "u_building_total_floor_area_ja": "",
        "u_construction_year_ja": "1991年",
        "front_road_azimuth_name_ja": "",
        "u_front_road_width_ja": "",
        "front_road_type_name_ja": "",
        "land_use_name_ja": "準工業地域",
        "u_building_coverage_ratio_ja": "",
        "u_floor_area_ratio_ja": "",
        "remark_name_ja": "",
        "future_use_purpose_name_ja": "",
        "remark_renovation_name_ja": ""
      }
    },
    {
      "type": "Feature",
      "geometry": {
        "type": "Point",
        "coordinates": [
          139.48143482208252,
          35.51694114550071
        ]
      },
      "properties": {
        "point_in_time_name_ja": "2025年第2四半期",
        "land_type_name_ja": "中古マンション等",
        "price_information_category_name_ja": "成約価格情報",
        "prefecture_name_ja": "東京都",
        "city_code": "13209",
        "city_name_ja": "町田市",
        "district_code": "132090350",
        "district_name_ja": "南つくし野",
        "use_category_name_ja": "",
        "u_transaction_price_total_ja": "4,100万円",
        "u_transaction_price_unit_price_square_meter_ja": "",
        "u_unit_price_per_tsubo_ja": "",
        "u_area_ja": "80㎡",
        "land_shape_name_ja": "",
        "u_land_frontage_ja": "",
        "building_use_name_ja": "",
        "building_structure_name_ja": "ＲＣ",
        "floor_plan_name_ja": "３ＬＤＫ",
        "u_building_total_floor_area_ja": "",
        "u_construction_year_ja": "2008年",
        "front_road_azimuth_name_ja": "",
        "u_front_road_width_ja": "",
        "front_road_type_name_ja": "",
        "land_use_name_ja": "近隣商業地域",
        "u_building_coverage_ratio_ja": "",
        "u_floor_area_ratio_ja": "",
        "remark_name_ja": "",
        "future_use_purpose_name_ja": "",
        "remark_renovation_name_ja": ""
      }
    },
    {
      "type": "Feature",
      "geometry": {
        "type": "Point",
        "coordinates": [
          139.48143482208252,
          35.51694114550071
        ]
      },
      "properties": {
        "point_in_time_name_ja": "2025年第1四半期",
        "land_type_name_ja": "中古マンション等",
        "price_information_category_name_ja": "成約価格情報",
        "prefecture_name_ja": "東京都",
        "city_code": "13209",
        "city_name_ja": "町田市",
        "district_code": "132090040",
        "district_name_ja": "小川",
        "use_category_name_ja": "",
        "u_transaction_price_total_ja": "4,100万円",
        "u_transaction_price_unit_price_square_meter_ja": "",
        "u_unit_price_per_tsubo_ja": "",
        "u_area_ja": "75㎡",
        "land_shape_name_ja": "",
        "u_land_frontage_ja": "",
        "building_use_name_ja": "",
        "building_structure_name_ja": "ＲＣ",
        "floor_plan_name_ja": "３ＬＤＫ",
        "u_building_total_floor_area_ja": "",
        "u_construction_year_ja": "2016年",
        "front_road_azimuth_name_ja": "",
        "u_front_road_width_ja": "",
        "front_road_type_name_ja": "",
        "land_use_name_ja": "準工業地域",
        "u_building_coverage_ratio_ja": "",
        "u_floor_area_ratio_ja": "",
        "remark_name_ja": "",
        "future_use_purpose_name_ja": "",
        "remark_renovation_name_ja": ""
      }
    },
    {
      "type": "Feature",
      "geometry": {
        "type": "Point",
        "coordinates": [
          139.48143482208252,
          35.51694114550071
        ]
      },
      "properties": {
        "point_in_time_name_ja": "2025年第1四半期",
        "land_type_name_ja": "中古マンション等",
        "price_information_category_name_ja": "成約価格情報",
        "prefecture_name_ja": "東京都",
        "city_code": "13209",
        "city_name_ja": "町田市",
        "district_code": "132090040",
        "district_name_ja": "小川",
        "use_category_name_ja": "",
        "u_transaction_price_total_ja": "4,000万円",
        "u_transaction_price_unit_price_square_meter_ja": "",
        "u_unit_price_per_tsubo_ja": "",
        "u_area_ja": "85㎡",
        "land_shape_name_ja": "",
        "u_land_frontage_ja": "",
        "building_use_name_ja": "",
        "building_structure_name_ja": "ＳＲＣ",
        "floor_plan_name_ja": "３ＬＤＫ",
        "u_building_total_floor_area_ja": "",
        "u_construction_year_ja": "2002年",
        "front_road_azimuth_name_ja": "",
        "u_front_road_width_ja": "",
        "front_road_type_name_ja": "",
        "land_use_name_ja": "準工業地域",
        "u_building_coverage_ratio_ja": "",
        "u_floor_area_ratio_ja": "",
        "remark_name_ja": "",
        "future_use_purpose_name_ja": "",
        "remark_renovation_name_ja": ""
      }
    },
    {
      "type": "Feature",
      "geometry": {
        "type": "Point",
        "coordinates": [
          139.48143482208252,
          35.51694114550071
        ]
      },
      "properties": {
        "point_in_time_name_ja": "2025年第1四半期",
        "land_type_name_ja": "中古マンション等",
        "price_information_category_name_ja": "成約価格情報",
        "prefecture_name_ja": "東京都",
        "city_code": "13209",
        "city_name_ja": "町田市",
        "district_code": "132090040",
        "district_name_ja": "小川",
        "use_category_name_ja": "",
        "u_transaction_price_total_ja": "6,000万円",
        "u_transaction_price_unit_price_square_meter_ja": "",
        "u_unit_price_per_tsubo_ja": "",
        "u_area_ja": "105㎡",
        "land_shape_name_ja": "",
        "u_land_frontage_ja": "",
        "building_use_name_ja": "",
        "building_structure_name_ja": "ＲＣ",
        "floor_plan_name_ja": "３ＬＤＫ",
        "u_building_total_floor_area_ja": "",
        "u_construction_year_ja": "2003年",
        "front_road_azimuth_name_ja": "",
        "u_front_road_width_ja": "",
        "front_road_type_name_ja": "",
        "land_use_name_ja": "準工業地域",
        "u_building_coverage_ratio_ja": "",
        "u_floor_area_ratio_ja": "",
        "remark_name_ja": "",
        "future_use_purpose_name_ja": "",
        "remark_renovation_name_ja": "改装済み"
      }
    },
    {
      "type": "Feature",
      "geometry": {
        "type": "Point",
        "coordinates": [
          139.48143482208252,
          35.51694114550071
        ]
      },
      "properties": {
        "point_in_time_name_ja": "2025年第1四半期",
        "land_type_name_ja": "中古マンション等",
        "price_information_category_name_ja": "成約価格情報",
        "prefecture_name_ja": "東京都",
        "city_code": "13209",
        "city_name_ja": "町田市",
        "district_code": "132090040",
        "district_name_ja": "小川",
        "use_category_name_ja": "",
        "u_transaction_price_total_ja": "4,000万円",
        "u_transaction_price_unit_price_square_meter_ja": "",
        "u_unit_price_per_tsubo_ja": "",
        "u_area_ja": "85㎡",
        "land_shape_name_ja": "",
        "u_land_frontage_ja": "",
        "building_use_name_ja": "",
        "building_structure_name_ja": "ＲＣ",
        "floor_plan_name_ja": "３ＬＤＫ",
        "u_building_total_floor_area_ja": "",
        "u_construction_year_ja": "2003年",
        "front_road_azimuth_name_ja": "",
        "u_front_road_width_ja": "",
        "front_road_type_name_ja": "",
        "land_use_name_ja": "準工業地域",
        "u_building_coverage_ratio_ja": "",
        "u_floor_area_ratio_ja": "",
        "remark_name_ja": "",
        "future_use_purpose_name_ja": "",
        "remark_renovation_name_ja": ""
      }
    },
    {
      "type": "Feature",
      "geometry": {
        "type": "Point",
        "coordinates": [
          139.48143482208252,
          35.51694114550071
        ]
      },
      "properties": {
        "point_in_time_name_ja": "2025年第2四半期",
        "land_type_name_ja": "中古マンション等",
        "price_information_category_name_ja": "成約価格情報",
        "prefecture_name_ja": "東京都",
        "city_code": "13209",
        "city_name_ja": "町田市",
        "district_code": "132090040",
        "district_name_ja": "小川",
        "use_category_name_ja": "",
        "u_transaction_price_total_ja": "5,000万円",
        "u_transaction_price_unit_price_square_meter_ja": "",
        "u_unit_price_per_tsubo_ja": "",
        "u_area_ja": "75㎡",
        "land_shape_name_ja": "",
        "u_land_frontage_ja": "",
        "building_use_name_ja": "",
        "building_structure_name_ja": "ＲＣ",
        "floor_plan_name_ja": "３ＬＤＫ",
        "u_building_total_floor_area_ja": "",
        "u_construction_year_ja": "2016年",
        "front_road_azimuth_name_ja": "",
        "u_front_road_width_ja": "",
        "front_road_type_name_ja": "",
        "land_use_name_ja": "準工業地域",
        "u_building_coverage_ratio_ja": "",
        "u_floor_area_ratio_ja": "",
        "remark_name_ja": "",
        "future_use_purpose_name_ja": "",
        "remark_renovation_name_ja": ""
      }
    },
    {
      "type": "Feature",
      "geometry": {
        "type": "Point",
        "coordinates": [
          139.48143482208252,
          35.51694114550071
        ]
      },
      "properties": {
        "point_in_time_name_ja": "2025年第3四半期",
        "land_type_name_ja": "中古マンション等",
        "price_information_category_name_ja": "成約価格情報",
        "prefecture_name_ja": "東京都",
        "city_code": "13209",
        "city_name_ja": "町田市",
        "district_code": "132090040",
        "district_name_ja": "小川",
        "use_category_name_ja": "",
        "u_transaction_price_total_ja": "3,500万円",
        "u_transaction_price_unit_price_square_meter_ja": "",
        "u_unit_price_per_tsubo_ja": "",
        "u_area_ja": "95㎡",
        "land_shape_name_ja": "",
        "u_land_frontage_ja": "",
        "building_use_name_ja": "",
        "building_structure_name_ja": "",
        "floor_plan_name_ja": "４ＬＤＫ",
        "u_building_total_floor_area_ja": "",
        "u_construction_year_ja": "2002年",
        "front_road_azimuth_name_ja": "",
        "u_front_road_width_ja": "",
        "front_road_type_name_ja": "",
        "land_use_name_ja": "準工業地域",
        "u_building_coverage_ratio_ja": "",
        "u_floor_area_ratio_ja": "",
        "remark_name_ja": "",
        "future_use_purpose_name_ja": "",
        "remark_renovation_name_ja": ""
      }
    },
    {
      "type": "Feature",
      "geometry": {
        "type": "Point",
        "coordinates": [
          139.48143482208252,
          35.51694114550071
        ]
      },
      "properties": {
        "point_in_time_name_ja": "2025年第3四半期",
        "land_type_name_ja": "中古マンション等",
        "price_information_category_name_ja": "成約価格情報",
        "prefecture_name_ja": "東京都",
        "city_code": "13209",
        "city_name_ja": "町田市",
        "district_code": "132090040",
        "district_name_ja": "小川",
        "use_category_name_ja": "",
        "u_transaction_price_total_ja": "1,700万円",
        "u_transaction_price_unit_price_square_meter_ja": "",
        "u_unit_price_per_tsubo_ja": "",
        "u_area_ja": "70㎡",
        "land_shape_name_ja": "",
        "u_land_frontage_ja": "",
        "building_use_name_ja": "",
        "building_structure_name_ja": "ＲＣ",
        "floor_plan_name_ja": "３ＬＤＫ",
        "u_building_total_floor_area_ja": "",
        "u_construction_year_ja": "1991年",
        "front_road_azimuth_name_ja": "",
        "u_front_road_width_ja": "",
        "front_road_type_name_ja": "",
        "land_use_name_ja": "準工業地域",
        "u_building_coverage_ratio_ja": "",
        "u_floor_area_ratio_ja": "",
        "remark_name_ja": "",
        "future_use_purpose_name_ja": "",
        "remark_renovation_name_ja": ""
      }
    },
    {
      "type": "Feature",
      "geometry": {
        "type": "Point",
        "coordinates": [
          139.48143482208252,
          35.51694114550071
        ]
      },
      "properties": {
        "point_in_time_name_ja": "2025年第3四半期",
        "land_type_name_ja": "中古マンション等",
        "price_information_category_name_ja": "成約価格情報",
        "prefecture_name_ja": "東京都",
        "city_code": "13209",
        "city_name_ja": "町田市",
        "district_code": "132090040",
        "district_name_ja": "小川",
        "use_category_name_ja": "",
        "u_transaction_price_total_ja": "3,000万円",
        "u_transaction_price_unit_price_square_meter_ja": "",
        "u_unit_price_per_tsubo_ja": "",
        "u_area_ja": "85㎡",
        "land_shape_name_ja": "",
        "u_land_frontage_ja": "",
        "building_use_name_ja": "",
        "building_structure_name_ja": "ＳＲＣ",
        "floor_plan_name_ja": "３ＬＤＫ",
        "u_building_total_floor_area_ja": "",
        "u_construction_year_ja": "2002年",
        "front_road_azimuth_name_ja": "",
        "u_front_road_width_ja": "",
        "front_road_type_name_ja": "",
        "land_use_name_ja": "準工業地域",
        "u_building_coverage_ratio_ja": "",
        "u_floor_area_ratio_ja": "",
        "remark_name_ja": "",
        "future_use_purpose_name_ja": "",
        "remark_renovation_name_ja": ""
      }
    },
    {
      "type": "Feature",
      "geometry": {
        "type": "Point",
        "coordinates": [
          139.48143482208252,
          35.51694114550071
        ]
      },
      "properties": {
        "point_in_time_name_ja": "2025年第4四半期",
        "land_type_name_ja": "中古マンション等",
        "price_information_category_name_ja": "成約価格情報",
        "prefecture_name_ja": "東京都",
        "city_code": "13209",
        "city_name_ja": "町田市",
        "district_code": "132090040",
        "district_name_ja": "小川",
        "use_category_name_ja": "",
        "u_transaction_price_total_ja": "5,400万円",
        "u_transaction_price_unit_price_square_meter_ja": "",
        "u_unit_price_per_tsubo_ja": "",
        "u_area_ja": "95㎡",
        "land_shape_name_ja": "",
        "u_land_frontage_ja": "",
        "building_use_name_ja": "",
        "building_structure_name_ja": "ＲＣ",
        "floor_plan_name_ja": "４ＬＤＫ",
        "u_building_total_floor_area_ja": "",
        "u_construction_year_ja": "2003年",
        "front_road_azimuth_name_ja": "",
        "u_front_road_width_ja": "",
        "front_road_type_name_ja": "",
        "land_use_name_ja": "準工業地域",
        "u_building_coverage_ratio_ja": "",
        "u_floor_area_ratio_ja": "",
        "remark_name_ja": "",
        "future_use_purpose_name_ja": "",
        "remark_renovation_name_ja": ""
      }
    },
    {
      "type": "Feature",
      "geometry": {
        "type": "Point",
        "coordinates": [
          139.48143482208252,
          35.51694114550071
        ]
      },
      "properties": {
        "point_in_time_name_ja": "2025年第4四半期",
        "land_type_name_ja": "中古マンション等",
        "price_information_category_name_ja": "成約価格情報",
        "prefecture_name_ja": "東京都",
        "city_code": "13209",
        "city_name_ja": "町田市",
        "district_code": "132090040",
        "district_name_ja": "小川",
        "use_category_name_ja": "",
        "u_transaction_price_total_ja": "4,500万円",
        "u_transaction_price_unit_price_square_meter_ja": "",
        "u_unit_price_per_tsubo_ja": "",
        "u_area_ja": "85㎡",
        "land_shape_name_ja": "",
        "u_land_frontage_ja": "",
        "building_use_name_ja": "",
        "building_structure_name_ja": "ＲＣ",
        "floor_plan_name_ja": "３ＬＤＫ",
        "u_building_total_floor_area_ja": "",
        "u_construction_year_ja": "2003年",
        "front_road_azimuth_name_ja": "",
        "u_front_road_width_ja": "",
        "front_road_type_name_ja": "",
        "land_use_name_ja": "準工業地域",
        "u_building_coverage_ratio_ja": "",
        "u_floor_area_ratio_ja": "",
        "remark_name_ja": "",
        "future_use_purpose_name_ja": "",
        "remark_renovation_name_ja": ""
      }
    },
    {
      "type": "Feature",
      "geometry": {
        "type": "Point",
        "coordinates": [
          139.47053968906403,
          35.51150924137919
        ]
      },
      "properties": {
        "point_in_time_name_ja": "2025年第1四半期",
        "land_type_name_ja": "中古マンション等",
        "price_information_category_name_ja": "成約価格情報",
        "prefecture_name_ja": "東京都",
        "city_code": "13209",
        "city_name_ja": "町田市",
        "district_code": "132090350",
        "district_name_ja": "南つくし野",
        "use_category_name_ja": "",
        "u_transaction_price_total_ja": "4,000万円",
        "u_transaction_price_unit_price_square_meter_ja": "",
        "u_unit_price_per_tsubo_ja": "",
        "u_area_ja": "80㎡",
        "land_shape_name_ja": "",
        "u_land_frontage_ja": "",
        "building_use_name_ja": "",
        "building_structure_name_ja": "ＲＣ",
        "floor_plan_name_ja": "３ＬＤＫ＋Ｓ",
        "u_building_total_floor_area_ja": "",
        "u_construction_year_ja": "2008年",
        "front_road_azimuth_name_ja": "",
        "u_front_road_width_ja": "",
        "front_road_type_name_ja": "",
        "land_use_name_ja": "近隣商業地域",
        "u_building_coverage_ratio_ja": "",
        "u_floor_area_ratio_ja": "",
        "remark_name_ja": "",
        "future_use_purpose_name_ja": "",
        "remark_renovation_name_ja": ""
      }
    },
    {
      "type": "Feature",
      "geometry": {
        "type": "Point",
        "coordinates": [
          139.47053968906403,
          35.51150924137919
        ]
      },
      "properties": {
        "point_in_time_name_ja": "2025年第1四半期",
        "land_type_name_ja": "中古マンション等",
        "price_information_category_name_ja": "成約価格情報",
        "prefecture_name_ja": "東京都",
        "city_code": "13209",
        "city_name_ja": "町田市",
        "district_code": "132090040",
        "district_name_ja": "小川",
        "use_category_name_ja": "",
        "u_transaction_price_total_ja": "4,800万円",
        "u_transaction_price_unit_price_square_meter_ja": "",
        "u_unit_price_per_tsubo_ja": "",
        "u_area_ja": "75㎡",
        "land_shape_name_ja": "",
        "u_land_frontage_ja": "",
        "building_use_name_ja": "",
        "building_structure_name_ja": "ＲＣ",
        "floor_plan_name_ja": "３ＬＤＫ",
        "u_building_total_floor_area_ja": "",
        "u_construction_year_ja": "2016年",
        "front_road_azimuth_name_ja": "",
        "u_front_road_width_ja": "",
        "front_road_type_name_ja": "",
        "land_use_name_ja": "準工業地域",
        "u_building_coverage_ratio_ja": "",
        "u_floor_area_ratio_ja": "",
        "remark_name_ja": "",
        "future_use_purpose_name_ja": "",
        "remark_renovation_name_ja": ""
      }
    },
    {
      "type": "Feature",
      "geometry": {
        "type": "Point",
        "coordinates": [
          139.47053968906403,
          35.51150924137919
        ]
      },
      "properties": {
        "point_in_time_name_ja": "2025年第1四半期",
        "land_type_name_ja": "中古マンション等",
        "price_information_category_name_ja": "成約価格情報",
        "prefecture_name_ja": "東京都",
        "city_code": "13209",
        "city_name_ja": "町田市",
        "district_code": "132090040",
        "district_name_ja": "小川",
        "use_category_name_ja": "",
        "u_transaction_price_total_ja": "3,900万円",
        "u_transaction_price_unit_price_square_meter_ja": "",
        "u_unit_price_per_tsubo_ja": "",
        "u_area_ja": "70㎡",
        "land_shape_name_ja": "",
        "u_land_frontage_ja": "",
        "building_use_name_ja": "",
        "building_structure_name_ja": "ＲＣ",
        "floor_plan_name_ja": "３ＬＤＫ",
        "u_building_total_floor_area_ja": "",
        "u_construction_year_ja": "2008年",
        "front_road_azimuth_name_ja": "",
        "u_front_road_width_ja": "",
        "front_road_type_name_ja": "",
        "land_use_name_ja": "準工業地域",
        "u_building_coverage_ratio_ja": "",
        "u_floor_area_ratio_ja": "",
        "remark_name_ja": "",
        "future_use_purpose_name_ja": "",
        "remark_renovation_name_ja": ""
      }
    },
    {
      "type": "Feature",
      "geometry": {
        "type": "Point",
        "coordinates": [
          139.47053968906403,
          35.51150924137919
        ]
      },
      "properties": {
        "point_in_time_name_ja": "2025年第1四半期",
        "land_type_name_ja": "中古マンション等",
        "price_information_category_name_ja": "成約価格情報",
        "prefecture_name_ja": "東京都",
        "city_code": "13209",
        "city_name_ja": "町田市",
        "district_code": "132090040",
        "district_name_ja": "小川",
        "use_category_name_ja": "",
        "u_transaction_price_total_ja": "4,400万円",
        "u_transaction_price_unit_price_square_meter_ja": "",
        "u_unit_price_per_tsubo_ja": "",
        "u_area_ja": "75㎡",
        "land_shape_name_ja": "",
        "u_land_frontage_ja": "",
        "building_use_name_ja": "",
        "building_structure_name_ja": "ＲＣ",
        "floor_plan_name_ja": "３ＬＤＫ",
        "u_building_total_floor_area_ja": "",
        "u_construction_year_ja": "2016年",
        "front_road_azimuth_name_ja": "",
        "u_front_road_width_ja": "",
        "front_road_type_name_ja": "",
        "land_use_name_ja": "準工業地域",
        "u_building_coverage_ratio_ja": "",
        "u_floor_area_ratio_ja": "",
        "remark_name_ja": "",
        "future_use_purpose_name_ja": "",
        "remark_renovation_name_ja": ""
      }
    },
    {
      "type": "Feature",
      "geometry": {
        "type": "Point",
        "coordinates": [
          139.47053968906403,
          35.51150924137919
        ]
      },
      "properties": {
        "point_in_time_name_ja": "2025年第1四半期",
        "land_type_name_ja": "中古マンション等",
        "price_information_category_name_ja": "成約価格情報",
        "prefecture_name_ja": "東京都",
        "city_code": "13209",
        "city_name_ja": "町田市",
        "district_code": "132090040",
        "district_name_ja": "小川",
        "use_category_name_ja": "",
        "u_transaction_price_total_ja": "5,400万円",
        "u_transaction_price_unit_price_square_meter_ja": "",
        "u_unit_price_per_tsubo_ja": "",
        "u_area_ja": "85㎡",
        "land_shape_name_ja": "",
        "u_land_frontage_ja": "",
        "building_use_name_ja": "",
        "building_structure_name_ja": "ＲＣ",
        "floor_plan_name_ja": "４ＬＤＫ",
        "u_building_total_floor_area_ja": "",
        "u_construction_year_ja": "2016年",
        "front_road_azimuth_name_ja": "",
        "u_front_road_width_ja": "",
        "front_road_type_name_ja": "",
        "land_use_name_ja": "準工業地域",
        "u_building_coverage_ratio_ja": "",
        "u_floor_area_ratio_ja": "",
        "remark_name_ja": "",
        "future_use_purpose_name_ja": "",
        "remark_renovation_name_ja": ""
      }
    },
    {
      "type": "Feature",
      "geometry": {
        "type": "Point",
        "coordinates": [
          139.47053968906403,
          35.51150924137919
        ]
      },
      "properties": {
        "point_in_time_name_ja": "2025年第1四半期",
        "land_type_name_ja": "中古マンション等",
        "price_information_category_name_ja": "成約価格情報",
        "prefecture_name_ja": "東京都",
        "city_code": "13209",
        "city_name_ja": "町田市",
        "district_code": "132090210",
        "district_name_ja": "鶴間",
        "use_category_name_ja": "",
        "u_transaction_price_total_ja": "4,400万円",
        "u_transaction_price_unit_price_square_meter_ja": "",
        "u_unit_price_per_tsubo_ja": "",
        "u_area_ja": "100㎡",
        "land_shape_name_ja": "",
        "u_land_frontage_ja": "",
        "building_use_name_ja": "",
        "building_structure_name_ja": "ＲＣ",
        "floor_plan_name_ja": "３ＬＤＫ",
        "u_building_total_floor_area_ja": "",
        "u_construction_year_ja": "2005年",
        "front_road_azimuth_name_ja": "",
        "u_front_road_width_ja": "",
        "front_road_type_name_ja": "",
        "land_use_name_ja": "第１種中高層住居専用地域",
        "u_building_coverage_ratio_ja": "",
        "u_floor_area_ratio_ja": "",
        "remark_name_ja": "",
        "future_use_purpose_name_ja": "",
        "remark_renovation_name_ja": ""
      }
    },
    {
      "type": "Feature",
      "geometry": {
        "type": "Point",
        "coordinates": [
          139.47053968906403,
          35.51150924137919
        ]
      },
      "properties": {
        "point_in_time_name_ja": "2025年第1四半期",
        "land_type_name_ja": "中古マンション等",
        "price_information_category_name_ja": "成約価格情報",
        "prefecture_name_ja": "東京都",
        "city_code": "13209",
        "city_name_ja": "町田市",
        "district_code": "132090210",
        "district_name_ja": "鶴間",
        "use_category_name_ja": "",
        "u_transaction_price_total_ja": "4,000万円",
        "u_transaction_price_unit_price_square_meter_ja": "",
        "u_unit_price_per_tsubo_ja": "",
        "u_area_ja": "80㎡",
        "land_shape_name_ja": "",
        "u_land_frontage_ja": "",
        "building_use_name_ja": "",
        "building_structure_name_ja": "ＲＣ",
        "floor_plan_name_ja": "３ＬＤＫ",
        "u_building_total_floor_area_ja": "",
        "u_construction_year_ja": "2004年",
        "front_road_azimuth_name_ja": "",
        "u_front_road_width_ja": "",
        "front_road_type_name_ja": "",
        "land_use_name_ja": "準工業地域",
        "u_building_coverage_ratio_ja": "",
        "u_floor_area_ratio_ja": "",
        "remark_name_ja": "",
        "future_use_purpose_name_ja": "",
        "remark_renovation_name_ja": ""
      }
    },
    {
      "type": "Feature",
      "geometry": {
        "type": "Point",
        "coordinates": [
          139.47053968906403,
          35.51150924137919
        ]
      },
      "properties": {
        "point_in_time_name_ja": "2025年第1四半期",
        "land_type_name_ja": "中古マンション等",
        "price_information_category_name_ja": "成約価格情報",
        "prefecture_name_ja": "東京都",
        "city_code": "13209",
        "city_name_ja": "町田市",
        "district_code": "132090210",
        "district_name_ja": "鶴間",
        "use_category_name_ja": "",
        "u_transaction_price_total_ja": "4,700万円",
        "u_transaction_price_unit_price_square_meter_ja": "",
        "u_unit_price_per_tsubo_ja": "",
        "u_area_ja": "80㎡",
        "land_shape_name_ja": "",
        "u_land_frontage_ja": "",
        "building_use_name_ja": "",
        "building_structure_name_ja": "ＲＣ",
        "floor_plan_name_ja": "２ＬＤＫ＋Ｓ",
        "u_building_total_floor_area_ja": "",
        "u_construction_year_ja": "2002年",
        "front_road_azimuth_name_ja": "",
        "u_front_road_width_ja": "",
        "front_road_type_name_ja": "",
        "land_use_name_ja": "第２種中高層住居専用地域",
        "u_building_coverage_ratio_ja": "",
        "u_floor_area_ratio_ja": "",
        "remark_name_ja": "",
        "future_use_purpose_name_ja": "",
        "remark_renovation_name_ja": ""
      }
    },
    {
      "type": "Feature",
      "geometry": {
        "type": "Point",
        "coordinates": [
          139.47053968906403,
          35.51150924137919
        ]
      },
      "properties": {
        "point_in_time_name_ja": "2025年第1四半期",
        "land_type_name_ja": "中古マンション等",
        "price_information_category_name_ja": "成約価格情報",
        "prefecture_name_ja": "東京都",
        "city_code": "13209",
        "city_name_ja": "町田市",
        "district_code": "132090210",
        "district_name_ja": "鶴間",
        "use_category_name_ja": "",
        "u_transaction_price_total_ja": "4,900万円",
        "u_transaction_price_unit_price_square_meter_ja": "",
        "u_unit_price_per_tsubo_ja": "",
        "u_area_ja": "70㎡",
        "land_shape_name_ja": "",
        "u_land_frontage_ja": "",
        "building_use_name_ja": "",
        "building_structure_name_ja": "ＲＣ",
        "floor_plan_name_ja": "３ＬＤＫ",
        "u_building_total_floor_area_ja": "",
        "u_construction_year_ja": "2022年",
        "front_road_azimuth_name_ja": "",
        "u_front_road_width_ja": "",
        "front_road_type_name_ja": "",
        "land_use_name_ja": "第１種中高層住居専用地域",
        "u_building_coverage_ratio_ja": "",
        "u_floor_area_ratio_ja": "",
        "remark_name_ja": "",
        "future_use_purpose_name_ja": "",
        "remark_renovation_name_ja": ""
      }
    },
    {
      "type": "Feature",
      "geometry": {
        "type": "Point",
        "coordinates": [
          139.47053968906403,
          35.51150924137919
        ]
      },
      "properties": {
        "point_in_time_name_ja": "2025年第1四半期",
        "land_type_name_ja": "中古マンション等",
        "price_information_category_name_ja": "成約価格情報",
        "prefecture_name_ja": "東京都",
        "city_code": "13209",
        "city_name_ja": "町田市",
        "district_code": "132090210",
        "district_name_ja": "鶴間",
        "use_category_name_ja": "",
        "u_transaction_price_total_ja": "2,700万円",
        "u_transaction_price_unit_price_square_meter_ja": "",
        "u_unit_price_per_tsubo_ja": "",
        "u_area_ja": "65㎡",
        "land_shape_name_ja": "",
        "u_land_frontage_ja": "",
        "building_use_name_ja": "",
        "building_structure_name_ja": "ＲＣ",
        "floor_plan_name_ja": "３ＬＤＫ",
        "u_building_total_floor_area_ja": "",
        "u_construction_year_ja": "1996年",
        "front_road_azimuth_name_ja": "",
        "u_front_road_width_ja": "",
        "front_road_type_name_ja": "",
        "land_use_name_ja": "準住居地域",
        "u_building_coverage_ratio_ja": "",
        "u_floor_area_ratio_ja": "",
        "remark_name_ja": "",
        "future_use_purpose_name_ja": "",
        "remark_renovation_name_ja": ""
      }
    },
    {
      "type": "Feature",
      "geometry": {
        "type": "Point",
        "coordinates": [
          139.47053968906403,
          35.51150924137919
        ]
      },
      "properties": {
        "point_in_time_name_ja": "2025年第1四半期",
        "land_type_name_ja": "中古マンション等",
        "price_information_category_name_ja": "成約価格情報",
        "prefecture_name_ja": "東京都",
        "city_code": "13209",
        "city_name_ja": "町田市",
        "district_code": "132090210",
        "district_name_ja": "鶴間",
        "use_category_name_ja": "",
        "u_transaction_price_total_ja": "4,900万円",
        "u_transaction_price_unit_price_square_meter_ja": "",
        "u_unit_price_per_tsubo_ja": "",
        "u_area_ja": "70㎡",
        "land_shape_name_ja": "",
        "u_land_frontage_ja": "",
        "building_use_name_ja": "",
        "building_structure_name_ja": "ＲＣ",
        "floor_plan_name_ja": "３ＬＤＫ",
        "u_building_total_floor_area_ja": "",
        "u_construction_year_ja": "2022年",
        "front_road_azimuth_name_ja": "",
        "u_front_road_width_ja": "",
        "front_road_type_name_ja": "",
        "land_use_name_ja": "第１種中高層住居専用地域",
        "u_building_coverage_ratio_ja": "",
        "u_floor_area_ratio_ja": "",
        "remark_name_ja": "",
        "future_use_purpose_name_ja": "",
        "remark_renovation_name_ja": ""
      }
    },
    {
      "type": "Feature",
      "geometry": {
        "type": "Point",
        "coordinates": [
          139.47053968906403,
          35.51150924137919
        ]
      },
      "properties": {
        "point_in_time_name_ja": "2025年第1四半期",
        "land_type_name_ja": "中古マンション等",
        "price_information_category_name_ja": "成約価格情報",
        "prefecture_name_ja": "東京都",
        "city_code": "13209",
        "city_name_ja": "町田市",
        "district_code": "132090210",
        "district_name_ja": "鶴間",
        "use_category_name_ja": "",
        "u_transaction_price_total_ja": "5,000万円",
        "u_transaction_price_unit_price_square_meter_ja": "",
        "u_unit_price_per_tsubo_ja": "",
        "u_area_ja": "75㎡",
        "land_shape_name_ja": "",
        "u_land_frontage_ja": "",
        "building_use_name_ja": "",
        "building_structure_name_ja": "ＲＣ",
        "floor_plan_name_ja": "３ＬＤＫ",
        "u_building_total_floor_area_ja": "",
        "u_construction_year_ja": "2022年",
        "front_road_azimuth_name_ja": "",
        "u_front_road_width_ja": "",
        "front_road_type_name_ja": "",
        "land_use_name_ja": "第１種中高層住居専用地域",
        "u_building_coverage_ratio_ja": "",
        "u_floor_area_ratio_ja": "",
        "remark_name_ja": "",
        "future_use_purpose_name_ja": "",
        "remark_renovation_name_ja": ""
      }
    },
    {
      "type": "Feature",
      "geometry": {
        "type": "Point",
        "coordinates": [
          139.47053968906403,
          35.51150924137919
        ]
      },
      "properties": {
        "point_in_time_name_ja": "2025年第1四半期",
        "land_type_name_ja": "中古マンション等",
        "price_information_category_name_ja": "成約価格情報",
        "prefecture_name_ja": "東京都",
        "city_code": "13209",
        "city_name_ja": "町田市",
        "district_code": "132090210",
        "district_name_ja": "鶴間",
        "use_category_name_ja": "",
        "u_transaction_price_total_ja": "5,100万円",
        "u_transaction_price_unit_price_square_meter_ja": "",
        "u_unit_price_per_tsubo_ja": "",
        "u_area_ja": "75㎡",
        "land_shape_name_ja": "",
        "u_land_frontage_ja": "",
        "building_use_name_ja": "",
        "building_structure_name_ja": "ＲＣ",
        "floor_plan_name_ja": "３ＬＤＫ",
        "u_building_total_floor_area_ja": "",
        "u_construction_year_ja": "2022年",
        "front_road_azimuth_name_ja": "",
        "u_front_road_width_ja": "",
        "front_road_type_name_ja": "",
        "land_use_name_ja": "第１種中高層住居専用地域",
        "u_building_coverage_ratio_ja": "",
        "u_floor_area_ratio_ja": "",
        "remark_name_ja": "",
        "future_use_purpose_name_ja": "",
        "remark_renovation_name_ja": ""
      }
    },
    {
      "type": "Feature",
      "geometry": {
        "type": "Point",
        "coordinates": [
          139.47053968906403,
          35.51150924137919
        ]
      },
      "properties": {
        "point_in_time_name_ja": "2025年第1四半期",
        "land_type_name_ja": "中古マンション等",
        "price_information_category_name_ja": "成約価格情報",
        "prefecture_name_ja": "東京都",
        "city_code": "13209",
        "city_name_ja": "町田市",
        "district_code": "132090210",
        "district_name_ja": "鶴間",
        "use_category_name_ja": "",
        "u_transaction_price_total_ja": "4,700万円",
        "u_transaction_price_unit_price_square_meter_ja": "",
        "u_unit_price_per_tsubo_ja": "",
        "u_area_ja": "70㎡",
        "land_shape_name_ja": "",
        "u_land_frontage_ja": "",
        "building_use_name_ja": "",
        "building_structure_name_ja": "ＲＣ",
        "floor_plan_name_ja": "３ＬＤＫ",
        "u_building_total_floor_area_ja": "",
        "u_construction_year_ja": "2022年",
        "front_road_azimuth_name_ja": "",
        "u_front_road_width_ja": "",
        "front_road_type_name_ja": "",
        "land_use_name_ja": "第１種中高層住居専用地域",
        "u_building_coverage_ratio_ja": "",
        "u_floor_area_ratio_ja": "",
        "remark_name_ja": "",
        "future_use_purpose_name_ja": "",
        "remark_renovation_name_ja": ""
      }
    },
    {
      "type": "Feature",
      "geometry": {
        "type": "Point",
        "coordinates": [
          139.47053968906403,
          35.51150924137919
        ]
      },
      "properties": {
        "point_in_time_name_ja": "2025年第2四半期",
        "land_type_name_ja": "中古マンション等",
        "price_information_category_name_ja": "成約価格情報",
        "prefecture_name_ja": "東京都",
        "city_code": "13209",
        "city_name_ja": "町田市",
        "district_code": "132090040",
        "district_name_ja": "小川",
        "use_category_name_ja": "",
        "u_transaction_price_total_ja": "5,500万円",
        "u_transaction_price_unit_price_square_meter_ja": "",
        "u_unit_price_per_tsubo_ja": "",
        "u_area_ja": "85㎡",
        "land_shape_name_ja": "",
        "u_land_frontage_ja": "",
        "building_use_name_ja": "",
        "building_structure_name_ja": "ＲＣ",
        "floor_plan_name_ja": "４ＬＤＫ",
        "u_building_total_floor_area_ja": "",
        "u_construction_year_ja": "2016年",
        "front_road_azimuth_name_ja": "",
        "u_front_road_width_ja": "",
        "front_road_type_name_ja": "",
        "land_use_name_ja": "準工業地域",
        "u_building_coverage_ratio_ja": "",
        "u_floor_area_ratio_ja": "",
        "remark_name_ja": "",
        "future_use_purpose_name_ja": "",
        "remark_renovation_name_ja": ""
      }
    },
    {
      "type": "Feature",
      "geometry": {
        "type": "Point",
        "coordinates": [
          139.47053968906403,
          35.51150924137919
        ]
      },
      "properties": {
        "point_in_time_name_ja": "2025年第2四半期",
        "land_type_name_ja": "中古マンション等",
        "price_information_category_name_ja": "成約価格情報",
        "prefecture_name_ja": "東京都",
        "city_code": "13209",
        "city_name_ja": "町田市",
        "district_code": "132090040",
        "district_name_ja": "小川",
        "use_category_name_ja": "",
        "u_transaction_price_total_ja": "4,200万円",
        "u_transaction_price_unit_price_square_meter_ja": "",
        "u_unit_price_per_tsubo_ja": "",
        "u_area_ja": "70㎡",
        "land_shape_name_ja": "",
        "u_land_frontage_ja": "",
        "building_use_name_ja": "",
        "building_structure_name_ja": "ＲＣ",
        "floor_plan_name_ja": "２ＬＤＫ＋Ｓ",
        "u_building_total_floor_area_ja": "",
        "u_construction_year_ja": "2008年",
        "front_road_azimuth_name_ja": "",
        "u_front_road_width_ja": "",
        "front_road_type_name_ja": "",
        "land_use_name_ja": "準工業地域",
        "u_building_coverage_ratio_ja": "",
        "u_floor_area_ratio_ja": "",
        "remark_name_ja": "",
        "future_use_purpose_name_ja": "",
        "remark_renovation_name_ja": ""
      }
    },
    {
      "type": "Feature",
      "geometry": {
        "type": "Point",
        "coordinates": [
          139.47053968906403,
          35.51150924137919
        ]
      },
      "properties": {
        "point_in_time_name_ja": "2025年第2四半期",
        "land_type_name_ja": "中古マンション等",
        "price_information_category_name_ja": "成約価格情報",
        "prefecture_name_ja": "東京都",
        "city_code": "13209",
        "city_name_ja": "町田市",
        "district_code": "132090040",
        "district_name_ja": "小川",
        "use_category_name_ja": "",
        "u_transaction_price_total_ja": "4,900万円",
        "u_transaction_price_unit_price_square_meter_ja": "",
        "u_unit_price_per_tsubo_ja": "",
        "u_area_ja": "75㎡",
        "land_shape_name_ja": "",
        "u_land_frontage_ja": "",
        "building_use_name_ja": "",
        "building_structure_name_ja": "ＲＣ",
        "floor_plan_name_ja": "３ＬＤＫ",
        "u_building_total_floor_area_ja": "",
        "u_construction_year_ja": "2016年",
        "front_road_azimuth_name_ja": "",
        "u_front_road_width_ja": "",
        "front_road_type_name_ja": "",
        "land_use_name_ja": "準工業地域",
        "u_building_coverage_ratio_ja": "",
        "u_floor_area_ratio_ja": "",
        "remark_name_ja": "",
        "future_use_purpose_name_ja": "",
        "remark_renovation_name_ja": ""
      }
    },
    {
      "type": "Feature",
      "geometry": {
        "type": "Point",
        "coordinates": [
          139.47053968906403,
          35.51150924137919
        ]
      },
      "properties": {
        "point_in_time_name_ja": "2025年第2四半期",
        "land_type_name_ja": "中古マンション等",
        "price_information_category_name_ja": "成約価格情報",
        "prefecture_name_ja": "東京都",
        "city_code": "13209",
        "city_name_ja": "町田市",
        "district_code": "132090210",
        "district_name_ja": "鶴間",
        "use_category_name_ja": "",
        "u_transaction_price_total_ja": "5,000万円",
        "u_transaction_price_unit_price_square_meter_ja": "",
        "u_unit_price_per_tsubo_ja": "",
        "u_area_ja": "70㎡",
        "land_shape_name_ja": "",
        "u_land_frontage_ja": "",
        "building_use_name_ja": "",
        "building_structure_name_ja": "ＲＣ",
        "floor_plan_name_ja": "３ＬＤＫ",
        "u_building_total_floor_area_ja": "",
        "u_construction_year_ja": "2022年",
        "front_road_azimuth_name_ja": "",
        "u_front_road_width_ja": "",
        "front_road_type_name_ja": "",
        "land_use_name_ja": "第１種中高層住居専用地域",
        "u_building_coverage_ratio_ja": "",
        "u_floor_area_ratio_ja": "",
        "remark_name_ja": "",
        "future_use_purpose_name_ja": "",
        "remark_renovation_name_ja": ""
      }
    },
    {
      "type": "Feature",
      "geometry": {
        "type": "Point",
        "coordinates": [
          139.47053968906403,
          35.51150924137919
        ]
      },
      "properties": {
        "point_in_time_name_ja": "2025年第2四半期",
        "land_type_name_ja": "中古マンション等",
        "price_information_category_name_ja": "成約価格情報",
        "prefecture_name_ja": "東京都",
        "city_code": "13209",
        "city_name_ja": "町田市",
        "district_code": "132090210",
        "district_name_ja": "鶴間",
        "use_category_name_ja": "",
        "u_transaction_price_total_ja": "2,100万円",
        "u_transaction_price_unit_price_square_meter_ja": "",
        "u_unit_price_per_tsubo_ja": "",
        "u_area_ja": "65㎡",
        "land_shape_name_ja": "",
        "u_land_frontage_ja": "",
        "building_use_name_ja": "",
        "building_structure_name_ja": "ＲＣ",
        "floor_plan_name_ja": "３ＤＫ",
        "u_building_total_floor_area_ja": "",
        "u_construction_year_ja": "1995年",
        "front_road_azimuth_name_ja": "",
        "u_front_road_width_ja": "",
        "front_road_type_name_ja": "",
        "land_use_name_ja": "準工業地域",
        "u_building_coverage_ratio_ja": "",
        "u_floor_area_ratio_ja": "",
        "remark_name_ja": "",
        "future_use_purpose_name_ja": "",
        "remark_renovation_name_ja": ""
      }
    },
    {
      "type": "Feature",
      "geometry": {
        "type": "Point",
        "coordinates": [
          139.47053968906403,
          35.51150924137919
        ]
      },
      "properties": {
        "point_in_time_name_ja": "2025年第2四半期",
        "land_type_name_ja": "中古マンション等",
        "price_information_category_name_ja": "成約価格情報",
        "prefecture_name_ja": "東京都",
        "city_code": "13209",
        "city_name_ja": "町田市",
        "district_code": "132090210",
        "district_name_ja": "鶴間",
        "use_category_name_ja": "",
        "u_transaction_price_total_ja": "5,700万円",
        "u_transaction_price_unit_price_square_meter_ja": "",
        "u_unit_price_per_tsubo_ja": "",
        "u_area_ja": "75㎡",
        "land_shape_name_ja": "",
        "u_land_frontage_ja": "",
        "building_use_name_ja": "",
        "building_structure_name_ja": "ＲＣ",
        "floor_plan_name_ja": "３ＬＤＫ",
        "u_building_total_floor_area_ja": "",
        "u_construction_year_ja": "2022年",
        "front_road_azimuth_name_ja": "",
        "u_front_road_width_ja": "",
        "front_road_type_name_ja": "",
        "land_use_name_ja": "第１種中高層住居専用地域",
        "u_building_coverage_ratio_ja": "",
        "u_floor_area_ratio_ja": "",
        "remark_name_ja": "",
        "future_use_purpose_name_ja": "",
        "remark_renovation_name_ja": ""
      }
    },
    {
      "type": "Feature",
      "geometry": {
        "type": "Point",
        "coordinates": [
          139.47053968906403,
          35.51150924137919
        ]
      },
      "properties": {
        "point_in_time_name_ja": "2025年第2四半期",
        "land_type_name_ja": "中古マンション等",
        "price_information_category_name_ja": "成約価格情報",
        "prefecture_name_ja": "東京都",
        "city_code": "13209",
        "city_name_ja": "町田市",
        "district_code": "132090210",
        "district_name_ja": "鶴間",
        "use_category_name_ja": "",
        "u_transaction_price_total_ja": "4,900万円",
        "u_transaction_price_unit_price_square_meter_ja": "",
        "u_unit_price_per_tsubo_ja": "",
        "u_area_ja": "70㎡",
        "land_shape_name_ja": "",
        "u_land_frontage_ja": "",
        "building_use_name_ja": "",
        "building_structure_name_ja": "ＲＣ",
        "floor_plan_name_ja": "３ＬＤＫ",
        "u_building_total_floor_area_ja": "",
        "u_construction_year_ja": "2022年",
        "front_road_azimuth_name_ja": "",
        "u_front_road_width_ja": "",
        "front_road_type_name_ja": "",
        "land_use_name_ja": "第１種中高層住居専用地域",
        "u_building_coverage_ratio_ja": "",
        "u_floor_area_ratio_ja": "",
        "remark_name_ja": "",
        "future_use_purpose_name_ja": "",
        "remark_renovation_name_ja": ""
      }
    },
    {
      "type": "Feature",
      "geometry": {
        "type": "Point",
        "coordinates": [
          139.47053968906403,
          35.51150924137919
        ]
      },
      "properties": {
        "point_in_time_name_ja": "2025年第2四半期",
        "land_type_name_ja": "中古マンション等",
        "price_information_category_name_ja": "成約価格情報",
        "prefecture_name_ja": "東京都",
        "city_code": "13209",
        "city_name_ja": "町田市",
        "district_code": "132090210",
        "district_name_ja": "鶴間",
        "use_category_name_ja": "",
        "u_transaction_price_total_ja": "5,700万円",
        "u_transaction_price_unit_price_square_meter_ja": "",
        "u_unit_price_per_tsubo_ja": "",
        "u_area_ja": "75㎡",
        "land_shape_name_ja": "",
        "u_land_frontage_ja": "",
        "building_use_name_ja": "",
        "building_structure_name_ja": "ＲＣ",
        "floor_plan_name_ja": "３ＬＤＫ",
        "u_building_total_floor_area_ja": "",
        "u_construction_year_ja": "2014年",
        "front_road_azimuth_name_ja": "",
        "u_front_road_width_ja": "",
        "front_road_type_name_ja": "",
        "land_use_name_ja": "商業地域",
        "u_building_coverage_ratio_ja": "",
        "u_floor_area_ratio_ja": "",
        "remark_name_ja": "",
        "future_use_purpose_name_ja": "",
        "remark_renovation_name_ja": ""
      }
    },
    {
      "type": "Feature",
      "geometry": {
        "type": "Point",
        "coordinates": [
          139.47053968906403,
          35.51150924137919
        ]
      },
      "properties": {
        "point_in_time_name_ja": "2025年第2四半期",
        "land_type_name_ja": "中古マンション等",
        "price_information_category_name_ja": "成約価格情報",
        "prefecture_name_ja": "東京都",
        "city_code": "13209",
        "city_name_ja": "町田市",
        "district_code": "132090210",
        "district_name_ja": "鶴間",
        "use_category_name_ja": "",
        "u_transaction_price_total_ja": "3,900万円",
        "u_transaction_price_unit_price_square_meter_ja": "",
        "u_unit_price_per_tsubo_ja": "",
        "u_area_ja": "80㎡",
        "land_shape_name_ja": "",
        "u_land_frontage_ja": "",
        "building_use_name_ja": "",
        "building_structure_name_ja": "ＳＲＣ",
        "floor_plan_name_ja": "３ＬＤＫ",
        "u_building_total_floor_area_ja": "",
        "u_construction_year_ja": "1998年",
        "front_road_azimuth_name_ja": "",
        "u_front_road_width_ja": "",
        "front_road_type_name_ja": "",
        "land_use_name_ja": "準工業地域",
        "u_building_coverage_ratio_ja": "",
        "u_floor_area_ratio_ja": "",
        "remark_name_ja": "",
        "future_use_purpose_name_ja": "",
        "remark_renovation_name_ja": ""
      }
    },
    {
      "type": "Feature",
      "geometry": {
        "type": "Point",
        "coordinates": [
          139.47053968906403,
          35.51150924137919
        ]
      },
      "properties": {
        "point_in_time_name_ja": "2025年第3四半期",
        "land_type_name_ja": "中古マンション等",
        "price_information_category_name_ja": "成約価格情報",
        "prefecture_name_ja": "東京都",
        "city_code": "13209",
        "city_name_ja": "町田市",
        "district_code": "132090040",
        "district_name_ja": "小川",
        "use_category_name_ja": "",
        "u_transaction_price_total_ja": "4,400万円",
        "u_transaction_price_unit_price_square_meter_ja": "",
        "u_unit_price_per_tsubo_ja": "",
        "u_area_ja": "75㎡",
        "land_shape_name_ja": "",
        "u_land_frontage_ja": "",
        "building_use_name_ja": "",
        "building_structure_name_ja": "ＲＣ",
        "floor_plan_name_ja": "３ＬＤＫ",
        "u_building_total_floor_area_ja": "",
        "u_construction_year_ja": "2016年",
        "front_road_azimuth_name_ja": "",
        "u_front_road_width_ja": "",
        "front_road_type_name_ja": "",
        "land_use_name_ja": "準工業地域",
        "u_building_coverage_ratio_ja": "",
        "u_floor_area_ratio_ja": "",
        "remark_name_ja": "",
        "future_use_purpose_name_ja": "",
        "remark_renovation_name_ja": ""
      }
    },
    {
      "type": "Feature",
      "geometry": {
        "type": "Point",
        "coordinates": [
          139.47053968906403,
          35.51150924137919
        ]
      },
      "properties": {
        "point_in_time_name_ja": "2025年第3四半期",
        "land_type_name_ja": "中古マンション等",
        "price_information_category_name_ja": "成約価格情報",
        "prefecture_name_ja": "東京都",
        "city_code": "13209",
        "city_name_ja": "町田市",
        "district_code": "132090210",
        "district_name_ja": "鶴間",
        "use_category_name_ja": "",
        "u_transaction_price_total_ja": "3,200万円",
        "u_transaction_price_unit_price_square_meter_ja": "",
        "u_unit_price_per_tsubo_ja": "",
        "u_area_ja": "75㎡",
        "land_shape_name_ja": "",
        "u_land_frontage_ja": "",
        "building_use_name_ja": "",
        "building_structure_name_ja": "ＲＣ",
        "floor_plan_name_ja": "３ＬＤＫ",
        "u_building_total_floor_area_ja": "",
        "u_construction_year_ja": "1999年",
        "front_road_azimuth_name_ja": "",
        "u_front_road_width_ja": "",
        "front_road_type_name_ja": "",
        "land_use_name_ja": "第２種中高層住居専用地域",
        "u_building_coverage_ratio_ja": "",
        "u_floor_area_ratio_ja": "",
        "remark_name_ja": "",
        "future_use_purpose_name_ja": "",
        "remark_renovation_name_ja": ""
      }
    },
    {
      "type": "Feature",
      "geometry": {
        "type": "Point",
        "coordinates": [
          139.47053968906403,
          35.51150924137919
        ]
      },
      "properties": {
        "point_in_time_name_ja": "2025年第3四半期",
        "land_type_name_ja": "中古マンション等",
        "price_information_category_name_ja": "成約価格情報",
        "prefecture_name_ja": "東京都",
        "city_code": "13209",
        "city_name_ja": "町田市",
        "district_code": "132090210",
        "district_name_ja": "鶴間",
        "use_category_name_ja": "",
        "u_transaction_price_total_ja": "3,300万円",
        "u_transaction_price_unit_price_square_meter_ja": "",
        "u_unit_price_per_tsubo_ja": "",
        "u_area_ja": "70㎡",
        "land_shape_name_ja": "",
        "u_land_frontage_ja": "",
        "building_use_name_ja": "",
        "building_structure_name_ja": "ＲＣ",
        "floor_plan_name_ja": "３ＬＤＫ",
        "u_building_total_floor_area_ja": "",
        "u_construction_year_ja": "2005年",
        "front_road_azimuth_name_ja": "",
        "u_front_road_width_ja": "",
        "front_road_type_name_ja": "",
        "land_use_name_ja": "第１種中高層住居専用地域",
        "u_building_coverage_ratio_ja": "",
        "u_floor_area_ratio_ja": "",
        "remark_name_ja": "",
        "future_use_purpose_name_ja": "",
        "remark_renovation_name_ja": ""
      }
    },
    {
      "type": "Feature",
      "geometry": {
        "type": "Point",
        "coordinates": [
          139.47053968906403,
          35.51150924137919
        ]
      },
      "properties": {
        "point_in_time_name_ja": "2025年第3四半期",
        "land_type_name_ja": "中古マンション等",
        "price_information_category_name_ja": "成約価格情報",
        "prefecture_name_ja": "東京都",
        "city_code": "13209",
        "city_name_ja": "町田市",
        "district_code": "132090210",
        "district_name_ja": "鶴間",
        "use_category_name_ja": "",
        "u_transaction_price_total_ja": "3,000万円",
        "u_transaction_price_unit_price_square_meter_ja": "",
        "u_unit_price_per_tsubo_ja": "",
        "u_area_ja": "70㎡",
        "land_shape_name_ja": "",
        "u_land_frontage_ja": "",
        "building_use_name_ja": "",
        "building_structure_name_ja": "ＲＣ",
        "floor_plan_name_ja": "３ＬＤＫ",
        "u_building_total_floor_area_ja": "",
        "u_construction_year_ja": "1995年",
        "front_road_azimuth_name_ja": "",
        "u_front_road_width_ja": "",
        "front_road_type_name_ja": "",
        "land_use_name_ja": "準工業地域",
        "u_building_coverage_ratio_ja": "",
        "u_floor_area_ratio_ja": "",
        "remark_name_ja": "",
        "future_use_purpose_name_ja": "",
        "remark_renovation_name_ja": ""
      }
    },
    {
      "type": "Feature",
      "geometry": {
        "type": "Point",
        "coordinates": [
          139.47053968906403,
          35.51150924137919
        ]
      },
      "properties": {
        "point_in_time_name_ja": "2025年第3四半期",
        "land_type_name_ja": "中古マンション等",
        "price_information_category_name_ja": "成約価格情報",
        "prefecture_name_ja": "東京都",
        "city_code": "13209",
        "city_name_ja": "町田市",
        "district_code": "132090210",
        "district_name_ja": "鶴間",
        "use_category_name_ja": "",
        "u_transaction_price_total_ja": "5,700万円",
        "u_transaction_price_unit_price_square_meter_ja": "",
        "u_unit_price_per_tsubo_ja": "",
        "u_area_ja": "75㎡",
        "land_shape_name_ja": "",
        "u_land_frontage_ja": "",
        "building_use_name_ja": "",
        "building_structure_name_ja": "ＲＣ",
        "floor_plan_name_ja": "３ＬＤＫ",
        "u_building_total_floor_area_ja": "",
        "u_construction_year_ja": "2022年",
        "front_road_azimuth_name_ja": "",
        "u_front_road_width_ja": "",
        "front_road_type_name_ja": "",
        "land_use_name_ja": "第１種中高層住居専用地域",
        "u_building_coverage_ratio_ja": "",
        "u_floor_area_ratio_ja": "",
        "remark_name_ja": "",
        "future_use_purpose_name_ja": "",
        "remark_renovation_name_ja": ""
      }
    },
    {
      "type": "Feature",
      "geometry": {
        "type": "Point",
        "coordinates": [
          139.47053968906403,
          35.51150924137919
        ]
      },
      "properties": {
        "point_in_time_name_ja": "2025年第3四半期",
        "land_type_name_ja": "中古マンション等",
        "price_information_category_name_ja": "成約価格情報",
        "prefecture_name_ja": "東京都",
        "city_code": "13209",
        "city_name_ja": "町田市",
        "district_code": "132090210",
        "district_name_ja": "鶴間",
        "use_category_name_ja": "",
        "u_transaction_price_total_ja": "6,200万円",
        "u_transaction_price_unit_price_square_meter_ja": "",
        "u_unit_price_per_tsubo_ja": "",
        "u_area_ja": "80㎡",
        "land_shape_name_ja": "",
        "u_land_frontage_ja": "",
        "building_use_name_ja": "",
        "building_structure_name_ja": "ＲＣ",
        "floor_plan_name_ja": "４ＬＤＫ",
        "u_building_total_floor_area_ja": "",
        "u_construction_year_ja": "2022年",
        "front_road_azimuth_name_ja": "",
        "u_front_road_width_ja": "",
        "front_road_type_name_ja": "",
        "land_use_name_ja": "第１種中高層住居専用地域",
        "u_building_coverage_ratio_ja": "",
        "u_floor_area_ratio_ja": "",
        "remark_name_ja": "",
        "future_use_purpose_name_ja": "",
        "remark_renovation_name_ja": ""
      }
    },
    {
      "type": "Feature",
      "geometry": {
        "type": "Point",
        "coordinates": [
          139.47053968906403,
          35.51150924137919
        ]
      },
      "properties": {
        "point_in_time_name_ja": "2025年第3四半期",
        "land_type_name_ja": "中古マンション等",
        "price_information_category_name_ja": "成約価格情報",
        "prefecture_name_ja": "東京都",
        "city_code": "13209",
        "city_name_ja": "町田市",
        "district_code": "132090210",
        "district_name_ja": "鶴間",
        "use_category_name_ja": "",
        "u_transaction_price_total_ja": "6,000万円",
        "u_transaction_price_unit_price_square_meter_ja": "",
        "u_unit_price_per_tsubo_ja": "",
        "u_area_ja": "75㎡",
        "land_shape_name_ja": "",
        "u_land_frontage_ja": "",
        "building_use_name_ja": "",
        "building_structure_name_ja": "ＲＣ",
        "floor_plan_name_ja": "３ＬＤＫ",
        "u_building_total_floor_area_ja": "",
        "u_construction_year_ja": "2022年",
        "front_road_azimuth_name_ja": "",
        "u_front_road_width_ja": "",
        "front_road_type_name_ja": "",
        "land_use_name_ja": "第１種中高層住居専用地域",
        "u_building_coverage_ratio_ja": "",
        "u_floor_area_ratio_ja": "",
        "remark_name_ja": "",
        "future_use_purpose_name_ja": "",
        "remark_renovation_name_ja": ""
      }
    },
    {
      "type": "Feature",
      "geometry": {
        "type": "Point",
        "coordinates": [
          139.47053968906403,
          35.51150924137919
        ]
      },
      "properties": {
        "point_in_time_name_ja": "2025年第3四半期",
        "land_type_name_ja": "中古マンション等",
        "price_information_category_name_ja": "成約価格情報",
        "prefecture_name_ja": "東京都",
        "city_code": "13209",
        "city_name_ja": "町田市",
        "district_code": "132090210",
        "district_name_ja": "鶴間",
        "use_category_name_ja": "",
        "u_transaction_price_total_ja": "4,300万円",
        "u_transaction_price_unit_price_square_meter_ja": "",
        "u_unit_price_per_tsubo_ja": "",
        "u_area_ja": "85㎡",
        "land_shape_name_ja": "",
        "u_land_frontage_ja": "",
        "building_use_name_ja": "",
        "building_structure_name_ja": "ＲＣ",
        "floor_plan_name_ja": "３ＬＤＫ",
        "u_building_total_floor_area_ja": "",
        "u_construction_year_ja": "2001年",
        "front_road_azimuth_name_ja": "",
        "u_front_road_width_ja": "",
        "front_road_type_name_ja": "",
        "land_use_name_ja": "準工業地域",
        "u_building_coverage_ratio_ja": "",
        "u_floor_area_ratio_ja": "",
        "remark_name_ja": "",
        "future_use_purpose_name_ja": "",
        "remark_renovation_name_ja": ""
      }
    },
    {
      "type": "Feature",
      "geometry": {
        "type": "Point",
        "coordinates": [
          139.47053968906403,
          35.51150924137919
        ]
      },
      "properties": {
        "point_in_time_name_ja": "2025年第3四半期",
        "land_type_name_ja": "中古マンション等",
        "price_information_category_name_ja": "成約価格情報",
        "prefecture_name_ja": "東京都",
        "city_code": "13209",
        "city_name_ja": "町田市",
        "district_code": "132090210",
        "district_name_ja": "鶴間",
        "use_category_name_ja": "",
        "u_transaction_price_total_ja": "4,200万円",
        "u_transaction_price_unit_price_square_meter_ja": "",
        "u_unit_price_per_tsubo_ja": "",
        "u_area_ja": "75㎡",
        "land_shape_name_ja": "",
        "u_land_frontage_ja": "",
        "building_use_name_ja": "",
        "building_structure_name_ja": "ＲＣ",
        "floor_plan_name_ja": "３ＬＤＫ",
        "u_building_total_floor_area_ja": "",
        "u_construction_year_ja": "2012年",
        "front_road_azimuth_name_ja": "",
        "u_front_road_width_ja": "",
        "front_road_type_name_ja": "",
        "land_use_name_ja": "準住居地域",
        "u_building_coverage_ratio_ja": "",
        "u_floor_area_ratio_ja": "",
        "remark_name_ja": "",
        "future_use_purpose_name_ja": "",
        "remark_renovation_name_ja": ""
      }
    },
    {
      "type": "Feature",
      "geometry": {
        "type": "Point",
        "coordinates": [
          139.47053968906403,
          35.51150924137919
        ]
      },
      "properties": {
        "point_in_time_name_ja": "2025年第4四半期",
        "land_type_name_ja": "中古マンション等",
        "price_information_category_name_ja": "成約価格情報",
        "prefecture_name_ja": "東京都",
        "city_code": "13209",
        "city_name_ja": "町田市",
        "district_code": "132090040",
        "district_name_ja": "小川",
        "use_category_name_ja": "",
        "u_transaction_price_total_ja": "4,700万円",
        "u_transaction_price_unit_price_square_meter_ja": "",
        "u_unit_price_per_tsubo_ja": "",
        "u_area_ja": "75㎡",
        "land_shape_name_ja": "",
        "u_land_frontage_ja": "",
        "building_use_name_ja": "",
        "building_structure_name_ja": "ＲＣ",
        "floor_plan_name_ja": "３ＬＤＫ",
        "u_building_total_floor_area_ja": "",
        "u_construction_year_ja": "2008年",
        "front_road_azimuth_name_ja": "",
        "u_front_road_width_ja": "",
        "front_road_type_name_ja": "",
        "land_use_name_ja": "準工業地域",
        "u_building_coverage_ratio_ja": "",
        "u_floor_area_ratio_ja": "",
        "remark_name_ja": "",
        "future_use_purpose_name_ja": "",
        "remark_renovation_name_ja": ""
      }
    },
    {
      "type": "Feature",
      "geometry": {
        "type": "Point",
        "coordinates": [
          139.47053968906403,
          35.51150924137919
        ]
      },
      "properties": {
        "point_in_time_name_ja": "2025年第4四半期",
        "land_type_name_ja": "中古マンション等",
        "price_information_category_name_ja": "成約価格情報",
        "prefecture_name_ja": "東京都",
        "city_code": "13209",
        "city_name_ja": "町田市",
        "district_code": "132090040",
        "district_name_ja": "小川",
        "use_category_name_ja": "",
        "u_transaction_price_total_ja": "5,300万円",
        "u_transaction_price_unit_price_square_meter_ja": "",
        "u_unit_price_per_tsubo_ja": "",
        "u_area_ja": "85㎡",
        "land_shape_name_ja": "",
        "u_land_frontage_ja": "",
        "building_use_name_ja": "",
        "building_structure_name_ja": "ＲＣ",
        "floor_plan_name_ja": "４ＬＤＫ",
        "u_building_total_floor_area_ja": "",
        "u_construction_year_ja": "2016年",
        "front_road_azimuth_name_ja": "",
        "u_front_road_width_ja": "",
        "front_road_type_name_ja": "",
        "land_use_name_ja": "準工業地域",
        "u_building_coverage_ratio_ja": "",
        "u_floor_area_ratio_ja": "",
        "remark_name_ja": "",
        "future_use_purpose_name_ja": "",
        "remark_renovation_name_ja": ""
      }
    },
    {
      "type": "Feature",
      "geometry": {
        "type": "Point",
        "coordinates": [
          139.47053968906403,
          35.51150924137919
        ]
      },
      "properties": {
        "point_in_time_name_ja": "2025年第4四半期",
        "land_type_name_ja": "中古マンション等",
        "price_information_category_name_ja": "成約価格情報",
        "prefecture_name_ja": "東京都",
        "city_code": "13209",
        "city_name_ja": "町田市",
        "district_code": "132090210",
        "district_name_ja": "鶴間",
        "use_category_name_ja": "",
        "u_transaction_price_total_ja": "6,100万円",
        "u_transaction_price_unit_price_square_meter_ja": "",
        "u_unit_price_per_tsubo_ja": "",
        "u_area_ja": "60㎡",
        "land_shape_name_ja": "",
        "u_land_frontage_ja": "",
        "building_use_name_ja": "",
        "building_structure_name_ja": "ＲＣ",
        "floor_plan_name_ja": "２ＬＤＫ",
        "u_building_total_floor_area_ja": "",
        "u_construction_year_ja": "2024年",
        "front_road_azimuth_name_ja": "",
        "u_front_road_width_ja": "",
        "front_road_type_name_ja": "",
        "land_use_name_ja": "商業地域",
        "u_building_coverage_ratio_ja": "",
        "u_floor_area_ratio_ja": "",
        "remark_name_ja": "",
        "future_use_purpose_name_ja": "",
        "remark_renovation_name_ja": ""
      }
    },
    {
      "type": "Feature",
      "geometry": {
        "type": "Point",
        "coordinates": [
          139.47053968906403,
          35.51150924137919
        ]
      },
      "properties": {
        "point_in_time_name_ja": "2025年第4四半期",
        "land_type_name_ja": "中古マンション等",
        "price_information_category_name_ja": "成約価格情報",
        "prefecture_name_ja": "東京都",
        "city_code": "13209",
        "city_name_ja": "町田市",
        "district_code": "132090210",
        "district_name_ja": "鶴間",
        "use_category_name_ja": "",
        "u_transaction_price_total_ja": "6,000万円",
        "u_transaction_price_unit_price_square_meter_ja": "",
        "u_unit_price_per_tsubo_ja": "",
        "u_area_ja": "70㎡",
        "land_shape_name_ja": "",
        "u_land_frontage_ja": "",
        "building_use_name_ja": "",
        "building_structure_name_ja": "ＲＣ",
        "floor_plan_name_ja": "３ＬＤＫ",
        "u_building_total_floor_area_ja": "",
        "u_construction_year_ja": "2022年",
        "front_road_azimuth_name_ja": "",
        "u_front_road_width_ja": "",
        "front_road_type_name_ja": "",
        "land_use_name_ja": "第１種中高層住居専用地域",
        "u_building_coverage_ratio_ja": "",
        "u_floor_area_ratio_ja": "",
        "remark_name_ja": "",
        "future_use_purpose_name_ja": "",
        "remark_renovation_name_ja": ""
      }
    },
    {
      "type": "Feature",
      "geometry": {
        "type": "Point",
        "coordinates": [
          139.47053968906403,
          35.51150924137919
        ]
      },
      "properties": {
        "point_in_time_name_ja": "2025年第4四半期",
        "land_type_name_ja": "中古マンション等",
        "price_information_category_name_ja": "成約価格情報",
        "prefecture_name_ja": "東京都",
        "city_code": "13209",
        "city_name_ja": "町田市",
        "district_code": "132090210",
        "district_name_ja": "鶴間",
        "use_category_name_ja": "",
        "u_transaction_price_total_ja": "2,600万円",
        "u_transaction_price_unit_price_square_meter_ja": "",
        "u_unit_price_per_tsubo_ja": "",
        "u_area_ja": "60㎡",
        "land_shape_name_ja": "",
        "u_land_frontage_ja": "",
        "building_use_name_ja": "",
        "building_structure_name_ja": "ＲＣ",
        "floor_plan_name_ja": "３ＬＤＫ",
        "u_building_total_floor_area_ja": "",
        "u_construction_year_ja": "2007年",
        "front_road_azimuth_name_ja": "",
        "u_front_road_width_ja": "",
        "front_road_type_name_ja": "",
        "land_use_name_ja": "準工業地域",
        "u_building_coverage_ratio_ja": "",
        "u_floor_area_ratio_ja": "",
        "remark_name_ja": "",
        "future_use_purpose_name_ja": "",
        "remark_renovation_name_ja": ""
      }
    },
    {
      "type": "Feature",
      "geometry": {
        "type": "Point",
        "coordinates": [
          139.47053968906403,
          35.51150924137919
        ]
      },
      "properties": {
        "point_in_time_name_ja": "2025年第4四半期",
        "land_type_name_ja": "中古マンション等",
        "price_information_category_name_ja": "成約価格情報",
        "prefecture_name_ja": "東京都",
        "city_code": "13209",
        "city_name_ja": "町田市",
        "district_code": "132090210",
        "district_name_ja": "鶴間",
        "use_category_name_ja": "",
        "u_transaction_price_total_ja": "6,100万円",
        "u_transaction_price_unit_price_square_meter_ja": "",
        "u_unit_price_per_tsubo_ja": "",
        "u_area_ja": "70㎡",
        "land_shape_name_ja": "",
        "u_land_frontage_ja": "",
        "building_use_name_ja": "",
        "building_structure_name_ja": "ＲＣ",
        "floor_plan_name_ja": "３ＬＤＫ",
        "u_building_total_floor_area_ja": "",
        "u_construction_year_ja": "2022年",
        "front_road_azimuth_name_ja": "",
        "u_front_road_width_ja": "",
        "front_road_type_name_ja": "",
        "land_use_name_ja": "第１種中高層住居専用地域",
        "u_building_coverage_ratio_ja": "",
        "u_floor_area_ratio_ja": "",
        "remark_name_ja": "",
        "future_use_purpose_name_ja": "",
        "remark_renovation_name_ja": ""
      }
    },
    {
      "type": "Feature",
      "geometry": {
        "type": "Point",
        "coordinates": [
          139.47053968906403,
          35.51150924137919
        ]
      },
      "properties": {
        "point_in_time_name_ja": "2025年第1四半期",
        "land_type_name_ja": "中古マンション等",
        "price_information_category_name_ja": "成約価格情報",
        "prefecture_name_ja": "東京都",
        "city_code": "13209",
        "city_name_ja": "町田市",
        "district_code": "132090540",
        "district_name_ja": "南町田",
        "use_category_name_ja": "",
        "u_transaction_price_total_ja": "4,500万円",
        "u_transaction_price_unit_price_square_meter_ja": "",
        "u_unit_price_per_tsubo_ja": "",
        "u_area_ja": "70㎡",
        "land_shape_name_ja": "",
        "u_land_frontage_ja": "",
        "building_use_name_ja": "",
        "building_structure_name_ja": "ＳＲＣ",
        "floor_plan_name_ja": "３ＬＤＫ",
        "u_building_total_floor_area_ja": "",
        "u_construction_year_ja": "1999年",
        "front_road_azimuth_name_ja": "",
        "u_front_road_width_ja": "",
        "front_road_type_name_ja": "",
        "land_use_name_ja": "準工業地域",
        "u_building_coverage_ratio_ja": "",
        "u_floor_area_ratio_ja": "",
        "remark_name_ja": "",
        "future_use_purpose_name_ja": "",
        "remark_renovation_name_ja": ""
      }
    },
    {
      "type": "Feature",
      "geometry": {
        "type": "Point",
        "coordinates": [
          139.47053968906403,
          35.51150924137919
        ]
      },
      "properties": {
        "point_in_time_name_ja": "2025年第1四半期",
        "land_type_name_ja": "中古マンション等",
        "price_information_category_name_ja": "成約価格情報",
        "prefecture_name_ja": "東京都",
        "city_code": "13209",
        "city_name_ja": "町田市",
        "district_code": "132090540",
        "district_name_ja": "南町田",
        "use_category_name_ja": "",
        "u_transaction_price_total_ja": "5,100万円",
        "u_transaction_price_unit_price_square_meter_ja": "",
        "u_unit_price_per_tsubo_ja": "",
        "u_area_ja": "70㎡",
        "land_shape_name_ja": "",
        "u_land_frontage_ja": "",
        "building_use_name_ja": "",
        "building_structure_name_ja": "ＲＣ",
        "floor_plan_name_ja": "３ＬＤＫ",
        "u_building_total_floor_area_ja": "",
        "u_construction_year_ja": "2019年",
        "front_road_azimuth_name_ja": "",
        "u_front_road_width_ja": "",
        "front_road_type_name_ja": "",
        "land_use_name_ja": "準工業地域",
        "u_building_coverage_ratio_ja": "",
        "u_floor_area_ratio_ja": "",
        "remark_name_ja": "",
        "future_use_purpose_name_ja": "",
        "remark_renovation_name_ja": ""
      }
    },
    {
      "type": "Feature",
      "geometry": {
        "type": "Point",
        "coordinates": [
          139.47053968906403,
          35.51150924137919
        ]
      },
      "properties": {
        "point_in_time_name_ja": "2025年第1四半期",
        "land_type_name_ja": "中古マンション等",
        "price_information_category_name_ja": "成約価格情報",
        "prefecture_name_ja": "東京都",
        "city_code": "13209",
        "city_name_ja": "町田市",
        "district_code": "132090540",
        "district_name_ja": "南町田",
        "use_category_name_ja": "",
        "u_transaction_price_total_ja": "4,500万円",
        "u_transaction_price_unit_price_square_meter_ja": "",
        "u_unit_price_per_tsubo_ja": "",
        "u_area_ja": "80㎡",
        "land_shape_name_ja": "",
        "u_land_frontage_ja": "",
        "building_use_name_ja": "",
        "building_structure_name_ja": "ＲＣ",
        "floor_plan_name_ja": "４ＬＤＫ",
        "u_building_total_floor_area_ja": "",
        "u_construction_year_ja": "2016年",
        "front_road_azimuth_name_ja": "",
        "u_front_road_width_ja": "",
        "front_road_type_name_ja": "",
        "land_use_name_ja": "準工業地域",
        "u_building_coverage_ratio_ja": "",
        "u_floor_area_ratio_ja": "",
        "remark_name_ja": "",
        "future_use_purpose_name_ja": "",
        "remark_renovation_name_ja": ""
      }
    },
    {
      "type": "Feature",
      "geometry": {
        "type": "Point",
        "coordinates": [
          139.47053968906403,
          35.51150924137919
        ]
      },
      "properties": {
        "point_in_time_name_ja": "2025年第1四半期",
        "land_type_name_ja": "中古マンション等",
        "price_information_category_name_ja": "成約価格情報",
        "prefecture_name_ja": "東京都",
        "city_code": "13209",
        "city_name_ja": "町田市",
        "district_code": "132090540",
        "district_name_ja": "南町田",
        "use_category_name_ja": "",
        "u_transaction_price_total_ja": "2,000万円",
        "u_transaction_price_unit_price_square_meter_ja": "",
        "u_unit_price_per_tsubo_ja": "",
        "u_area_ja": "95㎡",
        "land_shape_name_ja": "",
        "u_land_frontage_ja": "",
        "building_use_name_ja": "",
        "building_structure_name_ja": "ＲＣ",
        "floor_plan_name_ja": "３ＬＤＫ",
        "u_building_total_floor_area_ja": "",
        "u_construction_year_ja": "1982年",
        "front_road_azimuth_name_ja": "",
        "u_front_road_width_ja": "",
        "front_road_type_name_ja": "",
        "land_use_name_ja": "準工業地域",
        "u_building_coverage_ratio_ja": "",
        "u_floor_area_ratio_ja": "",
        "remark_name_ja": "",
        "future_use_purpose_name_ja": "",
        "remark_renovation_name_ja": ""
      }
    },
    {
      "type": "Feature",
      "geometry": {
        "type": "Point",
        "coordinates": [
          139.47053968906403,
          35.51150924137919
        ]
      },
      "properties": {
        "point_in_time_name_ja": "2025年第1四半期",
        "land_type_name_ja": "中古マンション等",
        "price_information_category_name_ja": "成約価格情報",
        "prefecture_name_ja": "東京都",
        "city_code": "13209",
        "city_name_ja": "町田市",
        "district_code": "132090540",
        "district_name_ja": "南町田",
        "use_category_name_ja": "",
        "u_transaction_price_total_ja": "3,500万円",
        "u_transaction_price_unit_price_square_meter_ja": "",
        "u_unit_price_per_tsubo_ja": "",
        "u_area_ja": "60㎡",
        "land_shape_name_ja": "",
        "u_land_frontage_ja": "",
        "building_use_name_ja": "",
        "building_structure_name_ja": "ＳＲＣ",
        "floor_plan_name_ja": "２ＬＤＫ",
        "u_building_total_floor_area_ja": "",
        "u_construction_year_ja": "2016年",
        "front_road_azimuth_name_ja": "",
        "u_front_road_width_ja": "",
        "front_road_type_name_ja": "",
        "land_use_name_ja": "準工業地域",
        "u_building_coverage_ratio_ja": "",
        "u_floor_area_ratio_ja": "",
        "remark_name_ja": "",
        "future_use_purpose_name_ja": "",
        "remark_renovation_name_ja": ""
      }
    },
    {
      "type": "Feature",
      "geometry": {
        "type": "Point",
        "coordinates": [
          139.47053968906403,
          35.51150924137919
        ]
      },
      "properties": {
        "point_in_time_name_ja": "2025年第1四半期",
        "land_type_name_ja": "中古マンション等",
        "price_information_category_name_ja": "成約価格情報",
        "prefecture_name_ja": "東京都",
        "city_code": "13209",
        "city_name_ja": "町田市",
        "district_code": "132090540",
        "district_name_ja": "南町田",
        "use_category_name_ja": "",
        "u_transaction_price_total_ja": "6,000万円",
        "u_transaction_price_unit_price_square_meter_ja": "",
        "u_unit_price_per_tsubo_ja": "",
        "u_area_ja": "95㎡",
        "land_shape_name_ja": "",
        "u_land_frontage_ja": "",
        "building_use_name_ja": "",
        "building_structure_name_ja": "ＳＲＣ",
        "floor_plan_name_ja": "４ＬＤＫ",
        "u_building_total_floor_area_ja": "",
        "u_construction_year_ja": "2000年",
        "front_road_azimuth_name_ja": "",
        "u_front_road_width_ja": "",
        "front_road_type_name_ja": "",
        "land_use_name_ja": "準工業地域",
        "u_building_coverage_ratio_ja": "",
        "u_floor_area_ratio_ja": "",
        "remark_name_ja": "",
        "future_use_purpose_name_ja": "",
        "remark_renovation_name_ja": ""
      }
    },
    {
      "type": "Feature",
      "geometry": {
        "type": "Point",
        "coordinates": [
          139.47053968906403,
          35.51150924137919
        ]
      },
      "properties": {
        "point_in_time_name_ja": "2025年第1四半期",
        "land_type_name_ja": "中古マンション等",
        "price_information_category_name_ja": "成約価格情報",
        "prefecture_name_ja": "東京都",
        "city_code": "13209",
        "city_name_ja": "町田市",
        "district_code": "132090540",
        "district_name_ja": "南町田",
        "use_category_name_ja": "",
        "u_transaction_price_total_ja": "4,700万円",
        "u_transaction_price_unit_price_square_meter_ja": "",
        "u_unit_price_per_tsubo_ja": "",
        "u_area_ja": "70㎡",
        "land_shape_name_ja": "",
        "u_land_frontage_ja": "",
        "building_use_name_ja": "",
        "building_structure_name_ja": "ＲＣ",
        "floor_plan_name_ja": "２ＬＤＫ",
        "u_building_total_floor_area_ja": "",
        "u_construction_year_ja": "2017年",
        "front_road_azimuth_name_ja": "",
        "u_front_road_width_ja": "",
        "front_road_type_name_ja": "",
        "land_use_name_ja": "準工業地域",
        "u_building_coverage_ratio_ja": "",
        "u_floor_area_ratio_ja": "",
        "remark_name_ja": "",
        "future_use_purpose_name_ja": "",
        "remark_renovation_name_ja": ""
      }
    },
    {
      "type": "Feature",
      "geometry": {
        "type": "Point",
        "coordinates": [
          139.47053968906403,
          35.51150924137919
        ]
      },
      "properties": {
        "point_in_time_name_ja": "2025年第1四半期",
        "land_type_name_ja": "中古マンション等",
        "price_information_category_name_ja": "成約価格情報",
        "prefecture_name_ja": "東京都",
        "city_code": "13209",
        "city_name_ja": "町田市",
        "district_code": "132090540",
        "district_name_ja": "南町田",
        "use_category_name_ja": "",
        "u_transaction_price_total_ja": "4,000万円",
        "u_transaction_price_unit_price_square_meter_ja": "",
        "u_unit_price_per_tsubo_ja": "",
        "u_area_ja": "75㎡",
        "land_shape_name_ja": "",
        "u_land_frontage_ja": "",
        "building_use_name_ja": "",
        "building_structure_name_ja": "ＲＣ",
        "floor_plan_name_ja": "２ＬＤＫ＋Ｓ",
        "u_building_total_floor_area_ja": "",
        "u_construction_year_ja": "2009年",
        "front_road_azimuth_name_ja": "",
        "u_front_road_width_ja": "",
        "front_road_type_name_ja": "",
        "land_use_name_ja": "",
        "u_building_coverage_ratio_ja": "",
        "u_floor_area_ratio_ja": "",
        "remark_name_ja": "",
        "future_use_purpose_name_ja": "",
        "remark_renovation_name_ja": ""
      }
    },
    {
      "type": "Feature",
      "geometry": {
        "type": "Point",
        "coordinates": [
          139.47053968906403,
          35.51150924137919
        ]
      },
      "properties": {
        "point_in_time_name_ja": "2025年第1四半期",
        "land_type_name_ja": "中古マンション等",
        "price_information_category_name_ja": "成約価格情報",
        "prefecture_name_ja": "東京都",
        "city_code": "13209",
        "city_name_ja": "町田市",
        "district_code": "132090540",
        "district_name_ja": "南町田",
        "use_category_name_ja": "",
        "u_transaction_price_total_ja": "4,000万円",
        "u_transaction_price_unit_price_square_meter_ja": "",
        "u_unit_price_per_tsubo_ja": "",
        "u_area_ja": "70㎡",
        "land_shape_name_ja": "",
        "u_land_frontage_ja": "",
        "building_use_name_ja": "",
        "building_structure_name_ja": "ＲＣ",
        "floor_plan_name_ja": "３ＬＤＫ",
        "u_building_total_floor_area_ja": "",
        "u_construction_year_ja": "2016年",
        "front_road_azimuth_name_ja": "",
        "u_front_road_width_ja": "",
        "front_road_type_name_ja": "",
        "land_use_name_ja": "準工業地域",
        "u_building_coverage_ratio_ja": "",
        "u_floor_area_ratio_ja": "",
        "remark_name_ja": "",
        "future_use_purpose_name_ja": "",
        "remark_renovation_name_ja": ""
      }
    },
    {
      "type": "Feature",
      "geometry": {
        "type": "Point",
        "coordinates": [
          139.47053968906403,
          35.51150924137919
        ]
      },
      "properties": {
        "point_in_time_name_ja": "2025年第1四半期",
        "land_type_name_ja": "中古マンション等",
        "price_information_category_name_ja": "成約価格情報",
        "prefecture_name_ja": "東京都",
        "city_code": "13209",
        "city_name_ja": "町田市",
        "district_code": "132090540",
        "district_name_ja": "南町田",
        "use_category_name_ja": "",
        "u_transaction_price_total_ja": "4,500万円",
        "u_transaction_price_unit_price_square_meter_ja": "",
        "u_unit_price_per_tsubo_ja": "",
        "u_area_ja": "75㎡",
        "land_shape_name_ja": "",
        "u_land_frontage_ja": "",
        "building_use_name_ja": "",
        "building_structure_name_ja": "ＳＲＣ",
        "floor_plan_name_ja": "３ＬＤＫ",
        "u_building_total_floor_area_ja": "",
        "u_construction_year_ja": "2000年",
        "front_road_azimuth_name_ja": "",
        "u_front_road_width_ja": "",
        "front_road_type_name_ja": "",
        "land_use_name_ja": "準工業地域",
        "u_building_coverage_ratio_ja": "",
        "u_floor_area_ratio_ja": "",
        "remark_name_ja": "",
        "future_use_purpose_name_ja": "",
        "remark_renovation_name_ja": ""
      }
    },
    {
      "type": "Feature",
      "geometry": {
        "type": "Point",
        "coordinates": [
          139.47053968906403,
          35.51150924137919
        ]
      },
      "properties": {
        "point_in_time_name_ja": "2025年第1四半期",
        "land_type_name_ja": "中古マンション等",
        "price_information_category_name_ja": "成約価格情報",
        "prefecture_name_ja": "東京都",
        "city_code": "13209",
        "city_name_ja": "町田市",
        "district_code": "132090540",
        "district_name_ja": "南町田",
        "use_category_name_ja": "",
        "u_transaction_price_total_ja": "4,300万円",
        "u_transaction_price_unit_price_square_meter_ja": "",
        "u_unit_price_per_tsubo_ja": "",
        "u_area_ja": "70㎡",
        "land_shape_name_ja": "",
        "u_land_frontage_ja": "",
        "building_use_name_ja": "",
        "building_structure_name_ja": "鉄骨造",
        "floor_plan_name_ja": "３ＬＤＫ",
        "u_building_total_floor_area_ja": "",
        "u_construction_year_ja": "2016年",
        "front_road_azimuth_name_ja": "",
        "u_front_road_width_ja": "",
        "front_road_type_name_ja": "",
        "land_use_name_ja": "準工業地域",
        "u_building_coverage_ratio_ja": "",
        "u_floor_area_ratio_ja": "",
        "remark_name_ja": "",
        "future_use_purpose_name_ja": "",
        "remark_renovation_name_ja": ""
      }
    },
    {
      "type": "Feature",
      "geometry": {
        "type": "Point",
        "coordinates": [
          139.47053968906403,
          35.51150924137919
        ]
      },
      "properties": {
        "point_in_time_name_ja": "2025年第1四半期",
        "land_type_name_ja": "中古マンション等",
        "price_information_category_name_ja": "成約価格情報",
        "prefecture_name_ja": "東京都",
        "city_code": "13209",
        "city_name_ja": "町田市",
        "district_code": "132090540",
        "district_name_ja": "南町田",
        "use_category_name_ja": "",
        "u_transaction_price_total_ja": "3,600万円",
        "u_transaction_price_unit_price_square_meter_ja": "",
        "u_unit_price_per_tsubo_ja": "",
        "u_area_ja": "70㎡",
        "land_shape_name_ja": "",
        "u_land_frontage_ja": "",
        "building_use_name_ja": "",
        "building_structure_name_ja": "ＳＲＣ",
        "floor_plan_name_ja": "３ＬＤＫ",
        "u_building_total_floor_area_ja": "",
        "u_construction_year_ja": "1999年",
        "front_road_azimuth_name_ja": "",
        "u_front_road_width_ja": "",
        "front_road_type_name_ja": "",
        "land_use_name_ja": "準工業地域",
        "u_building_coverage_ratio_ja": "",
        "u_floor_area_ratio_ja": "",
        "remark_name_ja": "",
        "future_use_purpose_name_ja": "",
        "remark_renovation_name_ja": ""
      }
    },
    {
      "type": "Feature",
      "geometry": {
        "type": "Point",
        "coordinates": [
          139.47053968906403,
          35.51150924137919
        ]
      },
      "properties": {
        "point_in_time_name_ja": "2025年第2四半期",
        "land_type_name_ja": "中古マンション等",
        "price_information_category_name_ja": "成約価格情報",
        "prefecture_name_ja": "東京都",
        "city_code": "13209",
        "city_name_ja": "町田市",
        "district_code": "132090540",
        "district_name_ja": "南町田",
        "use_category_name_ja": "",
        "u_transaction_price_total_ja": "2,200万円",
        "u_transaction_price_unit_price_square_meter_ja": "",
        "u_unit_price_per_tsubo_ja": "",
        "u_area_ja": "70㎡",
        "land_shape_name_ja": "",
        "u_land_frontage_ja": "",
        "building_use_name_ja": "",
        "building_structure_name_ja": "ＳＲＣ",
        "floor_plan_name_ja": "２ＬＤＫ",
        "u_building_total_floor_area_ja": "",
        "u_construction_year_ja": "1985年",
        "front_road_azimuth_name_ja": "",
        "u_front_road_width_ja": "",
        "front_road_type_name_ja": "",
        "land_use_name_ja": "準工業地域",
        "u_building_coverage_ratio_ja": "",
        "u_floor_area_ratio_ja": "",
        "remark_name_ja": "",
        "future_use_purpose_name_ja": "",
        "remark_renovation_name_ja": ""
      }
    },
    {
      "type": "Feature",
      "geometry": {
        "type": "Point",
        "coordinates": [
          139.47053968906403,
          35.51150924137919
        ]
      },
      "properties": {
        "point_in_time_name_ja": "2025年第2四半期",
        "land_type_name_ja": "中古マンション等",
        "price_information_category_name_ja": "成約価格情報",
        "prefecture_name_ja": "東京都",
        "city_code": "13209",
        "city_name_ja": "町田市",
        "district_code": "132090540",
        "district_name_ja": "南町田",
        "use_category_name_ja": "",
        "u_transaction_price_total_ja": "4,700万円",
        "u_transaction_price_unit_price_square_meter_ja": "",
        "u_unit_price_per_tsubo_ja": "",
        "u_area_ja": "80㎡",
        "land_shape_name_ja": "",
        "u_land_frontage_ja": "",
        "building_use_name_ja": "",
        "building_structure_name_ja": "ＲＣ",
        "floor_plan_name_ja": "３ＬＤＫ",
        "u_building_total_floor_area_ja": "",
        "u_construction_year_ja": "2009年",
        "front_road_azimuth_name_ja": "",
        "u_front_road_width_ja": "",
        "front_road_type_name_ja": "",
        "land_use_name_ja": "第２種中高層住居専用地域",
        "u_building_coverage_ratio_ja": "",
        "u_floor_area_ratio_ja": "",
        "remark_name_ja": "",
        "future_use_purpose_name_ja": "",
        "remark_renovation_name_ja": ""
      }
    },
    {
      "type": "Feature",
      "geometry": {
        "type": "Point",
        "coordinates": [
          139.47053968906403,
          35.51150924137919
        ]
      },
      "properties": {
        "point_in_time_name_ja": "2025年第2四半期",
        "land_type_name_ja": "中古マンション等",
        "price_information_category_name_ja": "成約価格情報",
        "prefecture_name_ja": "東京都",
        "city_code": "13209",
        "city_name_ja": "町田市",
        "district_code": "132090540",
        "district_name_ja": "南町田",
        "use_category_name_ja": "",
        "u_transaction_price_total_ja": "2,000万円",
        "u_transaction_price_unit_price_square_meter_ja": "",
        "u_unit_price_per_tsubo_ja": "",
        "u_area_ja": "70㎡",
        "land_shape_name_ja": "",
        "u_land_frontage_ja": "",
        "building_use_name_ja": "",
        "building_structure_name_ja": "ＳＲＣ",
        "floor_plan_name_ja": "３ＬＤＫ",
        "u_building_total_floor_area_ja": "",
        "u_construction_year_ja": "1985年",
        "front_road_azimuth_name_ja": "",
        "u_front_road_width_ja": "",
        "front_road_type_name_ja": "",
        "land_use_name_ja": "準工業地域",
        "u_building_coverage_ratio_ja": "",
        "u_floor_area_ratio_ja": "",
        "remark_name_ja": "",
        "future_use_purpose_name_ja": "",
        "remark_renovation_name_ja": ""
      }
    },
    {
      "type": "Feature",
      "geometry": {
        "type": "Point",
        "coordinates": [
          139.47053968906403,
          35.51150924137919
        ]
      },
      "properties": {
        "point_in_time_name_ja": "2025年第2四半期",
        "land_type_name_ja": "中古マンション等",
        "price_information_category_name_ja": "成約価格情報",
        "prefecture_name_ja": "東京都",
        "city_code": "13209",
        "city_name_ja": "町田市",
        "district_code": "132090540",
        "district_name_ja": "南町田",
        "use_category_name_ja": "",
        "u_transaction_price_total_ja": "4,200万円",
        "u_transaction_price_unit_price_square_meter_ja": "",
        "u_unit_price_per_tsubo_ja": "",
        "u_area_ja": "65㎡",
        "land_shape_name_ja": "",
        "u_land_frontage_ja": "",
        "building_use_name_ja": "",
        "building_structure_name_ja": "ＲＣ",
        "floor_plan_name_ja": "３ＬＤＫ",
        "u_building_total_floor_area_ja": "",
        "u_construction_year_ja": "1998年",
        "front_road_azimuth_name_ja": "",
        "u_front_road_width_ja": "",
        "front_road_type_name_ja": "",
        "land_use_name_ja": "準工業地域",
        "u_building_coverage_ratio_ja": "",
        "u_floor_area_ratio_ja": "",
        "remark_name_ja": "",
        "future_use_purpose_name_ja": "",
        "remark_renovation_name_ja": ""
      }
    },
    {
      "type": "Feature",
      "geometry": {
        "type": "Point",
        "coordinates": [
          139.47053968906403,
          35.51150924137919
        ]
      },
      "properties": {
        "point_in_time_name_ja": "2025年第2四半期",
        "land_type_name_ja": "中古マンション等",
        "price_information_category_name_ja": "成約価格情報",
        "prefecture_name_ja": "東京都",
        "city_code": "13209",
        "city_name_ja": "町田市",
        "district_code": "132090540",
        "district_name_ja": "南町田",
        "use_category_name_ja": "",
        "u_transaction_price_total_ja": "4,500万円",
        "u_transaction_price_unit_price_square_meter_ja": "",
        "u_unit_price_per_tsubo_ja": "",
        "u_area_ja": "70㎡",
        "land_shape_name_ja": "",
        "u_land_frontage_ja": "",
        "building_use_name_ja": "",
        "building_structure_name_ja": "ＲＣ",
        "floor_plan_name_ja": "３ＬＤＫ",
        "u_building_total_floor_area_ja": "",
        "u_construction_year_ja": "2016年",
        "front_road_azimuth_name_ja": "",
        "u_front_road_width_ja": "",
        "front_road_type_name_ja": "",
        "land_use_name_ja": "準住居地域",
        "u_building_coverage_ratio_ja": "",
        "u_floor_area_ratio_ja": "",
        "remark_name_ja": "",
        "future_use_purpose_name_ja": "",
        "remark_renovation_name_ja": ""
      }
    },
    {
      "type": "Feature",
      "geometry": {
        "type": "Point",
        "coordinates": [
          139.47053968906403,
          35.51150924137919
        ]
      },
      "properties": {
        "point_in_time_name_ja": "2025年第2四半期",
        "land_type_name_ja": "中古マンション等",
        "price_information_category_name_ja": "成約価格情報",
        "prefecture_name_ja": "東京都",
        "city_code": "13209",
        "city_name_ja": "町田市",
        "district_code": "132090540",
        "district_name_ja": "南町田",
        "use_category_name_ja": "",
        "u_transaction_price_total_ja": "4,100万円",
        "u_transaction_price_unit_price_square_meter_ja": "",
        "u_unit_price_per_tsubo_ja": "",
        "u_area_ja": "70㎡",
        "land_shape_name_ja": "",
        "u_land_frontage_ja": "",
        "building_use_name_ja": "",
        "building_structure_name_ja": "ＲＣ",
        "floor_plan_name_ja": "３ＬＤＫ",
        "u_building_total_floor_area_ja": "",
        "u_construction_year_ja": "2016年",
        "front_road_azimuth_name_ja": "",
        "u_front_road_width_ja": "",
        "front_road_type_name_ja": "",
        "land_use_name_ja": "準工業地域",
        "u_building_coverage_ratio_ja": "",
        "u_floor_area_ratio_ja": "",
        "remark_name_ja": "",
        "future_use_purpose_name_ja": "",
        "remark_renovation_name_ja": ""
      }
    },
    {
      "type": "Feature",
      "geometry": {
        "type": "Point",
        "coordinates": [
          139.47053968906403,
          35.51150924137919
        ]
      },
      "properties": {
        "point_in_time_name_ja": "2025年第3四半期",
        "land_type_name_ja": "中古マンション等",
        "price_information_category_name_ja": "成約価格情報",
        "prefecture_name_ja": "東京都",
        "city_code": "13209",
        "city_name_ja": "町田市",
        "district_code": "132090540",
        "district_name_ja": "南町田",
        "use_category_name_ja": "",
        "u_transaction_price_total_ja": "4,400万円",
        "u_transaction_price_unit_price_square_meter_ja": "",
        "u_unit_price_per_tsubo_ja": "",
        "u_area_ja": "90㎡",
        "land_shape_name_ja": "",
        "u_land_frontage_ja": "",
        "building_use_name_ja": "",
        "building_structure_name_ja": "ＲＣ",
        "floor_plan_name_ja": "４ＬＤＫ",
        "u_building_total_floor_area_ja": "",
        "u_construction_year_ja": "1998年",
        "front_road_azimuth_name_ja": "",
        "u_front_road_width_ja": "",
        "front_road_type_name_ja": "",
        "land_use_name_ja": "準工業地域",
        "u_building_coverage_ratio_ja": "",
        "u_floor_area_ratio_ja": "",
        "remark_name_ja": "",
        "future_use_purpose_name_ja": "",
        "remark_renovation_name_ja": ""
      }
    },
    {
      "type": "Feature",
      "geometry": {
        "type": "Point",
        "coordinates": [
          139.47053968906403,
          35.51150924137919
        ]
      },
      "properties": {
        "point_in_time_name_ja": "2025年第3四半期",
        "land_type_name_ja": "中古マンション等",
        "price_information_category_name_ja": "成約価格情報",
        "prefecture_name_ja": "東京都",
        "city_code": "13209",
        "city_name_ja": "町田市",
        "district_code": "132090540",
        "district_name_ja": "南町田",
        "use_category_name_ja": "",
        "u_transaction_price_total_ja": "5,400万円",
        "u_transaction_price_unit_price_square_meter_ja": "",
        "u_unit_price_per_tsubo_ja": "",
        "u_area_ja": "80㎡",
        "land_shape_name_ja": "",
        "u_land_frontage_ja": "",
        "building_use_name_ja": "",
        "building_structure_name_ja": "ＳＲＣ",
        "floor_plan_name_ja": "３ＬＤＫ",
        "u_building_total_floor_area_ja": "",
        "u_construction_year_ja": "2000年",
        "front_road_azimuth_name_ja": "",
        "u_front_road_width_ja": "",
        "front_road_type_name_ja": "",
        "land_use_name_ja": "準工業地域",
        "u_building_coverage_ratio_ja": "",
        "u_floor_area_ratio_ja": "",
        "remark_name_ja": "",
        "future_use_purpose_name_ja": "",
        "remark_renovation_name_ja": ""
      }
    },
    {
      "type": "Feature",
      "geometry": {
        "type": "Point",
        "coordinates": [
          139.47053968906403,
          35.51150924137919
        ]
      },
      "properties": {
        "point_in_time_name_ja": "2025年第3四半期",
        "land_type_name_ja": "中古マンション等",
        "price_information_category_name_ja": "成約価格情報",
        "prefecture_name_ja": "東京都",
        "city_code": "13209",
        "city_name_ja": "町田市",
        "district_code": "132090540",
        "district_name_ja": "南町田",
        "use_category_name_ja": "",
        "u_transaction_price_total_ja": "4,900万円",
        "u_transaction_price_unit_price_square_meter_ja": "",
        "u_unit_price_per_tsubo_ja": "",
        "u_area_ja": "75㎡",
        "land_shape_name_ja": "",
        "u_land_frontage_ja": "",
        "building_use_name_ja": "",
        "building_structure_name_ja": "ＲＣ",
        "floor_plan_name_ja": "２ＬＤＫ",
        "u_building_total_floor_area_ja": "",
        "u_construction_year_ja": "2019年",
        "front_road_azimuth_name_ja": "",
        "u_front_road_width_ja": "",
        "front_road_type_name_ja": "",
        "land_use_name_ja": "準工業地域",
        "u_building_coverage_ratio_ja": "",
        "u_floor_area_ratio_ja": "",
        "remark_name_ja": "",
        "future_use_purpose_name_ja": "",
        "remark_renovation_name_ja": ""
      }
    },
    {
      "type": "Feature",
      "geometry": {
        "type": "Point",
        "coordinates": [
          139.47053968906403,
          35.51150924137919
        ]
      },
      "properties": {
        "point_in_time_name_ja": "2025年第3四半期",
        "land_type_name_ja": "中古マンション等",
        "price_information_category_name_ja": "成約価格情報",
        "prefecture_name_ja": "東京都",
        "city_code": "13209",
        "city_name_ja": "町田市",
        "district_code": "132090540",
        "district_name_ja": "南町田",
        "use_category_name_ja": "",
        "u_transaction_price_total_ja": "2,800万円",
        "u_transaction_price_unit_price_square_meter_ja": "",
        "u_unit_price_per_tsubo_ja": "",
        "u_area_ja": "70㎡",
        "land_shape_name_ja": "",
        "u_land_frontage_ja": "",
        "building_use_name_ja": "",
        "building_structure_name_ja": "ＳＲＣ",
        "floor_plan_name_ja": "２ＬＤＫ",
        "u_building_total_floor_area_ja": "",
        "u_construction_year_ja": "1985年",
        "front_road_azimuth_name_ja": "",
        "u_front_road_width_ja": "",
        "front_road_type_name_ja": "",
        "land_use_name_ja": "準工業地域",
        "u_building_coverage_ratio_ja": "",
        "u_floor_area_ratio_ja": "",
        "remark_name_ja": "",
        "future_use_purpose_name_ja": "",
        "remark_renovation_name_ja": ""
      }
    },
    {
      "type": "Feature",
      "geometry": {
        "type": "Point",
        "coordinates": [
          139.47053968906403,
          35.51150924137919
        ]
      },
      "properties": {
        "point_in_time_name_ja": "2025年第4四半期",
        "land_type_name_ja": "中古マンション等",
        "price_information_category_name_ja": "成約価格情報",
        "prefecture_name_ja": "東京都",
        "city_code": "13209",
        "city_name_ja": "町田市",
        "district_code": "132090540",
        "district_name_ja": "南町田",
        "use_category_name_ja": "",
        "u_transaction_price_total_ja": "4,200万円",
        "u_transaction_price_unit_price_square_meter_ja": "",
        "u_unit_price_per_tsubo_ja": "",
        "u_area_ja": "70㎡",
        "land_shape_name_ja": "",
        "u_land_frontage_ja": "",
        "building_use_name_ja": "",
        "building_structure_name_ja": "ＲＣ",
        "floor_plan_name_ja": "３ＬＤＫ",
        "u_building_total_floor_area_ja": "",
        "u_construction_year_ja": "2003年",
        "front_road_azimuth_name_ja": "",
        "u_front_road_width_ja": "",
        "front_road_type_name_ja": "",
        "land_use_name_ja": "準工業地域",
        "u_building_coverage_ratio_ja": "",
        "u_floor_area_ratio_ja": "",
        "remark_name_ja": "",
        "future_use_purpose_name_ja": "",
        "remark_renovation_name_ja": ""
      }
    },
    {
      "type": "Feature",
      "geometry": {
        "type": "Point",
        "coordinates": [
          139.47053968906403,
          35.51150924137919
        ]
      },
      "properties": {
        "point_in_time_name_ja": "2025年第4四半期",
        "land_type_name_ja": "中古マンション等",
        "price_information_category_name_ja": "成約価格情報",
        "prefecture_name_ja": "東京都",
        "city_code": "13209",
        "city_name_ja": "町田市",
        "district_code": "132090540",
        "district_name_ja": "南町田",
        "use_category_name_ja": "",
        "u_transaction_price_total_ja": "2,400万円",
        "u_transaction_price_unit_price_square_meter_ja": "",
        "u_unit_price_per_tsubo_ja": "",
        "u_area_ja": "70㎡",
        "land_shape_name_ja": "",
        "u_land_frontage_ja": "",
        "building_use_name_ja": "",
        "building_structure_name_ja": "ＲＣ",
        "floor_plan_name_ja": "３ＬＤＫ",
        "u_building_total_floor_area_ja": "",
        "u_construction_year_ja": "1990年",
        "front_road_azimuth_name_ja": "",
        "u_front_road_width_ja": "",
        "front_road_type_name_ja": "",
        "land_use_name_ja": "準工業地域",
        "u_building_coverage_ratio_ja": "",
        "u_floor_area_ratio_ja": "",
        "remark_name_ja": "",
        "future_use_purpose_name_ja": "",
        "remark_renovation_name_ja": ""
      }
    },
    {
      "type": "Feature",
      "geometry": {
        "type": "Point",
        "coordinates": [
          139.47053968906403,
          35.51150924137919
        ]
      },
      "properties": {
        "point_in_time_name_ja": "2025年第4四半期",
        "land_type_name_ja": "中古マンション等",
        "price_information_category_name_ja": "成約価格情報",
        "prefecture_name_ja": "東京都",
        "city_code": "13209",
        "city_name_ja": "町田市",
        "district_code": "132090540",
        "district_name_ja": "南町田",
        "use_category_name_ja": "",
        "u_transaction_price_total_ja": "3,500万円",
        "u_transaction_price_unit_price_square_meter_ja": "",
        "u_unit_price_per_tsubo_ja": "",
        "u_area_ja": "70㎡",
        "land_shape_name_ja": "",
        "u_land_frontage_ja": "",
        "building_use_name_ja": "",
        "building_structure_name_ja": "ＲＣ",
        "floor_plan_name_ja": "３ＬＤＫ",
        "u_building_total_floor_area_ja": "",
        "u_construction_year_ja": "2016年",
        "front_road_azimuth_name_ja": "",
        "u_front_road_width_ja": "",
        "front_road_type_name_ja": "",
        "land_use_name_ja": "準工業地域",
        "u_building_coverage_ratio_ja": "",
        "u_floor_area_ratio_ja": "",
        "remark_name_ja": "",
        "future_use_purpose_name_ja": "",
        "remark_renovation_name_ja": ""
      }
    },
    {
      "type": "Feature",
      "geometry": {
        "type": "Point",
        "coordinates": [
          139.47053968906403,
          35.51150924137919
        ]
      },
      "properties": {
        "point_in_time_name_ja": "2025年第4四半期",
        "land_type_name_ja": "中古マンション等",
        "price_information_category_name_ja": "成約価格情報",
        "prefecture_name_ja": "東京都",
        "city_code": "13209",
        "city_name_ja": "町田市",
        "district_code": "132090540",
        "district_name_ja": "南町田",
        "use_category_name_ja": "",
        "u_transaction_price_total_ja": "2,700万円",
        "u_transaction_price_unit_price_square_meter_ja": "",
        "u_unit_price_per_tsubo_ja": "",
        "u_area_ja": "85㎡",
        "land_shape_name_ja": "",
        "u_land_frontage_ja": "",
        "building_use_name_ja": "",
        "building_structure_name_ja": "ＳＲＣ",
        "floor_plan_name_ja": "３ＬＤＫ",
        "u_building_total_floor_area_ja": "",
        "u_construction_year_ja": "1985年",
        "front_road_azimuth_name_ja": "",
        "u_front_road_width_ja": "",
        "front_road_type_name_ja": "",
        "land_use_name_ja": "準工業地域",
        "u_building_coverage_ratio_ja": "",
        "u_floor_area_ratio_ja": "",
        "remark_name_ja": "",
        "future_use_purpose_name_ja": "",
        "remark_renovation_name_ja": ""
      }
    }
  ]
}