{
  "type": "FeatureCollection",
  "features": [
    {
      "type": "Feature",
      "geometry": {
        "type": "Point",
        "coordinates": [
          139.4137465953827,
          35.69791759433913
        ]
      },
      "properties": {
        "point_in_time_name_ja": "2025年第1四半期",
        "land_type_name_ja": "中古マンション等",
        "price_information_category_name_ja": "成約価格情報",
        "prefecture_name_ja": "東京都",
        "city_code": "13202",
        "city_name_ja": "立川市",
        "district_code": "132020140",
        "district_name_ja": "富士見町",
        "use_category_name_ja": "",
        "u_transaction_price_total_ja": "780万円",
        "u_transaction_price_unit_price_square_meter_ja": "",
        "u_unit_price_per_tsubo_ja": "",
        "u_area_ja": "45㎡",
        "land_shape_name_ja": "",
        "u_land_frontage_ja": "",
        "building_use_name_ja": "",
        "building_structure_name_ja": "ＲＣ",
        "floor_plan_name_ja": "２ＬＤＫ",
        "u_building_total_floor_area_ja": "",
        "u_construction_year_ja": "1968年",
        "front_road_azimuth_name_ja": "",
        "u_front_road_width_ja": "",
        "front_road_type_name_ja": "",
        "land_use_name_ja": "第１種低層住居専用地域",
        "u_building_coverage_ratio_ja": "",
        "u_floor_area_ratio_ja": "",
        "remark_name_ja": "",
        "future_use_purpose_name_ja": "",
        "remark_renovation_name_ja": ""
      }
    },
    {
      "type": "Feature",
      "geometry": {
        "type": "Point",
        "coordinates": [
          139.4137465953827,
          35.69791759433913
        ]
      },
      "properties": {
        "point_in_time_name_ja": "2025年第1四半期",
        "land_type_name_ja": "中古マンション等",
        "price_information_category_name_ja": "成約価格情報",
        "prefecture_name_ja": "東京都",
        "city_code": "13202",
        "city_name_ja": "立川市",
        "district_code": "132020140",
        "district_name_ja": "富士見町",
        "use_category_name_ja": "",
        "u_transaction_price_total_ja": "880万円",
        "u_transaction_price_unit_price_square_meter_ja": "",
        "u_unit_price_per_tsubo_ja": "",
        "u_area_ja": "45㎡",
        "land_shape_name_ja": "",
        "u_land_frontage_ja": "",
        "building_use_name_ja": "",
        "building_structure_name_ja": "ＲＣ",
        "floor_plan_name_ja": "２ＬＤＫ",
        "u_building_total_floor_area_ja": "",
        "u_construction_year_ja": "1968年",
        "front_road_azimuth_name_ja": "",
        "u_front_road_width_ja": "",
        "front_road_type_name_ja": "",
        "land_use_name_ja": "第１種中高層住居専用地域",
        "u_building_coverage_ratio_ja": "",
        "u_floor_area_ratio_ja": "",
        "remark_name_ja": "",
        "future_use_purpose_name_ja": "",
        "remark_renovation_name_ja": ""
      }
    },
    {
      "type": "Feature",
      "geometry": {
        "type": "Point",
        "coordinates": [
          139.4137465953827,
          35.69791759433913
        ]
      },
      "properties": {
        "point_in_time_name_ja": "2025年第1四半期",
        "land_type_name_ja": "中古マンション等",
        "price_information_category_name_ja": "成約価格情報",
        "prefecture_name_ja": "東京都",
        "city_code": "13202",
        "city_name_ja": "立川市",
        "district_code": "132020140",
        "district_name_ja": "富士見町",
        "use_category_name_ja": "",
        "u_transaction_price_total_ja": "610万円",
        "u_transaction_price_unit_price_square_meter_ja": "",
        "u_unit_price_per_tsubo_ja": "",
        "u_area_ja": "45㎡",
        "land_shape_name_ja": "",
        "u_land_frontage_ja": "",
        "building_use_name_ja": "",
        "building_structure_name_ja": "ＲＣ",
        "floor_plan_name_ja": "３ＤＫ",
        "u_building_total_floor_area_ja": "",
        "u_construction_year_ja": "1968年",
        "front_road_azimuth_name_ja": "",
        "u_front_road_width_ja": "",
        "front_road_type_name_ja": "",
        "land_use_name_ja": "第１種中高層住居専用地域",
        "u_building_coverage_ratio_ja": "",
        "u_floor_area_ratio_ja": "",
        "remark_name_ja": "",
        "future_use_purpose_name_ja": "",
        "remark_renovation_name_ja": ""
      }
    },
    {
      "type": "Feature",
      "geometry": {
        "type": "Point",
        "coordinates": [
          139.4137465953827,
          35.69791759433913
        ]
      },
      "properties": {
        "point_in_time_name_ja": "2025年第1四半期",
        "land_type_name_ja": "中古マンション等",
        "price_information_category_name_ja": "成約価格情報",
        "prefecture_name_ja": "東京都",
        "city_code": "13202",
        "city_name_ja": "立川市",
        "district_code": "132020140",
        "district_name_ja": "富士見町",
        "use_category_name_ja": "",
        "u_transaction_price_total_ja": "3,300万円",
        "u_transaction_price_unit_price_square_meter_ja": "",
        "u_unit_price_per_tsubo_ja": "",
        "u_area_ja": "65㎡",
        "land_shape_name_ja": "",
        "u_land_frontage_ja": "",
        "building_use_name_ja": "",
        "building_structure_name_ja": "ＲＣ",
        "floor_plan_name_ja": "３ＬＤＫ",
        "u_building_total_floor_area_ja": "",
        "u_construction_year_ja": "2003年",
        "front_road_azimuth_name_ja": "",
        "u_front_road_width_ja": "",
        "front_road_type_name_ja": "",
        "land_use_name_ja": "第１種住居地域",
        "u_building_coverage_ratio_ja": "",
        "u_floor_area_ratio_ja": "",
        "remark_name_ja": "",
        "future_use_purpose_name_ja": "",
        "remark_renovation_name_ja": ""
      }
    },
    {
      "type": "Feature",
      "geometry": {
        "type": "Point",
        "coordinates": [
          139.4137465953827,
          35.69791759433913
        ]
      },
      "properties": {
        "point_in_time_name_ja": "2025年第1四半期",
        "land_type_name_ja": "中古マンション等",
        "price_information_category_name_ja": "成約価格情報",
        "prefecture_name_ja": "東京都",
        "city_code": "13202",
        "city_name_ja": "立川市",
        "district_code": "132020140",
        "district_name_ja": "富士見町",
        "use_category_name_ja": "",
        "u_transaction_price_total_ja": "2,700万円",
        "u_transaction_price_unit_price_square_meter_ja": "",
        "u_unit_price_per_tsubo_ja": "",
        "u_area_ja": "65㎡",
        "land_shape_name_ja": "",
        "u_land_frontage_ja": "",
        "building_use_name_ja": "",
        "building_structure_name_ja": "ＲＣ",
        "floor_plan_name_ja": "３ＬＤＫ",
        "u_building_total_floor_area_ja": "",
        "u_construction_year_ja": "1991年",
        "front_road_azimuth_name_ja": "",
        "u_front_road_width_ja": "",
        "front_road_type_name_ja": "",
        "land_use_name_ja": "準工業地域",
        "u_building_coverage_ratio_ja": "",
        "u_floor_area_ratio_ja": "",
        "remark_name_ja": "",
        "future_use_purpose_name_ja": "",
        "remark_renovation_name_ja": ""
      }
    },
    {
      "type": "Feature",
      "geometry": {
        "type": "Point",
        "coordinates": [
          139.4137465953827,
          35.69791759433913
        ]
      },
      "properties": {
        "point_in_time_name_ja": "2025年第2四半期",
        "land_type_name_ja": "中古マンション等",
        "price_information_category_name_ja": "成約価格情報",
        "prefecture_name_ja": "東京都",
        "city_code": "13202",
        "city_name_ja": "立川市",
        "district_code": "132020140",
        "district_name_ja": "富士見町",
        "use_category_name_ja": "",
        "u_transaction_price_total_ja": "3,100万円",
        "u_transaction_price_unit_price_square_meter_ja": "",
        "u_unit_price_per_tsubo_ja": "",
        "u_area_ja": "80㎡",
        "land_shape_name_ja": "",
        "u_land_frontage_ja": "",
        "building_use_name_ja": "",
        "building_structure_name_ja": "ＲＣ",
        "floor_plan_name_ja": "３ＬＤＫ",
        "u_building_total_floor_area_ja": "",
        "u_construction_year_ja": "2003年",
        "front_road_azimuth_name_ja": "",
        "u_front_road_width_ja": "",
        "front_road_type_name_ja": "",
        "land_use_name_ja": "第１種中高層住居専用地域",
        "u_building_coverage_ratio_ja": "",
        "u_floor_area_ratio_ja": "",
        "remark_name_ja": "",
        "future_use_purpose_name_ja": "",
        "remark_renovation_name_ja": ""
      }
    },
    {
      "type": "Feature",
      "geometry": {
        "type": "Point",
        "coordinates": [
          139.4137465953827,
          35.69791759433913
        ]
      },
      "properties": {
        "point_in_time_name_ja": "2025年第2四半期",
        "land_type_name_ja": "中古マンション等",
        "price_information_category_name_ja": "成約価格情報",
        "prefecture_name_ja": "東京都",
        "city_code": "13202",
        "city_name_ja": "立川市",
        "district_code": "132020140",
        "district_name_ja": "富士見町",
        "use_category_name_ja": "",
        "u_transaction_price_total_ja": "510万円",
        "u_transaction_price_unit_price_square_meter_ja": "",
        "u_unit_price_per_tsubo_ja": "",
        "u_area_ja": "45㎡",
        "land_shape_name_ja": "",
        "u_land_frontage_ja": "",
        "building_use_name_ja": "",
        "building_structure_name_ja": "ＲＣ",
        "floor_plan_name_ja": "２ＬＤＫ",
        "u_building_total_floor_area_ja": "",
        "u_construction_year_ja": "1968年",
        "front_road_azimuth_name_ja": "",
        "u_front_road_width_ja": "",
        "front_road_type_name_ja": "",
        "land_use_name_ja": "第１種中高層住居専用地域",
        "u_building_coverage_ratio_ja": "",
        "u_floor_area_ratio_ja": "",
        "remark_name_ja": "",
        "future_use_purpose_name_ja": "",
        "remark_renovation_name_ja": ""
      }
    },
    {
      "type": "Feature",
      "geometry": {
        "type": "Point",
        "coordinates": [
          139.4137465953827,
          35.69791759433913
        ]
      },
      "properties": {
        "point_in_time_name_ja": "2025年第2四半期",
        "land_type_name_ja": "中古マンション等",
        "price_information_category_name_ja": "成約価格情報",
        "prefecture_name_ja": "東京都",
        "city_code": "13202",
        "city_name_ja": "立川市",
        "district_code": "132020140",
        "district_name_ja": "富士見町",
        "use_category_name_ja": "",
        "u_transaction_price_total_ja": "800万円",
        "u_transaction_price_unit_price_square_meter_ja": "",
        "u_unit_price_per_tsubo_ja": "",
        "u_area_ja": "45㎡",
        "land_shape_name_ja": "",
        "u_land_frontage_ja": "",
        "building_use_name_ja": "",
        "building_structure_name_ja": "ＲＣ",
        "floor_plan_name_ja": "２Ｋ＋Ｓ",
        "u_building_total_floor_area_ja": "",
        "u_construction_year_ja": "1968年",
        "front_road_azimuth_name_ja": "",
        "u_front_road_width_ja": "",
        "front_road_type_name_ja": "",
        "land_use_name_ja": "第１種中高層住居専用地域",
        "u_building_coverage_ratio_ja": "",
        "u_floor_area_ratio_ja": "",
        "remark_name_ja": "",
        "future_use_purpose_name_ja": "",
        "remark_renovation_name_ja": ""
      }
    },
    {
      "type": "Feature",
      "geometry": {
        "type": "Point",
        "coordinates": [
          139.4137465953827,
          35.69791759433913
        ]
      },
      "properties": {
        "point_in_time_name_ja": "2025年第2四半期",
        "land_type_name_ja": "中古マンション等",
        "price_information_category_name_ja": "成約価格情報",
        "prefecture_name_ja": "東京都",
        "city_code": "13202",
        "city_name_ja": "立川市",
        "district_code": "132020140",
        "district_name_ja": "富士見町",
        "use_category_name_ja": "",
        "u_transaction_price_total_ja": "2,900万円",
        "u_transaction_price_unit_price_square_meter_ja": "",
        "u_unit_price_per_tsubo_ja": "",
        "u_area_ja": "75㎡",
        "land_shape_name_ja": "",
        "u_land_frontage_ja": "",
        "building_use_name_ja": "",
        "building_structure_name_ja": "ＲＣ",
        "floor_plan_name_ja": "３ＬＤＫ",
        "u_building_total_floor_area_ja": "",
        "u_construction_year_ja": "2002年",
        "front_road_azimuth_name_ja": "",
        "u_front_road_width_ja": "",
        "front_road_type_name_ja": "",
        "land_use_name_ja": "準工業地域",
        "u_building_coverage_ratio_ja": "",
        "u_floor_area_ratio_ja": "",
        "remark_name_ja": "",
        "future_use_purpose_name_ja": "",
        "remark_renovation_name_ja": ""
      }
    },
    {
      "type": "Feature",
      "geometry": {
        "type": "Point",
        "coordinates": [
          139.4137465953827,
          35.69791759433913
        ]
      },
      "properties": {
        "point_in_time_name_ja": "2025年第2四半期",
        "land_type_name_ja": "中古マンション等",
        "price_information_category_name_ja": "成約価格情報",
        "prefecture_name_ja": "東京都",
        "city_code": "13202",
        "city_name_ja": "立川市",
        "district_code": "132020140",
        "district_name_ja": "富士見町",
        "use_category_name_ja": "",
        "u_transaction_price_total_ja": "1,400万円",
        "u_transaction_price_unit_price_square_meter_ja": "",
        "u_unit_price_per_tsubo_ja": "",
        "u_area_ja": "45㎡",
        "land_shape_name_ja": "",
        "u_land_frontage_ja": "",
        "building_use_name_ja": "",
        "building_structure_name_ja": "ＲＣ",
        "floor_plan_name_ja": "２ＬＤＫ",
        "u_building_total_floor_area_ja": "",
        "u_construction_year_ja": "1968年",
        "front_road_azimuth_name_ja": "",
        "u_front_road_width_ja": "",
        "front_road_type_name_ja": "",
        "land_use_name_ja": "第１種中高層住居専用地域",
        "u_building_coverage_ratio_ja": "",
        "u_floor_area_ratio_ja": "",
        "remark_name_ja": "",
        "future_use_purpose_name_ja": "",
        "remark_renovation_name_ja": ""
      }
    },
    {
      "type": "Feature",
      "geometry": {
        "type": "Point",
        "coordinates": [
          139.4137465953827,
          35.69791759433913
        ]
      },
      "properties": {
        "point_in_time_name_ja": "2025年第2四半期",
        "land_type_name_ja": "中古マンション等",
        "price_information_category_name_ja": "成約価格情報",
        "prefecture_name_ja": "東京都",
        "city_code": "13202",
        "city_name_ja": "立川市",
        "district_code": "132020140",
        "district_name_ja": "富士見町",
        "use_category_name_ja": "",
        "u_transaction_price_total_ja": "500万円",
        "u_transaction_price_unit_price_square_meter_ja": "",
        "u_unit_price_per_tsubo_ja": "",
        "u_area_ja": "45㎡",
        "land_shape_name_ja": "",
        "u_land_frontage_ja": "",
        "building_use_name_ja": "",
        "building_structure_name_ja": "ＲＣ",
        "floor_plan_name_ja": "３ＤＫ",
        "u_building_total_floor_area_ja": "",
        "u_construction_year_ja": "1968年",
        "front_road_azimuth_name_ja": "",
        "u_front_road_width_ja": "",
        "front_road_type_name_ja": "",
        "land_use_name_ja": "第１種中高層住居専用地域",
        "u_building_coverage_ratio_ja": "",
        "u_floor_area_ratio_ja": "",
        "remark_name_ja": "",
        "future_use_purpose_name_ja": "",
        "remark_renovation_name_ja": ""
      }
    },
    {
      "type": "Feature",
      "geometry": {
        "type": "Point",
        "coordinates": [
          139.4137465953827,
          35.69791759433913
        ]
      },
      "properties": {
        "point_in_time_name_ja": "2025年第4四半期",
        "land_type_name_ja": "中古マンション等",
        "price_information_category_name_ja": "成約価格情報",
        "prefecture_name_ja": "東京都",
        "city_code": "13202",
        "city_name_ja": "立川市",
        "district_code": "132020140",
        "district_name_ja": "富士見町",
        "use_category_name_ja": "",
        "u_transaction_price_total_ja": "670万円",
        "u_transaction_price_unit_price_square_meter_ja": "",
        "u_unit_price_per_tsubo_ja": "",
        "u_area_ja": "55㎡",
        "land_shape_name_ja": "",
        "u_land_frontage_ja": "",
        "building_use_name_ja": "",
        "building_structure_name_ja": "ＲＣ",
        "floor_plan_name_ja": "２ＤＫ",
        "u_building_total_floor_area_ja": "",
        "u_construction_year_ja": "1968年",
        "front_road_azimuth_name_ja": "",
        "u_front_road_width_ja": "",
        "front_road_type_name_ja": "",
        "land_use_name_ja": "第１種中高層住居専用地域",
        "u_building_coverage_ratio_ja": "",
        "u_floor_area_ratio_ja": "",
        "remark_name_ja": "",
        "future_use_purpose_name_ja": "",
        "remark_renovation_name_ja": ""
      }
    },
    {
      "type": "Feature",
      "geometry": {
        "type": "Point",
        "coordinates": [
          139.4137465953827,
          35.69791759433913
        ]
      },
      "properties": {
        "point_in_time_name_ja": "2025年第1四半期",
        "land_type_name_ja": "中古マンション等",
        "price_information_category_name_ja": "成約価格情報",
        "prefecture_name_ja": "東京都",
        "city_code": "13202",
        "city_name_ja": "立川市",
        "district_code": "132020010",
        "district_name_ja": "曙町",
        "use_category_name_ja": "",
        "u_transaction_price_total_ja": "700万円",
        "u_transaction_price_unit_price_square_meter_ja": "",
        "u_unit_price_per_tsubo_ja": "",
        "u_area_ja": "35㎡",
        "land_shape_name_ja": "",
        "u_land_frontage_ja": "",
        "building_use_name_ja": "",
        "building_structure_name_ja": "",
        "floor_plan_name_ja": "２Ｋ",
        "u_building_total_floor_area_ja": "",
        "u_construction_year_ja": "1974年",
        "front_road_azimuth_name_ja": "",
        "u_front_road_width_ja": "",
        "front_road_type_name_ja": "",
        "land_use_name_ja": "",
        "u_building_coverage_ratio_ja": "",
        "u_floor_area_ratio_ja": "",
        "remark_name_ja": "",
        "future_use_purpose_name_ja": "",
        "remark_renovation_name_ja": ""
      }
    },
    {
      "type": "Feature",
      "geometry": {
        "type": "Point",
        "coordinates": [
          139.4137465953827,
          35.69791759433913
        ]
      },
      "properties": {
        "point_in_time_name_ja": "2025年第1四半期",
        "land_type_name_ja": "中古マンション等",
        "price_information_category_name_ja": "成約価格情報",
        "prefecture_name_ja": "東京都",
        "city_code": "13202",
        "city_name_ja": "立川市",
        "district_code": "132020010",
        "district_name_ja": "曙町",
        "use_category_name_ja": "",
        "u_transaction_price_total_ja": "12,000万円",
        "u_transaction_price_unit_price_square_meter_ja": "",
        "u_unit_price_per_tsubo_ja": "",
        "u_area_ja": "75㎡",
        "land_shape_name_ja": "",
        "u_land_frontage_ja": "",
        "building_use_name_ja": "",
        "building_structure_name_ja": "ＲＣ",
        "floor_plan_name_ja": "３ＬＤＫ",
        "u_building_total_floor_area_ja": "",
        "u_construction_year_ja": "2016年",
        "front_road_azimuth_name_ja": "",
        "u_front_road_width_ja": "",
        "front_road_type_name_ja": "",
        "land_use_name_ja": "商業地域",
        "u_building_coverage_ratio_ja": "",
        "u_floor_area_ratio_ja": "",
        "remark_name_ja": "",
        "future_use_purpose_name_ja": "",
        "remark_renovation_name_ja": ""
      }
    },
    {
      "type": "Feature",
      "geometry": {
        "type": "Point",
        "coordinates": [
          139.4137465953827,
          35.69791759433913
        ]
      },
      "properties": {
        "point_in_time_name_ja": "2025年第1四半期",
        "land_type_name_ja": "中古マンション等",
        "price_information_category_name_ja": "成約価格情報",
        "prefecture_name_ja": "東京都",
        "city_code": "13202",
        "city_name_ja": "立川市",
        "district_code": "132020010",
        "district_name_ja": "曙町",
        "use_category_name_ja": "",
        "u_transaction_price_total_ja": "4,200万円",
        "u_transaction_price_unit_price_square_meter_ja": "",
        "u_unit_price_per_tsubo_ja": "",
        "u_area_ja": "75㎡",
        "land_shape_name_ja": "",
        "u_land_frontage_ja": "",
        "building_use_name_ja": "",
        "building_structure_name_ja": "ＲＣ",
        "floor_plan_name_ja": "３ＬＤＫ",
        "u_building_total_floor_area_ja": "",
        "u_construction_year_ja": "2008年",
        "front_road_azimuth_name_ja": "",
        "u_front_road_width_ja": "",
        "front_road_type_name_ja": "",
        "land_use_name_ja": "第１種住居地域",
        "u_building_coverage_ratio_ja": "",
        "u_floor_area_ratio_ja": "",
        "remark_name_ja": "",
        "future_use_purpose_name_ja": "",
        "remark_renovation_name_ja": ""
      }
    },
    {
      "type": "Feature",
      "geometry": {
        "type": "Point",
        "coordinates": [
          139.4137465953827,
          35.69791759433913
        ]
      },
      "properties": {
        "point_in_time_name_ja": "2025年第1四半期",
        "land_type_name_ja": "中古マンション等",
        "price_information_category_name_ja": "成約価格情報",
        "prefecture_name_ja": "東京都",
        "city_code": "13202",
        "city_name_ja": "立川市",
        "district_code": "132020010",
        "district_name_ja": "曙町",
        "use_category_name_ja": "",
        "u_transaction_price_total_ja": "7,000万円",
        "u_transaction_price_unit_price_square_meter_ja": "",
        "u_unit_price_per_tsubo_ja": "",
        "u_area_ja": "75㎡",
        "land_shape_name_ja": "",
        "u_land_frontage_ja": "",
        "building_use_name_ja": "",
        "building_structure_name_ja": "ＲＣ",
        "floor_plan_name_ja": "３ＬＤＫ",
        "u_building_total_floor_area_ja": "",
        "u_construction_year_ja": "2018年",
        "front_road_azimuth_name_ja": "",
        "u_front_road_width_ja": "",
        "front_road_type_name_ja": "",
        "land_use_name_ja": "準工業地域",
        "u_building_coverage_ratio_ja": "",
        "u_floor_area_ratio_ja": "",
        "remark_name_ja": "",
        "future_use_purpose_name_ja": "",
        "remark_renovation_name_ja": ""
      }
    },
    {
      "type": "Feature",
      "geometry": {
        "type": "Point",
        "coordinates": [
          139.4137465953827,
          35.69791759433913
        ]
      },
      "properties": {
        "point_in_time_name_ja": "2025年第1四半期",
        "land_type_name_ja": "中古マンション等",
        "price_information_category_name_ja": "成約価格情報",
        "prefecture_name_ja": "東京都",
        "city_code": "13202",
        "city_name_ja": "立川市",
        "district_code": "132020010",
        "district_name_ja": "曙町",
        "use_category_name_ja": "",
        "u_transaction_price_total_ja": "11,000万円",
        "u_transaction_price_unit_price_square_meter_ja": "",
        "u_unit_price_per_tsubo_ja": "",
        "u_area_ja": "75㎡",
        "land_shape_name_ja": "",
        "u_land_frontage_ja": "",
        "building_use_name_ja": "",
        "building_structure_name_ja": "ＲＣ",
        "floor_plan_name_ja": "３ＬＤＫ",
        "u_building_total_floor_area_ja": "",
        "u_construction_year_ja": "2016年",
        "front_road_azimuth_name_ja": "",
        "u_front_road_width_ja": "",
        "front_road_type_name_ja": "",
        "land_use_name_ja": "商業地域",
        "u_building_coverage_ratio_ja": "",
        "u_floor_area_ratio_ja": "",
        "remark_name_ja": "",
        "future_use_purpose_name_ja": "",
        "remark_renovation_name_ja": ""
      }
    },
    {
      "type": "Feature",
      "geometry": {
        "type": "Point",
        "coordinates": [
          139.4137465953827,
          35.69791759433913
        ]
      },
      "properties": {
        "point_in_time_name_ja": "2025年第1四半期",
        "land_type_name_ja": "中古マンション等",
        "price_information_category_name_ja": "成約価格情報",
        "prefecture_name_ja": "東京都",
        "city_code": "13202",
        "city_name_ja": "立川市",
        "district_code": "132020010",
        "district_name_ja": "曙町",
        "use_category_name_ja": "",
        "u_transaction_price_total_ja": "6,400万円",
        "u_transaction_price_unit_price_square_meter_ja": "",
        "u_unit_price_per_tsubo_ja": "",
        "u_area_ja": "80㎡",
        "land_shape_name_ja": "",
        "u_land_frontage_ja": "",
        "building_use_name_ja": "",
        "building_structure_name_ja": "ＲＣ",
        "floor_plan_name_ja": "３ＬＤＫ",
        "u_building_total_floor_area_ja": "",
        "u_construction_year_ja": "2003年",
        "front_road_azimuth_name_ja": "",
        "u_front_road_width_ja": "",
        "front_road_type_name_ja": "",
        "land_use_name_ja": "商業地域",
        "u_building_coverage_ratio_ja": "",
        "u_floor_area_ratio_ja": "",
        "remark_name_ja": "",
        "future_use_purpose_name_ja": "",
        "remark_renovation_name_ja": ""
      }
    },
    {
      "type": "Feature",
      "geometry": {
        "type": "Point",
        "coordinates": [
          139.4137465953827,
          35.69791759433913
        ]
      },
      "properties": {
        "point_in_time_name_ja": "2025年第1四半期",
        "land_type_name_ja": "中古マンション等",
        "price_information_category_name_ja": "成約価格情報",
        "prefecture_name_ja": "東京都",
        "city_code": "13202",
        "city_name_ja": "立川市",
        "district_code": "132020010",
        "district_name_ja": "曙町",
        "use_category_name_ja": "",
        "u_transaction_price_total_ja": "6,500万円",
        "u_transaction_price_unit_price_square_meter_ja": "",
        "u_unit_price_per_tsubo_ja": "",
        "u_area_ja": "75㎡",
        "land_shape_name_ja": "",
        "u_land_frontage_ja": "",
        "building_use_name_ja": "",
        "building_structure_name_ja": "ＲＣ",
        "floor_plan_name_ja": "３ＬＤＫ",
        "u_building_total_floor_area_ja": "",
        "u_construction_year_ja": "2018年",
        "front_road_azimuth_name_ja": "",
        "u_front_road_width_ja": "",
        "front_road_type_name_ja": "",
        "land_use_name_ja": "準工業地域",
        "u_building_coverage_ratio_ja": "",
        "u_floor_area_ratio_ja": "",
        "remark_name_ja": "",
        "future_use_purpose_name_ja": "",
        "remark_renovation_name_ja": ""
      }
    },
    {
      "type": "Feature",
      "geometry": {
        "type": "Point",
        "coordinates": [
          139.4137465953827,
          35.69791759433913
        ]
      },
      "properties": {
        "point_in_time_name_ja": "2025年第1四半期",
        "land_type_name_ja": "中古マンション等",
        "price_information_category_name_ja": "成約価格情報",
        "prefecture_name_ja": "東京都",
        "city_code": "13202",
        "city_name_ja": "立川市",
        "district_code": "132020010",
        "district_name_ja": "曙町",
        "use_category_name_ja": "",
        "u_transaction_price_total_ja": "6,000万円",
        "u_transaction_price_unit_price_square_meter_ja": "",
        "u_unit_price_per_tsubo_ja": "",
        "u_area_ja": "75㎡",
        "land_shape_name_ja": "",
        "u_land_frontage_ja": "",
        "building_use_name_ja": "",
        "building_structure_name_ja": "ＲＣ",
        "floor_plan_name_ja": "３ＬＤＫ",
        "u_building_total_floor_area_ja": "",
        "u_construction_year_ja": "2003年",
        "front_road_azimuth_name_ja": "",
        "u_front_road_width_ja": "",
        "front_road_type_name_ja": "",
        "land_use_name_ja": "商業地域",
        "u_building_coverage_ratio_ja": "",
        "u_floor_area_ratio_ja": "",
        "remark_name_ja": "",
        "future_use_purpose_name_ja": "",
        "remark_renovation_name_ja": ""
      }
    },
    {
      "type": "Feature",
      "geometry": {
        "type": "Point",
        "coordinates": [
          139.4137465953827,
          35.69791759433913
        ]
      },
      "properties": {
        "point_in_time_name_ja": "2025年第1四半期",
        "land_type_name_ja": "中古マンション等",
        "price_information_category_name_ja": "成約価格情報",
        "prefecture_name_ja": "東京都",
        "city_code": "13202",
        "city_name_ja": "立川市",
        "district_code": "132020010",
        "district_name_ja": "曙町",
        "use_category_name_ja": "",
        "u_transaction_price_total_ja": "3,300万円",
        "u_transaction_price_unit_price_square_meter_ja": "",
        "u_unit_price_per_tsubo_ja": "",
        "u_area_ja": "55㎡",
        "land_shape_name_ja": "",
        "u_land_frontage_ja": "",
        "building_use_name_ja": "",
        "building_structure_name_ja": "ＲＣ",
        "floor_plan_name_ja": "２ＬＤＫ",
        "u_building_total_floor_area_ja": "",
        "u_construction_year_ja": "2012年",
        "front_road_azimuth_name_ja": "",
        "u_front_road_width_ja": "",
        "front_road_type_name_ja": "",
        "land_use_name_ja": "商業地域",
        "u_building_coverage_ratio_ja": "",
        "u_floor_area_ratio_ja": "",
        "remark_name_ja": "",
        "future_use_purpose_name_ja": "",
        "remark_renovation_name_ja": ""
      }
    },
    {
      "type": "Feature",
      "geometry": {
        "type": "Point",
        "coordinates": [
          139.4137465953827,
          35.69791759433913
        ]
      },
      "properties": {
        "point_in_time_name_ja": "2025年第1四半期",
        "land_type_name_ja": "中古マンション等",
        "price_information_category_name_ja": "成約価格情報",
        "prefecture_name_ja": "東京都",
        "city_code": "13202",
        "city_name_ja": "立川市",
        "district_code": "132020110",
        "district_name_ja": "錦町",
        "use_category_name_ja": "",
        "u_transaction_price_total_ja": "4,800万円",
        "u_transaction_price_unit_price_square_meter_ja": "",
        "u_unit_price_per_tsubo_ja": "",
        "u_area_ja": "60㎡",
        "land_shape_name_ja": "",
        "u_land_frontage_ja": "",
        "building_use_name_ja": "",
        "building_structure_name_ja": "ＲＣ",
        "floor_plan_name_ja": "２ＬＤＫ",
        "u_building_total_floor_area_ja": "",
        "u_construction_year_ja": "2011年",
        "front_road_azimuth_name_ja": "",
        "u_front_road_width_ja": "",
        "front_road_type_name_ja": "",
        "land_use_name_ja": "商業地域",
        "u_building_coverage_ratio_ja": "",
        "u_floor_area_ratio_ja": "",
        "remark_name_ja": "",
        "future_use_purpose_name_ja": "",
        "remark_renovation_name_ja": ""
      }
    },
    {
      "type": "Feature",
      "geometry": {
        "type": "Point",
        "coordinates": [
          139.4137465953827,
          35.69791759433913
        ]
      },
      "properties": {
        "point_in_time_name_ja": "2025年第1四半期",
        "land_type_name_ja": "中古マンション等",
        "price_information_category_name_ja": "成約価格情報",
        "prefecture_name_ja": "東京都",
        "city_code": "13202",
        "city_name_ja": "立川市",
        "district_code": "132020110",
        "district_name_ja": "錦町",
        "use_category_name_ja": "",
        "u_transaction_price_total_ja": "5,200万円",
        "u_transaction_price_unit_price_square_meter_ja": "",
        "u_unit_price_per_tsubo_ja": "",
        "u_area_ja": "70㎡",
        "land_shape_name_ja": "",
        "u_land_frontage_ja": "",
        "building_use_name_ja": "",
        "building_structure_name_ja": "ＳＲＣ",
        "floor_plan_name_ja": "３ＬＤＫ",
        "u_building_total_floor_area_ja": "",
        "u_construction_year_ja": "1995年",
        "front_road_azimuth_name_ja": "",
        "u_front_road_width_ja": "",
        "front_road_type_name_ja": "",
        "land_use_name_ja": "近隣商業地域",
        "u_building_coverage_ratio_ja": "",
        "u_floor_area_ratio_ja": "",
        "remark_name_ja": "",
        "future_use_purpose_name_ja": "",
        "remark_renovation_name_ja": ""
      }
    },
    {
      "type": "Feature",
      "geometry": {
        "type": "Point",
        "coordinates": [
          139.4137465953827,
          35.69791759433913
        ]
      },
      "properties": {
        "point_in_time_name_ja": "2025年第1四半期",
        "land_type_name_ja": "中古マンション等",
        "price_information_category_name_ja": "成約価格情報",
        "prefecture_name_ja": "東京都",
        "city_code": "13202",
        "city_name_ja": "立川市",
        "district_code": "132020110",
        "district_name_ja": "錦町",
        "use_category_name_ja": "",
        "u_transaction_price_total_ja": "3,300万円",
        "u_transaction_price_unit_price_square_meter_ja": "",
        "u_unit_price_per_tsubo_ja": "",
        "u_area_ja": "45㎡",
        "land_shape_name_ja": "",
        "u_land_frontage_ja": "",
        "building_use_name_ja": "",
        "building_structure_name_ja": "ＲＣ",
        "floor_plan_name_ja": "１ＬＤＫ",
        "u_building_total_floor_area_ja": "",
        "u_construction_year_ja": "2011年",
        "front_road_azimuth_name_ja": "",
        "u_front_road_width_ja": "",
        "front_road_type_name_ja": "",
        "land_use_name_ja": "商業地域",
        "u_building_coverage_ratio_ja": "",
        "u_floor_area_ratio_ja": "",
        "remark_name_ja": "",
        "future_use_purpose_name_ja": "",
        "remark_renovation_name_ja": ""
      }
    },
    {
      "type": "Feature",
      "geometry": {
        "type": "Point",
        "coordinates": [
          139.4137465953827,
          35.69791759433913
        ]
      },
      "properties": {
        "point_in_time_name_ja": "2025年第1四半期",
        "land_type_name_ja": "中古マンション等",
        "price_information_category_name_ja": "成約価格情報",
        "prefecture_name_ja": "東京都",
        "city_code": "13202",
        "city_name_ja": "立川市",
        "district_code": "132020110",
        "district_name_ja": "錦町",
        "use_category_name_ja": "",
        "u_transaction_price_total_ja": "900万円",
        "u_transaction_price_unit_price_square_meter_ja": "",
        "u_unit_price_per_tsubo_ja": "",
        "u_area_ja": "35㎡",
        "land_shape_name_ja": "",
        "u_land_frontage_ja": "",
        "building_use_name_ja": "",
        "building_structure_name_ja": "ＲＣ",
        "floor_plan_name_ja": "２Ｋ",
        "u_building_total_floor_area_ja": "",
        "u_construction_year_ja": "1972年",
        "front_road_azimuth_name_ja": "",
        "u_front_road_width_ja": "",
        "front_road_type_name_ja": "",
        "land_use_name_ja": "準工業地域",
        "u_building_coverage_ratio_ja": "",
        "u_floor_area_ratio_ja": "",
        "remark_name_ja": "",
        "future_use_purpose_name_ja": "",
        "remark_renovation_name_ja": ""
      }
    },
    {
      "type": "Feature",
      "geometry": {
        "type": "Point",
        "coordinates": [
          139.4137465953827,
          35.69791759433913
        ]
      },
      "properties": {
        "point_in_time_name_ja": "2025年第1四半期",
        "land_type_name_ja": "中古マンション等",
        "price_information_category_name_ja": "成約価格情報",
        "prefecture_name_ja": "東京都",
        "city_code": "13202",
        "city_name_ja": "立川市",
        "district_code": "132020110",
        "district_name_ja": "錦町",
        "use_category_name_ja": "",
        "u_transaction_price_total_ja": "4,500万円",
        "u_transaction_price_unit_price_square_meter_ja": "",
        "u_unit_price_per_tsubo_ja": "",
        "u_area_ja": "70㎡",
        "land_shape_name_ja": "",
        "u_land_frontage_ja": "",
        "building_use_name_ja": "",
        "building_structure_name_ja": "ＲＣ",
        "floor_plan_name_ja": "３ＬＤＫ",
        "u_building_total_floor_area_ja": "",
        "u_construction_year_ja": "2004年",
        "front_road_azimuth_name_ja": "",
        "u_front_road_width_ja": "",
        "front_road_type_name_ja": "",
        "land_use_name_ja": "準工業地域",
        "u_building_coverage_ratio_ja": "",
        "u_floor_area_ratio_ja": "",
        "remark_name_ja": "",
        "future_use_purpose_name_ja": "",
        "remark_renovation_name_ja": ""
      }
    },
    {
      "type": "Feature",
      "geometry": {
        "type": "Point",
        "coordinates": [
          139.4137465953827,
          35.69791759433913
        ]
      },
      "properties": {
        "point_in_time_name_ja": "2025年第1四半期",
        "land_type_name_ja": "中古マンション等",
        "price_information_category_name_ja": "成約価格情報",
        "prefecture_name_ja": "東京都",
        "city_code": "13202",
        "city_name_ja": "立川市",
        "district_code": "132020110",
        "district_name_ja": "錦町",
        "use_category_name_ja": "",
        "u_transaction_price_total_ja": "2,300万円",
        "u_transaction_price_unit_price_square_meter_ja": "",
        "u_unit_price_per_tsubo_ja": "",
        "u_area_ja": "60㎡",
        "land_shape_name_ja": "",
        "u_land_frontage_ja": "",
        "building_use_name_ja": "",
        "building_structure_name_ja": "ＳＲＣ",
        "floor_plan_name_ja": "２ＬＤＫ",
        "u_building_total_floor_area_ja": "",
        "u_construction_year_ja": "1983年",
        "front_road_azimuth_name_ja": "",
        "u_front_road_width_ja": "",
        "front_road_type_name_ja": "",
        "land_use_name_ja": "商業地域",
        "u_building_coverage_ratio_ja": "",
        "u_floor_area_ratio_ja": "",
        "remark_name_ja": "",
        "future_use_purpose_name_ja": "",
        "remark_renovation_name_ja": ""
      }
    },
    {
      "type": "Feature",
      "geometry": {
        "type": "Point",
        "coordinates": [
          139.4137465953827,
          35.69791759433913
        ]
      },
      "properties": {
        "point_in_time_name_ja": "2025年第2四半期",
        "land_type_name_ja": "中古マンション等",
        "price_information_category_name_ja": "成約価格情報",
        "prefecture_name_ja": "東京都",
        "city_code": "13202",
        "city_name_ja": "立川市",
        "district_code": "132020010",
        "district_name_ja": "曙町",
        "use_category_name_ja": "",
        "u_transaction_price_total_ja": "6,000万円",
        "u_transaction_price_unit_price_square_meter_ja": "",
        "u_unit_price_per_tsubo_ja": "",
        "u_area_ja": "55㎡",
        "land_shape_name_ja": "",
        "u_land_frontage_ja": "",
        "building_use_name_ja": "",
        "building_structure_name_ja": "ＲＣ",
        "floor_plan_name_ja": "２ＬＤＫ",
        "u_building_total_floor_area_ja": "",
        "u_construction_year_ja": "2024年",
        "front_road_azimuth_name_ja": "",
        "u_front_road_width_ja": "",
        "front_road_type_name_ja": "",
        "land_use_name_ja": "商業地域",
        "u_building_coverage_ratio_ja": "",
        "u_floor_area_ratio_ja": "",
        "remark_name_ja": "",
        "future_use_purpose_name_ja": "",
        "remark_renovation_name_ja": ""
      }
    },
    {
      "type": "Feature",
      "geometry": {
        "type": "Point",
        "coordinates": [
          139.4137465953827,
          35.69791759433913
        ]
      },
      "properties": {
        "point_in_time_name_ja": "2025年第2四半期",
        "land_type_name_ja": "中古マンション等",
        "price_information_category_name_ja": "成約価格情報",
        "prefecture_name_ja": "東京都",
        "city_code": "13202",
        "city_name_ja": "立川市",
        "district_code": "132020010",
        "district_name_ja": "曙町",
        "use_category_name_ja": "",
        "u_transaction_price_total_ja": "4,400万円",
        "u_transaction_price_unit_price_square_meter_ja": "",
        "u_unit_price_per_tsubo_ja": "",
        "u_area_ja": "40㎡",
        "land_shape_name_ja": "",
        "u_land_frontage_ja": "",
        "building_use_name_ja": "",
        "building_structure_name_ja": "ＲＣ",
        "floor_plan_name_ja": "１ＬＤＫ",
        "u_building_total_floor_area_ja": "",
        "u_construction_year_ja": "2023年",
        "front_road_azimuth_name_ja": "",
        "u_front_road_width_ja": "",
        "front_road_type_name_ja": "",
        "land_use_name_ja": "商業地域",
        "u_building_coverage_ratio_ja": "",
        "u_floor_area_ratio_ja": "",
        "remark_name_ja": "",
        "future_use_purpose_name_ja": "",
        "remark_renovation_name_ja": ""
      }
    },
    {
      "type": "Feature",
      "geometry": {
        "type": "Point",
        "coordinates": [
          139.4137465953827,
          35.69791759433913
        ]
      },
      "properties": {
        "point_in_time_name_ja": "2025年第2四半期",
        "land_type_name_ja": "中古マンション等",
        "price_information_category_name_ja": "成約価格情報",
        "prefecture_name_ja": "東京都",
        "city_code": "13202",
        "city_name_ja": "立川市",
        "district_code": "132020010",
        "district_name_ja": "曙町",
        "use_category_name_ja": "",
        "u_transaction_price_total_ja": "13,000万円",
        "u_transaction_price_unit_price_square_meter_ja": "",
        "u_unit_price_per_tsubo_ja": "",
        "u_area_ja": "75㎡",
        "land_shape_name_ja": "",
        "u_land_frontage_ja": "",
        "building_use_name_ja": "",
        "building_structure_name_ja": "ＲＣ",
        "floor_plan_name_ja": "３ＬＤＫ",
        "u_building_total_floor_area_ja": "",
        "u_construction_year_ja": "2016年",
        "front_road_azimuth_name_ja": "",
        "u_front_road_width_ja": "",
        "front_road_type_name_ja": "",
        "land_use_name_ja": "商業地域",
        "u_building_coverage_ratio_ja": "",
        "u_floor_area_ratio_ja": "",
        "remark_name_ja": "",
        "future_use_purpose_name_ja": "",
        "remark_renovation_name_ja": ""
      }
    },
    {
      "type": "Feature",
      "geometry": {
        "type": "Point",
        "coordinates": [
          139.4137465953827,
          35.69791759433913
        ]
      },
      "properties": {
        "point_in_time_name_ja": "2025年第2四半期",
        "land_type_name_ja": "中古マンション等",
        "price_information_category_name_ja": "成約価格情報",
        "prefecture_name_ja": "東京都",
        "city_code": "13202",
        "city_name_ja": "立川市",
        "district_code": "132020110",
        "district_name_ja": "錦町",
        "use_category_name_ja": "",
        "u_transaction_price_total_ja": "1,100万円",
        "u_transaction_price_unit_price_square_meter_ja": "",
        "u_unit_price_per_tsubo_ja": "",
        "u_area_ja": "35㎡",
        "land_shape_name_ja": "",
        "u_land_frontage_ja": "",
        "building_use_name_ja": "",
        "building_structure_name_ja": "ＳＲＣ",
        "floor_plan_name_ja": "１ＤＫ",
        "u_building_total_floor_area_ja": "",
        "u_construction_year_ja": "1972年",
        "front_road_azimuth_name_ja": "",
        "u_front_road_width_ja": "",
        "front_road_type_name_ja": "",
        "land_use_name_ja": "準工業地域",
        "u_building_coverage_ratio_ja": "",
        "u_floor_area_ratio_ja": "",
        "remark_name_ja": "",
        "future_use_purpose_name_ja": "",
        "remark_renovation_name_ja": ""
      }
    },
    {
      "type": "Feature",
      "geometry": {
        "type": "Point",
        "coordinates": [
          139.4137465953827,
          35.69791759433913
        ]
      },
      "properties": {
        "point_in_time_name_ja": "2025年第2四半期",
        "land_type_name_ja": "中古マンション等",
        "price_information_category_name_ja": "成約価格情報",
        "prefecture_name_ja": "東京都",
        "city_code": "13202",
        "city_name_ja": "立川市",
        "district_code": "132020110",
        "district_name_ja": "錦町",
        "use_category_name_ja": "",
        "u_transaction_price_total_ja": "2,900万円",
        "u_transaction_price_unit_price_square_meter_ja": "",
        "u_unit_price_per_tsubo_ja": "",
        "u_area_ja": "75㎡",
        "land_shape_name_ja": "",
        "u_land_frontage_ja": "",
        "building_use_name_ja": "",
        "building_structure_name_ja": "ＲＣ",
        "floor_plan_name_ja": "３ＬＤＫ",
        "u_building_total_floor_area_ja": "",
        "u_construction_year_ja": "1978年",
        "front_road_azimuth_name_ja": "",
        "u_front_road_width_ja": "",
        "front_road_type_name_ja": "",
        "land_use_name_ja": "近隣商業地域",
        "u_building_coverage_ratio_ja": "",
        "u_floor_area_ratio_ja": "",
        "remark_name_ja": "",
        "future_use_purpose_name_ja": "",
        "remark_renovation_name_ja": ""
      }
    },
    {
      "type": "Feature",
      "geometry": {
        "type": "Point",
        "coordinates": [
          139.4137465953827,
          35.69791759433913
        ]
      },
      "properties": {
        "point_in_time_name_ja": "2025年第2四半期",
        "land_type_name_ja": "中古マンション等",
        "price_information_category_name_ja": "成約価格情報",
        "prefecture_name_ja": "東京都",
        "city_code": "13202",
        "city_name_ja": "立川市",
        "district_code": "132020110",
        "district_name_ja": "錦町",
        "use_category_name_ja": "",
        "u_transaction_price_total_ja": "3,600万円",
        "u_transaction_price_unit_price_square_meter_ja": "",
        "u_unit_price_per_tsubo_ja": "",
        "u_area_ja": "35㎡",
        "land_shape_name_ja": "",
        "u_land_frontage_ja": "",
        "building_use_name_ja": "",
        "building_structure_name_ja": "ＲＣ",
        "floor_plan_name_ja": "１ＬＤＫ",
        "u_building_total_floor_area_ja": "",
        "u_construction_year_ja": "2019年",
        "front_road_azimuth_name_ja": "",
        "u_front_road_width_ja": "",
        "front_road_type_name_ja": "",
        "land_use_name_ja": "商業地域",
        "u_building_coverage_ratio_ja": "",
        "u_floor_area_ratio_ja": "",
        "remark_name_ja": "",
        "future_use_purpose_name_ja": "",
        "remark_renovation_name_ja": ""
      }
    },
    {
      "type": "Feature",
      "geometry": {
        "type": "Point",
        "coordinates": [
          139.4137465953827,
          35.69791759433913
        ]
      },
      "properties": {
        "point_in_time_name_ja": "2025年第2四半期",
        "land_type_name_ja": "中古マンション等",
        "price_information_category_name_ja": "成約価格情報",
        "prefecture_name_ja": "東京都",
        "city_code": "13202",
        "city_name_ja": "立川市",
        "district_code": "132020110",
        "district_name_ja": "錦町",
        "use_category_name_ja": "",
        "u_transaction_price_total_ja": "2,300万円",
        "u_transaction_price_unit_price_square_meter_ja": "",
        "u_unit_price_per_tsubo_ja": "",
        "u_area_ja": "20㎡",
        "land_shape_name_ja": "",
        "u_land_frontage_ja": "",
        "building_use_name_ja": "",
        "building_structure_name_ja": "ＲＣ",
        "floor_plan_name_ja": "１Ｋ",
        "u_building_total_floor_area_ja": "",
        "u_construction_year_ja": "2016年",
        "front_road_azimuth_name_ja": "",
        "u_front_road_width_ja": "",
        "front_road_type_name_ja": "",
        "land_use_name_ja": "商業地域",
        "u_building_coverage_ratio_ja": "",
        "u_floor_area_ratio_ja": "",
        "remark_name_ja": "",
        "future_use_purpose_name_ja": "",
        "remark_renovation_name_ja": ""
      }
    },
    {
      "type": "Feature",
      "geometry": {
        "type": "Point",
        "coordinates": [
          139.4137465953827,
          35.69791759433913
        ]
      },
      "properties": {
        "point_in_time_name_ja": "2025年第2四半期",
        "land_type_name_ja": "中古マンション等",
        "price_information_category_name_ja": "成約価格情報",
        "prefecture_name_ja": "東京都",
        "city_code": "13202",
        "city_name_ja": "立川市",
        "district_code": "132020110",
        "district_name_ja": "錦町",
        "use_category_name_ja": "",
        "u_transaction_price_total_ja": "1,700万円",
        "u_transaction_price_unit_price_square_meter_ja": "",
        "u_unit_price_per_tsubo_ja": "",
        "u_area_ja": "25㎡",
        "land_shape_name_ja": "",
        "u_land_frontage_ja": "",
        "building_use_name_ja": "",
        "building_structure_name_ja": "ＲＣ",
        "floor_plan_name_ja": "１Ｒ",
        "u_building_total_floor_area_ja": "",
        "u_construction_year_ja": "2013年",
        "front_road_azimuth_name_ja": "",
        "u_front_road_width_ja": "",
        "front_road_type_name_ja": "",
        "land_use_name_ja": "商業地域",
        "u_building_coverage_ratio_ja": "",
        "u_floor_area_ratio_ja": "",
        "remark_name_ja": "",
        "future_use_purpose_name_ja": "",
        "remark_renovation_name_ja": ""
      }
    },
    {
      "type": "Feature",
      "geometry": {
        "type": "Point",
        "coordinates": [
          139.4137465953827,
          35.69791759433913
        ]
      },
      "properties": {
        "point_in_time_name_ja": "2025年第2四半期",
        "land_type_name_ja": "中古マンション等",
        "price_information_category_name_ja": "成約価格情報",
        "prefecture_name_ja": "東京都",
        "city_code": "13202",
        "city_name_ja": "立川市",
        "district_code": "132020110",
        "district_name_ja": "錦町",
        "use_category_name_ja": "",
        "u_transaction_price_total_ja": "1,700万円",
        "u_transaction_price_unit_price_square_meter_ja": "",
        "u_unit_price_per_tsubo_ja": "",
        "u_area_ja": "25㎡",
        "land_shape_name_ja": "",
        "u_land_frontage_ja": "",
        "building_use_name_ja": "",
        "building_structure_name_ja": "ＲＣ",
        "floor_plan_name_ja": "１Ｒ",
        "u_building_total_floor_area_ja": "",
        "u_construction_year_ja": "2013年",
        "front_road_azimuth_name_ja": "",
        "u_front_road_width_ja": "",
        "front_road_type_name_ja": "",
        "land_use_name_ja": "商業地域",
        "u_building_coverage_ratio_ja": "",
        "u_floor_area_ratio_ja": "",
        "remark_name_ja": "",
        "future_use_purpose_name_ja": "",
        "remark_renovation_name_ja": ""
      }
    },
    {
      "type": "Feature",
      "geometry": {
        "type": "Point",
        "coordinates": [
          139.4137465953827,
          35.69791759433913
        ]
      },
      "properties": {
        "point_in_time_name_ja": "2025年第2四半期",
        "land_type_name_ja": "中古マンション等",
        "price_information_category_name_ja": "成約価格情報",
        "prefecture_name_ja": "東京都",
        "city_code": "13202",
        "city_name_ja": "立川市",
        "district_code": "132020110",
        "district_name_ja": "錦町",
        "use_category_name_ja": "",
        "u_transaction_price_total_ja": "4,600万円",
        "u_transaction_price_unit_price_square_meter_ja": "",
        "u_unit_price_per_tsubo_ja": "",
        "u_area_ja": "75㎡",
        "land_shape_name_ja": "",
        "u_land_frontage_ja": "",
        "building_use_name_ja": "",
        "building_structure_name_ja": "ＲＣ",
        "floor_plan_name_ja": "３ＬＤＫ",
        "u_building_total_floor_area_ja": "",
        "u_construction_year_ja": "2015年",
        "front_road_azimuth_name_ja": "",
        "u_front_road_width_ja": "",
        "front_road_type_name_ja": "",
        "land_use_name_ja": "準工業地域",
        "u_building_coverage_ratio_ja": "",
        "u_floor_area_ratio_ja": "",
        "remark_name_ja": "",
        "future_use_purpose_name_ja": "",
        "remark_renovation_name_ja": ""
      }
    },
    {
      "type": "Feature",
      "geometry": {
        "type": "Point",
        "coordinates": [
          139.4137465953827,
          35.69791759433913
        ]
      },
      "properties": {
        "point_in_time_name_ja": "2025年第2四半期",
        "land_type_name_ja": "中古マンション等",
        "price_information_category_name_ja": "成約価格情報",
        "prefecture_name_ja": "東京都",
        "city_code": "13202",
        "city_name_ja": "立川市",
        "district_code": "132020110",
        "district_name_ja": "錦町",
        "use_category_name_ja": "",
        "u_transaction_price_total_ja": "8,300万円",
        "u_transaction_price_unit_price_square_meter_ja": "",
        "u_unit_price_per_tsubo_ja": "",
        "u_area_ja": "80㎡",
        "land_shape_name_ja": "",
        "u_land_frontage_ja": "",
        "building_use_name_ja": "",
        "building_structure_name_ja": "ＲＣ",
        "floor_plan_name_ja": "３ＬＤＫ",
        "u_building_total_floor_area_ja": "",
        "u_construction_year_ja": "2018年",
        "front_road_azimuth_name_ja": "",
        "u_front_road_width_ja": "",
        "front_road_type_name_ja": "",
        "land_use_name_ja": "第１種住居地域",
        "u_building_coverage_ratio_ja": "",
        "u_floor_area_ratio_ja": "",
        "remark_name_ja": "",
        "future_use_purpose_name_ja": "",
        "remark_renovation_name_ja": ""
      }
    },
    {
      "type": "Feature",
      "geometry": {
        "type": "Point",
        "coordinates": [
          139.4137465953827,
          35.69791759433913
        ]
      },
      "properties": {
        "point_in_time_name_ja": "2025年第2四半期",
        "land_type_name_ja": "中古マンション等",
        "price_information_category_name_ja": "成約価格情報",
        "prefecture_name_ja": "東京都",
        "city_code": "13202",
        "city_name_ja": "立川市",
        "district_code": "132020110",
        "district_name_ja": "錦町",
        "use_category_name_ja": "",
        "u_transaction_price_total_ja": "6,500万円",
        "u_transaction_price_unit_price_square_meter_ja": "",
        "u_unit_price_per_tsubo_ja": "",
        "u_area_ja": "75㎡",
        "land_shape_name_ja": "",
        "u_land_frontage_ja": "",
        "building_use_name_ja": "",
        "building_structure_name_ja": "ＲＣ",
        "floor_plan_name_ja": "３ＬＤＫ",
        "u_building_total_floor_area_ja": "",
        "u_construction_year_ja": "2018年",
        "front_road_azimuth_name_ja": "",
        "u_front_road_width_ja": "",
        "front_road_type_name_ja": "",
        "land_use_name_ja": "商業地域",
        "u_building_coverage_ratio_ja": "",
        "u_floor_area_ratio_ja": "",
        "remark_name_ja": "",
        "future_use_purpose_name_ja": "",
        "remark_renovation_name_ja": ""
      }
    },
    {
      "type": "Feature",
      "geometry": {
        "type": "Point",
        "coordinates": [
          139.4137465953827,
          35.69791759433913
        ]
      },
      "properties": {
        "point_in_time_name_ja": "2025年第2四半期",
        "land_type_name_ja": "中古マンション等",
        "price_information_category_name_ja": "成約価格情報",
        "prefecture_name_ja": "東京都",
        "city_code": "13202",
        "city_name_ja": "立川市",
        "district_code": "132020110",
        "district_name_ja": "錦町",
        "use_category_name_ja": "",
        "u_transaction_price_total_ja": "1,900万円",
        "u_transaction_price_unit_price_square_meter_ja": "",
        "u_unit_price_per_tsubo_ja": "",
        "u_area_ja": "55㎡",
        "land_shape_name_ja": "",
        "u_land_frontage_ja": "",
        "building_use_name_ja": "",
        "building_structure_name_ja": "ＲＣ",
        "floor_plan_name_ja": "１ＬＤＫ＋Ｓ",
        "u_building_total_floor_area_ja": "",
        "u_construction_year_ja": "1974年",
        "front_road_azimuth_name_ja": "",
        "u_front_road_width_ja": "",
        "front_road_type_name_ja": "",
        "land_use_name_ja": "準工業地域",
        "u_building_coverage_ratio_ja": "",
        "u_floor_area_ratio_ja": "",
        "remark_name_ja": "",
        "future_use_purpose_name_ja": "",
        "remark_renovation_name_ja": ""
      }
    },
    {
      "type": "Feature",
      "geometry": {
        "type": "Point",
        "coordinates": [
          139.4137465953827,
          35.69791759433913
        ]
      },
      "properties": {
        "point_in_time_name_ja": "2025年第2四半期",
        "land_type_name_ja": "中古マンション等",
        "price_information_category_name_ja": "成約価格情報",
        "prefecture_name_ja": "東京都",
        "city_code": "13202",
        "city_name_ja": "立川市",
        "district_code": "132020110",
        "district_name_ja": "錦町",
        "use_category_name_ja": "",
        "u_transaction_price_total_ja": "1,900万円",
        "u_transaction_price_unit_price_square_meter_ja": "",
        "u_unit_price_per_tsubo_ja": "",
        "u_area_ja": "55㎡",
        "land_shape_name_ja": "",
        "u_land_frontage_ja": "",
        "building_use_name_ja": "",
        "building_structure_name_ja": "ＲＣ",
        "floor_plan_name_ja": "２ＬＤＫ",
        "u_building_total_floor_area_ja": "",
        "u_construction_year_ja": "1980年",
        "front_road_azimuth_name_ja": "",
        "u_front_road_width_ja": "",
        "front_road_type_name_ja": "",
        "land_use_name_ja": "準工業地域",
        "u_building_coverage_ratio_ja": "",
        "u_floor_area_ratio_ja": "",
        "remark_name_ja": "",
        "future_use_purpose_name_ja": "",
        "remark_renovation_name_ja": ""
      }
    },
    {
      "type": "Feature",
      "geometry": {
        "type": "Point",
        "coordinates": [
          139.4137465953827,
          35.69791759433913
        ]
      },
      "properties": {
        "point_in_time_name_ja": "2025年第2四半期",
        "land_type_name_ja": "中古マンション等",
        "price_information_category_name_ja": "成約価格情報",
        "prefecture_name_ja": "東京都",
        "city_code": "13202",
        "city_name_ja": "立川市",
        "district_code": "132020110",
        "district_name_ja": "錦町",
        "use_category_name_ja": "",
        "u_transaction_price_total_ja": "7,200万円",
        "u_transaction_price_unit_price_square_meter_ja": "",
        "u_unit_price_per_tsubo_ja": "",
        "u_area_ja": "70㎡",
        "land_shape_name_ja": "",
        "u_land_frontage_ja": "",
        "building_use_name_ja": "",
        "building_structure_name_ja": "ＲＣ",
        "floor_plan_name_ja": "３ＬＤＫ",
        "u_building_total_floor_area_ja": "",
        "u_construction_year_ja": "2018年",
        "front_road_azimuth_name_ja": "",
        "u_front_road_width_ja": "",
        "front_road_type_name_ja": "",
        "land_use_name_ja": "第１種住居地域",
        "u_building_coverage_ratio_ja": "",
        "u_floor_area_ratio_ja": "",
        "remark_name_ja": "",
        "future_use_purpose_name_ja": "",
        "remark_renovation_name_ja": ""
      }
    },
    {
      "type": "Feature",
      "geometry": {
        "type": "Point",
        "coordinates": [
          139.4137465953827,
          35.69791759433913
        ]
      },
      "properties": {
        "point_in_time_name_ja": "2025年第2四半期",
        "land_type_name_ja": "中古マンション等",
        "price_information_category_name_ja": "成約価格情報",
        "prefecture_name_ja": "東京都",
        "city_code": "13202",
        "city_name_ja": "立川市",
        "district_code": "132020110",
        "district_name_ja": "錦町",
        "use_category_name_ja": "",
        "u_transaction_price_total_ja": "3,100万円",
        "u_transaction_price_unit_price_square_meter_ja": "",
        "u_unit_price_per_tsubo_ja": "",
        "u_area_ja": "80㎡",
        "land_shape_name_ja": "",
        "u_land_frontage_ja": "",
        "building_use_name_ja": "",
        "building_structure_name_ja": "ＲＣ",
        "floor_plan_name_ja": "３ＬＤＫ",
        "u_building_total_floor_area_ja": "",
        "u_construction_year_ja": "1987年",
        "front_road_azimuth_name_ja": "",
        "u_front_road_width_ja": "",
        "front_road_type_name_ja": "",
        "land_use_name_ja": "商業地域",
        "u_building_coverage_ratio_ja": "",
        "u_floor_area_ratio_ja": "",
        "remark_name_ja": "",
        "future_use_purpose_name_ja": "",
        "remark_renovation_name_ja": ""
      }
    },
    {
      "type": "Feature",
      "geometry": {
        "type": "Point",
        "coordinates": [
          139.4137465953827,
          35.69791759433913
        ]
      },
      "properties": {
        "point_in_time_name_ja": "2025年第2四半期",
        "land_type_name_ja": "中古マンション等",
        "price_information_category_name_ja": "成約価格情報",
        "prefecture_name_ja": "東京都",
        "city_code": "13202",
        "city_name_ja": "立川市",
        "district_code": "132020130",
        "district_name_ja": "羽衣町",
        "use_category_name_ja": "",
        "u_transaction_price_total_ja": "4,200万円",
        "u_transaction_price_unit_price_square_meter_ja": "",
        "u_unit_price_per_tsubo_ja": "",
        "u_area_ja": "75㎡",
        "land_shape_name_ja": "",
        "u_land_frontage_ja": "",
        "building_use_name_ja": "",
        "building_structure_name_ja": "ＲＣ",
        "floor_plan_name_ja": "３ＬＤＫ",
        "u_building_total_floor_area_ja": "",
        "u_construction_year_ja": "2005年",
        "front_road_azimuth_name_ja": "",
        "u_front_road_width_ja": "",
        "front_road_type_name_ja": "",
        "land_use_name_ja": "商業地域",
        "u_building_coverage_ratio_ja": "",
        "u_floor_area_ratio_ja": "",
        "remark_name_ja": "",
        "future_use_purpose_name_ja": "",
        "remark_renovation_name_ja": ""
      }
    },
    {
      "type": "Feature",
      "geometry": {
        "type": "Point",
        "coordinates": [
          139.4137465953827,
          35.69791759433913
        ]
      },
      "properties": {
        "point_in_time_name_ja": "2025年第3四半期",
        "land_type_name_ja": "中古マンション等",
        "price_information_category_name_ja": "成約価格情報",
        "prefecture_name_ja": "東京都",
        "city_code": "13202",
        "city_name_ja": "立川市",
        "district_code": "132020010",
        "district_name_ja": "曙町",
        "use_category_name_ja": "",
        "u_transaction_price_total_ja": "1,900万円",
        "u_transaction_price_unit_price_square_meter_ja": "",
        "u_unit_price_per_tsubo_ja": "",
        "u_area_ja": "55㎡",
        "land_shape_name_ja": "",
        "u_land_frontage_ja": "",
        "building_use_name_ja": "",
        "building_structure_name_ja": "ＳＲＣ",
        "floor_plan_name_ja": "２ＬＤＫ",
        "u_building_total_floor_area_ja": "",
        "u_construction_year_ja": "1974年",
        "front_road_azimuth_name_ja": "",
        "u_front_road_width_ja": "",
        "front_road_type_name_ja": "",
        "land_use_name_ja": "第２種住居地域",
        "u_building_coverage_ratio_ja": "",
        "u_floor_area_ratio_ja": "",
        "remark_name_ja": "",
        "future_use_purpose_name_ja": "",
        "remark_renovation_name_ja": ""
      }
    },
    {
      "type": "Feature",
      "geometry": {
        "type": "Point",
        "coordinates": [
          139.4137465953827,
          35.69791759433913
        ]
      },
      "properties": {
        "point_in_time_name_ja": "2025年第3四半期",
        "land_type_name_ja": "中古マンション等",
        "price_information_category_name_ja": "成約価格情報",
        "prefecture_name_ja": "東京都",
        "city_code": "13202",
        "city_name_ja": "立川市",
        "district_code": "132020010",
        "district_name_ja": "曙町",
        "use_category_name_ja": "",
        "u_transaction_price_total_ja": "1,100万円",
        "u_transaction_price_unit_price_square_meter_ja": "",
        "u_unit_price_per_tsubo_ja": "",
        "u_area_ja": "35㎡",
        "land_shape_name_ja": "",
        "u_land_frontage_ja": "",
        "building_use_name_ja": "",
        "building_structure_name_ja": "ＳＲＣ",
        "floor_plan_name_ja": "１Ｒ",
        "u_building_total_floor_area_ja": "",
        "u_construction_year_ja": "1974年",
        "front_road_azimuth_name_ja": "",
        "u_front_road_width_ja": "",
        "front_road_type_name_ja": "",
        "land_use_name_ja": "準工業地域",
        "u_building_coverage_ratio_ja": "",
        "u_floor_area_ratio_ja": "",
        "remark_name_ja": "",
        "future_use_purpose_name_ja": "",
        "remark_renovation_name_ja": ""
      }
    },
    {
      "type": "Feature",
      "geometry": {
        "type": "Point",
        "coordinates": [
          139.4137465953827,
          35.69791759433913
        ]
      },
      "properties": {
        "point_in_time_name_ja": "2025年第3四半期",
        "land_type_name_ja": "中古マンション等",
        "price_information_category_name_ja": "成約価格情報",
        "prefecture_name_ja": "東京都",
        "city_code": "13202",
        "city_name_ja": "立川市",
        "district_code": "132020010",
        "district_name_ja": "曙町",
        "use_category_name_ja": "",
        "u_transaction_price_total_ja": "5,300万円",
        "u_transaction_price_unit_price_square_meter_ja": "",
        "u_unit_price_per_tsubo_ja": "",
        "u_area_ja": "65㎡",
        "land_shape_name_ja": "",
        "u_land_frontage_ja": "",
        "building_use_name_ja": "",
        "building_structure_name_ja": "ＳＲＣ",
        "floor_plan_name_ja": "２ＬＤＫ＋Ｓ",
        "u_building_total_floor_area_ja": "",
        "u_construction_year_ja": "2007年",
        "front_road_azimuth_name_ja": "",
        "u_front_road_width_ja": "",
        "front_road_type_name_ja": "",
        "land_use_name_ja": "商業地域",
        "u_building_coverage_ratio_ja": "",
        "u_floor_area_ratio_ja": "",
        "remark_name_ja": "",
        "future_use_purpose_name_ja": "",
        "remark_renovation_name_ja": ""
      }
    },
    {
      "type": "Feature",
      "geometry": {
        "type": "Point",
        "coordinates": [
          139.4137465953827,
          35.69791759433913
        ]
      },
      "properties": {
        "point_in_time_name_ja": "2025年第3四半期",
        "land_type_name_ja": "中古マンション等",
        "price_information_category_name_ja": "成約価格情報",
        "prefecture_name_ja": "東京都",
        "city_code": "13202",
        "city_name_ja": "立川市",
        "district_code": "132020010",
        "district_name_ja": "曙町",
        "use_category_name_ja": "",
        "u_transaction_price_total_ja": "5,300万円",
        "u_transaction_price_unit_price_square_meter_ja": "",
        "u_unit_price_per_tsubo_ja": "",
        "u_area_ja": "70㎡",
        "land_shape_name_ja": "",
        "u_land_frontage_ja": "",
        "building_use_name_ja": "",
        "building_structure_name_ja": "ＲＣ",
        "floor_plan_name_ja": "２ＬＤＫ",
        "u_building_total_floor_area_ja": "",
        "u_construction_year_ja": "2001年",
        "front_road_azimuth_name_ja": "",
        "u_front_road_width_ja": "",
        "front_road_type_name_ja": "",
        "land_use_name_ja": "商業地域",
        "u_building_coverage_ratio_ja": "",
        "u_floor_area_ratio_ja": "",
        "remark_name_ja": "",
        "future_use_purpose_name_ja": "",
        "remark_renovation_name_ja": ""
      }
    },
    {
      "type": "Feature",
      "geometry": {
        "type": "Point",
        "coordinates": [
          139.4137465953827,
          35.69791759433913
        ]
      },
      "properties": {
        "point_in_time_name_ja": "2025年第3四半期",
        "land_type_name_ja": "中古マンション等",
        "price_information_category_name_ja": "成約価格情報",
        "prefecture_name_ja": "東京都",
        "city_code": "13202",
        "city_name_ja": "立川市",
        "district_code": "132020010",
        "district_name_ja": "曙町",
        "use_category_name_ja": "",
        "u_transaction_price_total_ja": "6,200万円",
        "u_transaction_price_unit_price_square_meter_ja": "",
        "u_unit_price_per_tsubo_ja": "",
        "u_area_ja": "70㎡",
        "land_shape_name_ja": "",
        "u_land_frontage_ja": "",
        "building_use_name_ja": "",
        "building_structure_name_ja": "ＲＣ",
        "floor_plan_name_ja": "３ＬＤＫ",
        "u_building_total_floor_area_ja": "",
        "u_construction_year_ja": "2008年",
        "front_road_azimuth_name_ja": "",
        "u_front_road_width_ja": "",
        "front_road_type_name_ja": "",
        "land_use_name_ja": "商業地域",
        "u_building_coverage_ratio_ja": "",
        "u_floor_area_ratio_ja": "",
        "remark_name_ja": "",
        "future_use_purpose_name_ja": "",
        "remark_renovation_name_ja": ""
      }
    },
    {
      "type": "Feature",
      "geometry": {
        "type": "Point",
        "coordinates": [
          139.4137465953827,
          35.69791759433913
        ]
      },
      "properties": {
        "point_in_time_name_ja": "2025年第3四半期",
        "land_type_name_ja": "中古マンション等",
        "price_information_category_name_ja": "成約価格情報",
        "prefecture_name_ja": "東京都",
        "city_code": "13202",
        "city_name_ja": "立川市",
        "district_code": "132020010",
        "district_name_ja": "曙町",
        "use_category_name_ja": "",
        "u_transaction_price_total_ja": "5,800万円",
        "u_transaction_price_unit_price_square_meter_ja": "",
        "u_unit_price_per_tsubo_ja": "",
        "u_area_ja": "75㎡",
        "land_shape_name_ja": "",
        "u_land_frontage_ja": "",
        "building_use_name_ja": "",
        "building_structure_name_ja": "ＲＣ",
        "floor_plan_name_ja": "３ＬＤＫ",
        "u_building_total_floor_area_ja": "",
        "u_construction_year_ja": "2008年",
        "front_road_azimuth_name_ja": "",
        "u_front_road_width_ja": "",
        "front_road_type_name_ja": "",
        "land_use_name_ja": "第１種住居地域",
        "u_building_coverage_ratio_ja": "",
        "u_floor_area_ratio_ja": "",
        "remark_name_ja": "",
        "future_use_purpose_name_ja": "",
        "remark_renovation_name_ja": "改装済み"
      }
    },
    {
      "type": "Feature",
      "geometry": {
        "type": "Point",
        "coordinates": [
          139.4137465953827,
          35.69791759433913
        ]
      },
      "properties": {
        "point_in_time_name_ja": "2025年第3四半期",
        "land_type_name_ja": "中古マンション等",
        "price_information_category_name_ja": "成約価格情報",
        "prefecture_name_ja": "東京都",
        "city_code": "13202",
        "city_name_ja": "立川市",
        "district_code": "132020010",
        "district_name_ja": "曙町",
        "use_category_name_ja": "",
        "u_transaction_price_total_ja": "4,800万円",
        "u_transaction_price_unit_price_square_meter_ja": "",
        "u_unit_price_per_tsubo_ja": "",
        "u_area_ja": "55㎡",
        "land_shape_name_ja": "",
        "u_land_frontage_ja": "",
        "building_use_name_ja": "",
        "building_structure_name_ja": "ＲＣ",
        "floor_plan_name_ja": "２ＬＤＫ",
        "u_building_total_floor_area_ja": "",
        "u_construction_year_ja": "2012年",
        "front_road_azimuth_name_ja": "",
        "u_front_road_width_ja": "",
        "front_road_type_name_ja": "",
        "land_use_name_ja": "商業地域",
        "u_building_coverage_ratio_ja": "",
        "u_floor_area_ratio_ja": "",
        "remark_name_ja": "",
        "future_use_purpose_name_ja": "",
        "remark_renovation_name_ja": ""
      }
    },
    {
      "type": "Feature",
      "geometry": {
        "type": "Point",
        "coordinates": [
          139.4137465953827,
          35.69791759433913
        ]
      },
      "properties": {
        "point_in_time_name_ja": "2025年第3四半期",
        "land_type_name_ja": "中古マンション等",
        "price_information_category_name_ja": "成約価格情報",
        "prefecture_name_ja": "東京都",
        "city_code": "13202",
        "city_name_ja": "立川市",
        "district_code": "132020010",
        "district_name_ja": "曙町",
        "use_category_name_ja": "",
        "u_transaction_price_total_ja": "5,000万円",
        "u_transaction_price_unit_price_square_meter_ja": "",
        "u_unit_price_per_tsubo_ja": "",
        "u_area_ja": "60㎡",
        "land_shape_name_ja": "",
        "u_land_frontage_ja": "",
        "building_use_name_ja": "",
        "building_structure_name_ja": "ＳＲＣ",
        "floor_plan_name_ja": "１ＬＤＫ＋Ｓ",
        "u_building_total_floor_area_ja": "",
        "u_construction_year_ja": "1999年",
        "front_road_azimuth_name_ja": "",
        "u_front_road_width_ja": "",
        "front_road_type_name_ja": "",
        "land_use_name_ja": "商業地域",
        "u_building_coverage_ratio_ja": "",
        "u_floor_area_ratio_ja": "",
        "remark_name_ja": "",
        "future_use_purpose_name_ja": "",
        "remark_renovation_name_ja": ""
      }
    },
    {
      "type": "Feature",
      "geometry": {
        "type": "Point",
        "coordinates": [
          139.4137465953827,
          35.69791759433913
        ]
      },
      "properties": {
        "point_in_time_name_ja": "2025年第3四半期",
        "land_type_name_ja": "中古マンション等",
        "price_information_category_name_ja": "成約価格情報",
        "prefecture_name_ja": "東京都",
        "city_code": "13202",
        "city_name_ja": "立川市",
        "district_code": "132020010",
        "district_name_ja": "曙町",
        "use_category_name_ja": "",
        "u_transaction_price_total_ja": "5,500万円",
        "u_transaction_price_unit_price_square_meter_ja": "",
        "u_unit_price_per_tsubo_ja": "",
        "u_area_ja": "65㎡",
        "land_shape_name_ja": "",
        "u_land_frontage_ja": "",
        "building_use_name_ja": "",
        "building_structure_name_ja": "ＲＣ",
        "floor_plan_name_ja": "２ＬＤＫ＋Ｓ",
        "u_building_total_floor_area_ja": "",
        "u_construction_year_ja": "2012年",
        "front_road_azimuth_name_ja": "",
        "u_front_road_width_ja": "",
        "front_road_type_name_ja": "",
        "land_use_name_ja": "商業地域",
        "u_building_coverage_ratio_ja": "",
        "u_floor_area_ratio_ja": "",
        "remark_name_ja": "",
        "future_use_purpose_name_ja": "",
        "remark_renovation_name_ja": ""
      }
    },
    {
      "type": "Feature",
      "geometry": {
        "type": "Point",
        "coordinates": [
          139.4137465953827,
          35.69791759433913
        ]
      },
      "properties": {
        "point_in_time_name_ja": "2025年第3四半期",
        "land_type_name_ja": "中古マンション等",
        "price_information_category_name_ja": "成約価格情報",
        "prefecture_name_ja": "東京都",
        "city_code": "13202",
        "city_name_ja": "立川市",
        "district_code": "132020010",
        "district_name_ja": "曙町",
        "use_category_name_ja": "",
        "u_transaction_price_total_ja": "1,200万円",
        "u_transaction_price_unit_price_square_meter_ja": "",
        "u_unit_price_per_tsubo_ja": "",
        "u_area_ja": "35㎡",
        "land_shape_name_ja": "",
        "u_land_frontage_ja": "",
        "building_use_name_ja": "",
        "building_structure_name_ja": "ＳＲＣ",
        "floor_plan_name_ja": "２ＤＫ",
        "u_building_total_floor_area_ja": "",
        "u_construction_year_ja": "1974年",
        "front_road_azimuth_name_ja": "",
        "u_front_road_width_ja": "",
        "front_road_type_name_ja": "",
        "land_use_name_ja": "準工業地域",
        "u_building_coverage_ratio_ja": "",
        "u_floor_area_ratio_ja": "",
        "remark_name_ja": "",
        "future_use_purpose_name_ja": "",
        "remark_renovation_name_ja": ""
      }
    },
    {
      "type": "Feature",
      "geometry": {
        "type": "Point",
        "coordinates": [
          139.4137465953827,
          35.69791759433913
        ]
      },
      "properties": {
        "point_in_time_name_ja": "2025年第3四半期",
        "land_type_name_ja": "中古マンション等",
        "price_information_category_name_ja": "成約価格情報",
        "prefecture_name_ja": "東京都",
        "city_code": "13202",
        "city_name_ja": "立川市",
        "district_code": "132020110",
        "district_name_ja": "錦町",
        "use_category_name_ja": "",
        "u_transaction_price_total_ja": "600万円",
        "u_transaction_price_unit_price_square_meter_ja": "",
        "u_unit_price_per_tsubo_ja": "",
        "u_area_ja": "15㎡",
        "land_shape_name_ja": "",
        "u_land_frontage_ja": "",
        "building_use_name_ja": "",
        "building_structure_name_ja": "ＲＣ",
        "floor_plan_name_ja": "１Ｒ",
        "u_building_total_floor_area_ja": "",
        "u_construction_year_ja": "1985年",
        "front_road_azimuth_name_ja": "",
        "u_front_road_width_ja": "",
        "front_road_type_name_ja": "",
        "land_use_name_ja": "商業地域",
        "u_building_coverage_ratio_ja": "",
        "u_floor_area_ratio_ja": "",
        "remark_name_ja": "",
        "future_use_purpose_name_ja": "",
        "remark_renovation_name_ja": ""
      }
    },
    {
      "type": "Feature",
      "geometry": {
        "type": "Point",
        "coordinates": [
          139.4137465953827,
          35.69791759433913
        ]
      },
      "properties": {
        "point_in_time_name_ja": "2025年第3四半期",
        "land_type_name_ja": "中古マンション等",
        "price_information_category_name_ja": "成約価格情報",
        "prefecture_name_ja": "東京都",
        "city_code": "13202",
        "city_name_ja": "立川市",
        "district_code": "132020110",
        "district_name_ja": "錦町",
        "use_category_name_ja": "",
        "u_transaction_price_total_ja": "5,200万円",
        "u_transaction_price_unit_price_square_meter_ja": "",
        "u_unit_price_per_tsubo_ja": "",
        "u_area_ja": "65㎡",
        "land_shape_name_ja": "",
        "u_land_frontage_ja": "",
        "building_use_name_ja": "",
        "building_structure_name_ja": "ＲＣ",
        "floor_plan_name_ja": "３ＬＤＫ",
        "u_building_total_floor_area_ja": "",
        "u_construction_year_ja": "2018年",
        "front_road_azimuth_name_ja": "",
        "u_front_road_width_ja": "",
        "front_road_type_name_ja": "",
        "land_use_name_ja": "第１種中高層住居専用地域",
        "u_building_coverage_ratio_ja": "",
        "u_floor_area_ratio_ja": "",
        "remark_name_ja": "",
        "future_use_purpose_name_ja": "",
        "remark_renovation_name_ja": ""
      }
    },
    {
      "type": "Feature",
      "geometry": {
        "type": "Point",
        "coordinates": [
          139.4137465953827,
          35.69791759433913
        ]
      },
      "properties": {
        "point_in_time_name_ja": "2025年第3四半期",
        "land_type_name_ja": "中古マンション等",
        "price_information_category_name_ja": "成約価格情報",
        "prefecture_name_ja": "東京都",
        "city_code": "13202",
        "city_name_ja": "立川市",
        "district_code": "132020110",
        "district_name_ja": "錦町",
        "use_category_name_ja": "",
        "u_transaction_price_total_ja": "810万円",
        "u_transaction_price_unit_price_square_meter_ja": "",
        "u_unit_price_per_tsubo_ja": "",
        "u_area_ja": "25㎡",
        "land_shape_name_ja": "",
        "u_land_frontage_ja": "",
        "building_use_name_ja": "",
        "building_structure_name_ja": "ＲＣ",
        "floor_plan_name_ja": "１Ｋ",
        "u_building_total_floor_area_ja": "",
        "u_construction_year_ja": "1992年",
        "front_road_azimuth_name_ja": "",
        "u_front_road_width_ja": "",
        "front_road_type_name_ja": "",
        "land_use_name_ja": "商業地域",
        "u_building_coverage_ratio_ja": "",
        "u_floor_area_ratio_ja": "",
        "remark_name_ja": "",
        "future_use_purpose_name_ja": "",
        "remark_renovation_name_ja": ""
      }
    },
    {
      "type": "Feature",
      "geometry": {
        "type": "Point",
        "coordinates": [
          139.4137465953827,
          35.69791759433913
        ]
      },
      "properties": {
        "point_in_time_name_ja": "2025年第3四半期",
        "land_type_name_ja": "中古マンション等",
        "price_information_category_name_ja": "成約価格情報",
        "prefecture_name_ja": "東京都",
        "city_code": "13202",
        "city_name_ja": "立川市",
        "district_code": "132020110",
        "district_name_ja": "錦町",
        "use_category_name_ja": "",
        "u_transaction_price_total_ja": "650万円",
        "u_transaction_price_unit_price_square_meter_ja": "",
        "u_unit_price_per_tsubo_ja": "",
        "u_area_ja": "30㎡",
        "land_shape_name_ja": "",
        "u_land_frontage_ja": "",
        "building_use_name_ja": "",
        "building_structure_name_ja": "ＳＲＣ",
        "floor_plan_name_ja": "１Ｒ",
        "u_building_total_floor_area_ja": "",
        "u_construction_year_ja": "1972年",
        "front_road_azimuth_name_ja": "",
        "u_front_road_width_ja": "",
        "front_road_type_name_ja": "",
        "land_use_name_ja": "準工業地域",
        "u_building_coverage_ratio_ja": "",
        "u_floor_area_ratio_ja": "",
        "remark_name_ja": "",
        "future_use_purpose_name_ja": "",
        "remark_renovation_name_ja": ""
      }
    },
    {
      "type": "Feature",
      "geometry": {
        "type": "Point",
        "coordinates": [
          139.4137465953827,
          35.69791759433913
        ]
      },
      "properties": {
        "point_in_time_name_ja": "2025年第3四半期",
        "land_type_name_ja": "中古マンション等",
        "price_information_category_name_ja": "成約価格情報",
        "prefecture_name_ja": "東京都",
        "city_code": "13202",
        "city_name_ja": "立川市",
        "district_code": "132020110",
        "district_name_ja": "錦町",
        "use_category_name_ja": "",
        "u_transaction_price_total_ja": "1,600万円",
        "u_transaction_price_unit_price_square_meter_ja": "",
        "u_unit_price_per_tsubo_ja": "",
        "u_area_ja": "45㎡",
        "land_shape_name_ja": "",
        "u_land_frontage_ja": "",
        "building_use_name_ja": "",
        "building_structure_name_ja": "ＲＣ",
        "floor_plan_name_ja": "２ＤＫ",
        "u_building_total_floor_area_ja": "",
        "u_construction_year_ja": "1988年",
        "front_road_azimuth_name_ja": "",
        "u_front_road_width_ja": "",
        "front_road_type_name_ja": "",
        "land_use_name_ja": "第１種住居地域",
        "u_building_coverage_ratio_ja": "",
        "u_floor_area_ratio_ja": "",
        "remark_name_ja": "",
        "future_use_purpose_name_ja": "",
        "remark_renovation_name_ja": ""
      }
    },
    {
      "type": "Feature",
      "geometry": {
        "type": "Point",
        "coordinates": [
          139.4137465953827,
          35.69791759433913
        ]
      },
      "properties": {
        "point_in_time_name_ja": "2025年第3四半期",
        "land_type_name_ja": "中古マンション等",
        "price_information_category_name_ja": "成約価格情報",
        "prefecture_name_ja": "東京都",
        "city_code": "13202",
        "city_name_ja": "立川市",
        "district_code": "132020110",
        "district_name_ja": "錦町",
        "use_category_name_ja": "",
        "u_transaction_price_total_ja": "5,800万円",
        "u_transaction_price_unit_price_square_meter_ja": "",
        "u_unit_price_per_tsubo_ja": "",
        "u_area_ja": "85㎡",
        "land_shape_name_ja": "",
        "u_land_frontage_ja": "",
        "building_use_name_ja": "",
        "building_structure_name_ja": "ＲＣ",
        "floor_plan_name_ja": "４ＬＤＫ",
        "u_building_total_floor_area_ja": "",
        "u_construction_year_ja": "2006年",
        "front_road_azimuth_name_ja": "",
        "u_front_road_width_ja": "",
        "front_road_type_name_ja": "",
        "land_use_name_ja": "準工業地域",
        "u_building_coverage_ratio_ja": "",
        "u_floor_area_ratio_ja": "",
        "remark_name_ja": "",
        "future_use_purpose_name_ja": "",
        "remark_renovation_name_ja": ""
      }
    },
    {
      "type": "Feature",
      "geometry": {
        "type": "Point",
        "coordinates": [
          139.4137465953827,
          35.69791759433913
        ]
      },
      "properties": {
        "point_in_time_name_ja": "2025年第3四半期",
        "land_type_name_ja": "中古マンション等",
        "price_information_category_name_ja": "成約価格情報",
        "prefecture_name_ja": "東京都",
        "city_code": "13202",
        "city_name_ja": "立川市",
        "district_code": "132020110",
        "district_name_ja": "錦町",
        "use_category_name_ja": "",
        "u_transaction_price_total_ja": "560万円",
        "u_transaction_price_unit_price_square_meter_ja": "",
        "u_unit_price_per_tsubo_ja": "",
        "u_area_ja": "20㎡",
        "land_shape_name_ja": "",
        "u_land_frontage_ja": "",
        "building_use_name_ja": "",
        "building_structure_name_ja": "ＳＲＣ",
        "floor_plan_name_ja": "１Ｒ",
        "u_building_total_floor_area_ja": "",
        "u_construction_year_ja": "1982年",
        "front_road_azimuth_name_ja": "",
        "u_front_road_width_ja": "",
        "front_road_type_name_ja": "",
        "land_use_name_ja": "商業地域",
        "u_building_coverage_ratio_ja": "",
        "u_floor_area_ratio_ja": "",
        "remark_name_ja": "",
        "future_use_purpose_name_ja": "",
        "remark_renovation_name_ja": ""
      }
    },
    {
      "type": "Feature",
      "geometry": {
        "type": "Point",
        "coordinates": [
          139.4137465953827,
          35.69791759433913
        ]
      },
      "properties": {
        "point_in_time_name_ja": "2025年第3四半期",
        "land_type_name_ja": "中古マンション等",
        "price_information_category_name_ja": "成約価格情報",
        "prefecture_name_ja": "東京都",
        "city_code": "13202",
        "city_name_ja": "立川市",
        "district_code": "132020110",
        "district_name_ja": "錦町",
        "use_category_name_ja": "",
        "u_transaction_price_total_ja": "3,700万円",
        "u_transaction_price_unit_price_square_meter_ja": "",
        "u_unit_price_per_tsubo_ja": "",
        "u_area_ja": "60㎡",
        "land_shape_name_ja": "",
        "u_land_frontage_ja": "",
        "building_use_name_ja": "",
        "building_structure_name_ja": "ＲＣ",
        "floor_plan_name_ja": "２ＬＤＫ",
        "u_building_total_floor_area_ja": "",
        "u_construction_year_ja": "1997年",
        "front_road_azimuth_name_ja": "",
        "u_front_road_width_ja": "",
        "front_road_type_name_ja": "",
        "land_use_name_ja": "第１種中高層住居専用地域",
        "u_building_coverage_ratio_ja": "",
        "u_floor_area_ratio_ja": "",
        "remark_name_ja": "",
        "future_use_purpose_name_ja": "",
        "remark_renovation_name_ja": "改装済み"
      }
    },
    {
      "type": "Feature",
      "geometry": {
        "type": "Point",
        "coordinates": [
          139.4137465953827,
          35.69791759433913
        ]
      },
      "properties": {
        "point_in_time_name_ja": "2025年第3四半期",
        "land_type_name_ja": "中古マンション等",
        "price_information_category_name_ja": "成約価格情報",
        "prefecture_name_ja": "東京都",
        "city_code": "13202",
        "city_name_ja": "立川市",
        "district_code": "132020110",
        "district_name_ja": "錦町",
        "use_category_name_ja": "",
        "u_transaction_price_total_ja": "920万円",
        "u_transaction_price_unit_price_square_meter_ja": "",
        "u_unit_price_per_tsubo_ja": "",
        "u_area_ja": "40㎡",
        "land_shape_name_ja": "",
        "u_land_frontage_ja": "",
        "building_use_name_ja": "",
        "building_structure_name_ja": "ＳＲＣ",
        "floor_plan_name_ja": "２Ｋ",
        "u_building_total_floor_area_ja": "",
        "u_construction_year_ja": "1972年",
        "front_road_azimuth_name_ja": "",
        "u_front_road_width_ja": "",
        "front_road_type_name_ja": "",
        "land_use_name_ja": "準工業地域",
        "u_building_coverage_ratio_ja": "",
        "u_floor_area_ratio_ja": "",
        "remark_name_ja": "",
        "future_use_purpose_name_ja": "",
        "remark_renovation_name_ja": ""
      }
    },
    {
      "type": "Feature",
      "geometry": {
        "type": "Point",
        "coordinates": [
          139.4137465953827,
          35.69791759433913
        ]
      },
      "properties": {
        "point_in_time_name_ja": "2025年第3四半期",
        "land_type_name_ja": "中古マンション等",
        "price_information_category_name_ja": "成約価格情報",
        "prefecture_name_ja": "東京都",
        "city_code": "13202",
        "city_name_ja": "立川市",
        "district_code": "132020110",
        "district_name_ja": "錦町",
        "use_category_name_ja": "",
        "u_transaction_price_total_ja": "5,300万円",
        "u_transaction_price_unit_price_square_meter_ja": "",
        "u_unit_price_per_tsubo_ja": "",
        "u_area_ja": "95㎡",
        "land_shape_name_ja": "",
        "u_land_frontage_ja": "",
        "building_use_name_ja": "",
        "building_structure_name_ja": "ＲＣ",
        "floor_plan_name_ja": "４ＬＤＫ",
        "u_building_total_floor_area_ja": "",
        "u_construction_year_ja": "2002年",
        "front_road_azimuth_name_ja": "",
        "u_front_road_width_ja": "",
        "front_road_type_name_ja": "",
        "land_use_name_ja": "準工業地域",
        "u_building_coverage_ratio_ja": "",
        "u_floor_area_ratio_ja": "",
        "remark_name_ja": "",
        "future_use_purpose_name_ja": "",
        "remark_renovation_name_ja": ""
      }
    },
    {
      "type": "Feature",
      "geometry": {
        "type": "Point",
        "coordinates": [
          139.4137465953827,
          35.69791759433913
        ]
      },
      "properties": {
        "point_in_time_name_ja": "2025年第3四半期",
        "land_type_name_ja": "中古マンション等",
        "price_information_category_name_ja": "成約価格情報",
        "prefecture_name_ja": "東京都",
        "city_code": "13202",
        "city_name_ja": "立川市",
        "district_code": "132020110",
        "district_name_ja": "錦町",
        "use_category_name_ja": "",
        "u_transaction_price_total_ja": "5,000万円",
        "u_transaction_price_unit_price_square_meter_ja": "",
        "u_unit_price_per_tsubo_ja": "",
        "u_area_ja": "85㎡",
        "land_shape_name_ja": "",
        "u_land_frontage_ja": "",
        "building_use_name_ja": "",
        "building_structure_name_ja": "ＲＣ",
        "floor_plan_name_ja": "３ＬＤＫ",
        "u_building_total_floor_area_ja": "",
        "u_construction_year_ja": "1987年",
        "front_road_azimuth_name_ja": "",
        "u_front_road_width_ja": "",
        "front_road_type_name_ja": "",
        "land_use_name_ja": "商業地域",
        "u_building_coverage_ratio_ja": "",
        "u_floor_area_ratio_ja": "",
        "remark_name_ja": "",
        "future_use_purpose_name_ja": "",
        "remark_renovation_name_ja": "改装済み"
      }
    },
    {
      "type": "Feature",
      "geometry": {
        "type": "Point",
        "coordinates": [
          139.4137465953827,
          35.69791759433913
        ]
      },
      "properties": {
        "point_in_time_name_ja": "2025年第3四半期",
        "land_type_name_ja": "中古マンション等",
        "price_information_category_name_ja": "成約価格情報",
        "prefecture_name_ja": "東京都",
        "city_code": "13202",
        "city_name_ja": "立川市",
        "district_code": "132020110",
        "district_name_ja": "錦町",
        "use_category_name_ja": "",
        "u_transaction_price_total_ja": "1,700万円",
        "u_transaction_price_unit_price_square_meter_ja": "",
        "u_unit_price_per_tsubo_ja": "",
        "u_area_ja": "50㎡",
        "land_shape_name_ja": "",
        "u_land_frontage_ja": "",
        "building_use_name_ja": "",
        "building_structure_name_ja": "ＳＲＣ",
        "floor_plan_name_ja": "３ＤＫ",
        "u_building_total_floor_area_ja": "",
        "u_construction_year_ja": "1983年",
        "front_road_azimuth_name_ja": "",
        "u_front_road_width_ja": "",
        "front_road_type_name_ja": "",
        "land_use_name_ja": "商業地域",
        "u_building_coverage_ratio_ja": "",
        "u_floor_area_ratio_ja": "",
        "remark_name_ja": "",
        "future_use_purpose_name_ja": "",
        "remark_renovation_name_ja": ""
      }
    },
    {
      "type": "Feature",
      "geometry": {
        "type": "Point",
        "coordinates": [
          139.4137465953827,
          35.69791759433913
        ]
      },
      "properties": {
        "point_in_time_name_ja": "2025年第3四半期",
        "land_type_name_ja": "中古マンション等",
        "price_information_category_name_ja": "成約価格情報",
        "prefecture_name_ja": "東京都",
        "city_code": "13202",
        "city_name_ja": "立川市",
        "district_code": "132020110",
        "district_name_ja": "錦町",
        "use_category_name_ja": "",
        "u_transaction_price_total_ja": "350万円",
        "u_transaction_price_unit_price_square_meter_ja": "",
        "u_unit_price_per_tsubo_ja": "",
        "u_area_ja": "15㎡",
        "land_shape_name_ja": "",
        "u_land_frontage_ja": "",
        "building_use_name_ja": "",
        "building_structure_name_ja": "ＲＣ",
        "floor_plan_name_ja": "１Ｒ",
        "u_building_total_floor_area_ja": "",
        "u_construction_year_ja": "1982年",
        "front_road_azimuth_name_ja": "",
        "u_front_road_width_ja": "",
        "front_road_type_name_ja": "",
        "land_use_name_ja": "商業地域",
        "u_building_coverage_ratio_ja": "",
        "u_floor_area_ratio_ja": "",
        "remark_name_ja": "",
        "future_use_purpose_name_ja": "",
        "remark_renovation_name_ja": ""
      }
    },
    {
      "type": "Feature",
      "geometry": {
        "type": "Point",
        "coordinates": [
          139.4137465953827,
          35.69791759433913
        ]
      },
      "properties": {
        "point_in_time_name_ja": "2025年第3四半期",
        "land_type_name_ja": "中古マンション等",
        "price_information_category_name_ja": "成約価格情報",
        "prefecture_name_ja": "東京都",
        "city_code": "13202",
        "city_name_ja": "立川市",
        "district_code": "132020110",
        "district_name_ja": "錦町",
        "use_category_name_ja": "",
        "u_transaction_price_total_ja": "4,200万円",
        "u_transaction_price_unit_price_square_meter_ja": "",
        "u_unit_price_per_tsubo_ja": "",
        "u_area_ja": "70㎡",
        "land_shape_name_ja": "",
        "u_land_frontage_ja": "",
        "building_use_name_ja": "",
        "building_structure_name_ja": "ＲＣ",
        "floor_plan_name_ja": "３ＬＤＫ",
        "u_building_total_floor_area_ja": "",
        "u_construction_year_ja": "2004年",
        "front_road_azimuth_name_ja": "",
        "u_front_road_width_ja": "",
        "front_road_type_name_ja": "",
        "land_use_name_ja": "第１種中高層住居専用地域",
        "u_building_coverage_ratio_ja": "",
        "u_floor_area_ratio_ja": "",
        "remark_name_ja": "",
        "future_use_purpose_name_ja": "",
        "remark_renovation_name_ja": ""
      }
    },
    {
      "type": "Feature",
      "geometry": {
        "type": "Point",
        "coordinates": [
          139.4137465953827,
          35.69791759433913
        ]
      },
      "properties": {
        "point_in_time_name_ja": "2025年第3四半期",
        "land_type_name_ja": "中古マンション等",
        "price_information_category_name_ja": "成約価格情報",
        "prefecture_name_ja": "東京都",
        "city_code": "13202",
        "city_name_ja": "立川市",
        "district_code": "132020110",
        "district_name_ja": "錦町",
        "use_category_name_ja": "",
        "u_transaction_price_total_ja": "4,900万円",
        "u_transaction_price_unit_price_square_meter_ja": "",
        "u_unit_price_per_tsubo_ja": "",
        "u_area_ja": "65㎡",
        "land_shape_name_ja": "",
        "u_land_frontage_ja": "",
        "building_use_name_ja": "",
        "building_structure_name_ja": "ＳＲＣ",
        "floor_plan_name_ja": "２ＬＤＫ＋Ｓ",
        "u_building_total_floor_area_ja": "",
        "u_construction_year_ja": "1996年",
        "front_road_azimuth_name_ja": "",
        "u_front_road_width_ja": "",
        "front_road_type_name_ja": "",
        "land_use_name_ja": "商業地域",
        "u_building_coverage_ratio_ja": "",
        "u_floor_area_ratio_ja": "",
        "remark_name_ja": "",
        "future_use_purpose_name_ja": "",
        "remark_renovation_name_ja": "改装済み"
      }
    },
    {
      "type": "Feature",
      "geometry": {
        "type": "Point",
        "coordinates": [
          139.4137465953827,
          35.69791759433913
        ]
      },
      "properties": {
        "point_in_time_name_ja": "2025年第4四半期",
        "land_type_name_ja": "中古マンション等",
        "price_information_category_name_ja": "成約価格情報",
        "prefecture_name_ja": "東京都",
        "city_code": "13202",
        "city_name_ja": "立川市",
        "district_code": "132020010",
        "district_name_ja": "曙町",
        "use_category_name_ja": "",
        "u_transaction_price_total_ja": "7,000万円",
        "u_transaction_price_unit_price_square_meter_ja": "",
        "u_unit_price_per_tsubo_ja": "",
        "u_area_ja": "90㎡",
        "land_shape_name_ja": "",
        "u_land_frontage_ja": "",
        "building_use_name_ja": "",
        "building_structure_name_ja": "ＳＲＣ",
        "floor_plan_name_ja": "３ＬＤＫ",
        "u_building_total_floor_area_ja": "",
        "u_construction_year_ja": "1998年",
        "front_road_azimuth_name_ja": "",
        "u_front_road_width_ja": "",
        "front_road_type_name_ja": "",
        "land_use_name_ja": "商業地域",
        "u_building_coverage_ratio_ja": "",
        "u_floor_area_ratio_ja": "",
        "remark_name_ja": "",
        "future_use_purpose_name_ja": "",
        "remark_renovation_name_ja": ""
      }
    },
    {
      "type": "Feature",
      "geometry": {
        "type": "Point",
        "coordinates": [
          139.4137465953827,
          35.69791759433913
        ]
      },
      "properties": {
        "point_in_time_name_ja": "2025年第4四半期",
        "land_type_name_ja": "中古マンション等",
        "price_information_category_name_ja": "成約価格情報",
        "prefecture_name_ja": "東京都",
        "city_code": "13202",
        "city_name_ja": "立川市",
        "district_code": "132020010",
        "district_name_ja": "曙町",
        "use_category_name_ja": "",
        "u_transaction_price_total_ja": "4,500万円",
        "u_transaction_price_unit_price_square_meter_ja": "",
        "u_unit_price_per_tsubo_ja": "",
        "u_area_ja": "65㎡",
        "land_shape_name_ja": "",
        "u_land_frontage_ja": "",
        "building_use_name_ja": "",
        "building_structure_name_ja": "ＳＲＣ",
        "floor_plan_name_ja": "１ＬＤＫ＋Ｓ",
        "u_building_total_floor_area_ja": "",
        "u_construction_year_ja": "1999年",
        "front_road_azimuth_name_ja": "",
        "u_front_road_width_ja": "",
        "front_road_type_name_ja": "",
        "land_use_name_ja": "商業地域",
        "u_building_coverage_ratio_ja": "",
        "u_floor_area_ratio_ja": "",
        "remark_name_ja": "",
        "future_use_purpose_name_ja": "",
        "remark_renovation_name_ja": ""
      }
    },
    {
      "type": "Feature",
      "geometry": {
        "type": "Point",
        "coordinates": [
          139.4137465953827,
          35.69791759433913
        ]
      },
      "properties": {
        "point_in_time_name_ja": "2025年第4四半期",
        "land_type_name_ja": "中古マンション等",
        "price_information_category_name_ja": "成約価格情報",
        "prefecture_name_ja": "東京都",
        "city_code": "13202",
        "city_name_ja": "立川市",
        "district_code": "132020010",
        "district_name_ja": "曙町",
        "use_category_name_ja": "",
        "u_transaction_price_total_ja": "6,400万円",
        "u_transaction_price_unit_price_square_meter_ja": "",
        "u_unit_price_per_tsubo_ja": "",
        "u_area_ja": "85㎡",
        "land_shape_name_ja": "",
        "u_land_frontage_ja": "",
        "building_use_name_ja": "",
        "building_structure_name_ja": "ＲＣ",
        "floor_plan_name_ja": "３ＬＤＫ",
        "u_building_total_floor_area_ja": "",
        "u_construction_year_ja": "2001年",
        "front_road_azimuth_name_ja": "",
        "u_front_road_width_ja": "",
        "front_road_type_name_ja": "",
        "land_use_name_ja": "商業地域",
        "u_building_coverage_ratio_ja": "",
        "u_floor_area_ratio_ja": "",
        "remark_name_ja": "",
        "future_use_purpose_name_ja": "",
        "remark_renovation_name_ja": ""
      }
    },
    {
      "type": "Feature",
      "geometry": {
        "type": "Point",
        "coordinates": [
          139.4137465953827,
          35.69791759433913
        ]
      },
      "properties": {
        "point_in_time_name_ja": "2025年第4四半期",
        "land_type_name_ja": "中古マンション等",
        "price_information_category_name_ja": "成約価格情報",
        "prefecture_name_ja": "東京都",
        "city_code": "13202",
        "city_name_ja": "立川市",
        "district_code": "132020010",
        "district_name_ja": "曙町",
        "use_category_name_ja": "",
        "u_transaction_price_total_ja": "2,500万円",
        "u_transaction_price_unit_price_square_meter_ja": "",
        "u_unit_price_per_tsubo_ja": "",
        "u_area_ja": "30㎡",
        "land_shape_name_ja": "",
        "u_land_frontage_ja": "",
        "building_use_name_ja": "",
        "building_structure_name_ja": "ＲＣ",
        "floor_plan_name_ja": "１Ｒ",
        "u_building_total_floor_area_ja": "",
        "u_construction_year_ja": "2006年",
        "front_road_azimuth_name_ja": "",
        "u_front_road_width_ja": "",
        "front_road_type_name_ja": "",
        "land_use_name_ja": "準工業地域",
        "u_building_coverage_ratio_ja": "",
        "u_floor_area_ratio_ja": "",
        "remark_name_ja": "",
        "future_use_purpose_name_ja": "",
        "remark_renovation_name_ja": ""
      }
    },
    {
      "type": "Feature",
      "geometry": {
        "type": "Point",
        "coordinates": [
          139.4137465953827,
          35.69791759433913
        ]
      },
      "properties": {
        "point_in_time_name_ja": "2025年第4四半期",
        "land_type_name_ja": "中古マンション等",
        "price_information_category_name_ja": "成約価格情報",
        "prefecture_name_ja": "東京都",
        "city_code": "13202",
        "city_name_ja": "立川市",
        "district_code": "132020010",
        "district_name_ja": "曙町",
        "use_category_name_ja": "",
        "u_transaction_price_total_ja": "7,400万円",
        "u_transaction_price_unit_price_square_meter_ja": "",
        "u_unit_price_per_tsubo_ja": "",
        "u_area_ja": "70㎡",
        "land_shape_name_ja": "",
        "u_land_frontage_ja": "",
        "building_use_name_ja": "",
        "building_structure_name_ja": "ＲＣ",
        "floor_plan_name_ja": "３ＬＤＫ",
        "u_building_total_floor_area_ja": "",
        "u_construction_year_ja": "2018年",
        "front_road_azimuth_name_ja": "",
        "u_front_road_width_ja": "",
        "front_road_type_name_ja": "",
        "land_use_name_ja": "準工業地域",
        "u_building_coverage_ratio_ja": "",
        "u_floor_area_ratio_ja": "",
        "remark_name_ja": "",
        "future_use_purpose_name_ja": "",
        "remark_renovation_name_ja": ""
      }
    },
    {
      "type": "Feature",
      "geometry": {
        "type": "Point",
        "coordinates": [
          139.4137465953827,
          35.69791759433913
        ]
      },
      "properties": {
        "point_in_time_name_ja": "2025年第4四半期",
        "land_type_name_ja": "中古マンション等",
        "price_information_category_name_ja": "成約価格情報",
        "prefecture_name_ja": "東京都",
        "city_code": "13202",
        "city_name_ja": "立川市",
        "district_code": "132020010",
        "district_name_ja": "曙町",
        "use_category_name_ja": "",
        "u_transaction_price_total_ja": "5,000万円",
        "u_transaction_price_unit_price_square_meter_ja": "",
        "u_unit_price_per_tsubo_ja": "",
        "u_area_ja": "70㎡",
        "land_shape_name_ja": "",
        "u_land_frontage_ja": "",
        "building_use_name_ja": "",
        "building_structure_name_ja": "ＲＣ",
        "floor_plan_name_ja": "３ＬＤＫ",
        "u_building_total_floor_area_ja": "",
        "u_construction_year_ja": "2008年",
        "front_road_azimuth_name_ja": "",
        "u_front_road_width_ja": "",
        "front_road_type_name_ja": "",
        "land_use_name_ja": "第１種住居地域",
        "u_building_coverage_ratio_ja": "",
        "u_floor_area_ratio_ja": "",
        "remark_name_ja": "",
        "future_use_purpose_name_ja": "",
        "remark_renovation_name_ja": ""
      }
    },
    {
      "type": "Feature",
      "geometry": {
        "type": "Point",
        "coordinates": [
          139.4137465953827,
          35.69791759433913
        ]
      },
      "properties": {
        "point_in_time_name_ja": "2025年第4四半期",
        "land_type_name_ja": "中古マンション等",
        "price_information_category_name_ja": "成約価格情報",
        "prefecture_name_ja": "東京都",
        "city_code": "13202",
        "city_name_ja": "立川市",
        "district_code": "132020010",
        "district_name_ja": "曙町",
        "use_category_name_ja": "",
        "u_transaction_price_total_ja": "4,800万円",
        "u_transaction_price_unit_price_square_meter_ja": "",
        "u_unit_price_per_tsubo_ja": "",
        "u_area_ja": "60㎡",
        "land_shape_name_ja": "",
        "u_land_frontage_ja": "",
        "building_use_name_ja": "",
        "building_structure_name_ja": "ＳＲＣ",
        "floor_plan_name_ja": "３ＤＫ",
        "u_building_total_floor_area_ja": "",
        "u_construction_year_ja": "1999年",
        "front_road_azimuth_name_ja": "",
        "u_front_road_width_ja": "",
        "front_road_type_name_ja": "",
        "land_use_name_ja": "商業地域",
        "u_building_coverage_ratio_ja": "",
        "u_floor_area_ratio_ja": "",
        "remark_name_ja": "",
        "future_use_purpose_name_ja": "",
        "remark_renovation_name_ja": ""
      }
    },
    {
      "type": "Feature",
      "geometry": {
        "type": "Point",
        "coordinates": [
          139.4137465953827,
          35.69791759433913
        ]
      },
      "properties": {
        "point_in_time_name_ja": "2025年第4四半期",
        "land_type_name_ja": "中古マンション等",
        "price_information_category_name_ja": "成約価格情報",
        "prefecture_name_ja": "東京都",
        "city_code": "13202",
        "city_name_ja": "立川市",
        "district_code": "132020010",
        "district_name_ja": "曙町",
        "use_category_name_ja": "",
        "u_transaction_price_total_ja": "800万円",
        "u_transaction_price_unit_price_square_meter_ja": "",
        "u_unit_price_per_tsubo_ja": "",
        "u_area_ja": "35㎡",
        "land_shape_name_ja": "",
        "u_land_frontage_ja": "",
        "building_use_name_ja": "",
        "building_structure_name_ja": "ＳＲＣ",
        "floor_plan_name_ja": "１ＬＤＫ",
        "u_building_total_floor_area_ja": "",
        "u_construction_year_ja": "1974年",
        "front_road_azimuth_name_ja": "",
        "u_front_road_width_ja": "",
        "front_road_type_name_ja": "",
        "land_use_name_ja": "準工業地域",
        "u_building_coverage_ratio_ja": "",
        "u_floor_area_ratio_ja": "",
        "remark_name_ja": "",
        "future_use_purpose_name_ja": "",
        "remark_renovation_name_ja": ""
      }
    },
    {
      "type": "Feature",
      "geometry": {
        "type": "Point",
        "coordinates": [
          139.4137465953827,
          35.69791759433913
        ]
      },
      "properties": {
        "point_in_time_name_ja": "2025年第4四半期",
        "land_type_name_ja": "中古マンション等",
        "price_information_category_name_ja": "成約価格情報",
        "prefecture_name_ja": "東京都",
        "city_code": "13202",
        "city_name_ja": "立川市",
        "district_code": "132020010",
        "district_name_ja": "曙町",
        "use_category_name_ja": "",
        "u_transaction_price_total_ja": "5,700万円",
        "u_transaction_price_unit_price_square_meter_ja": "",
        "u_unit_price_per_tsubo_ja": "",
        "u_area_ja": "75㎡",
        "land_shape_name_ja": "",
        "u_land_frontage_ja": "",
        "building_use_name_ja": "",
        "building_structure_name_ja": "ＳＲＣ",
        "floor_plan_name_ja": "３ＬＤＫ",
        "u_building_total_floor_area_ja": "",
        "u_construction_year_ja": "1998年",
        "front_road_azimuth_name_ja": "",
        "u_front_road_width_ja": "",
        "front_road_type_name_ja": "",
        "land_use_name_ja": "商業地域",
        "u_building_coverage_ratio_ja": "",
        "u_floor_area_ratio_ja": "",
        "remark_name_ja": "",
        "future_use_purpose_name_ja": "",
        "remark_renovation_name_ja": ""
      }
    },
    {
      "type": "Feature",
      "geometry": {
        "type": "Point",
        "coordinates": [
          139.4137465953827,
          35.69791759433913
        ]
      },
      "properties": {
        "point_in_time_name_ja": "2025年第4四半期",
        "land_type_name_ja": "中古マンション等",
        "price_information_category_name_ja": "成約価格情報",
        "prefecture_name_ja": "東京都",
        "city_code": "13202",
        "city_name_ja": "立川市",
        "district_code": "132020010",
        "district_name_ja": "曙町",
        "use_category_name_ja": "",
        "u_transaction_price_total_ja": "5,100万円",
        "u_transaction_price_unit_price_square_meter_ja": "",
        "u_unit_price_per_tsubo_ja": "",
        "u_area_ja": "65㎡",
        "land_shape_name_ja": "",
        "u_land_frontage_ja": "",
        "building_use_name_ja": "",
        "building_structure_name_ja": "ＳＲＣ",
        "floor_plan_name_ja": "２ＬＤＫ",
        "u_building_total_floor_area_ja": "",
        "u_construction_year_ja": "1998年",
        "front_road_azimuth_name_ja": "",
        "u_front_road_width_ja": "",
        "front_road_type_name_ja": "",
        "land_use_name_ja": "商業地域",
        "u_building_coverage_ratio_ja": "",
        "u_floor_area_ratio_ja": "",
        "remark_name_ja": "",
        "future_use_purpose_name_ja": "",
        "remark_renovation_name_ja": ""
      }
    },
    {
      "type": "Feature",
      "geometry": {
        "type": "Point",
        "coordinates": [
          139.4137465953827,
          35.69791759433913
        ]
      },
      "properties": {
        "point_in_time_name_ja": "2025年第4四半期",
        "land_type_name_ja": "中古マンション等",
        "price_information_category_name_ja": "成約価格情報",
        "prefecture_name_ja": "東京都",
        "city_code": "13202",
        "city_name_ja": "立川市",
        "district_code": "132020110",
        "district_name_ja": "錦町",
        "use_category_name_ja": "",
        "u_transaction_price_total_ja": "310万円",
        "u_transaction_price_unit_price_square_meter_ja": "",
        "u_unit_price_per_tsubo_ja": "",
        "u_area_ja": "15㎡",
        "land_shape_name_ja": "",
        "u_land_frontage_ja": "",
        "building_use_name_ja": "",
        "building_structure_name_ja": "ＲＣ",
        "floor_plan_name_ja": "１Ｒ",
        "u_building_total_floor_area_ja": "",
        "u_construction_year_ja": "1982年",
        "front_road_azimuth_name_ja": "",
        "u_front_road_width_ja": "",
        "front_road_type_name_ja": "",
        "land_use_name_ja": "商業地域",
        "u_building_coverage_ratio_ja": "",
        "u_floor_area_ratio_ja": "",
        "remark_name_ja": "",
        "future_use_purpose_name_ja": "",
        "remark_renovation_name_ja": ""
      }
    },
    {
      "type": "Feature",
      "geometry": {
        "type": "Point",
        "coordinates": [
          139.4137465953827,
          35.69791759433913
        ]
      },
      "properties": {
        "point_in_time_name_ja": "2025年第4四半期",
        "land_type_name_ja": "中古マンション等",
        "price_information_category_name_ja": "成約価格情報",
        "prefecture_name_ja": "東京都",
        "city_code": "13202",
        "city_name_ja": "立川市",
        "district_code": "132020110",
        "district_name_ja": "錦町",
        "use_category_name_ja": "",
        "u_transaction_price_total_ja": "320万円",
        "u_transaction_price_unit_price_square_meter_ja": "",
        "u_unit_price_per_tsubo_ja": "",
        "u_area_ja": "15㎡",
        "land_shape_name_ja": "",
        "u_land_frontage_ja": "",
        "building_use_name_ja": "",
        "building_structure_name_ja": "ＲＣ",
        "floor_plan_name_ja": "１Ｒ",
        "u_building_total_floor_area_ja": "",
        "u_construction_year_ja": "1982年",
        "front_road_azimuth_name_ja": "",
        "u_front_road_width_ja": "",
        "front_road_type_name_ja": "",
        "land_use_name_ja": "商業地域",
        "u_building_coverage_ratio_ja": "",
        "u_floor_area_ratio_ja": "",
        "remark_name_ja": "",
        "future_use_purpose_name_ja": "",
        "remark_renovation_name_ja": ""
      }
    },
    {
      "type": "Feature",
      "geometry": {
        "type": "Point",
        "coordinates": [
          139.4137465953827,
          35.69791759433913
        ]
      },
      "properties": {
        "point_in_time_name_ja": "2025年第4四半期",
        "land_type_name_ja": "中古マンション等",
        "price_information_category_name_ja": "成約価格情報",
        "prefecture_name_ja": "東京都",
        "city_code": "13202",
        "city_name_ja": "立川市",
        "district_code": "132020110",
        "district_name_ja": "錦町",
        "use_category_name_ja": "",
        "u_transaction_price_total_ja": "2,200万円",
        "u_transaction_price_unit_price_square_meter_ja": "",
        "u_unit_price_per_tsubo_ja": "",
        "u_area_ja": "25㎡",
        "land_shape_name_ja": "",
        "u_land_frontage_ja": "",
        "building_use_name_ja": "",
        "building_structure_name_ja": "ＲＣ",
        "floor_plan_name_ja": "１Ｋ",
        "u_building_total_floor_area_ja": "",
        "u_construction_year_ja": "2020年",
        "front_road_azimuth_name_ja": "",
        "u_front_road_width_ja": "",
        "front_road_type_name_ja": "",
        "land_use_name_ja": "商業地域",
        "u_building_coverage_ratio_ja": "",
        "u_floor_area_ratio_ja": "",
        "remark_name_ja": "",
        "future_use_purpose_name_ja": "",
        "remark_renovation_name_ja": ""
      }
    },
    {
      "type": "Feature",
      "geometry": {
        "type": "Point",
        "coordinates": [
          139.4137465953827,
          35.69791759433913
        ]
      },
      "properties": {
        "point_in_time_name_ja": "2025年第4四半期",
        "land_type_name_ja": "中古マンション等",
        "price_information_category_name_ja": "成約価格情報",
        "prefecture_name_ja": "東京都",
        "city_code": "13202",
        "city_name_ja": "立川市",
        "district_code": "132020110",
        "district_name_ja": "錦町",
        "use_category_name_ja": "",
        "u_transaction_price_total_ja": "3,800万円",
        "u_transaction_price_unit_price_square_meter_ja": "",
        "u_unit_price_per_tsubo_ja": "",
        "u_area_ja": "60㎡",
        "land_shape_name_ja": "",
        "u_land_frontage_ja": "",
        "building_use_name_ja": "",
        "building_structure_name_ja": "ＳＲＣ",
        "floor_plan_name_ja": "２ＬＤＫ",
        "u_building_total_floor_area_ja": "",
        "u_construction_year_ja": "1983年",
        "front_road_azimuth_name_ja": "",
        "u_front_road_width_ja": "",
        "front_road_type_name_ja": "",
        "land_use_name_ja": "商業地域",
        "u_building_coverage_ratio_ja": "",
        "u_floor_area_ratio_ja": "",
        "remark_name_ja": "",
        "future_use_purpose_name_ja": "",
        "remark_renovation_name_ja": ""
      }
    },
    {
      "type": "Feature",
      "geometry": {
        "type": "Point",
        "coordinates": [
          139.4137465953827,
          35.69791759433913
        ]
      },
      "properties": {
        "point_in_time_name_ja": "2025年第4四半期",
        "land_type_name_ja": "中古マンション等",
        "price_information_category_name_ja": "成約価格情報",
        "prefecture_name_ja": "東京都",
        "city_code": "13202",
        "city_name_ja": "立川市",
        "district_code": "132020110",
        "district_name_ja": "錦町",
        "use_category_name_ja": "",
        "u_transaction_price_total_ja": "700万円",
        "u_transaction_price_unit_price_square_meter_ja": "",
        "u_unit_price_per_tsubo_ja": "",
        "u_area_ja": "40㎡",
        "land_shape_name_ja": "",
        "u_land_frontage_ja": "",
        "building_use_name_ja": "",
        "building_structure_name_ja": "ＳＲＣ",
        "floor_plan_name_ja": "１ＤＫ",
        "u_building_total_floor_area_ja": "",
        "u_construction_year_ja": "1972年",
        "front_road_azimuth_name_ja": "",
        "u_front_road_width_ja": "",
        "front_road_type_name_ja": "",
        "land_use_name_ja": "準工業地域",
        "u_building_coverage_ratio_ja": "",
        "u_floor_area_ratio_ja": "",
        "remark_name_ja": "",
        "future_use_purpose_name_ja": "",
        "remark_renovation_name_ja": ""
      }
    },
    {
      "type": "Feature",
      "geometry": {
        "type": "Point",
        "coordinates": [
          139.4137465953827,
          35.69791759433913
        ]
      },
      "properties": {
        "point_in_time_name_ja": "2025年第4四半期",
        "land_type_name_ja": "中古マンション等",
        "price_information_category_name_ja": "成約価格情報",
        "prefecture_name_ja": "東京都",
        "city_code": "13202",
        "city_name_ja": "立川市",
        "district_code": "132020110",
        "district_name_ja": "錦町",
        "use_category_name_ja": "",
        "u_transaction_price_total_ja": "2,800万円",
        "u_transaction_price_unit_price_square_meter_ja": "",
        "u_unit_price_per_tsubo_ja": "",
        "u_area_ja": "55㎡",
        "land_shape_name_ja": "",
        "u_land_frontage_ja": "",
        "building_use_name_ja": "",
        "building_structure_name_ja": "ＲＣ",
        "floor_plan_name_ja": "２ＬＤＫ",
        "u_building_total_floor_area_ja": "",
        "u_construction_year_ja": "1985年",
        "front_road_azimuth_name_ja": "",
        "u_front_road_width_ja": "",
        "front_road_type_name_ja": "",
        "land_use_name_ja": "準工業地域",
        "u_building_coverage_ratio_ja": "",
        "u_floor_area_ratio_ja": "",
        "remark_name_ja": "",
        "future_use_purpose_name_ja": "",
        "remark_renovation_name_ja": ""
      }
    },
    {
      "type": "Feature",
      "geometry": {
        "type": "Point",
        "coordinates": [
          139.4137465953827,
          35.69791759433913
        ]
      },
      "properties": {
        "point_in_time_name_ja": "2025年第4四半期",
        "land_type_name_ja": "中古マンション等",
        "price_information_category_name_ja": "成約価格情報",
        "prefecture_name_ja": "東京都",
        "city_code": "13202",
        "city_name_ja": "立川市",
        "district_code": "132020110",
        "district_name_ja": "錦町",
        "use_category_name_ja": "",
        "u_transaction_price_total_ja": "3,600万円",
        "u_transaction_price_unit_price_square_meter_ja": "",
        "u_unit_price_per_tsubo_ja": "",
        "u_area_ja": "70㎡",
        "land_shape_name_ja": "",
        "u_land_frontage_ja": "",
        "building_use_name_ja": "",
        "building_structure_name_ja": "ＲＣ",
        "floor_plan_name_ja": "３ＬＤＫ",
        "u_building_total_floor_area_ja": "",
        "u_construction_year_ja": "2006年",
        "front_road_azimuth_name_ja": "",
        "u_front_road_width_ja": "",
        "front_road_type_name_ja": "",
        "land_use_name_ja": "準工業地域",
        "u_building_coverage_ratio_ja": "",
        "u_floor_area_ratio_ja": "",
        "remark_name_ja": "",
        "future_use_purpose_name_ja": "",
        "remark_renovation_name_ja": ""
      }
    },
    {
      "type": "Feature",
      "geometry": {
        "type": "Point",
        "coordinates": [
          139.4137465953827,
          35.69791759433913
        ]
      },
      "properties": {
        "point_in_time_name_ja": "2025年第4四半期",
        "land_type_name_ja": "中古マンション等",
        "price_information_category_name_ja": "成約価格情報",
        "prefecture_name_ja": "東京都",
        "city_code": "13202",
        "city_name_ja": "立川市",
        "district_code": "132020110",
        "district_name_ja": "錦町",
        "use_category_name_ja": "",
        "u_transaction_price_total_ja": "7,000万円",
        "u_transaction_price_unit_price_square_meter_ja": "",
        "u_unit_price_per_tsubo_ja": "",
        "u_area_ja": "75㎡",
        "land_shape_name_ja": "",
        "u_land_frontage_ja": "",
        "building_use_name_ja": "",
        "building_structure_name_ja": "ＲＣ",
        "floor_plan_name_ja": "３ＬＤＫ",
        "u_building_total_floor_area_ja": "",
        "u_construction_year_ja": "2018年",
        "front_road_azimuth_name_ja": "",
        "u_front_road_width_ja": "",
        "front_road_type_name_ja": "",
        "land_use_name_ja": "第１種中高層住居専用地域",
        "u_building_coverage_ratio_ja": "",
        "u_floor_area_ratio_ja": "",
        "remark_name_ja": "",
        "future_use_purpose_name_ja": "",
        "remark_renovation_name_ja": ""
      }
    },
    {
      "type": "Feature",
      "geometry": {
        "type": "Point",
        "coordinates": [
          139.4137465953827,
          35.69791759433913
        ]
      },
      "properties": {
        "point_in_time_name_ja": "2025年第4四半期",
        "land_type_name_ja": "中古マンション等",
        "price_information_category_name_ja": "成約価格情報",
        "prefecture_name_ja": "東京都",
        "city_code": "13202",
        "city_name_ja": "立川市",
        "district_code": "132020110",
        "district_name_ja": "錦町",
        "use_category_name_ja": "",
        "u_transaction_price_total_ja": "4,300万円",
        "u_transaction_price_unit_price_square_meter_ja": "",
        "u_unit_price_per_tsubo_ja": "",
        "u_area_ja": "70㎡",
        "land_shape_name_ja": "",
        "u_land_frontage_ja": "",
        "building_use_name_ja": "",
        "building_structure_name_ja": "ＲＣ",
        "floor_plan_name_ja": "２ＬＤＫ",
        "u_building_total_floor_area_ja": "",
        "u_construction_year_ja": "2015年",
        "front_road_azimuth_name_ja": "",
        "u_front_road_width_ja": "",
        "front_road_type_name_ja": "",
        "land_use_name_ja": "準工業地域",
        "u_building_coverage_ratio_ja": "",
        "u_floor_area_ratio_ja": "",
        "remark_name_ja": "",
        "future_use_purpose_name_ja": "",
        "remark_renovation_name_ja": ""
      }
    },
    {
      "type": "Feature",
      "geometry": {
        "type": "Point",
        "coordinates": [
          139.4137465953827,
          35.69791759433913
        ]
      },
      "properties": {
        "point_in_time_name_ja": "2025年第4四半期",
        "land_type_name_ja": "中古マンション等",
        "price_information_category_name_ja": "成約価格情報",
        "prefecture_name_ja": "東京都",
        "city_code": "13202",
        "city_name_ja": "立川市",
        "district_code": "132020110",
        "district_name_ja": "錦町",
        "use_category_name_ja": "",
        "u_transaction_price_total_ja": "5,200万円",
        "u_transaction_price_unit_price_square_meter_ja": "",
        "u_unit_price_per_tsubo_ja": "",
        "u_area_ja": "65㎡",
        "land_shape_name_ja": "",
        "u_land_frontage_ja": "",
        "building_use_name_ja": "",
        "building_structure_name_ja": "ＲＣ",
        "floor_plan_name_ja": "２ＬＤＫ",
        "u_building_total_floor_area_ja": "",
        "u_construction_year_ja": "2006年",
        "front_road_azimuth_name_ja": "",
        "u_front_road_width_ja": "",
        "front_road_type_name_ja": "",
        "land_use_name_ja": "商業地域",
        "u_building_coverage_ratio_ja": "",
        "u_floor_area_ratio_ja": "",
        "remark_name_ja": "",
        "future_use_purpose_name_ja": "",
        "remark_renovation_name_ja": ""
      }
    },
    {
      "type": "Feature",
      "geometry": {
        "type": "Point",
        "coordinates": [
          139.4137465953827,
          35.69791759433913
        ]
      },
      "properties": {
        "point_in_time_name_ja": "2025年第4四半期",
        "land_type_name_ja": "中古マンション等",
        "price_information_category_name_ja": "成約価格情報",
        "prefecture_name_ja": "東京都",
        "city_code": "13202",
        "city_name_ja": "立川市",
        "district_code": "132020110",
        "district_name_ja": "錦町",
        "use_category_name_ja": "",
        "u_transaction_price_total_ja": "5,400万円",
        "u_transaction_price_unit_price_square_meter_ja": "",
        "u_unit_price_per_tsubo_ja": "",
        "u_area_ja": "60㎡",
        "land_shape_name_ja": "",
        "u_land_frontage_ja": "",
        "building_use_name_ja": "",
        "building_structure_name_ja": "ＲＣ",
        "floor_plan_name_ja": "２ＬＤＫ＋Ｓ",
        "u_building_total_floor_area_ja": "",
        "u_construction_year_ja": "2015年",
        "front_road_azimuth_name_ja": "",
        "u_front_road_width_ja": "",
        "front_road_type_name_ja": "",
        "land_use_name_ja": "商業地域",
        "u_building_coverage_ratio_ja": "",
        "u_floor_area_ratio_ja": "",
        "remark_name_ja": "",
        "future_use_purpose_name_ja": "",
        "remark_renovation_name_ja": ""
      }
    },
    {
      "type": "Feature",
      "geometry": {
        "type": "Point",
        "coordinates": [
          139.4137465953827,
          35.69791759433913
        ]
      },
      "properties": {
        "point_in_time_name_ja": "2025年第4四半期",
        "land_type_name_ja": "中古マンション等",
        "price_information_category_name_ja": "成約価格情報",
        "prefecture_name_ja": "東京都",
        "city_code": "13202",
        "city_name_ja": "立川市",
        "district_code": "132020110",
        "district_name_ja": "錦町",
        "use_category_name_ja": "",
        "u_transaction_price_total_ja": "3,100万円",
        "u_transaction_price_unit_price_square_meter_ja": "",
        "u_unit_price_per_tsubo_ja": "",
        "u_area_ja": "55㎡",
        "land_shape_name_ja": "",
        "u_land_frontage_ja": "",
        "building_use_name_ja": "",
        "building_structure_name_ja": "ＲＣ",
        "floor_plan_name_ja": "２ＬＤＫ",
        "u_building_total_floor_area_ja": "",
        "u_construction_year_ja": "1987年",
        "front_road_azimuth_name_ja": "",
        "u_front_road_width_ja": "",
        "front_road_type_name_ja": "",
        "land_use_name_ja": "商業地域",
        "u_building_coverage_ratio_ja": "",
        "u_floor_area_ratio_ja": "",
        "remark_name_ja": "",
        "future_use_purpose_name_ja": "",
        "remark_renovation_name_ja": ""
      }
    },
    {
      "type": "Feature",
      "geometry": {
        "type": "Point",
        "coordinates": [
          139.4137465953827,
          35.69791759433913
        ]
      },
      "properties": {
        "point_in_time_name_ja": "2025年第4四半期",
        "land_type_name_ja": "中古マンション等",
        "price_information_category_name_ja": "成約価格情報",
        "prefecture_name_ja": "東京都",
        "city_code": "13202",
        "city_name_ja": "立川市",
        "district_code": "132020110",
        "district_name_ja": "錦町",
        "use_category_name_ja": "",
        "u_transaction_price_total_ja": "450万円",
        "u_transaction_price_unit_price_square_meter_ja": "",
        "u_unit_price_per_tsubo_ja": "",
        "u_area_ja": "15㎡",
        "land_shape_name_ja": "",
        "u_land_frontage_ja": "",
        "building_use_name_ja": "",
        "building_structure_name_ja": "ＲＣ",
        "floor_plan_name_ja": "１Ｒ",
        "u_building_total_floor_area_ja": "",
        "u_construction_year_ja": "1982年",
        "front_road_azimuth_name_ja": "",
        "u_front_road_width_ja": "",
        "front_road_type_name_ja": "",
        "land_use_name_ja": "商業地域",
        "u_building_coverage_ratio_ja": "",
        "u_floor_area_ratio_ja": "",
        "remark_name_ja": "",
        "future_use_purpose_name_ja": "",
        "remark_renovation_name_ja": ""
      }
    },
    {
      "type": "Feature",
      "geometry": {
        "type": "Point",
        "coordinates": [
          139.4137465953827,
          35.69791759433913
        ]
      },
      "properties": {
        "point_in_time_name_ja": "2025年第4四半期",
        "land_type_name_ja": "中古マンション等",
        "price_information_category_name_ja": "成約価格情報",
        "prefecture_name_ja": "東京都",
        "city_code": "13202",
        "city_name_ja": "立川市",
        "district_code": "132020110",
        "district_name_ja": "錦町",
        "use_category_name_ja": "",
        "u_transaction_price_total_ja": "5,900万円",
        "u_transaction_price_unit_price_square_meter_ja": "",
        "u_unit_price_per_tsubo_ja": "",
        "u_area_ja": "50㎡",
        "land_shape_name_ja": "",
        "u_land_frontage_ja": "",
        "building_use_name_ja": "",
        "building_structure_name_ja": "ＳＲＣ",
        "floor_plan_name_ja": "１ＬＤＫ",
        "u_building_total_floor_area_ja": "",
        "u_construction_year_ja": "2024年",
        "front_road_azimuth_name_ja": "",
        "u_front_road_width_ja": "",
        "front_road_type_name_ja": "",
        "land_use_name_ja": "商業地域",
        "u_building_coverage_ratio_ja": "",
        "u_floor_area_ratio_ja": "",
        "remark_name_ja": "",
        "future_use_purpose_name_ja": "",
        "remark_renovation_name_ja": ""
      }
    },
    {
      "type": "Feature",
      "geometry": {
        "type": "Point",
        "coordinates": [
          139.4137465953827,
          35.69791759433913
        ]
      },
      "properties": {
        "point_in_time_name_ja": "2025年第4四半期",
        "land_type_name_ja": "中古マンション等",
        "price_information_category_name_ja": "成約価格情報",
        "prefecture_name_ja": "東京都",
        "city_code": "13202",
        "city_name_ja": "立川市",
        "district_code": "132020110",
        "district_name_ja": "錦町",
        "use_category_name_ja": "",
        "u_transaction_price_total_ja": "3,800万円",
        "u_transaction_price_unit_price_square_meter_ja": "",
        "u_unit_price_per_tsubo_ja": "",
        "u_area_ja": "65㎡",
        "land_shape_name_ja": "",
        "u_land_frontage_ja": "",
        "building_use_name_ja": "",
        "building_structure_name_ja": "ＳＲＣ",
        "floor_plan_name_ja": "３ＬＤＫ",
        "u_building_total_floor_area_ja": "",
        "u_construction_year_ja": "1995年",
        "front_road_azimuth_name_ja": "",
        "u_front_road_width_ja": "",
        "front_road_type_name_ja": "",
        "land_use_name_ja": "近隣商業地域",
        "u_building_coverage_ratio_ja": "",
        "u_floor_area_ratio_ja": "",
        "remark_name_ja": "",
        "future_use_purpose_name_ja": "",
        "remark_renovation_name_ja": ""
      }
    },
    {
      "type": "Feature",
      "geometry": {
        "type": "Point",
        "coordinates": [
          139.4137465953827,
          35.69791759433913
        ]
      },
      "properties": {
        "point_in_time_name_ja": "2025年第4四半期",
        "land_type_name_ja": "中古マンション等",
        "price_information_category_name_ja": "成約価格情報",
        "prefecture_name_ja": "東京都",
        "city_code": "13202",
        "city_name_ja": "立川市",
        "district_code": "132020110",
        "district_name_ja": "錦町",
        "use_category_name_ja": "",
        "u_transaction_price_total_ja": "3,800万円",
        "u_transaction_price_unit_price_square_meter_ja": "",
        "u_unit_price_per_tsubo_ja": "",
        "u_area_ja": "65㎡",
        "land_shape_name_ja": "",
        "u_land_frontage_ja": "",
        "building_use_name_ja": "",
        "building_structure_name_ja": "ＳＲＣ",
        "floor_plan_name_ja": "３ＬＤＫ",
        "u_building_total_floor_area_ja": "",
        "u_construction_year_ja": "1995年",
        "front_road_azimuth_name_ja": "",
        "u_front_road_width_ja": "",
        "front_road_type_name_ja": "",
        "land_use_name_ja": "商業地域",
        "u_building_coverage_ratio_ja": "",
        "u_floor_area_ratio_ja": "",
        "remark_name_ja": "",
        "future_use_purpose_name_ja": "",
        "remark_renovation_name_ja": ""
      }
    },
    {
      "type": "Feature",
      "geometry": {
        "type": "Point",
        "coordinates": [
          139.4137465953827,
          35.69791759433913
        ]
      },
      "properties": {
        "point_in_time_name_ja": "2025年第4四半期",
        "land_type_name_ja": "中古マンション等",
        "price_information_category_name_ja": "成約価格情報",
        "prefecture_name_ja": "東京都",
        "city_code": "13202",
        "city_name_ja": "立川市",
        "district_code": "132020130",
        "district_name_ja": "羽衣町",
        "use_category_name_ja": "",
        "u_transaction_price_total_ja": "3,700万円",
        "u_transaction_price_unit_price_square_meter_ja": "",
        "u_unit_price_per_tsubo_ja": "",
        "u_area_ja": "60㎡",
        "land_shape_name_ja": "",
        "u_land_frontage_ja": "",
        "building_use_name_ja": "",
        "building_structure_name_ja": "ＲＣ",
        "floor_plan_name_ja": "３ＬＤＫ",
        "u_building_total_floor_area_ja": "",
        "u_construction_year_ja": "1998年",
        "front_road_azimuth_name_ja": "",
        "u_front_road_width_ja": "",
        "front_road_type_name_ja": "",
        "land_use_name_ja": "商業地域",
        "u_building_coverage_ratio_ja": "",
        "u_floor_area_ratio_ja": "",
        "remark_name_ja": "",
        "future_use_purpose_name_ja": "",
        "remark_renovation_name_ja": ""
      }
    },
    {
      "type": "Feature",
      "geometry": {
        "type": "Point",
        "coordinates": [
          139.4137465953827,
          35.69791759433913
        ]
      },
      "properties": {
        "point_in_time_name_ja": "2025年第1四半期",
        "land_type_name_ja": "中古マンション等",
        "price_information_category_name_ja": "成約価格情報",
        "prefecture_name_ja": "東京都",
        "city_code": "13202",
        "city_name_ja": "立川市",
        "district_code": "132020100",
        "district_name_ja": "高松町",
        "use_category_name_ja": "",
        "u_transaction_price_total_ja": "4,700万円",
        "u_transaction_price_unit_price_square_meter_ja": "",
        "u_unit_price_per_tsubo_ja": "",
        "u_area_ja": "70㎡",
        "land_shape_name_ja": "",
        "u_land_frontage_ja": "",
        "building_use_name_ja": "",
        "building_structure_name_ja": "ＲＣ",
        "floor_plan_name_ja": "３ＬＤＫ",
        "u_building_total_floor_area_ja": "",
        "u_construction_year_ja": "2002年",
        "front_road_azimuth_name_ja": "",
        "u_front_road_width_ja": "",
        "front_road_type_name_ja": "",
        "land_use_name_ja": "商業地域",
        "u_building_coverage_ratio_ja": "",
        "u_floor_area_ratio_ja": "",
        "remark_name_ja": "",
        "future_use_purpose_name_ja": "",
        "remark_renovation_name_ja": ""
      }
    },
    {
      "type": "Feature",
      "geometry": {
        "type": "Point",
        "coordinates": [
          139.4137465953827,
          35.69791759433913
        ]
      },
      "properties": {
        "point_in_time_name_ja": "2025年第2四半期",
        "land_type_name_ja": "中古マンション等",
        "price_information_category_name_ja": "成約価格情報",
        "prefecture_name_ja": "東京都",
        "city_code": "13202",
        "city_name_ja": "立川市",
        "district_code": "132020080",
        "district_name_ja": "柴崎町",
        "use_category_name_ja": "",
        "u_transaction_price_total_ja": "5,000万円",
        "u_transaction_price_unit_price_square_meter_ja": "",
        "u_unit_price_per_tsubo_ja": "",
        "u_area_ja": "55㎡",
        "land_shape_name_ja": "",
        "u_land_frontage_ja": "",
        "building_use_name_ja": "",
        "building_structure_name_ja": "ＲＣ",
        "floor_plan_name_ja": "２ＬＤＫ",
        "u_building_total_floor_area_ja": "",
        "u_construction_year_ja": "2012年",
        "front_road_azimuth_name_ja": "",
        "u_front_road_width_ja": "",
        "front_road_type_name_ja": "",
        "land_use_name_ja": "商業地域",
        "u_building_coverage_ratio_ja": "",
        "u_floor_area_ratio_ja": "",
        "remark_name_ja": "",
        "future_use_purpose_name_ja": "",
        "remark_renovation_name_ja": ""
      }
    },
    {
      "type": "Feature",
      "geometry": {
        "type": "Point",
        "coordinates": [
          139.4137465953827,
          35.69791759433913
        ]
      },
      "properties": {
        "point_in_time_name_ja": "2025年第2四半期",
        "land_type_name_ja": "中古マンション等",
        "price_information_category_name_ja": "成約価格情報",
        "prefecture_name_ja": "東京都",
        "city_code": "13202",
        "city_name_ja": "立川市",
        "district_code": "132020100",
        "district_name_ja": "高松町",
        "use_category_name_ja": "",
        "u_transaction_price_total_ja": "5,400万円",
        "u_transaction_price_unit_price_square_meter_ja": "",
        "u_unit_price_per_tsubo_ja": "",
        "u_area_ja": "70㎡",
        "land_shape_name_ja": "",
        "u_land_frontage_ja": "",
        "building_use_name_ja": "",
        "building_structure_name_ja": "ＲＣ",
        "floor_plan_name_ja": "３ＬＤＫ",
        "u_building_total_floor_area_ja": "",
        "u_construction_year_ja": "2016年",
        "front_road_azimuth_name_ja": "",
        "u_front_road_width_ja": "",
        "front_road_type_name_ja": "",
        "land_use_name_ja": "準工業地域",
        "u_building_coverage_ratio_ja": "",
        "u_floor_area_ratio_ja": "",
        "remark_name_ja": "",
        "future_use_purpose_name_ja": "",
        "remark_renovation_name_ja": ""
      }
    },
    {
      "type": "Feature",
      "geometry": {
        "type": "Point",
        "coordinates": [
          139.4137465953827,
          35.69791759433913
        ]
      },
      "properties": {
        "point_in_time_name_ja": "2025年第2四半期",
        "land_type_name_ja": "中古マンション等",
        "price_information_category_name_ja": "成約価格情報",
        "prefecture_name_ja": "東京都",
        "city_code": "13202",
        "city_name_ja": "立川市",
        "district_code": "132020100",
        "district_name_ja": "高松町",
        "use_category_name_ja": "",
        "u_transaction_price_total_ja": "3,600万円",
        "u_transaction_price_unit_price_square_meter_ja": "",
        "u_unit_price_per_tsubo_ja": "",
        "u_area_ja": "65㎡",
        "land_shape_name_ja": "",
        "u_land_frontage_ja": "",
        "building_use_name_ja": "",
        "building_structure_name_ja": "ＳＲＣ",
        "floor_plan_name_ja": "２ＬＤＫ",
        "u_building_total_floor_area_ja": "",
        "u_construction_year_ja": "1991年",
        "front_road_azimuth_name_ja": "",
        "u_front_road_width_ja": "",
        "front_road_type_name_ja": "",
        "land_use_name_ja": "商業地域",
        "u_building_coverage_ratio_ja": "",
        "u_floor_area_ratio_ja": "",
        "remark_name_ja": "",
        "future_use_purpose_name_ja": "",
        "remark_renovation_name_ja": ""
      }
    },
    {
      "type": "Feature",
      "geometry": {
        "type": "Point",
        "coordinates": [
          139.4137465953827,
          35.69791759433913
        ]
      },
      "properties": {
        "point_in_time_name_ja": "2025年第2四半期",
        "land_type_name_ja": "中古マンション等",
        "price_information_category_name_ja": "成約価格情報",
        "prefecture_name_ja": "東京都",
        "city_code": "13202",
        "city_name_ja": "立川市",
        "district_code": "132020100",
        "district_name_ja": "高松町",
        "use_category_name_ja": "",
        "u_transaction_price_total_ja": "3,500万円",
        "u_transaction_price_unit_price_square_meter_ja": "",
        "u_unit_price_per_tsubo_ja": "",
        "u_area_ja": "65㎡",
        "land_shape_name_ja": "",
        "u_land_frontage_ja": "",
        "building_use_name_ja": "",
        "building_structure_name_ja": "ＲＣ",
        "floor_plan_name_ja": "２ＬＤＫ＋Ｓ",
        "u_building_total_floor_area_ja": "",
        "u_construction_year_ja": "1995年",
        "front_road_azimuth_name_ja": "",
        "u_front_road_width_ja": "",
        "front_road_type_name_ja": "",
        "land_use_name_ja": "商業地域",
        "u_building_coverage_ratio_ja": "",
        "u_floor_area_ratio_ja": "",
        "remark_name_ja": "",
        "future_use_purpose_name_ja": "",
        "remark_renovation_name_ja": ""
      }
    },
    {
      "type": "Feature",
      "geometry": {
        "type": "Point",
        "coordinates": [
          139.4137465953827,
          35.69791759433913
        ]
      },
      "properties": {
        "point_in_time_name_ja": "2025年第2四半期",
        "land_type_name_ja": "中古マンション等",
        "price_information_category_name_ja": "成約価格情報",
        "prefecture_name_ja": "東京都",
        "city_code": "13202",
        "city_name_ja": "立川市",
        "district_code": "132020100",
        "district_name_ja": "高松町",
        "use_category_name_ja": "",
        "u_transaction_price_total_ja": "6,400万円",
        "u_transaction_price_unit_price_square_meter_ja": "",
        "u_unit_price_per_tsubo_ja": "",
        "u_area_ja": "80㎡",
        "land_shape_name_ja": "",
        "u_land_frontage_ja": "",
        "building_use_name_ja": "",
        "building_structure_name_ja": "ＲＣ",
        "floor_plan_name_ja": "３ＬＤＫ",
        "u_building_total_floor_area_ja": "",
        "u_construction_year_ja": "2016年",
        "front_road_azimuth_name_ja": "",
        "u_front_road_width_ja": "",
        "front_road_type_name_ja": "",
        "land_use_name_ja": "準工業地域",
        "u_building_coverage_ratio_ja": "",
        "u_floor_area_ratio_ja": "",
        "remark_name_ja": "",
        "future_use_purpose_name_ja": "",
        "remark_renovation_name_ja": ""
      }
    },
    {
      "type": "Feature",
      "geometry": {
        "type": "Point",
        "coordinates": [
          139.4137465953827,
          35.69791759433913
        ]
      },
      "properties": {
        "point_in_time_name_ja": "2025年第2四半期",
        "land_type_name_ja": "中古マンション等",
        "price_information_category_name_ja": "成約価格情報",
        "prefecture_name_ja": "東京都",
        "city_code": "13202",
        "city_name_ja": "立川市",
        "district_code": "132020100",
        "district_name_ja": "高松町",
        "use_category_name_ja": "",
        "u_transaction_price_total_ja": "2,000万円",
        "u_transaction_price_unit_price_square_meter_ja": "",
        "u_unit_price_per_tsubo_ja": "",
        "u_area_ja": "25㎡",
        "land_shape_name_ja": "",
        "u_land_frontage_ja": "",
        "building_use_name_ja": "",
        "building_structure_name_ja": "ＲＣ",
        "floor_plan_name_ja": "１Ｋ",
        "u_building_total_floor_area_ja": "",
        "u_construction_year_ja": "2016年",
        "front_road_azimuth_name_ja": "",
        "u_front_road_width_ja": "",
        "front_road_type_name_ja": "",
        "land_use_name_ja": "近隣商業地域",
        "u_building_coverage_ratio_ja": "",
        "u_floor_area_ratio_ja": "",
        "remark_name_ja": "",
        "future_use_purpose_name_ja": "",
        "remark_renovation_name_ja": ""
      }
    },
    {
      "type": "Feature",
      "geometry": {
        "type": "Point",
        "coordinates": [
          139.4137465953827,
          35.69791759433913
        ]
      },
      "properties": {
        "point_in_time_name_ja": "2025年第2四半期",
        "land_type_name_ja": "中古マンション等",
        "price_information_category_name_ja": "成約価格情報",
        "prefecture_name_ja": "東京都",
        "city_code": "13202",
        "city_name_ja": "立川市",
        "district_code": "132020100",
        "district_name_ja": "高松町",
        "use_category_name_ja": "",
        "u_transaction_price_total_ja": "3,900万円",
        "u_transaction_price_unit_price_square_meter_ja": "",
        "u_unit_price_per_tsubo_ja": "",
        "u_area_ja": "60㎡",
        "land_shape_name_ja": "",
        "u_land_frontage_ja": "",
        "building_use_name_ja": "",
        "building_structure_name_ja": "ＲＣ",
        "floor_plan_name_ja": "３ＬＤＫ",
        "u_building_total_floor_area_ja": "",
        "u_construction_year_ja": "2005年",
        "front_road_azimuth_name_ja": "",
        "u_front_road_width_ja": "",
        "front_road_type_name_ja": "",
        "land_use_name_ja": "商業地域",
        "u_building_coverage_ratio_ja": "",
        "u_floor_area_ratio_ja": "",
        "remark_name_ja": "",
        "future_use_purpose_name_ja": "",
        "remark_renovation_name_ja": ""
      }
    },
    {
      "type": "Feature",
      "geometry": {
        "type": "Point",
        "coordinates": [
          139.4137465953827,
          35.69791759433913
        ]
      },
      "properties": {
        "point_in_time_name_ja": "2025年第2四半期",
        "land_type_name_ja": "中古マンション等",
        "price_information_category_name_ja": "成約価格情報",
        "prefecture_name_ja": "東京都",
        "city_code": "13202",
        "city_name_ja": "立川市",
        "district_code": "132020100",
        "district_name_ja": "高松町",
        "use_category_name_ja": "",
        "u_transaction_price_total_ja": "6,300万円",
        "u_transaction_price_unit_price_square_meter_ja": "",
        "u_unit_price_per_tsubo_ja": "",
        "u_area_ja": "75㎡",
        "land_shape_name_ja": "",
        "u_land_frontage_ja": "",
        "building_use_name_ja": "",
        "building_structure_name_ja": "ＲＣ",
        "floor_plan_name_ja": "３ＬＤＫ",
        "u_building_total_floor_area_ja": "",
        "u_construction_year_ja": "2016年",
        "front_road_azimuth_name_ja": "",
        "u_front_road_width_ja": "",
        "front_road_type_name_ja": "",
        "land_use_name_ja": "準工業地域",
        "u_building_coverage_ratio_ja": "",
        "u_floor_area_ratio_ja": "",
        "remark_name_ja": "",
        "future_use_purpose_name_ja": "",
        "remark_renovation_name_ja": ""
      }
    },
    {
      "type": "Feature",
      "geometry": {
        "type": "Point",
        "coordinates": [
          139.4137465953827,
          35.69791759433913
        ]
      },
      "properties": {
        "point_in_time_name_ja": "2025年第3四半期",
        "land_type_name_ja": "中古マンション等",
        "price_information_category_name_ja": "成約価格情報",
        "prefecture_name_ja": "東京都",
        "city_code": "13202",
        "city_name_ja": "立川市",
        "district_code": "132020100",
        "district_name_ja": "高松町",
        "use_category_name_ja": "",
        "u_transaction_price_total_ja": "4,900万円",
        "u_transaction_price_unit_price_square_meter_ja": "",
        "u_unit_price_per_tsubo_ja": "",
        "u_area_ja": "70㎡",
        "land_shape_name_ja": "",
        "u_land_frontage_ja": "",
        "building_use_name_ja": "",
        "building_structure_name_ja": "ＳＲＣ",
        "floor_plan_name_ja": "３ＬＤＫ",
        "u_building_total_floor_area_ja": "",
        "u_construction_year_ja": "1997年",
        "front_road_azimuth_name_ja": "",
        "u_front_road_width_ja": "",
        "front_road_type_name_ja": "",
        "land_use_name_ja": "商業地域",
        "u_building_coverage_ratio_ja": "",
        "u_floor_area_ratio_ja": "",
        "remark_name_ja": "",
        "future_use_purpose_name_ja": "",
        "remark_renovation_name_ja": ""
      }
    },
    {
      "type": "Feature",
      "geometry": {
        "type": "Point",
        "coordinates": [
          139.4137465953827,
          35.69791759433913
        ]
      },
      "properties": {
        "point_in_time_name_ja": "2025年第3四半期",
        "land_type_name_ja": "中古マンション等",
        "price_information_category_name_ja": "成約価格情報",
        "prefecture_name_ja": "東京都",
        "city_code": "13202",
        "city_name_ja": "立川市",
        "district_code": "132020100",
        "district_name_ja": "高松町",
        "use_category_name_ja": "",
        "u_transaction_price_total_ja": "6,600万円",
        "u_transaction_price_unit_price_square_meter_ja": "",
        "u_unit_price_per_tsubo_ja": "",
        "u_area_ja": "75㎡",
        "land_shape_name_ja": "",
        "u_land_frontage_ja": "",
        "building_use_name_ja": "",
        "building_structure_name_ja": "ＲＣ",
        "floor_plan_name_ja": "２ＬＤＫ＋Ｓ",
        "u_building_total_floor_area_ja": "",
        "u_construction_year_ja": "2016年",
        "front_road_azimuth_name_ja": "",
        "u_front_road_width_ja": "",
        "front_road_type_name_ja": "",
        "land_use_name_ja": "準工業地域",
        "u_building_coverage_ratio_ja": "",
        "u_floor_area_ratio_ja": "",
        "remark_name_ja": "",
        "future_use_purpose_name_ja": "",
        "remark_renovation_name_ja": ""
      }
    },
    {
      "type": "Feature",
      "geometry": {
        "type": "Point",
        "coordinates": [
          139.4137465953827,
          35.69791759433913
        ]
      },
      "properties": {
        "point_in_time_name_ja": "2025年第3四半期",
        "land_type_name_ja": "中古マンション等",
        "price_information_category_name_ja": "成約価格情報",
        "prefecture_name_ja": "東京都",
        "city_code": "13202",
        "city_name_ja": "立川市",
        "district_code": "132020100",
        "district_name_ja": "高松町",
        "use_category_name_ja": "",
        "u_transaction_price_total_ja": "550万円",
        "u_transaction_price_unit_price_square_meter_ja": "",
        "u_unit_price_per_tsubo_ja": "",
        "u_area_ja": "15㎡",
        "land_shape_name_ja": "",
        "u_land_frontage_ja": "",
        "building_use_name_ja": "",
        "building_structure_name_ja": "ＲＣ",
        "floor_plan_name_ja": "１Ｒ",
        "u_building_total_floor_area_ja": "",
        "u_construction_year_ja": "1984年",
        "front_road_azimuth_name_ja": "",
        "u_front_road_width_ja": "",
        "front_road_type_name_ja": "",
        "land_use_name_ja": "近隣商業地域",
        "u_building_coverage_ratio_ja": "",
        "u_floor_area_ratio_ja": "",
        "remark_name_ja": "",
        "future_use_purpose_name_ja": "",
        "remark_renovation_name_ja": ""
      }
    },
    {
      "type": "Feature",
      "geometry": {
        "type": "Point",
        "coordinates": [
          139.4137465953827,
          35.69791759433913
        ]
      },
      "properties": {
        "point_in_time_name_ja": "2025年第3四半期",
        "land_type_name_ja": "中古マンション等",
        "price_information_category_name_ja": "成約価格情報",
        "prefecture_name_ja": "東京都",
        "city_code": "13202",
        "city_name_ja": "立川市",
        "district_code": "132020100",
        "district_name_ja": "高松町",
        "use_category_name_ja": "",
        "u_transaction_price_total_ja": "3,100万円",
        "u_transaction_price_unit_price_square_meter_ja": "",
        "u_unit_price_per_tsubo_ja": "",
        "u_area_ja": "55㎡",
        "land_shape_name_ja": "",
        "u_land_frontage_ja": "",
        "building_use_name_ja": "",
        "building_structure_name_ja": "ＳＲＣ",
        "floor_plan_name_ja": "２ＬＤＫ",
        "u_building_total_floor_area_ja": "",
        "u_construction_year_ja": "1993年",
        "front_road_azimuth_name_ja": "",
        "u_front_road_width_ja": "",
        "front_road_type_name_ja": "",
        "land_use_name_ja": "商業地域",
        "u_building_coverage_ratio_ja": "",
        "u_floor_area_ratio_ja": "",
        "remark_name_ja": "",
        "future_use_purpose_name_ja": "",
        "remark_renovation_name_ja": ""
      }
    },
    {
      "type": "Feature",
      "geometry": {
        "type": "Point",
        "coordinates": [
          139.4137465953827,
          35.69791759433913
        ]
      },
      "properties": {
        "point_in_time_name_ja": "2025年第3四半期",
        "land_type_name_ja": "中古マンション等",
        "price_information_category_name_ja": "成約価格情報",
        "prefecture_name_ja": "東京都",
        "city_code": "13202",
        "city_name_ja": "立川市",
        "district_code": "132020100",
        "district_name_ja": "高松町",
        "use_category_name_ja": "",
        "u_transaction_price_total_ja": "360万円",
        "u_transaction_price_unit_price_square_meter_ja": "",
        "u_unit_price_per_tsubo_ja": "",
        "u_area_ja": "15㎡",
        "land_shape_name_ja": "",
        "u_land_frontage_ja": "",
        "building_use_name_ja": "",
        "building_structure_name_ja": "ＲＣ",
        "floor_plan_name_ja": "１Ｒ",
        "u_building_total_floor_area_ja": "",
        "u_construction_year_ja": "1986年",
        "front_road_azimuth_name_ja": "",
        "u_front_road_width_ja": "",
        "front_road_type_name_ja": "",
        "land_use_name_ja": "近隣商業地域",
        "u_building_coverage_ratio_ja": "",
        "u_floor_area_ratio_ja": "",
        "remark_name_ja": "",
        "future_use_purpose_name_ja": "",
        "remark_renovation_name_ja": ""
      }
    },
    {
      "type": "Feature",
      "geometry": {
        "type": "Point",
        "coordinates": [
          139.4137465953827,
          35.69791759433913
        ]
      },
      "properties": {
        "point_in_time_name_ja": "2025年第3四半期",
        "land_type_name_ja": "中古マンション等",
        "price_information_category_name_ja": "成約価格情報",
        "prefecture_name_ja": "東京都",
        "city_code": "13202",
        "city_name_ja": "立川市",
        "district_code": "132020100",
        "district_name_ja": "高松町",
        "use_category_name_ja": "",
        "u_transaction_price_total_ja": "7,300万円",
        "u_transaction_price_unit_price_square_meter_ja": "",
        "u_unit_price_per_tsubo_ja": "",
        "u_area_ja": "85㎡",
        "land_shape_name_ja": "",
        "u_land_frontage_ja": "",
        "building_use_name_ja": "",
        "building_structure_name_ja": "ＲＣ",
        "floor_plan_name_ja": "４ＬＤＫ",
        "u_building_total_floor_area_ja": "",
        "u_construction_year_ja": "2016年",
        "front_road_azimuth_name_ja": "",
        "u_front_road_width_ja": "",
        "front_road_type_name_ja": "",
        "land_use_name_ja": "準工業地域",
        "u_building_coverage_ratio_ja": "",
        "u_floor_area_ratio_ja": "",
        "remark_name_ja": "",
        "future_use_purpose_name_ja": "",
        "remark_renovation_name_ja": ""
      }
    },
    {
      "type": "Feature",
      "geometry": {
        "type": "Point",
        "coordinates": [
          139.4137465953827,
          35.69791759433913
        ]
      },
      "properties": {
        "point_in_time_name_ja": "2025年第4四半期",
        "land_type_name_ja": "中古マンション等",
        "price_information_category_name_ja": "成約価格情報",
        "prefecture_name_ja": "東京都",
        "city_code": "13202",
        "city_name_ja": "立川市",
        "district_code": "132020100",
        "district_name_ja": "高松町",
        "use_category_name_ja": "",
        "u_transaction_price_total_ja": "6,000万円",
        "u_transaction_price_unit_price_square_meter_ja": "",
        "u_unit_price_per_tsubo_ja": "",
        "u_area_ja": "70㎡",
        "land_shape_name_ja": "",
        "u_land_frontage_ja": "",
        "building_use_name_ja": "",
        "building_structure_name_ja": "ＲＣ",
        "floor_plan_name_ja": "３ＬＤＫ",
        "u_building_total_floor_area_ja": "",
        "u_construction_year_ja": "2016年",
        "front_road_azimuth_name_ja": "",
        "u_front_road_width_ja": "",
        "front_road_type_name_ja": "",
        "land_use_name_ja": "準工業地域",
        "u_building_coverage_ratio_ja": "",
        "u_floor_area_ratio_ja": "",
        "remark_name_ja": "",
        "future_use_purpose_name_ja": "",
        "remark_renovation_name_ja": ""
      }
    },
    {
      "type": "Feature",
      "geometry": {
        "type": "Point",
        "coordinates": [
          139.4137465953827,
          35.69791759433913
        ]
      },
      "properties": {
        "point_in_time_name_ja": "2025年第4四半期",
        "land_type_name_ja": "中古マンション等",
        "price_information_category_name_ja": "成約価格情報",
        "prefecture_name_ja": "東京都",
        "city_code": "13202",
        "city_name_ja": "立川市",
        "district_code": "132020100",
        "district_name_ja": "高松町",
        "use_category_name_ja": "",
        "u_transaction_price_total_ja": "2,600万円",
        "u_transaction_price_unit_price_square_meter_ja": "",
        "u_unit_price_per_tsubo_ja": "",
        "u_area_ja": "60㎡",
        "land_shape_name_ja": "",
        "u_land_frontage_ja": "",
        "building_use_name_ja": "",
        "building_structure_name_ja": "ＲＣ",
        "floor_plan_name_ja": "２ＬＤＫ",
        "u_building_total_floor_area_ja": "",
        "u_construction_year_ja": "1991年",
        "front_road_azimuth_name_ja": "",
        "u_front_road_width_ja": "",
        "front_road_type_name_ja": "",
        "land_use_name_ja": "近隣商業地域",
        "u_building_coverage_ratio_ja": "",
        "u_floor_area_ratio_ja": "",
        "remark_name_ja": "",
        "future_use_purpose_name_ja": "",
        "remark_renovation_name_ja": ""
      }
    },
    {
      "type": "Feature",
      "geometry": {
        "type": "Point",
        "coordinates": [
          139.4137465953827,
          35.69791759433913
        ]
      },
      "properties": {
        "point_in_time_name_ja": "2025年第4四半期",
        "land_type_name_ja": "中古マンション等",
        "price_information_category_name_ja": "成約価格情報",
        "prefecture_name_ja": "東京都",
        "city_code": "13202",
        "city_name_ja": "立川市",
        "district_code": "132020100",
        "district_name_ja": "高松町",
        "use_category_name_ja": "",
        "u_transaction_price_total_ja": "5,700万円",
        "u_transaction_price_unit_price_square_meter_ja": "",
        "u_unit_price_per_tsubo_ja": "",
        "u_area_ja": "60㎡",
        "land_shape_name_ja": "",
        "u_land_frontage_ja": "",
        "building_use_name_ja": "",
        "building_structure_name_ja": "ＳＲＣ",
        "floor_plan_name_ja": "１ＬＤＫ＋Ｓ",
        "u_building_total_floor_area_ja": "",
        "u_construction_year_ja": "1999年",
        "front_road_azimuth_name_ja": "",
        "u_front_road_width_ja": "",
        "front_road_type_name_ja": "",
        "land_use_name_ja": "商業地域",
        "u_building_coverage_ratio_ja": "",
        "u_floor_area_ratio_ja": "",
        "remark_name_ja": "",
        "future_use_purpose_name_ja": "",
        "remark_renovation_name_ja": ""
      }
    },
    {
      "type": "Feature",
      "geometry": {
        "type": "Point",
        "coordinates": [
          139.4137465953827,
          35.69791759433913
        ]
      },
      "properties": {
        "point_in_time_name_ja": "2025年第4四半期",
        "land_type_name_ja": "中古マンション等",
        "price_information_category_name_ja": "成約価格情報",
        "prefecture_name_ja": "東京都",
        "city_code": "13202",
        "city_name_ja": "立川市",
        "district_code": "132020100",
        "district_name_ja": "高松町",
        "use_category_name_ja": "",
        "u_transaction_price_total_ja": "7,200万円",
        "u_transaction_price_unit_price_square_meter_ja": "",
        "u_unit_price_per_tsubo_ja": "",
        "u_area_ja": "75㎡",
        "land_shape_name_ja": "",
        "u_land_frontage_ja": "",
        "building_use_name_ja": "",
        "building_structure_name_ja": "ＲＣ",
        "floor_plan_name_ja": "３ＬＤＫ",
        "u_building_total_floor_area_ja": "",
        "u_construction_year_ja": "2016年",
        "front_road_azimuth_name_ja": "",
        "u_front_road_width_ja": "",
        "front_road_type_name_ja": "",
        "land_use_name_ja": "準工業地域",
        "u_building_coverage_ratio_ja": "",
        "u_floor_area_ratio_ja": "",
        "remark_name_ja": "",
        "future_use_purpose_name_ja": "",
        "remark_renovation_name_ja": ""
      }
    },
    {
      "type": "Feature",
      "geometry": {
        "type": "Point",
        "coordinates": [
          139.4137465953827,
          35.69791759433913
        ]
      },
      "properties": {
        "point_in_time_name_ja": "2025年第4四半期",
        "land_type_name_ja": "中古マンション等",
        "price_information_category_name_ja": "成約価格情報",
        "prefecture_name_ja": "東京都",
        "city_code": "13202",
        "city_name_ja": "立川市",
        "district_code": "132020100",
        "district_name_ja": "高松町",
        "use_category_name_ja": "",
        "u_transaction_price_total_ja": "6,500万円",
        "u_transaction_price_unit_price_square_meter_ja": "",
        "u_unit_price_per_tsubo_ja": "",
        "u_area_ja": "70㎡",
        "land_shape_name_ja": "",
        "u_land_frontage_ja": "",
        "building_use_name_ja": "",
        "building_structure_name_ja": "ＲＣ",
        "floor_plan_name_ja": "３ＬＤＫ",
        "u_building_total_floor_area_ja": "",
        "u_construction_year_ja": "2016年",
        "front_road_azimuth_name_ja": "",
        "u_front_road_width_ja": "",
        "front_road_type_name_ja": "",
        "land_use_name_ja": "準工業地域",
        "u_building_coverage_ratio_ja": "",
        "u_floor_area_ratio_ja": "",
        "remark_name_ja": "",
        "future_use_purpose_name_ja": "",
        "remark_renovation_name_ja": ""
      }
    },
    {
      "type": "Feature",
      "geometry": {
        "type": "Point",
        "coordinates": [
          139.4137465953827,
          35.69791759433913
        ]
      },
      "properties": {
        "point_in_time_name_ja": "2025年第4四半期",
        "land_type_name_ja": "中古マンション等",
        "price_information_category_name_ja": "成約価格情報",
        "prefecture_name_ja": "東京都",
        "city_code": "13202",
        "city_name_ja": "立川市",
        "district_code": "132020100",
        "district_name_ja": "高松町",
        "use_category_name_ja": "",
        "u_transaction_price_total_ja": "5,000万円",
        "u_transaction_price_unit_price_square_meter_ja": "",
        "u_unit_price_per_tsubo_ja": "",
        "u_area_ja": "105㎡",
        "land_shape_name_ja": "",
        "u_land_frontage_ja": "",
        "building_use_name_ja": "",
        "building_structure_name_ja": "ＲＣ",
        "floor_plan_name_ja": "３ＬＤＫ＋Ｓ",
        "u_building_total_floor_area_ja": "",
        "u_construction_year_ja": "1996年",
        "front_road_azimuth_name_ja": "",
        "u_front_road_width_ja": "",
        "front_road_type_name_ja": "",
        "land_use_name_ja": "近隣商業地域",
        "u_building_coverage_ratio_ja": "",
        "u_floor_area_ratio_ja": "",
        "remark_name_ja": "",
        "future_use_purpose_name_ja": "",
        "remark_renovation_name_ja": ""
      }
    },
    {
      "type": "Feature",
      "geometry": {
        "type": "Point",
        "coordinates": [
          139.4137465953827,
          35.69791759433913
        ]
      },
      "properties": {
        "point_in_time_name_ja": "2025年第4四半期",
        "land_type_name_ja": "中古マンション等",
        "price_information_category_name_ja": "成約価格情報",
        "prefecture_name_ja": "東京都",
        "city_code": "13202",
        "city_name_ja": "立川市",
        "district_code": "132020100",
        "district_name_ja": "高松町",
        "use_category_name_ja": "",
        "u_transaction_price_total_ja": "5,100万円",
        "u_transaction_price_unit_price_square_meter_ja": "",
        "u_unit_price_per_tsubo_ja": "",
        "u_area_ja": "80㎡",
        "land_shape_name_ja": "",
        "u_land_frontage_ja": "",
        "building_use_name_ja": "",
        "building_structure_name_ja": "ＲＣ",
        "floor_plan_name_ja": "２ＬＤＫ＋Ｓ",
        "u_building_total_floor_area_ja": "",
        "u_construction_year_ja": "1996年",
        "front_road_azimuth_name_ja": "",
        "u_front_road_width_ja": "",
        "front_road_type_name_ja": "",
        "land_use_name_ja": "近隣商業地域",
        "u_building_coverage_ratio_ja": "",
        "u_floor_area_ratio_ja": "",
        "remark_name_ja": "",
        "future_use_purpose_name_ja": "",
        "remark_renovation_name_ja": ""
      }
    },
    {
      "type": "Feature",
      "geometry": {
        "type": "Point",
        "coordinates": [
          139.41251814365387,
          35.699559966345035
        ]
      },
      "properties": {
        "point_in_time_name_ja": "2025年第1四半期",
        "land_type_name_ja": "中古マンション等",
        "price_information_category_name_ja": "成約価格情報",
        "prefecture_name_ja": "東京都",
        "city_code": "13202",
        "city_name_ja": "立川市",
        "district_code": "132020010",
        "district_name_ja": "曙町",
        "use_category_name_ja": "",
        "u_transaction_price_total_ja": "3,700万円",
        "u_transaction_price_unit_price_square_meter_ja": "",
        "u_unit_price_per_tsubo_ja": "",
        "u_area_ja": "35㎡",
        "land_shape_name_ja": "",
        "u_land_frontage_ja": "",
        "building_use_name_ja": "",
        "building_structure_name_ja": "ＲＣ",
        "floor_plan_name_ja": "１ＬＤＫ",
        "u_building_total_floor_area_ja": "",
        "u_construction_year_ja": "2024年",
        "front_road_azimuth_name_ja": "",
        "u_front_road_width_ja": "",
        "front_road_type_name_ja": "",
        "land_use_name_ja": "商業地域",
        "u_building_coverage_ratio_ja": "",
        "u_floor_area_ratio_ja": "",
        "remark_name_ja": "",
        "future_use_purpose_name_ja": "",
        "remark_renovation_name_ja": ""
      }
    },
    {
      "type": "Feature",
      "geometry": {
        "type": "Point",
        "coordinates": [
          139.41251814365387,
          35.699559966345035
        ]
      },
      "properties": {
        "point_in_time_name_ja": "2025年第1四半期",
        "land_type_name_ja": "中古マンション等",
        "price_information_category_name_ja": "成約価格情報",
        "prefecture_name_ja": "東京都",
        "city_code": "13202",
        "city_name_ja": "立川市",
        "district_code": "132020010",
        "district_name_ja": "曙町",
        "use_category_name_ja": "",
        "u_transaction_price_total_ja": "4,800万円",
        "u_transaction_price_unit_price_square_meter_ja": "",
        "u_unit_price_per_tsubo_ja": "",
        "u_area_ja": "35㎡",
        "land_shape_name_ja": "",
        "u_land_frontage_ja": "",
        "building_use_name_ja": "",
        "building_structure_name_ja": "ＲＣ",
        "floor_plan_name_ja": "１ＬＤＫ",
        "u_building_total_floor_area_ja": "",
        "u_construction_year_ja": "2024年",
        "front_road_azimuth_name_ja": "",
        "u_front_road_width_ja": "",
        "front_road_type_name_ja": "",
        "land_use_name_ja": "商業地域",
        "u_building_coverage_ratio_ja": "",
        "u_floor_area_ratio_ja": "",
        "remark_name_ja": "",
        "future_use_purpose_name_ja": "",
        "remark_renovation_name_ja": ""
      }
    },
    {
      "type": "Feature",
      "geometry": {
        "type": "Point",
        "coordinates": [
          139.41326916217804,
          35.710097352097804
        ]
      },
      "properties": {
        "point_in_time_name_ja": "2025年第3四半期",
        "land_type_name_ja": "中古マンション等",
        "price_information_category_name_ja": "成約価格情報",
        "prefecture_name_ja": "東京都",
        "city_code": "13202",
        "city_name_ja": "立川市",
        "district_code": "132020070",
        "district_name_ja": "栄町",
        "use_category_name_ja": "",
        "u_transaction_price_total_ja": "4,500万円",
        "u_transaction_price_unit_price_square_meter_ja": "",
        "u_unit_price_per_tsubo_ja": "",
        "u_area_ja": "75㎡",
        "land_shape_name_ja": "",
        "u_land_frontage_ja": "",
        "building_use_name_ja": "",
        "building_structure_name_ja": "ＲＣ",
        "floor_plan_name_ja": "３ＬＤＫ",
        "u_building_total_floor_area_ja": "",
        "u_construction_year_ja": "2008年",
        "front_road_azimuth_name_ja": "",
        "u_front_road_width_ja": "",
        "front_road_type_name_ja": "",
        "land_use_name_ja": "準工業地域",
        "u_building_coverage_ratio_ja": "",
        "u_floor_area_ratio_ja": "",
        "remark_name_ja": "",
        "future_use_purpose_name_ja": "",
        "remark_renovation_name_ja": ""
      }
    },
    {
      "type": "Feature",
      "geometry": {
        "type": "Point",
        "coordinates": [
          139.41950798034668,
          35.71881719421276
        ]
      },
      "properties": {
        "point_in_time_name_ja": "2025年第2四半期",
        "land_type_name_ja": "中古マンション等",
        "price_information_category_name_ja": "成約価格情報",
        "prefecture_name_ja": "東京都",
        "city_code": "13202",
        "city_name_ja": "立川市",
        "district_code": "132020160",
        "district_name_ja": "若葉町",
        "use_category_name_ja": "",
        "u_transaction_price_total_ja": "3,300万円",
        "u_transaction_price_unit_price_square_meter_ja": "",
        "u_unit_price_per_tsubo_ja": "",
        "u_area_ja": "70㎡",
        "land_shape_name_ja": "",
        "u_land_frontage_ja": "",
        "building_use_name_ja": "",
        "building_structure_name_ja": "ＲＣ",
        "floor_plan_name_ja": "２ＬＤＫ＋Ｓ",
        "u_building_total_floor_area_ja": "",
        "u_construction_year_ja": "2001年",
        "front_road_azimuth_name_ja": "",
        "u_front_road_width_ja": "",
        "front_road_type_name_ja": "",
        "land_use_name_ja": "第１種住居地域",
        "u_building_coverage_ratio_ja": "",
        "u_floor_area_ratio_ja": "",
        "remark_name_ja": "",
        "future_use_purpose_name_ja": "",
        "remark_renovation_name_ja": ""
      }
    },
    {
      "type": "Feature",
      "geometry": {
        "type": "Point",
        "coordinates": [
          139.41950798034668,
          35.71881719421276
        ]
      },
      "properties": {
        "point_in_time_name_ja": "2025年第4四半期",
        "land_type_name_ja": "中古マンション等",
        "price_information_category_name_ja": "成約価格情報",
        "prefecture_name_ja": "東京都",
        "city_code": "13202",
        "city_name_ja": "立川市",
        "district_code": "132020070",
        "district_name_ja": "栄町",
        "use_category_name_ja": "",
        "u_transaction_price_total_ja": "2,300万円",
        "u_transaction_price_unit_price_square_meter_ja": "",
        "u_unit_price_per_tsubo_ja": "",
        "u_area_ja": "60㎡",
        "land_shape_name_ja": "",
        "u_land_frontage_ja": "",
        "building_use_name_ja": "",
        "building_structure_name_ja": "ＲＣ",
        "floor_plan_name_ja": "３ＬＤＫ",
        "u_building_total_floor_area_ja": "",
        "u_construction_year_ja": "1997年",
        "front_road_azimuth_name_ja": "",
        "u_front_road_width_ja": "",
        "front_road_type_name_ja": "",
        "land_use_name_ja": "第１種住居地域",
        "u_building_coverage_ratio_ja": "",
        "u_floor_area_ratio_ja": "",
        "remark_name_ja": "",
        "future_use_purpose_name_ja": "",
        "remark_renovation_name_ja": ""
      }
    },
    {
      "type": "Feature",
      "geometry": {
        "type": "Point",
        "coordinates": [
          139.41950798034668,
          35.71881719421276
        ]
      },
      "properties": {
        "point_in_time_name_ja": "2025年第1四半期",
        "land_type_name_ja": "中古マンション等",
        "price_information_category_name_ja": "成約価格情報",
        "prefecture_name_ja": "東京都",
        "city_code": "13202",
        "city_name_ja": "立川市",
        "district_code": "132020060",
        "district_name_ja": "幸町",
        "use_category_name_ja": "",
        "u_transaction_price_total_ja": "1,100万円",
        "u_transaction_price_unit_price_square_meter_ja": "",
        "u_unit_price_per_tsubo_ja": "",
        "u_area_ja": "65㎡",
        "land_shape_name_ja": "",
        "u_land_frontage_ja": "",
        "building_use_name_ja": "",
        "building_structure_name_ja": "ＲＣ",
        "floor_plan_name_ja": "３ＬＤＫ",
        "u_building_total_floor_area_ja": "",
        "u_construction_year_ja": "1966年",
        "front_road_azimuth_name_ja": "",
        "u_front_road_width_ja": "",
        "front_road_type_name_ja": "",
        "land_use_name_ja": "第１種住居地域",
        "u_building_coverage_ratio_ja": "",
        "u_floor_area_ratio_ja": "",
        "remark_name_ja": "",
        "future_use_purpose_name_ja": "",
        "remark_renovation_name_ja": ""
      }
    },
    {
      "type": "Feature",
      "geometry": {
        "type": "Point",
        "coordinates": [
          139.41950798034668,
          35.71881719421276
        ]
      },
      "properties": {
        "point_in_time_name_ja": "2025年第1四半期",
        "land_type_name_ja": "中古マンション等",
        "price_information_category_name_ja": "成約価格情報",
        "prefecture_name_ja": "東京都",
        "city_code": "13202",
        "city_name_ja": "立川市",
        "district_code": "132020060",
        "district_name_ja": "幸町",
        "use_category_name_ja": "",
        "u_transaction_price_total_ja": "680万円",
        "u_transaction_price_unit_price_square_meter_ja": "",
        "u_unit_price_per_tsubo_ja": "",
        "u_area_ja": "65㎡",
        "land_shape_name_ja": "",
        "u_land_frontage_ja": "",
        "building_use_name_ja": "",
        "building_structure_name_ja": "ＲＣ",
        "floor_plan_name_ja": "３ＬＤＫ",
        "u_building_total_floor_area_ja": "",
        "u_construction_year_ja": "1966年",
        "front_road_azimuth_name_ja": "",
        "u_front_road_width_ja": "",
        "front_road_type_name_ja": "",
        "land_use_name_ja": "第１種住居地域",
        "u_building_coverage_ratio_ja": "",
        "u_floor_area_ratio_ja": "",
        "remark_name_ja": "",
        "future_use_purpose_name_ja": "",
        "remark_renovation_name_ja": ""
      }
    },
    {
      "type": "Feature",
      "geometry": {
        "type": "Point",
        "coordinates": [
          139.41950798034668,
          35.71881719421276
        ]
      },
      "properties": {
        "point_in_time_name_ja": "2025年第2四半期",
        "land_type_name_ja": "中古マンション等",
        "price_information_category_name_ja": "成約価格情報",
        "prefecture_name_ja": "東京都",
        "city_code": "13202",
        "city_name_ja": "立川市",
        "district_code": "132020060",
        "district_name_ja": "幸町",
        "use_category_name_ja": "",
        "u_transaction_price_total_ja": "4,800万円",
        "u_transaction_price_unit_price_square_meter_ja": "",
        "u_unit_price_per_tsubo_ja": "",
        "u_area_ja": "70㎡",
        "land_shape_name_ja": "",
        "u_land_frontage_ja": "",
        "building_use_name_ja": "",
        "building_structure_name_ja": "ＲＣ",
        "floor_plan_name_ja": "２ＬＤＫ＋Ｓ",
        "u_building_total_floor_area_ja": "",
        "u_construction_year_ja": "2021年",
        "front_road_azimuth_name_ja": "",
        "u_front_road_width_ja": "",
        "front_road_type_name_ja": "",
        "land_use_name_ja": "第１種住居地域",
        "u_building_coverage_ratio_ja": "",
        "u_floor_area_ratio_ja": "",
        "remark_name_ja": "",
        "future_use_purpose_name_ja": "",
        "remark_renovation_name_ja": ""
      }
    },
    {
      "type": "Feature",
      "geometry": {
        "type": "Point",
        "coordinates": [
          139.41950798034668,
          35.71881719421276
        ]
      },
      "properties": {
        "point_in_time_name_ja": "2025年第2四半期",
        "land_type_name_ja": "中古マンション等",
        "price_information_category_name_ja": "成約価格情報",
        "prefecture_name_ja": "東京都",
        "city_code": "13202",
        "city_name_ja": "立川市",
        "district_code": "132020060",
        "district_name_ja": "幸町",
        "use_category_name_ja": "",
        "u_transaction_price_total_ja": "530万円",
        "u_transaction_price_unit_price_square_meter_ja": "",
        "u_unit_price_per_tsubo_ja": "",
        "u_area_ja": "65㎡",
        "land_shape_name_ja": "",
        "u_land_frontage_ja": "",
        "building_use_name_ja": "",
        "building_structure_name_ja": "ＲＣ",
        "floor_plan_name_ja": "３ＬＤＫ",
        "u_building_total_floor_area_ja": "",
        "u_construction_year_ja": "1966年",
        "front_road_azimuth_name_ja": "",
        "u_front_road_width_ja": "",
        "front_road_type_name_ja": "",
        "land_use_name_ja": "第１種住居地域",
        "u_building_coverage_ratio_ja": "",
        "u_floor_area_ratio_ja": "",
        "remark_name_ja": "",
        "future_use_purpose_name_ja": "",
        "remark_renovation_name_ja": ""
      }
    },
    {
      "type": "Feature",
      "geometry": {
        "type": "Point",
        "coordinates": [
          139.41950798034668,
          35.71881719421276
        ]
      },
      "properties": {
        "point_in_time_name_ja": "2025年第2四半期",
        "land_type_name_ja": "中古マンション等",
        "price_information_category_name_ja": "成約価格情報",
        "prefecture_name_ja": "東京都",
        "city_code": "13202",
        "city_name_ja": "立川市",
        "district_code": "132020060",
        "district_name_ja": "幸町",
        "use_category_name_ja": "",
        "u_transaction_price_total_ja": "980万円",
        "u_transaction_price_unit_price_square_meter_ja": "",
        "u_unit_price_per_tsubo_ja": "",
        "u_area_ja": "50㎡",
        "land_shape_name_ja": "",
        "u_land_frontage_ja": "",
        "building_use_name_ja": "",
        "building_structure_name_ja": "ＲＣ",
        "floor_plan_name_ja": "２ＬＤＫ",
        "u_building_total_floor_area_ja": "",
        "u_construction_year_ja": "1966年",
        "front_road_azimuth_name_ja": "",
        "u_front_road_width_ja": "",
        "front_road_type_name_ja": "",
        "land_use_name_ja": "第１種住居地域",
        "u_building_coverage_ratio_ja": "",
        "u_floor_area_ratio_ja": "",
        "remark_name_ja": "",
        "future_use_purpose_name_ja": "",
        "remark_renovation_name_ja": ""
      }
    },
    {
      "type": "Feature",
      "geometry": {
        "type": "Point",
        "coordinates": [
          139.41950798034668,
          35.71881719421276
        ]
      },
      "properties": {
        "point_in_time_name_ja": "2025年第2四半期",
        "land_type_name_ja": "中古マンション等",
        "price_information_category_name_ja": "成約価格情報",
        "prefecture_name_ja": "東京都",
        "city_code": "13202",
        "city_name_ja": "立川市",
        "district_code": "132020060",
        "district_name_ja": "幸町",
        "use_category_name_ja": "",
        "u_transaction_price_total_ja": "920万円",
        "u_transaction_price_unit_price_square_meter_ja": "",
        "u_unit_price_per_tsubo_ja": "",
        "u_area_ja": "50㎡",
        "land_shape_name_ja": "",
        "u_land_frontage_ja": "",
        "building_use_name_ja": "",
        "building_structure_name_ja": "ＲＣ",
        "floor_plan_name_ja": "３ＤＫ",
        "u_building_total_floor_area_ja": "",
        "u_construction_year_ja": "1966年",
        "front_road_azimuth_name_ja": "",
        "u_front_road_width_ja": "",
        "front_road_type_name_ja": "",
        "land_use_name_ja": "第１種住居地域",
        "u_building_coverage_ratio_ja": "",
        "u_floor_area_ratio_ja": "",
        "remark_name_ja": "",
        "future_use_purpose_name_ja": "",
        "remark_renovation_name_ja": ""
      }
    },
    {
      "type": "Feature",
      "geometry": {
        "type": "Point",
        "coordinates": [
          139.41950798034668,
          35.71881719421276
        ]
      },
      "properties": {
        "point_in_time_name_ja": "2025年第3四半期",
        "land_type_name_ja": "中古マンション等",
        "price_information_category_name_ja": "成約価格情報",
        "prefecture_name_ja": "東京都",
        "city_code": "13202",
        "city_name_ja": "立川市",
        "district_code": "132020060",
        "district_name_ja": "幸町",
        "use_category_name_ja": "",
        "u_transaction_price_total_ja": "1,000万円",
        "u_transaction_price_unit_price_square_meter_ja": "",
        "u_unit_price_per_tsubo_ja": "",
        "u_area_ja": "65㎡",
        "land_shape_name_ja": "",
        "u_land_frontage_ja": "",
        "building_use_name_ja": "",
        "building_structure_name_ja": "ＲＣ",
        "floor_plan_name_ja": "３ＬＤＫ",
        "u_building_total_floor_area_ja": "",
        "u_construction_year_ja": "1966年",
        "front_road_azimuth_name_ja": "",
        "u_front_road_width_ja": "",
        "front_road_type_name_ja": "",
        "land_use_name_ja": "第１種住居地域",
        "u_building_coverage_ratio_ja": "",
        "u_floor_area_ratio_ja": "",
        "remark_name_ja": "",
        "future_use_purpose_name_ja": "",
        "remark_renovation_name_ja": ""
      }
    },
    {
      "type": "Feature",
      "geometry": {
        "type": "Point",
        "coordinates": [
          139.41950798034668,
          35.71881719421276
        ]
      },
      "properties": {
        "point_in_time_name_ja": "2025年第4四半期",
        "land_type_name_ja": "中古マンション等",
        "price_information_category_name_ja": "成約価格情報",
        "prefecture_name_ja": "東京都",
        "city_code": "13202",
        "city_name_ja": "立川市",
        "district_code": "132020060",
        "district_name_ja": "幸町",
        "use_category_name_ja": "",
        "u_transaction_price_total_ja": "950万円",
        "u_transaction_price_unit_price_square_meter_ja": "",
        "u_unit_price_per_tsubo_ja": "",
        "u_area_ja": "65㎡",
        "land_shape_name_ja": "",
        "u_land_frontage_ja": "",
        "building_use_name_ja": "",
        "building_structure_name_ja": "ＲＣ",
        "floor_plan_name_ja": "３ＬＤＫ",
        "u_building_total_floor_area_ja": "",
        "u_construction_year_ja": "1966年",
        "front_road_azimuth_name_ja": "",
        "u_front_road_width_ja": "",
        "front_road_type_name_ja": "",
        "land_use_name_ja": "第１種住居地域",
        "u_building_coverage_ratio_ja": "",
        "u_floor_area_ratio_ja": "",
        "remark_name_ja": "",
        "future_use_purpose_name_ja": "",
        "remark_renovation_name_ja": ""
      }
    },
    {
      "type": "Feature",
      "geometry": {
        "type": "Point",
        "coordinates": [
          139.41950798034668,
          35.71881719421276
        ]
      },
      "properties": {
        "point_in_time_name_ja": "2025年第4四半期",
        "land_type_name_ja": "中古マンション等",
        "price_information_category_name_ja": "成約価格情報",
        "prefecture_name_ja": "東京都",
        "city_code": "13202",
        "city_name_ja": "立川市",
        "district_code": "132020060",
        "district_name_ja": "幸町",
        "use_category_name_ja": "",
        "u_transaction_price_total_ja": "930万円",
        "u_transaction_price_unit_price_square_meter_ja": "",
        "u_unit_price_per_tsubo_ja": "",
        "u_area_ja": "50㎡",
        "land_shape_name_ja": "",
        "u_land_frontage_ja": "",
        "building_use_name_ja": "",
        "building_structure_name_ja": "ＲＣ",
        "floor_plan_name_ja": "３ＤＫ",
        "u_building_total_floor_area_ja": "",
        "u_construction_year_ja": "1966年",
        "front_road_azimuth_name_ja": "",
        "u_front_road_width_ja": "",
        "front_road_type_name_ja": "",
        "land_use_name_ja": "第１種住居地域",
        "u_building_coverage_ratio_ja": "",
        "u_floor_area_ratio_ja": "",
        "remark_name_ja": "",
        "future_use_purpose_name_ja": "",
        "remark_renovation_name_ja": ""
      }
    },
    {
      "type": "Feature",
      "geometry": {
        "type": "Point",
        "coordinates": [
          139.41812932491302,
          35.723350960833486
        ]
      },
      "properties": {
        "point_in_time_name_ja": "2025年第1四半期",
        "land_type_name_ja": "中古マンション等",
        "price_information_category_name_ja": "成約価格情報",
        "prefecture_name_ja": "東京都",
        "city_code": "13202",
        "city_name_ja": "立川市",
        "district_code": "132020040",
        "district_name_ja": "柏町",
        "use_category_name_ja": "",
        "u_transaction_price_total_ja": "1,600万円",
        "u_transaction_price_unit_price_square_meter_ja": "",
        "u_unit_price_per_tsubo_ja": "",
        "u_area_ja": "50㎡",
        "land_shape_name_ja": "",
        "u_land_frontage_ja": "",
        "building_use_name_ja": "",
        "building_structure_name_ja": "ＲＣ",
        "floor_plan_name_ja": "２ＬＤＫ",
        "u_building_total_floor_area_ja": "",
        "u_construction_year_ja": "1971年",
        "front_road_azimuth_name_ja": "",
        "u_front_road_width_ja": "",
        "front_road_type_name_ja": "",
        "land_use_name_ja": "第１種中高層住居専用地域",
        "u_building_coverage_ratio_ja": "",
        "u_floor_area_ratio_ja": "",
        "remark_name_ja": "",
        "future_use_purpose_name_ja": "",
        "remark_renovation_name_ja": ""
      }
    }
  ]
}