{
  "type": "FeatureCollection",
  "features": [
    {
      "type": "Feature",
      "geometry": {
        "type": "Point",
        "coordinates": [
          139.53938126564026,
          35.727331403932865
        ]
      },
      "properties": {
        "point_in_time_name_ja": "2025年第1四半期",
        "land_type_name_ja": "中古マンション等",
        "price_information_category_name_ja": "成約価格情報",
        "prefecture_name_ja": "東京都",
        "city_code": "13229",
        "city_name_ja": "西東京市",
        "district_code": "132290090",
        "district_name_ja": "田無町",
        "use_category_name_ja": "",
        "u_transaction_price_total_ja": "3,100万円",
        "u_transaction_price_unit_price_square_meter_ja": "",
        "u_unit_price_per_tsubo_ja": "",
        "u_area_ja": "60㎡",
        "land_shape_name_ja": "",
        "u_land_frontage_ja": "",
        "building_use_name_ja": "",
        "building_structure_name_ja": "ＲＣ",
        "floor_plan_name_ja": "２ＬＤＫ",
        "u_building_total_floor_area_ja": "",
        "u_construction_year_ja": "2005年",
        "front_road_azimuth_name_ja": "",
        "u_front_road_width_ja": "",
        "front_road_type_name_ja": "",
        "land_use_name_ja": "近隣商業地域",
        "u_building_coverage_ratio_ja": "",
        "u_floor_area_ratio_ja": "",
        "remark_name_ja": "",
        "future_use_purpose_name_ja": "",
        "remark_renovation_name_ja": ""
      }
    },
    {
      "type": "Feature",
      "geometry": {
        "type": "Point",
        "coordinates": [
          139.53938126564026,
          35.727331403932865
        ]
      },
      "properties": {
        "point_in_time_name_ja": "2025年第1四半期",
        "land_type_name_ja": "中古マンション等",
        "price_information_category_name_ja": "成約価格情報",
        "prefecture_name_ja": "東京都",
        "city_code": "13229",
        "city_name_ja": "西東京市",
        "district_code": "132290090",
        "district_name_ja": "田無町",
        "use_category_name_ja": "",
        "u_transaction_price_total_ja": "2,600万円",
        "u_transaction_price_unit_price_square_meter_ja": "",
        "u_unit_price_per_tsubo_ja": "",
        "u_area_ja": "80㎡",
        "land_shape_name_ja": "",
        "u_land_frontage_ja": "",
        "building_use_name_ja": "",
        "building_structure_name_ja": "ＲＣ",
        "floor_plan_name_ja": "２ＬＤＫ＋Ｓ",
        "u_building_total_floor_area_ja": "",
        "u_construction_year_ja": "2002年",
        "front_road_azimuth_name_ja": "",
        "u_front_road_width_ja": "",
        "front_road_type_name_ja": "",
        "land_use_name_ja": "第１種低層住居専用地域",
        "u_building_coverage_ratio_ja": "",
        "u_floor_area_ratio_ja": "",
        "remark_name_ja": "",
        "future_use_purpose_name_ja": "",
        "remark_renovation_name_ja": ""
      }
    },
    {
      "type": "Feature",
      "geometry": {
        "type": "Point",
        "coordinates": [
          139.53938126564026,
          35.727331403932865
        ]
      },
      "properties": {
        "point_in_time_name_ja": "2025年第1四半期",
        "land_type_name_ja": "中古マンション等",
        "price_information_category_name_ja": "成約価格情報",
        "prefecture_name_ja": "東京都",
        "city_code": "13229",
        "city_name_ja": "西東京市",
        "district_code": "132290090",
        "district_name_ja": "田無町",
        "use_category_name_ja": "",
        "u_transaction_price_total_ja": "5,900万円",
        "u_transaction_price_unit_price_square_meter_ja": "",
        "u_unit_price_per_tsubo_ja": "",
        "u_area_ja": "75㎡",
        "land_shape_name_ja": "",
        "u_land_frontage_ja": "",
        "building_use_name_ja": "",
        "building_structure_name_ja": "ＲＣ",
        "floor_plan_name_ja": "３ＬＤＫ",
        "u_building_total_floor_area_ja": "",
        "u_construction_year_ja": "2018年",
        "front_road_azimuth_name_ja": "",
        "u_front_road_width_ja": "",
        "front_road_type_name_ja": "",
        "land_use_name_ja": "工業地域",
        "u_building_coverage_ratio_ja": "",
        "u_floor_area_ratio_ja": "",
        "remark_name_ja": "",
        "future_use_purpose_name_ja": "",
        "remark_renovation_name_ja": ""
      }
    },
    {
      "type": "Feature",
      "geometry": {
        "type": "Point",
        "coordinates": [
          139.53938126564026,
          35.727331403932865
        ]
      },
      "properties": {
        "point_in_time_name_ja": "2025年第1四半期",
        "land_type_name_ja": "中古マンション等",
        "price_information_category_name_ja": "成約価格情報",
        "prefecture_name_ja": "東京都",
        "city_code": "13229",
        "city_name_ja": "西東京市",
        "district_code": "132290090",
        "district_name_ja": "田無町",
        "use_category_name_ja": "",
        "u_transaction_price_total_ja": "5,700万円",
        "u_transaction_price_unit_price_square_meter_ja": "",
        "u_unit_price_per_tsubo_ja": "",
        "u_area_ja": "75㎡",
        "land_shape_name_ja": "",
        "u_land_frontage_ja": "",
        "building_use_name_ja": "",
        "building_structure_name_ja": "ＲＣ",
        "floor_plan_name_ja": "３ＬＤＫ",
        "u_building_total_floor_area_ja": "",
        "u_construction_year_ja": "2014年",
        "front_road_azimuth_name_ja": "",
        "u_front_road_width_ja": "",
        "front_road_type_name_ja": "",
        "land_use_name_ja": "第１種住居地域",
        "u_building_coverage_ratio_ja": "",
        "u_floor_area_ratio_ja": "",
        "remark_name_ja": "",
        "future_use_purpose_name_ja": "",
        "remark_renovation_name_ja": ""
      }
    },
    {
      "type": "Feature",
      "geometry": {
        "type": "Point",
        "coordinates": [
          139.53938126564026,
          35.727331403932865
        ]
      },
      "properties": {
        "point_in_time_name_ja": "2025年第1四半期",
        "land_type_name_ja": "中古マンション等",
        "price_information_category_name_ja": "成約価格情報",
        "prefecture_name_ja": "東京都",
        "city_code": "13229",
        "city_name_ja": "西東京市",
        "district_code": "132290090",
        "district_name_ja": "田無町",
        "use_category_name_ja": "",
        "u_transaction_price_total_ja": "5,300万円",
        "u_transaction_price_unit_price_square_meter_ja": "",
        "u_unit_price_per_tsubo_ja": "",
        "u_area_ja": "75㎡",
        "land_shape_name_ja": "",
        "u_land_frontage_ja": "",
        "building_use_name_ja": "",
        "building_structure_name_ja": "ＲＣ",
        "floor_plan_name_ja": "３ＬＤＫ",
        "u_building_total_floor_area_ja": "",
        "u_construction_year_ja": "2014年",
        "front_road_azimuth_name_ja": "",
        "u_front_road_width_ja": "",
        "front_road_type_name_ja": "",
        "land_use_name_ja": "第１種低層住居専用地域",
        "u_building_coverage_ratio_ja": "",
        "u_floor_area_ratio_ja": "",
        "remark_name_ja": "",
        "future_use_purpose_name_ja": "",
        "remark_renovation_name_ja": ""
      }
    },
    {
      "type": "Feature",
      "geometry": {
        "type": "Point",
        "coordinates": [
          139.53938126564026,
          35.727331403932865
        ]
      },
      "properties": {
        "point_in_time_name_ja": "2025年第1四半期",
        "land_type_name_ja": "中古マンション等",
        "price_information_category_name_ja": "成約価格情報",
        "prefecture_name_ja": "東京都",
        "city_code": "13229",
        "city_name_ja": "西東京市",
        "district_code": "132290090",
        "district_name_ja": "田無町",
        "use_category_name_ja": "",
        "u_transaction_price_total_ja": "1,200万円",
        "u_transaction_price_unit_price_square_meter_ja": "",
        "u_unit_price_per_tsubo_ja": "",
        "u_area_ja": "45㎡",
        "land_shape_name_ja": "",
        "u_land_frontage_ja": "",
        "building_use_name_ja": "",
        "building_structure_name_ja": "ＲＣ",
        "floor_plan_name_ja": "３ＤＫ",
        "u_building_total_floor_area_ja": "",
        "u_construction_year_ja": "1981年",
        "front_road_azimuth_name_ja": "",
        "u_front_road_width_ja": "",
        "front_road_type_name_ja": "",
        "land_use_name_ja": "準住居地域",
        "u_building_coverage_ratio_ja": "",
        "u_floor_area_ratio_ja": "",
        "remark_name_ja": "",
        "future_use_purpose_name_ja": "",
        "remark_renovation_name_ja": ""
      }
    },
    {
      "type": "Feature",
      "geometry": {
        "type": "Point",
        "coordinates": [
          139.53938126564026,
          35.727331403932865
        ]
      },
      "properties": {
        "point_in_time_name_ja": "2025年第1四半期",
        "land_type_name_ja": "中古マンション等",
        "price_information_category_name_ja": "成約価格情報",
        "prefecture_name_ja": "東京都",
        "city_code": "13229",
        "city_name_ja": "西東京市",
        "district_code": "132290090",
        "district_name_ja": "田無町",
        "use_category_name_ja": "",
        "u_transaction_price_total_ja": "1,400万円",
        "u_transaction_price_unit_price_square_meter_ja": "",
        "u_unit_price_per_tsubo_ja": "",
        "u_area_ja": "55㎡",
        "land_shape_name_ja": "",
        "u_land_frontage_ja": "",
        "building_use_name_ja": "",
        "building_structure_name_ja": "ＲＣ",
        "floor_plan_name_ja": "２ＤＫ",
        "u_building_total_floor_area_ja": "",
        "u_construction_year_ja": "1974年",
        "front_road_azimuth_name_ja": "",
        "u_front_road_width_ja": "",
        "front_road_type_name_ja": "",
        "land_use_name_ja": "商業地域",
        "u_building_coverage_ratio_ja": "",
        "u_floor_area_ratio_ja": "",
        "remark_name_ja": "",
        "future_use_purpose_name_ja": "",
        "remark_renovation_name_ja": ""
      }
    },
    {
      "type": "Feature",
      "geometry": {
        "type": "Point",
        "coordinates": [
          139.53938126564026,
          35.727331403932865
        ]
      },
      "properties": {
        "point_in_time_name_ja": "2025年第1四半期",
        "land_type_name_ja": "中古マンション等",
        "price_information_category_name_ja": "成約価格情報",
        "prefecture_name_ja": "東京都",
        "city_code": "13229",
        "city_name_ja": "西東京市",
        "district_code": "132290090",
        "district_name_ja": "田無町",
        "use_category_name_ja": "",
        "u_transaction_price_total_ja": "3,000万円",
        "u_transaction_price_unit_price_square_meter_ja": "",
        "u_unit_price_per_tsubo_ja": "",
        "u_area_ja": "65㎡",
        "land_shape_name_ja": "",
        "u_land_frontage_ja": "",
        "building_use_name_ja": "",
        "building_structure_name_ja": "ＲＣ",
        "floor_plan_name_ja": "２ＬＤＫ",
        "u_building_total_floor_area_ja": "",
        "u_construction_year_ja": "2001年",
        "front_road_azimuth_name_ja": "",
        "u_front_road_width_ja": "",
        "front_road_type_name_ja": "",
        "land_use_name_ja": "近隣商業地域",
        "u_building_coverage_ratio_ja": "",
        "u_floor_area_ratio_ja": "",
        "remark_name_ja": "",
        "future_use_purpose_name_ja": "",
        "remark_renovation_name_ja": ""
      }
    },
    {
      "type": "Feature",
      "geometry": {
        "type": "Point",
        "coordinates": [
          139.53938126564026,
          35.727331403932865
        ]
      },
      "properties": {
        "point_in_time_name_ja": "2025年第2四半期",
        "land_type_name_ja": "中古マンション等",
        "price_information_category_name_ja": "成約価格情報",
        "prefecture_name_ja": "東京都",
        "city_code": "13229",
        "city_name_ja": "西東京市",
        "district_code": "132290090",
        "district_name_ja": "田無町",
        "use_category_name_ja": "",
        "u_transaction_price_total_ja": "4,400万円",
        "u_transaction_price_unit_price_square_meter_ja": "",
        "u_unit_price_per_tsubo_ja": "",
        "u_area_ja": "75㎡",
        "land_shape_name_ja": "",
        "u_land_frontage_ja": "",
        "building_use_name_ja": "",
        "building_structure_name_ja": "ＲＣ",
        "floor_plan_name_ja": "３ＬＤＫ",
        "u_building_total_floor_area_ja": "",
        "u_construction_year_ja": "1993年",
        "front_road_azimuth_name_ja": "",
        "u_front_road_width_ja": "",
        "front_road_type_name_ja": "",
        "land_use_name_ja": "第２種中高層住居専用地域",
        "u_building_coverage_ratio_ja": "",
        "u_floor_area_ratio_ja": "",
        "remark_name_ja": "",
        "future_use_purpose_name_ja": "",
        "remark_renovation_name_ja": ""
      }
    },
    {
      "type": "Feature",
      "geometry": {
        "type": "Point",
        "coordinates": [
          139.53938126564026,
          35.727331403932865
        ]
      },
      "properties": {
        "point_in_time_name_ja": "2025年第2四半期",
        "land_type_name_ja": "中古マンション等",
        "price_information_category_name_ja": "成約価格情報",
        "prefecture_name_ja": "東京都",
        "city_code": "13229",
        "city_name_ja": "西東京市",
        "district_code": "132290090",
        "district_name_ja": "田無町",
        "use_category_name_ja": "",
        "u_transaction_price_total_ja": "5,000万円",
        "u_transaction_price_unit_price_square_meter_ja": "",
        "u_unit_price_per_tsubo_ja": "",
        "u_area_ja": "70㎡",
        "land_shape_name_ja": "",
        "u_land_frontage_ja": "",
        "building_use_name_ja": "",
        "building_structure_name_ja": "ＲＣ",
        "floor_plan_name_ja": "３ＬＤＫ",
        "u_building_total_floor_area_ja": "",
        "u_construction_year_ja": "2008年",
        "front_road_azimuth_name_ja": "",
        "u_front_road_width_ja": "",
        "front_road_type_name_ja": "",
        "land_use_name_ja": "商業地域",
        "u_building_coverage_ratio_ja": "",
        "u_floor_area_ratio_ja": "",
        "remark_name_ja": "",
        "future_use_purpose_name_ja": "",
        "remark_renovation_name_ja": ""
      }
    },
    {
      "type": "Feature",
      "geometry": {
        "type": "Point",
        "coordinates": [
          139.53938126564026,
          35.727331403932865
        ]
      },
      "properties": {
        "point_in_time_name_ja": "2025年第2四半期",
        "land_type_name_ja": "中古マンション等",
        "price_information_category_name_ja": "成約価格情報",
        "prefecture_name_ja": "東京都",
        "city_code": "13229",
        "city_name_ja": "西東京市",
        "district_code": "132290090",
        "district_name_ja": "田無町",
        "use_category_name_ja": "",
        "u_transaction_price_total_ja": "3,100万円",
        "u_transaction_price_unit_price_square_meter_ja": "",
        "u_unit_price_per_tsubo_ja": "",
        "u_area_ja": "60㎡",
        "land_shape_name_ja": "",
        "u_land_frontage_ja": "",
        "building_use_name_ja": "",
        "building_structure_name_ja": "ＲＣ",
        "floor_plan_name_ja": "２ＬＤＫ",
        "u_building_total_floor_area_ja": "",
        "u_construction_year_ja": "2010年",
        "front_road_azimuth_name_ja": "",
        "u_front_road_width_ja": "",
        "front_road_type_name_ja": "",
        "land_use_name_ja": "商業地域",
        "u_building_coverage_ratio_ja": "",
        "u_floor_area_ratio_ja": "",
        "remark_name_ja": "",
        "future_use_purpose_name_ja": "",
        "remark_renovation_name_ja": ""
      }
    },
    {
      "type": "Feature",
      "geometry": {
        "type": "Point",
        "coordinates": [
          139.53938126564026,
          35.727331403932865
        ]
      },
      "properties": {
        "point_in_time_name_ja": "2025年第2四半期",
        "land_type_name_ja": "中古マンション等",
        "price_information_category_name_ja": "成約価格情報",
        "prefecture_name_ja": "東京都",
        "city_code": "13229",
        "city_name_ja": "西東京市",
        "district_code": "132290090",
        "district_name_ja": "田無町",
        "use_category_name_ja": "",
        "u_transaction_price_total_ja": "2,700万円",
        "u_transaction_price_unit_price_square_meter_ja": "",
        "u_unit_price_per_tsubo_ja": "",
        "u_area_ja": "65㎡",
        "land_shape_name_ja": "",
        "u_land_frontage_ja": "",
        "building_use_name_ja": "",
        "building_structure_name_ja": "ＲＣ",
        "floor_plan_name_ja": "３ＬＤＫ",
        "u_building_total_floor_area_ja": "",
        "u_construction_year_ja": "1994年",
        "front_road_azimuth_name_ja": "",
        "u_front_road_width_ja": "",
        "front_road_type_name_ja": "",
        "land_use_name_ja": "第１種低層住居専用地域",
        "u_building_coverage_ratio_ja": "",
        "u_floor_area_ratio_ja": "",
        "remark_name_ja": "",
        "future_use_purpose_name_ja": "",
        "remark_renovation_name_ja": ""
      }
    },
    {
      "type": "Feature",
      "geometry": {
        "type": "Point",
        "coordinates": [
          139.53938126564026,
          35.727331403932865
        ]
      },
      "properties": {
        "point_in_time_name_ja": "2025年第2四半期",
        "land_type_name_ja": "中古マンション等",
        "price_information_category_name_ja": "成約価格情報",
        "prefecture_name_ja": "東京都",
        "city_code": "13229",
        "city_name_ja": "西東京市",
        "district_code": "132290090",
        "district_name_ja": "田無町",
        "use_category_name_ja": "",
        "u_transaction_price_total_ja": "5,400万円",
        "u_transaction_price_unit_price_square_meter_ja": "",
        "u_unit_price_per_tsubo_ja": "",
        "u_area_ja": "70㎡",
        "land_shape_name_ja": "",
        "u_land_frontage_ja": "",
        "building_use_name_ja": "",
        "building_structure_name_ja": "ＲＣ",
        "floor_plan_name_ja": "２ＬＤＫ＋Ｓ",
        "u_building_total_floor_area_ja": "",
        "u_construction_year_ja": "2001年",
        "front_road_azimuth_name_ja": "",
        "u_front_road_width_ja": "",
        "front_road_type_name_ja": "",
        "land_use_name_ja": "商業地域",
        "u_building_coverage_ratio_ja": "",
        "u_floor_area_ratio_ja": "",
        "remark_name_ja": "",
        "future_use_purpose_name_ja": "",
        "remark_renovation_name_ja": ""
      }
    },
    {
      "type": "Feature",
      "geometry": {
        "type": "Point",
        "coordinates": [
          139.53938126564026,
          35.727331403932865
        ]
      },
      "properties": {
        "point_in_time_name_ja": "2025年第2四半期",
        "land_type_name_ja": "中古マンション等",
        "price_information_category_name_ja": "成約価格情報",
        "prefecture_name_ja": "東京都",
        "city_code": "13229",
        "city_name_ja": "西東京市",
        "district_code": "132290090",
        "district_name_ja": "田無町",
        "use_category_name_ja": "",
        "u_transaction_price_total_ja": "4,700万円",
        "u_transaction_price_unit_price_square_meter_ja": "",
        "u_unit_price_per_tsubo_ja": "",
        "u_area_ja": "75㎡",
        "land_shape_name_ja": "",
        "u_land_frontage_ja": "",
        "building_use_name_ja": "",
        "building_structure_name_ja": "ＳＲＣ",
        "floor_plan_name_ja": "３ＬＤＫ",
        "u_building_total_floor_area_ja": "",
        "u_construction_year_ja": "1995年",
        "front_road_azimuth_name_ja": "",
        "u_front_road_width_ja": "",
        "front_road_type_name_ja": "",
        "land_use_name_ja": "商業地域",
        "u_building_coverage_ratio_ja": "",
        "u_floor_area_ratio_ja": "",
        "remark_name_ja": "",
        "future_use_purpose_name_ja": "",
        "remark_renovation_name_ja": ""
      }
    },
    {
      "type": "Feature",
      "geometry": {
        "type": "Point",
        "coordinates": [
          139.53938126564026,
          35.727331403932865
        ]
      },
      "properties": {
        "point_in_time_name_ja": "2025年第2四半期",
        "land_type_name_ja": "中古マンション等",
        "price_information_category_name_ja": "成約価格情報",
        "prefecture_name_ja": "東京都",
        "city_code": "13229",
        "city_name_ja": "西東京市",
        "district_code": "132290090",
        "district_name_ja": "田無町",
        "use_category_name_ja": "",
        "u_transaction_price_total_ja": "5,800万円",
        "u_transaction_price_unit_price_square_meter_ja": "",
        "u_unit_price_per_tsubo_ja": "",
        "u_area_ja": "75㎡",
        "land_shape_name_ja": "",
        "u_land_frontage_ja": "",
        "building_use_name_ja": "",
        "building_structure_name_ja": "ＲＣ",
        "floor_plan_name_ja": "３ＬＤＫ",
        "u_building_total_floor_area_ja": "",
        "u_construction_year_ja": "2014年",
        "front_road_azimuth_name_ja": "",
        "u_front_road_width_ja": "",
        "front_road_type_name_ja": "",
        "land_use_name_ja": "第１種住居地域",
        "u_building_coverage_ratio_ja": "",
        "u_floor_area_ratio_ja": "",
        "remark_name_ja": "",
        "future_use_purpose_name_ja": "",
        "remark_renovation_name_ja": ""
      }
    },
    {
      "type": "Feature",
      "geometry": {
        "type": "Point",
        "coordinates": [
          139.53938126564026,
          35.727331403932865
        ]
      },
      "properties": {
        "point_in_time_name_ja": "2025年第2四半期",
        "land_type_name_ja": "中古マンション等",
        "price_information_category_name_ja": "成約価格情報",
        "prefecture_name_ja": "東京都",
        "city_code": "13229",
        "city_name_ja": "西東京市",
        "district_code": "132290090",
        "district_name_ja": "田無町",
        "use_category_name_ja": "",
        "u_transaction_price_total_ja": "4,600万円",
        "u_transaction_price_unit_price_square_meter_ja": "",
        "u_unit_price_per_tsubo_ja": "",
        "u_area_ja": "75㎡",
        "land_shape_name_ja": "",
        "u_land_frontage_ja": "",
        "building_use_name_ja": "",
        "building_structure_name_ja": "ＲＣ",
        "floor_plan_name_ja": "３ＬＤＫ",
        "u_building_total_floor_area_ja": "",
        "u_construction_year_ja": "2010年",
        "front_road_azimuth_name_ja": "",
        "u_front_road_width_ja": "",
        "front_road_type_name_ja": "",
        "land_use_name_ja": "近隣商業地域",
        "u_building_coverage_ratio_ja": "",
        "u_floor_area_ratio_ja": "",
        "remark_name_ja": "",
        "future_use_purpose_name_ja": "",
        "remark_renovation_name_ja": ""
      }
    },
    {
      "type": "Feature",
      "geometry": {
        "type": "Point",
        "coordinates": [
          139.53938126564026,
          35.727331403932865
        ]
      },
      "properties": {
        "point_in_time_name_ja": "2025年第2四半期",
        "land_type_name_ja": "中古マンション等",
        "price_information_category_name_ja": "成約価格情報",
        "prefecture_name_ja": "東京都",
        "city_code": "13229",
        "city_name_ja": "西東京市",
        "district_code": "132290090",
        "district_name_ja": "田無町",
        "use_category_name_ja": "",
        "u_transaction_price_total_ja": "2,000万円",
        "u_transaction_price_unit_price_square_meter_ja": "",
        "u_unit_price_per_tsubo_ja": "",
        "u_area_ja": "55㎡",
        "land_shape_name_ja": "",
        "u_land_frontage_ja": "",
        "building_use_name_ja": "",
        "building_structure_name_ja": "ＳＲＣ",
        "floor_plan_name_ja": "３ＤＫ",
        "u_building_total_floor_area_ja": "",
        "u_construction_year_ja": "1984年",
        "front_road_azimuth_name_ja": "",
        "u_front_road_width_ja": "",
        "front_road_type_name_ja": "",
        "land_use_name_ja": "近隣商業地域",
        "u_building_coverage_ratio_ja": "",
        "u_floor_area_ratio_ja": "",
        "remark_name_ja": "",
        "future_use_purpose_name_ja": "",
        "remark_renovation_name_ja": ""
      }
    },
    {
      "type": "Feature",
      "geometry": {
        "type": "Point",
        "coordinates": [
          139.53938126564026,
          35.727331403932865
        ]
      },
      "properties": {
        "point_in_time_name_ja": "2025年第2四半期",
        "land_type_name_ja": "中古マンション等",
        "price_information_category_name_ja": "成約価格情報",
        "prefecture_name_ja": "東京都",
        "city_code": "13229",
        "city_name_ja": "西東京市",
        "district_code": "132290090",
        "district_name_ja": "田無町",
        "use_category_name_ja": "",
        "u_transaction_price_total_ja": "2,100万円",
        "u_transaction_price_unit_price_square_meter_ja": "",
        "u_unit_price_per_tsubo_ja": "",
        "u_area_ja": "45㎡",
        "land_shape_name_ja": "",
        "u_land_frontage_ja": "",
        "building_use_name_ja": "",
        "building_structure_name_ja": "ＲＣ",
        "floor_plan_name_ja": "２Ｋ",
        "u_building_total_floor_area_ja": "",
        "u_construction_year_ja": "1978年",
        "front_road_azimuth_name_ja": "",
        "u_front_road_width_ja": "",
        "front_road_type_name_ja": "",
        "land_use_name_ja": "第１種住居地域",
        "u_building_coverage_ratio_ja": "",
        "u_floor_area_ratio_ja": "",
        "remark_name_ja": "",
        "future_use_purpose_name_ja": "",
        "remark_renovation_name_ja": ""
      }
    },
    {
      "type": "Feature",
      "geometry": {
        "type": "Point",
        "coordinates": [
          139.53938126564026,
          35.727331403932865
        ]
      },
      "properties": {
        "point_in_time_name_ja": "2025年第3四半期",
        "land_type_name_ja": "中古マンション等",
        "price_information_category_name_ja": "成約価格情報",
        "prefecture_name_ja": "東京都",
        "city_code": "13229",
        "city_name_ja": "西東京市",
        "district_code": "132290090",
        "district_name_ja": "田無町",
        "use_category_name_ja": "",
        "u_transaction_price_total_ja": "3,400万円",
        "u_transaction_price_unit_price_square_meter_ja": "",
        "u_unit_price_per_tsubo_ja": "",
        "u_area_ja": "65㎡",
        "land_shape_name_ja": "",
        "u_land_frontage_ja": "",
        "building_use_name_ja": "",
        "building_structure_name_ja": "ＲＣ",
        "floor_plan_name_ja": "２ＬＤＫ",
        "u_building_total_floor_area_ja": "",
        "u_construction_year_ja": "1998年",
        "front_road_azimuth_name_ja": "",
        "u_front_road_width_ja": "",
        "front_road_type_name_ja": "",
        "land_use_name_ja": "準住居地域",
        "u_building_coverage_ratio_ja": "",
        "u_floor_area_ratio_ja": "",
        "remark_name_ja": "",
        "future_use_purpose_name_ja": "",
        "remark_renovation_name_ja": ""
      }
    },
    {
      "type": "Feature",
      "geometry": {
        "type": "Point",
        "coordinates": [
          139.53938126564026,
          35.727331403932865
        ]
      },
      "properties": {
        "point_in_time_name_ja": "2025年第3四半期",
        "land_type_name_ja": "中古マンション等",
        "price_information_category_name_ja": "成約価格情報",
        "prefecture_name_ja": "東京都",
        "city_code": "13229",
        "city_name_ja": "西東京市",
        "district_code": "132290090",
        "district_name_ja": "田無町",
        "use_category_name_ja": "",
        "u_transaction_price_total_ja": "2,600万円",
        "u_transaction_price_unit_price_square_meter_ja": "",
        "u_unit_price_per_tsubo_ja": "",
        "u_area_ja": "65㎡",
        "land_shape_name_ja": "",
        "u_land_frontage_ja": "",
        "building_use_name_ja": "",
        "building_structure_name_ja": "ＲＣ",
        "floor_plan_name_ja": "３ＬＤＫ",
        "u_building_total_floor_area_ja": "",
        "u_construction_year_ja": "1994年",
        "front_road_azimuth_name_ja": "",
        "u_front_road_width_ja": "",
        "front_road_type_name_ja": "",
        "land_use_name_ja": "第１種低層住居専用地域",
        "u_building_coverage_ratio_ja": "",
        "u_floor_area_ratio_ja": "",
        "remark_name_ja": "",
        "future_use_purpose_name_ja": "",
        "remark_renovation_name_ja": ""
      }
    },
    {
      "type": "Feature",
      "geometry": {
        "type": "Point",
        "coordinates": [
          139.53938126564026,
          35.727331403932865
        ]
      },
      "properties": {
        "point_in_time_name_ja": "2025年第3四半期",
        "land_type_name_ja": "中古マンション等",
        "price_information_category_name_ja": "成約価格情報",
        "prefecture_name_ja": "東京都",
        "city_code": "13229",
        "city_name_ja": "西東京市",
        "district_code": "132290090",
        "district_name_ja": "田無町",
        "use_category_name_ja": "",
        "u_transaction_price_total_ja": "2,500万円",
        "u_transaction_price_unit_price_square_meter_ja": "",
        "u_unit_price_per_tsubo_ja": "",
        "u_area_ja": "50㎡",
        "land_shape_name_ja": "",
        "u_land_frontage_ja": "",
        "building_use_name_ja": "",
        "building_structure_name_ja": "ＲＣ",
        "floor_plan_name_ja": "２ＬＤＫ",
        "u_building_total_floor_area_ja": "",
        "u_construction_year_ja": "1987年",
        "front_road_azimuth_name_ja": "",
        "u_front_road_width_ja": "",
        "front_road_type_name_ja": "",
        "land_use_name_ja": "近隣商業地域",
        "u_building_coverage_ratio_ja": "",
        "u_floor_area_ratio_ja": "",
        "remark_name_ja": "",
        "future_use_purpose_name_ja": "",
        "remark_renovation_name_ja": ""
      }
    },
    {
      "type": "Feature",
      "geometry": {
        "type": "Point",
        "coordinates": [
          139.53938126564026,
          35.727331403932865
        ]
      },
      "properties": {
        "point_in_time_name_ja": "2025年第3四半期",
        "land_type_name_ja": "中古マンション等",
        "price_information_category_name_ja": "成約価格情報",
        "prefecture_name_ja": "東京都",
        "city_code": "13229",
        "city_name_ja": "西東京市",
        "district_code": "132290090",
        "district_name_ja": "田無町",
        "use_category_name_ja": "",
        "u_transaction_price_total_ja": "6,300万円",
        "u_transaction_price_unit_price_square_meter_ja": "",
        "u_unit_price_per_tsubo_ja": "",
        "u_area_ja": "80㎡",
        "land_shape_name_ja": "",
        "u_land_frontage_ja": "",
        "building_use_name_ja": "",
        "building_structure_name_ja": "ＲＣ",
        "floor_plan_name_ja": "３ＬＤＫ",
        "u_building_total_floor_area_ja": "",
        "u_construction_year_ja": "2014年",
        "front_road_azimuth_name_ja": "",
        "u_front_road_width_ja": "",
        "front_road_type_name_ja": "",
        "land_use_name_ja": "第１種低層住居専用地域",
        "u_building_coverage_ratio_ja": "",
        "u_floor_area_ratio_ja": "",
        "remark_name_ja": "",
        "future_use_purpose_name_ja": "",
        "remark_renovation_name_ja": ""
      }
    },
    {
      "type": "Feature",
      "geometry": {
        "type": "Point",
        "coordinates": [
          139.53938126564026,
          35.727331403932865
        ]
      },
      "properties": {
        "point_in_time_name_ja": "2025年第3四半期",
        "land_type_name_ja": "中古マンション等",
        "price_information_category_name_ja": "成約価格情報",
        "prefecture_name_ja": "東京都",
        "city_code": "13229",
        "city_name_ja": "西東京市",
        "district_code": "132290090",
        "district_name_ja": "田無町",
        "use_category_name_ja": "",
        "u_transaction_price_total_ja": "2,000万円",
        "u_transaction_price_unit_price_square_meter_ja": "",
        "u_unit_price_per_tsubo_ja": "",
        "u_area_ja": "45㎡",
        "land_shape_name_ja": "",
        "u_land_frontage_ja": "",
        "building_use_name_ja": "",
        "building_structure_name_ja": "ＲＣ",
        "floor_plan_name_ja": "１ＤＫ",
        "u_building_total_floor_area_ja": "",
        "u_construction_year_ja": "1984年",
        "front_road_azimuth_name_ja": "",
        "u_front_road_width_ja": "",
        "front_road_type_name_ja": "",
        "land_use_name_ja": "第１種住居地域",
        "u_building_coverage_ratio_ja": "",
        "u_floor_area_ratio_ja": "",
        "remark_name_ja": "",
        "future_use_purpose_name_ja": "",
        "remark_renovation_name_ja": ""
      }
    },
    {
      "type": "Feature",
      "geometry": {
        "type": "Point",
        "coordinates": [
          139.53938126564026,
          35.727331403932865
        ]
      },
      "properties": {
        "point_in_time_name_ja": "2025年第4四半期",
        "land_type_name_ja": "中古マンション等",
        "price_information_category_name_ja": "成約価格情報",
        "prefecture_name_ja": "東京都",
        "city_code": "13229",
        "city_name_ja": "西東京市",
        "district_code": "132290090",
        "district_name_ja": "田無町",
        "use_category_name_ja": "",
        "u_transaction_price_total_ja": "4,900万円",
        "u_transaction_price_unit_price_square_meter_ja": "",
        "u_unit_price_per_tsubo_ja": "",
        "u_area_ja": "75㎡",
        "land_shape_name_ja": "",
        "u_land_frontage_ja": "",
        "building_use_name_ja": "",
        "building_structure_name_ja": "ＲＣ",
        "floor_plan_name_ja": "１ＬＤＫ＋Ｓ",
        "u_building_total_floor_area_ja": "",
        "u_construction_year_ja": "2019年",
        "front_road_azimuth_name_ja": "",
        "u_front_road_width_ja": "",
        "front_road_type_name_ja": "",
        "land_use_name_ja": "近隣商業地域",
        "u_building_coverage_ratio_ja": "",
        "u_floor_area_ratio_ja": "",
        "remark_name_ja": "",
        "future_use_purpose_name_ja": "",
        "remark_renovation_name_ja": ""
      }
    },
    {
      "type": "Feature",
      "geometry": {
        "type": "Point",
        "coordinates": [
          139.53938126564026,
          35.727331403932865
        ]
      },
      "properties": {
        "point_in_time_name_ja": "2025年第4四半期",
        "land_type_name_ja": "中古マンション等",
        "price_information_category_name_ja": "成約価格情報",
        "prefecture_name_ja": "東京都",
        "city_code": "13229",
        "city_name_ja": "西東京市",
        "district_code": "132290090",
        "district_name_ja": "田無町",
        "use_category_name_ja": "",
        "u_transaction_price_total_ja": "2,700万円",
        "u_transaction_price_unit_price_square_meter_ja": "",
        "u_unit_price_per_tsubo_ja": "",
        "u_area_ja": "65㎡",
        "land_shape_name_ja": "",
        "u_land_frontage_ja": "",
        "building_use_name_ja": "",
        "building_structure_name_ja": "ＲＣ",
        "floor_plan_name_ja": "３ＬＤＫ",
        "u_building_total_floor_area_ja": "",
        "u_construction_year_ja": "1984年",
        "front_road_azimuth_name_ja": "",
        "u_front_road_width_ja": "",
        "front_road_type_name_ja": "",
        "land_use_name_ja": "近隣商業地域",
        "u_building_coverage_ratio_ja": "",
        "u_floor_area_ratio_ja": "",
        "remark_name_ja": "",
        "future_use_purpose_name_ja": "",
        "remark_renovation_name_ja": ""
      }
    },
    {
      "type": "Feature",
      "geometry": {
        "type": "Point",
        "coordinates": [
          139.53938126564026,
          35.727331403932865
        ]
      },
      "properties": {
        "point_in_time_name_ja": "2025年第4四半期",
        "land_type_name_ja": "中古マンション等",
        "price_information_category_name_ja": "成約価格情報",
        "prefecture_name_ja": "東京都",
        "city_code": "13229",
        "city_name_ja": "西東京市",
        "district_code": "132290090",
        "district_name_ja": "田無町",
        "use_category_name_ja": "",
        "u_transaction_price_total_ja": "4,500万円",
        "u_transaction_price_unit_price_square_meter_ja": "",
        "u_unit_price_per_tsubo_ja": "",
        "u_area_ja": "70㎡",
        "land_shape_name_ja": "",
        "u_land_frontage_ja": "",
        "building_use_name_ja": "",
        "building_structure_name_ja": "ＲＣ",
        "floor_plan_name_ja": "２ＬＤＫ＋Ｓ",
        "u_building_total_floor_area_ja": "",
        "u_construction_year_ja": "2010年",
        "front_road_azimuth_name_ja": "",
        "u_front_road_width_ja": "",
        "front_road_type_name_ja": "",
        "land_use_name_ja": "近隣商業地域",
        "u_building_coverage_ratio_ja": "",
        "u_floor_area_ratio_ja": "",
        "remark_name_ja": "",
        "future_use_purpose_name_ja": "",
        "remark_renovation_name_ja": ""
      }
    },
    {
      "type": "Feature",
      "geometry": {
        "type": "Point",
        "coordinates": [
          139.53938126564026,
          35.727331403932865
        ]
      },
      "properties": {
        "point_in_time_name_ja": "2025年第4四半期",
        "land_type_name_ja": "中古マンション等",
        "price_information_category_name_ja": "成約価格情報",
        "prefecture_name_ja": "東京都",
        "city_code": "13229",
        "city_name_ja": "西東京市",
        "district_code": "132290090",
        "district_name_ja": "田無町",
        "use_category_name_ja": "",
        "u_transaction_price_total_ja": "3,400万円",
        "u_transaction_price_unit_price_square_meter_ja": "",
        "u_unit_price_per_tsubo_ja": "",
        "u_area_ja": "55㎡",
        "land_shape_name_ja": "",
        "u_land_frontage_ja": "",
        "building_use_name_ja": "",
        "building_structure_name_ja": "ＲＣ",
        "floor_plan_name_ja": "２ＤＫ＋Ｓ",
        "u_building_total_floor_area_ja": "",
        "u_construction_year_ja": "1985年",
        "front_road_azimuth_name_ja": "",
        "u_front_road_width_ja": "",
        "front_road_type_name_ja": "",
        "land_use_name_ja": "近隣商業地域",
        "u_building_coverage_ratio_ja": "",
        "u_floor_area_ratio_ja": "",
        "remark_name_ja": "",
        "future_use_purpose_name_ja": "",
        "remark_renovation_name_ja": ""
      }
    },
    {
      "type": "Feature",
      "geometry": {
        "type": "Point",
        "coordinates": [
          139.53938126564026,
          35.727331403932865
        ]
      },
      "properties": {
        "point_in_time_name_ja": "2025年第4四半期",
        "land_type_name_ja": "中古マンション等",
        "price_information_category_name_ja": "成約価格情報",
        "prefecture_name_ja": "東京都",
        "city_code": "13229",
        "city_name_ja": "西東京市",
        "district_code": "132290090",
        "district_name_ja": "田無町",
        "use_category_name_ja": "",
        "u_transaction_price_total_ja": "4,200万円",
        "u_transaction_price_unit_price_square_meter_ja": "",
        "u_unit_price_per_tsubo_ja": "",
        "u_area_ja": "65㎡",
        "land_shape_name_ja": "",
        "u_land_frontage_ja": "",
        "building_use_name_ja": "",
        "building_structure_name_ja": "ＲＣ",
        "floor_plan_name_ja": "３ＬＤＫ",
        "u_building_total_floor_area_ja": "",
        "u_construction_year_ja": "2014年",
        "front_road_azimuth_name_ja": "",
        "u_front_road_width_ja": "",
        "front_road_type_name_ja": "",
        "land_use_name_ja": "近隣商業地域",
        "u_building_coverage_ratio_ja": "",
        "u_floor_area_ratio_ja": "",
        "remark_name_ja": "",
        "future_use_purpose_name_ja": "",
        "remark_renovation_name_ja": ""
      }
    },
    {
      "type": "Feature",
      "geometry": {
        "type": "Point",
        "coordinates": [
          139.53938126564026,
          35.727331403932865
        ]
      },
      "properties": {
        "point_in_time_name_ja": "2025年第4四半期",
        "land_type_name_ja": "中古マンション等",
        "price_information_category_name_ja": "成約価格情報",
        "prefecture_name_ja": "東京都",
        "city_code": "13229",
        "city_name_ja": "西東京市",
        "district_code": "132290090",
        "district_name_ja": "田無町",
        "use_category_name_ja": "",
        "u_transaction_price_total_ja": "1,100万円",
        "u_transaction_price_unit_price_square_meter_ja": "",
        "u_unit_price_per_tsubo_ja": "",
        "u_area_ja": "30㎡",
        "land_shape_name_ja": "",
        "u_land_frontage_ja": "",
        "building_use_name_ja": "",
        "building_structure_name_ja": "ＲＣ",
        "floor_plan_name_ja": "１Ｋ",
        "u_building_total_floor_area_ja": "",
        "u_construction_year_ja": "1966年",
        "front_road_azimuth_name_ja": "",
        "u_front_road_width_ja": "",
        "front_road_type_name_ja": "",
        "land_use_name_ja": "第１種住居地域",
        "u_building_coverage_ratio_ja": "",
        "u_floor_area_ratio_ja": "",
        "remark_name_ja": "",
        "future_use_purpose_name_ja": "",
        "remark_renovation_name_ja": ""
      }
    },
    {
      "type": "Feature",
      "geometry": {
        "type": "Point",
        "coordinates": [
          139.53938126564026,
          35.727331403932865
        ]
      },
      "properties": {
        "point_in_time_name_ja": "2025年第4四半期",
        "land_type_name_ja": "中古マンション等",
        "price_information_category_name_ja": "成約価格情報",
        "prefecture_name_ja": "東京都",
        "city_code": "13229",
        "city_name_ja": "西東京市",
        "district_code": "132290090",
        "district_name_ja": "田無町",
        "use_category_name_ja": "",
        "u_transaction_price_total_ja": "2,400万円",
        "u_transaction_price_unit_price_square_meter_ja": "",
        "u_unit_price_per_tsubo_ja": "",
        "u_area_ja": "55㎡",
        "land_shape_name_ja": "",
        "u_land_frontage_ja": "",
        "building_use_name_ja": "",
        "building_structure_name_ja": "ＲＣ",
        "floor_plan_name_ja": "３ＤＫ",
        "u_building_total_floor_area_ja": "",
        "u_construction_year_ja": "1981年",
        "front_road_azimuth_name_ja": "",
        "u_front_road_width_ja": "",
        "front_road_type_name_ja": "",
        "land_use_name_ja": "近隣商業地域",
        "u_building_coverage_ratio_ja": "",
        "u_floor_area_ratio_ja": "",
        "remark_name_ja": "",
        "future_use_purpose_name_ja": "",
        "remark_renovation_name_ja": ""
      }
    },
    {
      "type": "Feature",
      "geometry": {
        "type": "Point",
        "coordinates": [
          139.53938126564026,
          35.727331403932865
        ]
      },
      "properties": {
        "point_in_time_name_ja": "2025年第4四半期",
        "land_type_name_ja": "中古マンション等",
        "price_information_category_name_ja": "成約価格情報",
        "prefecture_name_ja": "東京都",
        "city_code": "13229",
        "city_name_ja": "西東京市",
        "district_code": "132290090",
        "district_name_ja": "田無町",
        "use_category_name_ja": "",
        "u_transaction_price_total_ja": "5,400万円",
        "u_transaction_price_unit_price_square_meter_ja": "",
        "u_unit_price_per_tsubo_ja": "",
        "u_area_ja": "80㎡",
        "land_shape_name_ja": "",
        "u_land_frontage_ja": "",
        "building_use_name_ja": "",
        "building_structure_name_ja": "ＲＣ",
        "floor_plan_name_ja": "３ＬＤＫ",
        "u_building_total_floor_area_ja": "",
        "u_construction_year_ja": "2002年",
        "front_road_azimuth_name_ja": "",
        "u_front_road_width_ja": "",
        "front_road_type_name_ja": "",
        "land_use_name_ja": "近隣商業地域",
        "u_building_coverage_ratio_ja": "",
        "u_floor_area_ratio_ja": "",
        "remark_name_ja": "",
        "future_use_purpose_name_ja": "",
        "remark_renovation_name_ja": ""
      }
    },
    {
      "type": "Feature",
      "geometry": {
        "type": "Point",
        "coordinates": [
          139.53938126564026,
          35.727331403932865
        ]
      },
      "properties": {
        "point_in_time_name_ja": "2025年第4四半期",
        "land_type_name_ja": "中古マンション等",
        "price_information_category_name_ja": "成約価格情報",
        "prefecture_name_ja": "東京都",
        "city_code": "13229",
        "city_name_ja": "西東京市",
        "district_code": "132290090",
        "district_name_ja": "田無町",
        "use_category_name_ja": "",
        "u_transaction_price_total_ja": "1,900万円",
        "u_transaction_price_unit_price_square_meter_ja": "",
        "u_unit_price_per_tsubo_ja": "",
        "u_area_ja": "45㎡",
        "land_shape_name_ja": "",
        "u_land_frontage_ja": "",
        "building_use_name_ja": "",
        "building_structure_name_ja": "ＲＣ",
        "floor_plan_name_ja": "１ＤＫ",
        "u_building_total_floor_area_ja": "",
        "u_construction_year_ja": "1984年",
        "front_road_azimuth_name_ja": "",
        "u_front_road_width_ja": "",
        "front_road_type_name_ja": "",
        "land_use_name_ja": "第１種住居地域",
        "u_building_coverage_ratio_ja": "",
        "u_floor_area_ratio_ja": "",
        "remark_name_ja": "",
        "future_use_purpose_name_ja": "",
        "remark_renovation_name_ja": ""
      }
    },
    {
      "type": "Feature",
      "geometry": {
        "type": "Point",
        "coordinates": [
          139.53938126564026,
          35.727331403932865
        ]
      },
      "properties": {
        "point_in_time_name_ja": "2025年第4四半期",
        "land_type_name_ja": "中古マンション等",
        "price_information_category_name_ja": "成約価格情報",
        "prefecture_name_ja": "東京都",
        "city_code": "13229",
        "city_name_ja": "西東京市",
        "district_code": "132290210",
        "district_name_ja": "柳沢",
        "use_category_name_ja": "",
        "u_transaction_price_total_ja": "4,700万円",
        "u_transaction_price_unit_price_square_meter_ja": "",
        "u_unit_price_per_tsubo_ja": "",
        "u_area_ja": "80㎡",
        "land_shape_name_ja": "",
        "u_land_frontage_ja": "",
        "building_use_name_ja": "",
        "building_structure_name_ja": "ＲＣ",
        "floor_plan_name_ja": "３ＬＤＫ",
        "u_building_total_floor_area_ja": "",
        "u_construction_year_ja": "2004年",
        "front_road_azimuth_name_ja": "",
        "u_front_road_width_ja": "",
        "front_road_type_name_ja": "",
        "land_use_name_ja": "準工業地域",
        "u_building_coverage_ratio_ja": "",
        "u_floor_area_ratio_ja": "",
        "remark_name_ja": "",
        "future_use_purpose_name_ja": "",
        "remark_renovation_name_ja": ""
      }
    },
    {
      "type": "Feature",
      "geometry": {
        "type": "Point",
        "coordinates": [
          139.53938126564026,
          35.727331403932865
        ]
      },
      "properties": {
        "point_in_time_name_ja": "2025年第1四半期",
        "land_type_name_ja": "中古マンション等",
        "price_information_category_name_ja": "成約価格情報",
        "prefecture_name_ja": "東京都",
        "city_code": "13229",
        "city_name_ja": "西東京市",
        "district_code": "132290050",
        "district_name_ja": "芝久保町",
        "use_category_name_ja": "",
        "u_transaction_price_total_ja": "4,700万円",
        "u_transaction_price_unit_price_square_meter_ja": "",
        "u_unit_price_per_tsubo_ja": "",
        "u_area_ja": "80㎡",
        "land_shape_name_ja": "",
        "u_land_frontage_ja": "",
        "building_use_name_ja": "",
        "building_structure_name_ja": "ＲＣ",
        "floor_plan_name_ja": "３ＬＤＫ",
        "u_building_total_floor_area_ja": "",
        "u_construction_year_ja": "2006年",
        "front_road_azimuth_name_ja": "",
        "u_front_road_width_ja": "",
        "front_road_type_name_ja": "",
        "land_use_name_ja": "準工業地域",
        "u_building_coverage_ratio_ja": "",
        "u_floor_area_ratio_ja": "",
        "remark_name_ja": "",
        "future_use_purpose_name_ja": "",
        "remark_renovation_name_ja": ""
      }
    },
    {
      "type": "Feature",
      "geometry": {
        "type": "Point",
        "coordinates": [
          139.53938126564026,
          35.727331403932865
        ]
      },
      "properties": {
        "point_in_time_name_ja": "2025年第1四半期",
        "land_type_name_ja": "中古マンション等",
        "price_information_category_name_ja": "成約価格情報",
        "prefecture_name_ja": "東京都",
        "city_code": "13229",
        "city_name_ja": "西東京市",
        "district_code": "132290050",
        "district_name_ja": "芝久保町",
        "use_category_name_ja": "",
        "u_transaction_price_total_ja": "4,100万円",
        "u_transaction_price_unit_price_square_meter_ja": "",
        "u_unit_price_per_tsubo_ja": "",
        "u_area_ja": "60㎡",
        "land_shape_name_ja": "",
        "u_land_frontage_ja": "",
        "building_use_name_ja": "",
        "building_structure_name_ja": "ＲＣ",
        "floor_plan_name_ja": "２ＬＤＫ",
        "u_building_total_floor_area_ja": "",
        "u_construction_year_ja": "2018年",
        "front_road_azimuth_name_ja": "",
        "u_front_road_width_ja": "",
        "front_road_type_name_ja": "",
        "land_use_name_ja": "第１種中高層住居専用地域",
        "u_building_coverage_ratio_ja": "",
        "u_floor_area_ratio_ja": "",
        "remark_name_ja": "",
        "future_use_purpose_name_ja": "",
        "remark_renovation_name_ja": ""
      }
    },
    {
      "type": "Feature",
      "geometry": {
        "type": "Point",
        "coordinates": [
          139.53938126564026,
          35.727331403932865
        ]
      },
      "properties": {
        "point_in_time_name_ja": "2025年第1四半期",
        "land_type_name_ja": "中古マンション等",
        "price_information_category_name_ja": "成約価格情報",
        "prefecture_name_ja": "東京都",
        "city_code": "13229",
        "city_name_ja": "西東京市",
        "district_code": "132290050",
        "district_name_ja": "芝久保町",
        "use_category_name_ja": "",
        "u_transaction_price_total_ja": "4,700万円",
        "u_transaction_price_unit_price_square_meter_ja": "",
        "u_unit_price_per_tsubo_ja": "",
        "u_area_ja": "85㎡",
        "land_shape_name_ja": "",
        "u_land_frontage_ja": "",
        "building_use_name_ja": "",
        "building_structure_name_ja": "ＲＣ",
        "floor_plan_name_ja": "２ＬＤＫ",
        "u_building_total_floor_area_ja": "",
        "u_construction_year_ja": "2006年",
        "front_road_azimuth_name_ja": "",
        "u_front_road_width_ja": "",
        "front_road_type_name_ja": "",
        "land_use_name_ja": "準工業地域",
        "u_building_coverage_ratio_ja": "",
        "u_floor_area_ratio_ja": "",
        "remark_name_ja": "",
        "future_use_purpose_name_ja": "",
        "remark_renovation_name_ja": ""
      }
    },
    {
      "type": "Feature",
      "geometry": {
        "type": "Point",
        "coordinates": [
          139.53938126564026,
          35.727331403932865
        ]
      },
      "properties": {
        "point_in_time_name_ja": "2025年第1四半期",
        "land_type_name_ja": "中古マンション等",
        "price_information_category_name_ja": "成約価格情報",
        "prefecture_name_ja": "東京都",
        "city_code": "13229",
        "city_name_ja": "西東京市",
        "district_code": "132290050",
        "district_name_ja": "芝久保町",
        "use_category_name_ja": "",
        "u_transaction_price_total_ja": "1,900万円",
        "u_transaction_price_unit_price_square_meter_ja": "",
        "u_unit_price_per_tsubo_ja": "",
        "u_area_ja": "50㎡",
        "land_shape_name_ja": "",
        "u_land_frontage_ja": "",
        "building_use_name_ja": "",
        "building_structure_name_ja": "ＲＣ",
        "floor_plan_name_ja": "２ＬＤＫ",
        "u_building_total_floor_area_ja": "",
        "u_construction_year_ja": "1973年",
        "front_road_azimuth_name_ja": "",
        "u_front_road_width_ja": "",
        "front_road_type_name_ja": "",
        "land_use_name_ja": "第１種中高層住居専用地域",
        "u_building_coverage_ratio_ja": "",
        "u_floor_area_ratio_ja": "",
        "remark_name_ja": "",
        "future_use_purpose_name_ja": "",
        "remark_renovation_name_ja": ""
      }
    },
    {
      "type": "Feature",
      "geometry": {
        "type": "Point",
        "coordinates": [
          139.53938126564026,
          35.727331403932865
        ]
      },
      "properties": {
        "point_in_time_name_ja": "2025年第1四半期",
        "land_type_name_ja": "中古マンション等",
        "price_information_category_name_ja": "成約価格情報",
        "prefecture_name_ja": "東京都",
        "city_code": "13229",
        "city_name_ja": "西東京市",
        "district_code": "132290050",
        "district_name_ja": "芝久保町",
        "use_category_name_ja": "",
        "u_transaction_price_total_ja": "4,200万円",
        "u_transaction_price_unit_price_square_meter_ja": "",
        "u_unit_price_per_tsubo_ja": "",
        "u_area_ja": "70㎡",
        "land_shape_name_ja": "",
        "u_land_frontage_ja": "",
        "building_use_name_ja": "",
        "building_structure_name_ja": "ＲＣ",
        "floor_plan_name_ja": "３ＬＤＫ",
        "u_building_total_floor_area_ja": "",
        "u_construction_year_ja": "2006年",
        "front_road_azimuth_name_ja": "",
        "u_front_road_width_ja": "",
        "front_road_type_name_ja": "",
        "land_use_name_ja": "第１種中高層住居専用地域",
        "u_building_coverage_ratio_ja": "",
        "u_floor_area_ratio_ja": "",
        "remark_name_ja": "",
        "future_use_purpose_name_ja": "",
        "remark_renovation_name_ja": ""
      }
    },
    {
      "type": "Feature",
      "geometry": {
        "type": "Point",
        "coordinates": [
          139.53938126564026,
          35.727331403932865
        ]
      },
      "properties": {
        "point_in_time_name_ja": "2025年第1四半期",
        "land_type_name_ja": "中古マンション等",
        "price_information_category_name_ja": "成約価格情報",
        "prefecture_name_ja": "東京都",
        "city_code": "13229",
        "city_name_ja": "西東京市",
        "district_code": "132290050",
        "district_name_ja": "芝久保町",
        "use_category_name_ja": "",
        "u_transaction_price_total_ja": "2,600万円",
        "u_transaction_price_unit_price_square_meter_ja": "",
        "u_unit_price_per_tsubo_ja": "",
        "u_area_ja": "65㎡",
        "land_shape_name_ja": "",
        "u_land_frontage_ja": "",
        "building_use_name_ja": "",
        "building_structure_name_ja": "ＲＣ",
        "floor_plan_name_ja": "３ＬＤＫ",
        "u_building_total_floor_area_ja": "",
        "u_construction_year_ja": "2007年",
        "front_road_azimuth_name_ja": "",
        "u_front_road_width_ja": "",
        "front_road_type_name_ja": "",
        "land_use_name_ja": "準工業地域",
        "u_building_coverage_ratio_ja": "",
        "u_floor_area_ratio_ja": "",
        "remark_name_ja": "",
        "future_use_purpose_name_ja": "",
        "remark_renovation_name_ja": ""
      }
    },
    {
      "type": "Feature",
      "geometry": {
        "type": "Point",
        "coordinates": [
          139.53938126564026,
          35.727331403932865
        ]
      },
      "properties": {
        "point_in_time_name_ja": "2025年第1四半期",
        "land_type_name_ja": "中古マンション等",
        "price_information_category_name_ja": "成約価格情報",
        "prefecture_name_ja": "東京都",
        "city_code": "13229",
        "city_name_ja": "西東京市",
        "district_code": "132290050",
        "district_name_ja": "芝久保町",
        "use_category_name_ja": "",
        "u_transaction_price_total_ja": "4,400万円",
        "u_transaction_price_unit_price_square_meter_ja": "",
        "u_unit_price_per_tsubo_ja": "",
        "u_area_ja": "80㎡",
        "land_shape_name_ja": "",
        "u_land_frontage_ja": "",
        "building_use_name_ja": "",
        "building_structure_name_ja": "ＲＣ",
        "floor_plan_name_ja": "３ＬＤＫ",
        "u_building_total_floor_area_ja": "",
        "u_construction_year_ja": "2005年",
        "front_road_azimuth_name_ja": "",
        "u_front_road_width_ja": "",
        "front_road_type_name_ja": "",
        "land_use_name_ja": "第１種中高層住居専用地域",
        "u_building_coverage_ratio_ja": "",
        "u_floor_area_ratio_ja": "",
        "remark_name_ja": "",
        "future_use_purpose_name_ja": "",
        "remark_renovation_name_ja": ""
      }
    },
    {
      "type": "Feature",
      "geometry": {
        "type": "Point",
        "coordinates": [
          139.53938126564026,
          35.727331403932865
        ]
      },
      "properties": {
        "point_in_time_name_ja": "2025年第1四半期",
        "land_type_name_ja": "中古マンション等",
        "price_information_category_name_ja": "成約価格情報",
        "prefecture_name_ja": "東京都",
        "city_code": "13229",
        "city_name_ja": "西東京市",
        "district_code": "132290050",
        "district_name_ja": "芝久保町",
        "use_category_name_ja": "",
        "u_transaction_price_total_ja": "2,400万円",
        "u_transaction_price_unit_price_square_meter_ja": "",
        "u_unit_price_per_tsubo_ja": "",
        "u_area_ja": "60㎡",
        "land_shape_name_ja": "",
        "u_land_frontage_ja": "",
        "building_use_name_ja": "",
        "building_structure_name_ja": "ＲＣ",
        "floor_plan_name_ja": "３ＬＤＫ",
        "u_building_total_floor_area_ja": "",
        "u_construction_year_ja": "1995年",
        "front_road_azimuth_name_ja": "",
        "u_front_road_width_ja": "",
        "front_road_type_name_ja": "",
        "land_use_name_ja": "準工業地域",
        "u_building_coverage_ratio_ja": "",
        "u_floor_area_ratio_ja": "",
        "remark_name_ja": "",
        "future_use_purpose_name_ja": "",
        "remark_renovation_name_ja": ""
      }
    },
    {
      "type": "Feature",
      "geometry": {
        "type": "Point",
        "coordinates": [
          139.53938126564026,
          35.727331403932865
        ]
      },
      "properties": {
        "point_in_time_name_ja": "2025年第1四半期",
        "land_type_name_ja": "中古マンション等",
        "price_information_category_name_ja": "成約価格情報",
        "prefecture_name_ja": "東京都",
        "city_code": "13229",
        "city_name_ja": "西東京市",
        "district_code": "132290110",
        "district_name_ja": "西原町",
        "use_category_name_ja": "",
        "u_transaction_price_total_ja": "2,400万円",
        "u_transaction_price_unit_price_square_meter_ja": "",
        "u_unit_price_per_tsubo_ja": "",
        "u_area_ja": "55㎡",
        "land_shape_name_ja": "",
        "u_land_frontage_ja": "",
        "building_use_name_ja": "",
        "building_structure_name_ja": "ＳＲＣ",
        "floor_plan_name_ja": "２ＬＤＫ",
        "u_building_total_floor_area_ja": "",
        "u_construction_year_ja": "1984年",
        "front_road_azimuth_name_ja": "",
        "u_front_road_width_ja": "",
        "front_road_type_name_ja": "",
        "land_use_name_ja": "商業地域",
        "u_building_coverage_ratio_ja": "",
        "u_floor_area_ratio_ja": "",
        "remark_name_ja": "",
        "future_use_purpose_name_ja": "",
        "remark_renovation_name_ja": ""
      }
    },
    {
      "type": "Feature",
      "geometry": {
        "type": "Point",
        "coordinates": [
          139.53938126564026,
          35.727331403932865
        ]
      },
      "properties": {
        "point_in_time_name_ja": "2025年第1四半期",
        "land_type_name_ja": "中古マンション等",
        "price_information_category_name_ja": "成約価格情報",
        "prefecture_name_ja": "東京都",
        "city_code": "13229",
        "city_name_ja": "西東京市",
        "district_code": "132290110",
        "district_name_ja": "西原町",
        "use_category_name_ja": "",
        "u_transaction_price_total_ja": "1,500万円",
        "u_transaction_price_unit_price_square_meter_ja": "",
        "u_unit_price_per_tsubo_ja": "",
        "u_area_ja": "75㎡",
        "land_shape_name_ja": "",
        "u_land_frontage_ja": "",
        "building_use_name_ja": "",
        "building_structure_name_ja": "ＲＣ",
        "floor_plan_name_ja": "３ＬＤＫ",
        "u_building_total_floor_area_ja": "",
        "u_construction_year_ja": "1980年",
        "front_road_azimuth_name_ja": "",
        "u_front_road_width_ja": "",
        "front_road_type_name_ja": "",
        "land_use_name_ja": "第１種中高層住居専用地域",
        "u_building_coverage_ratio_ja": "",
        "u_floor_area_ratio_ja": "",
        "remark_name_ja": "",
        "future_use_purpose_name_ja": "",
        "remark_renovation_name_ja": ""
      }
    },
    {
      "type": "Feature",
      "geometry": {
        "type": "Point",
        "coordinates": [
          139.53938126564026,
          35.727331403932865
        ]
      },
      "properties": {
        "point_in_time_name_ja": "2025年第1四半期",
        "land_type_name_ja": "中古マンション等",
        "price_information_category_name_ja": "成約価格情報",
        "prefecture_name_ja": "東京都",
        "city_code": "13229",
        "city_name_ja": "西東京市",
        "district_code": "132290110",
        "district_name_ja": "西原町",
        "use_category_name_ja": "",
        "u_transaction_price_total_ja": "1,200万円",
        "u_transaction_price_unit_price_square_meter_ja": "",
        "u_unit_price_per_tsubo_ja": "",
        "u_area_ja": "75㎡",
        "land_shape_name_ja": "",
        "u_land_frontage_ja": "",
        "building_use_name_ja": "",
        "building_structure_name_ja": "ＲＣ",
        "floor_plan_name_ja": "３ＬＤＫ",
        "u_building_total_floor_area_ja": "",
        "u_construction_year_ja": "1982年",
        "front_road_azimuth_name_ja": "",
        "u_front_road_width_ja": "",
        "front_road_type_name_ja": "",
        "land_use_name_ja": "第１種中高層住居専用地域",
        "u_building_coverage_ratio_ja": "",
        "u_floor_area_ratio_ja": "",
        "remark_name_ja": "",
        "future_use_purpose_name_ja": "",
        "remark_renovation_name_ja": ""
      }
    },
    {
      "type": "Feature",
      "geometry": {
        "type": "Point",
        "coordinates": [
          139.53938126564026,
          35.727331403932865
        ]
      },
      "properties": {
        "point_in_time_name_ja": "2025年第1四半期",
        "land_type_name_ja": "中古マンション等",
        "price_information_category_name_ja": "成約価格情報",
        "prefecture_name_ja": "東京都",
        "city_code": "13229",
        "city_name_ja": "西東京市",
        "district_code": "132290200",
        "district_name_ja": "向台町",
        "use_category_name_ja": "",
        "u_transaction_price_total_ja": "6,000万円",
        "u_transaction_price_unit_price_square_meter_ja": "",
        "u_unit_price_per_tsubo_ja": "",
        "u_area_ja": "85㎡",
        "land_shape_name_ja": "",
        "u_land_frontage_ja": "",
        "building_use_name_ja": "",
        "building_structure_name_ja": "ＲＣ",
        "floor_plan_name_ja": "３ＬＤＫ",
        "u_building_total_floor_area_ja": "",
        "u_construction_year_ja": "2010年",
        "front_road_azimuth_name_ja": "",
        "u_front_road_width_ja": "",
        "front_road_type_name_ja": "",
        "land_use_name_ja": "準工業地域",
        "u_building_coverage_ratio_ja": "",
        "u_floor_area_ratio_ja": "",
        "remark_name_ja": "",
        "future_use_purpose_name_ja": "",
        "remark_renovation_name_ja": ""
      }
    },
    {
      "type": "Feature",
      "geometry": {
        "type": "Point",
        "coordinates": [
          139.53938126564026,
          35.727331403932865
        ]
      },
      "properties": {
        "point_in_time_name_ja": "2025年第2四半期",
        "land_type_name_ja": "中古マンション等",
        "price_information_category_name_ja": "成約価格情報",
        "prefecture_name_ja": "東京都",
        "city_code": "13229",
        "city_name_ja": "西東京市",
        "district_code": "132290020",
        "district_name_ja": "北原町",
        "use_category_name_ja": "",
        "u_transaction_price_total_ja": "2,500万円",
        "u_transaction_price_unit_price_square_meter_ja": "",
        "u_unit_price_per_tsubo_ja": "",
        "u_area_ja": "55㎡",
        "land_shape_name_ja": "",
        "u_land_frontage_ja": "",
        "building_use_name_ja": "",
        "building_structure_name_ja": "ＲＣ",
        "floor_plan_name_ja": "３ＬＤＫ",
        "u_building_total_floor_area_ja": "",
        "u_construction_year_ja": "1985年",
        "front_road_azimuth_name_ja": "",
        "u_front_road_width_ja": "",
        "front_road_type_name_ja": "",
        "land_use_name_ja": "第１種中高層住居専用地域",
        "u_building_coverage_ratio_ja": "",
        "u_floor_area_ratio_ja": "",
        "remark_name_ja": "",
        "future_use_purpose_name_ja": "",
        "remark_renovation_name_ja": ""
      }
    },
    {
      "type": "Feature",
      "geometry": {
        "type": "Point",
        "coordinates": [
          139.53938126564026,
          35.727331403932865
        ]
      },
      "properties": {
        "point_in_time_name_ja": "2025年第2四半期",
        "land_type_name_ja": "中古マンション等",
        "price_information_category_name_ja": "成約価格情報",
        "prefecture_name_ja": "東京都",
        "city_code": "13229",
        "city_name_ja": "西東京市",
        "district_code": "132290050",
        "district_name_ja": "芝久保町",
        "use_category_name_ja": "",
        "u_transaction_price_total_ja": "3,600万円",
        "u_transaction_price_unit_price_square_meter_ja": "",
        "u_unit_price_per_tsubo_ja": "",
        "u_area_ja": "65㎡",
        "land_shape_name_ja": "",
        "u_land_frontage_ja": "",
        "building_use_name_ja": "",
        "building_structure_name_ja": "ＲＣ",
        "floor_plan_name_ja": "３ＬＤＫ",
        "u_building_total_floor_area_ja": "",
        "u_construction_year_ja": "2007年",
        "front_road_azimuth_name_ja": "",
        "u_front_road_width_ja": "",
        "front_road_type_name_ja": "",
        "land_use_name_ja": "準工業地域",
        "u_building_coverage_ratio_ja": "",
        "u_floor_area_ratio_ja": "",
        "remark_name_ja": "",
        "future_use_purpose_name_ja": "",
        "remark_renovation_name_ja": ""
      }
    },
    {
      "type": "Feature",
      "geometry": {
        "type": "Point",
        "coordinates": [
          139.53938126564026,
          35.727331403932865
        ]
      },
      "properties": {
        "point_in_time_name_ja": "2025年第2四半期",
        "land_type_name_ja": "中古マンション等",
        "price_information_category_name_ja": "成約価格情報",
        "prefecture_name_ja": "東京都",
        "city_code": "13229",
        "city_name_ja": "西東京市",
        "district_code": "132290050",
        "district_name_ja": "芝久保町",
        "use_category_name_ja": "",
        "u_transaction_price_total_ja": "3,300万円",
        "u_transaction_price_unit_price_square_meter_ja": "",
        "u_unit_price_per_tsubo_ja": "",
        "u_area_ja": "70㎡",
        "land_shape_name_ja": "",
        "u_land_frontage_ja": "",
        "building_use_name_ja": "",
        "building_structure_name_ja": "ＲＣ",
        "floor_plan_name_ja": "３ＬＤＫ",
        "u_building_total_floor_area_ja": "",
        "u_construction_year_ja": "2006年",
        "front_road_azimuth_name_ja": "",
        "u_front_road_width_ja": "",
        "front_road_type_name_ja": "",
        "land_use_name_ja": "第１種中高層住居専用地域",
        "u_building_coverage_ratio_ja": "",
        "u_floor_area_ratio_ja": "",
        "remark_name_ja": "",
        "future_use_purpose_name_ja": "",
        "remark_renovation_name_ja": ""
      }
    },
    {
      "type": "Feature",
      "geometry": {
        "type": "Point",
        "coordinates": [
          139.53938126564026,
          35.727331403932865
        ]
      },
      "properties": {
        "point_in_time_name_ja": "2025年第2四半期",
        "land_type_name_ja": "中古マンション等",
        "price_information_category_name_ja": "成約価格情報",
        "prefecture_name_ja": "東京都",
        "city_code": "13229",
        "city_name_ja": "西東京市",
        "district_code": "132290110",
        "district_name_ja": "西原町",
        "use_category_name_ja": "",
        "u_transaction_price_total_ja": "3,000万円",
        "u_transaction_price_unit_price_square_meter_ja": "",
        "u_unit_price_per_tsubo_ja": "",
        "u_area_ja": "60㎡",
        "land_shape_name_ja": "",
        "u_land_frontage_ja": "",
        "building_use_name_ja": "",
        "building_structure_name_ja": "ＲＣ",
        "floor_plan_name_ja": "２ＬＤＫ",
        "u_building_total_floor_area_ja": "",
        "u_construction_year_ja": "2002年",
        "front_road_azimuth_name_ja": "",
        "u_front_road_width_ja": "",
        "front_road_type_name_ja": "",
        "land_use_name_ja": "準住居地域",
        "u_building_coverage_ratio_ja": "",
        "u_floor_area_ratio_ja": "",
        "remark_name_ja": "",
        "future_use_purpose_name_ja": "",
        "remark_renovation_name_ja": ""
      }
    },
    {
      "type": "Feature",
      "geometry": {
        "type": "Point",
        "coordinates": [
          139.53938126564026,
          35.727331403932865
        ]
      },
      "properties": {
        "point_in_time_name_ja": "2025年第2四半期",
        "land_type_name_ja": "中古マンション等",
        "price_information_category_name_ja": "成約価格情報",
        "prefecture_name_ja": "東京都",
        "city_code": "13229",
        "city_name_ja": "西東京市",
        "district_code": "132290110",
        "district_name_ja": "西原町",
        "use_category_name_ja": "",
        "u_transaction_price_total_ja": "1,200万円",
        "u_transaction_price_unit_price_square_meter_ja": "",
        "u_unit_price_per_tsubo_ja": "",
        "u_area_ja": "75㎡",
        "land_shape_name_ja": "",
        "u_land_frontage_ja": "",
        "building_use_name_ja": "",
        "building_structure_name_ja": "ＲＣ",
        "floor_plan_name_ja": "３ＬＤＫ",
        "u_building_total_floor_area_ja": "",
        "u_construction_year_ja": "1980年",
        "front_road_azimuth_name_ja": "",
        "u_front_road_width_ja": "",
        "front_road_type_name_ja": "",
        "land_use_name_ja": "第１種中高層住居専用地域",
        "u_building_coverage_ratio_ja": "",
        "u_floor_area_ratio_ja": "",
        "remark_name_ja": "",
        "future_use_purpose_name_ja": "",
        "remark_renovation_name_ja": ""
      }
    },
    {
      "type": "Feature",
      "geometry": {
        "type": "Point",
        "coordinates": [
          139.53938126564026,
          35.727331403932865
        ]
      },
      "properties": {
        "point_in_time_name_ja": "2025年第2四半期",
        "land_type_name_ja": "中古マンション等",
        "price_information_category_name_ja": "成約価格情報",
        "prefecture_name_ja": "東京都",
        "city_code": "13229",
        "city_name_ja": "西東京市",
        "district_code": "132290110",
        "district_name_ja": "西原町",
        "use_category_name_ja": "",
        "u_transaction_price_total_ja": "1,500万円",
        "u_transaction_price_unit_price_square_meter_ja": "",
        "u_unit_price_per_tsubo_ja": "",
        "u_area_ja": "75㎡",
        "land_shape_name_ja": "",
        "u_land_frontage_ja": "",
        "building_use_name_ja": "",
        "building_structure_name_ja": "ＲＣ",
        "floor_plan_name_ja": "３ＬＤＫ",
        "u_building_total_floor_area_ja": "",
        "u_construction_year_ja": "1980年",
        "front_road_azimuth_name_ja": "",
        "u_front_road_width_ja": "",
        "front_road_type_name_ja": "",
        "land_use_name_ja": "第１種中高層住居専用地域",
        "u_building_coverage_ratio_ja": "",
        "u_floor_area_ratio_ja": "",
        "remark_name_ja": "",
        "future_use_purpose_name_ja": "",
        "remark_renovation_name_ja": ""
      }
    },
    {
      "type": "Feature",
      "geometry": {
        "type": "Point",
        "coordinates": [
          139.53938126564026,
          35.727331403932865
        ]
      },
      "properties": {
        "point_in_time_name_ja": "2025年第2四半期",
        "land_type_name_ja": "中古マンション等",
        "price_information_category_name_ja": "成約価格情報",
        "prefecture_name_ja": "東京都",
        "city_code": "13229",
        "city_name_ja": "西東京市",
        "district_code": "132290200",
        "district_name_ja": "向台町",
        "use_category_name_ja": "",
        "u_transaction_price_total_ja": "7,000万円",
        "u_transaction_price_unit_price_square_meter_ja": "",
        "u_unit_price_per_tsubo_ja": "",
        "u_area_ja": "105㎡",
        "land_shape_name_ja": "",
        "u_land_frontage_ja": "",
        "building_use_name_ja": "",
        "building_structure_name_ja": "ＲＣ",
        "floor_plan_name_ja": "４ＬＤＫ",
        "u_building_total_floor_area_ja": "",
        "u_construction_year_ja": "2010年",
        "front_road_azimuth_name_ja": "",
        "u_front_road_width_ja": "",
        "front_road_type_name_ja": "",
        "land_use_name_ja": "準工業地域",
        "u_building_coverage_ratio_ja": "",
        "u_floor_area_ratio_ja": "",
        "remark_name_ja": "",
        "future_use_purpose_name_ja": "",
        "remark_renovation_name_ja": ""
      }
    },
    {
      "type": "Feature",
      "geometry": {
        "type": "Point",
        "coordinates": [
          139.53938126564026,
          35.727331403932865
        ]
      },
      "properties": {
        "point_in_time_name_ja": "2025年第3四半期",
        "land_type_name_ja": "中古マンション等",
        "price_information_category_name_ja": "成約価格情報",
        "prefecture_name_ja": "東京都",
        "city_code": "13229",
        "city_name_ja": "西東京市",
        "district_code": "132290050",
        "district_name_ja": "芝久保町",
        "use_category_name_ja": "",
        "u_transaction_price_total_ja": "4,800万円",
        "u_transaction_price_unit_price_square_meter_ja": "",
        "u_unit_price_per_tsubo_ja": "",
        "u_area_ja": "85㎡",
        "land_shape_name_ja": "",
        "u_land_frontage_ja": "",
        "building_use_name_ja": "",
        "building_structure_name_ja": "ＲＣ",
        "floor_plan_name_ja": "３ＬＤＫ",
        "u_building_total_floor_area_ja": "",
        "u_construction_year_ja": "2005年",
        "front_road_azimuth_name_ja": "",
        "u_front_road_width_ja": "",
        "front_road_type_name_ja": "",
        "land_use_name_ja": "第１種中高層住居専用地域",
        "u_building_coverage_ratio_ja": "",
        "u_floor_area_ratio_ja": "",
        "remark_name_ja": "",
        "future_use_purpose_name_ja": "",
        "remark_renovation_name_ja": ""
      }
    },
    {
      "type": "Feature",
      "geometry": {
        "type": "Point",
        "coordinates": [
          139.53938126564026,
          35.727331403932865
        ]
      },
      "properties": {
        "point_in_time_name_ja": "2025年第3四半期",
        "land_type_name_ja": "中古マンション等",
        "price_information_category_name_ja": "成約価格情報",
        "prefecture_name_ja": "東京都",
        "city_code": "13229",
        "city_name_ja": "西東京市",
        "district_code": "132290050",
        "district_name_ja": "芝久保町",
        "use_category_name_ja": "",
        "u_transaction_price_total_ja": "1,700万円",
        "u_transaction_price_unit_price_square_meter_ja": "",
        "u_unit_price_per_tsubo_ja": "",
        "u_area_ja": "50㎡",
        "land_shape_name_ja": "",
        "u_land_frontage_ja": "",
        "building_use_name_ja": "",
        "building_structure_name_ja": "ＲＣ",
        "floor_plan_name_ja": "２ＬＤＫ",
        "u_building_total_floor_area_ja": "",
        "u_construction_year_ja": "1980年",
        "front_road_azimuth_name_ja": "",
        "u_front_road_width_ja": "",
        "front_road_type_name_ja": "",
        "land_use_name_ja": "準工業地域",
        "u_building_coverage_ratio_ja": "",
        "u_floor_area_ratio_ja": "",
        "remark_name_ja": "",
        "future_use_purpose_name_ja": "",
        "remark_renovation_name_ja": ""
      }
    },
    {
      "type": "Feature",
      "geometry": {
        "type": "Point",
        "coordinates": [
          139.53938126564026,
          35.727331403932865
        ]
      },
      "properties": {
        "point_in_time_name_ja": "2025年第3四半期",
        "land_type_name_ja": "中古マンション等",
        "price_information_category_name_ja": "成約価格情報",
        "prefecture_name_ja": "東京都",
        "city_code": "13229",
        "city_name_ja": "西東京市",
        "district_code": "132290050",
        "district_name_ja": "芝久保町",
        "use_category_name_ja": "",
        "u_transaction_price_total_ja": "3,500万円",
        "u_transaction_price_unit_price_square_meter_ja": "",
        "u_unit_price_per_tsubo_ja": "",
        "u_area_ja": "70㎡",
        "land_shape_name_ja": "",
        "u_land_frontage_ja": "",
        "building_use_name_ja": "",
        "building_structure_name_ja": "ＲＣ",
        "floor_plan_name_ja": "３ＬＤＫ",
        "u_building_total_floor_area_ja": "",
        "u_construction_year_ja": "2006年",
        "front_road_azimuth_name_ja": "",
        "u_front_road_width_ja": "",
        "front_road_type_name_ja": "",
        "land_use_name_ja": "第１種中高層住居専用地域",
        "u_building_coverage_ratio_ja": "",
        "u_floor_area_ratio_ja": "",
        "remark_name_ja": "",
        "future_use_purpose_name_ja": "",
        "remark_renovation_name_ja": ""
      }
    },
    {
      "type": "Feature",
      "geometry": {
        "type": "Point",
        "coordinates": [
          139.53938126564026,
          35.727331403932865
        ]
      },
      "properties": {
        "point_in_time_name_ja": "2025年第3四半期",
        "land_type_name_ja": "中古マンション等",
        "price_information_category_name_ja": "成約価格情報",
        "prefecture_name_ja": "東京都",
        "city_code": "13229",
        "city_name_ja": "西東京市",
        "district_code": "132290050",
        "district_name_ja": "芝久保町",
        "use_category_name_ja": "",
        "u_transaction_price_total_ja": "5,300万円",
        "u_transaction_price_unit_price_square_meter_ja": "",
        "u_unit_price_per_tsubo_ja": "",
        "u_area_ja": "95㎡",
        "land_shape_name_ja": "",
        "u_land_frontage_ja": "",
        "building_use_name_ja": "",
        "building_structure_name_ja": "ＲＣ",
        "floor_plan_name_ja": "４ＬＤＫ",
        "u_building_total_floor_area_ja": "",
        "u_construction_year_ja": "2007年",
        "front_road_azimuth_name_ja": "",
        "u_front_road_width_ja": "",
        "front_road_type_name_ja": "",
        "land_use_name_ja": "第１種中高層住居専用地域",
        "u_building_coverage_ratio_ja": "",
        "u_floor_area_ratio_ja": "",
        "remark_name_ja": "",
        "future_use_purpose_name_ja": "",
        "remark_renovation_name_ja": ""
      }
    },
    {
      "type": "Feature",
      "geometry": {
        "type": "Point",
        "coordinates": [
          139.53938126564026,
          35.727331403932865
        ]
      },
      "properties": {
        "point_in_time_name_ja": "2025年第3四半期",
        "land_type_name_ja": "中古マンション等",
        "price_information_category_name_ja": "成約価格情報",
        "prefecture_name_ja": "東京都",
        "city_code": "13229",
        "city_name_ja": "西東京市",
        "district_code": "132290050",
        "district_name_ja": "芝久保町",
        "use_category_name_ja": "",
        "u_transaction_price_total_ja": "3,100万円",
        "u_transaction_price_unit_price_square_meter_ja": "",
        "u_unit_price_per_tsubo_ja": "",
        "u_area_ja": "60㎡",
        "land_shape_name_ja": "",
        "u_land_frontage_ja": "",
        "building_use_name_ja": "",
        "building_structure_name_ja": "ＲＣ",
        "floor_plan_name_ja": "３ＬＤＫ",
        "u_building_total_floor_area_ja": "",
        "u_construction_year_ja": "1995年",
        "front_road_azimuth_name_ja": "",
        "u_front_road_width_ja": "",
        "front_road_type_name_ja": "",
        "land_use_name_ja": "準工業地域",
        "u_building_coverage_ratio_ja": "",
        "u_floor_area_ratio_ja": "",
        "remark_name_ja": "",
        "future_use_purpose_name_ja": "",
        "remark_renovation_name_ja": ""
      }
    },
    {
      "type": "Feature",
      "geometry": {
        "type": "Point",
        "coordinates": [
          139.53938126564026,
          35.727331403932865
        ]
      },
      "properties": {
        "point_in_time_name_ja": "2025年第3四半期",
        "land_type_name_ja": "中古マンション等",
        "price_information_category_name_ja": "成約価格情報",
        "prefecture_name_ja": "東京都",
        "city_code": "13229",
        "city_name_ja": "西東京市",
        "district_code": "132290050",
        "district_name_ja": "芝久保町",
        "use_category_name_ja": "",
        "u_transaction_price_total_ja": "2,700万円",
        "u_transaction_price_unit_price_square_meter_ja": "",
        "u_unit_price_per_tsubo_ja": "",
        "u_area_ja": "60㎡",
        "land_shape_name_ja": "",
        "u_land_frontage_ja": "",
        "building_use_name_ja": "",
        "building_structure_name_ja": "",
        "floor_plan_name_ja": "３ＬＤＫ",
        "u_building_total_floor_area_ja": "",
        "u_construction_year_ja": "1974年",
        "front_road_azimuth_name_ja": "",
        "u_front_road_width_ja": "",
        "front_road_type_name_ja": "",
        "land_use_name_ja": "第１種住居地域",
        "u_building_coverage_ratio_ja": "",
        "u_floor_area_ratio_ja": "",
        "remark_name_ja": "",
        "future_use_purpose_name_ja": "",
        "remark_renovation_name_ja": "改装済み"
      }
    },
    {
      "type": "Feature",
      "geometry": {
        "type": "Point",
        "coordinates": [
          139.53938126564026,
          35.727331403932865
        ]
      },
      "properties": {
        "point_in_time_name_ja": "2025年第3四半期",
        "land_type_name_ja": "中古マンション等",
        "price_information_category_name_ja": "成約価格情報",
        "prefecture_name_ja": "東京都",
        "city_code": "13229",
        "city_name_ja": "西東京市",
        "district_code": "132290110",
        "district_name_ja": "西原町",
        "use_category_name_ja": "",
        "u_transaction_price_total_ja": "3,700万円",
        "u_transaction_price_unit_price_square_meter_ja": "",
        "u_unit_price_per_tsubo_ja": "",
        "u_area_ja": "60㎡",
        "land_shape_name_ja": "",
        "u_land_frontage_ja": "",
        "building_use_name_ja": "",
        "building_structure_name_ja": "ＲＣ",
        "floor_plan_name_ja": "２ＬＤＫ",
        "u_building_total_floor_area_ja": "",
        "u_construction_year_ja": "2009年",
        "front_road_azimuth_name_ja": "",
        "u_front_road_width_ja": "",
        "front_road_type_name_ja": "",
        "land_use_name_ja": "近隣商業地域",
        "u_building_coverage_ratio_ja": "",
        "u_floor_area_ratio_ja": "",
        "remark_name_ja": "",
        "future_use_purpose_name_ja": "",
        "remark_renovation_name_ja": ""
      }
    },
    {
      "type": "Feature",
      "geometry": {
        "type": "Point",
        "coordinates": [
          139.53938126564026,
          35.727331403932865
        ]
      },
      "properties": {
        "point_in_time_name_ja": "2025年第3四半期",
        "land_type_name_ja": "中古マンション等",
        "price_information_category_name_ja": "成約価格情報",
        "prefecture_name_ja": "東京都",
        "city_code": "13229",
        "city_name_ja": "西東京市",
        "district_code": "132290110",
        "district_name_ja": "西原町",
        "use_category_name_ja": "",
        "u_transaction_price_total_ja": "2,600万円",
        "u_transaction_price_unit_price_square_meter_ja": "",
        "u_unit_price_per_tsubo_ja": "",
        "u_area_ja": "55㎡",
        "land_shape_name_ja": "",
        "u_land_frontage_ja": "",
        "building_use_name_ja": "",
        "building_structure_name_ja": "ＲＣ",
        "floor_plan_name_ja": "２ＬＤＫ",
        "u_building_total_floor_area_ja": "",
        "u_construction_year_ja": "2002年",
        "front_road_azimuth_name_ja": "",
        "u_front_road_width_ja": "",
        "front_road_type_name_ja": "",
        "land_use_name_ja": "準住居地域",
        "u_building_coverage_ratio_ja": "",
        "u_floor_area_ratio_ja": "",
        "remark_name_ja": "",
        "future_use_purpose_name_ja": "",
        "remark_renovation_name_ja": ""
      }
    },
    {
      "type": "Feature",
      "geometry": {
        "type": "Point",
        "coordinates": [
          139.53938126564026,
          35.727331403932865
        ]
      },
      "properties": {
        "point_in_time_name_ja": "2025年第3四半期",
        "land_type_name_ja": "中古マンション等",
        "price_information_category_name_ja": "成約価格情報",
        "prefecture_name_ja": "東京都",
        "city_code": "13229",
        "city_name_ja": "西東京市",
        "district_code": "132290110",
        "district_name_ja": "西原町",
        "use_category_name_ja": "",
        "u_transaction_price_total_ja": "3,900万円",
        "u_transaction_price_unit_price_square_meter_ja": "",
        "u_unit_price_per_tsubo_ja": "",
        "u_area_ja": "70㎡",
        "land_shape_name_ja": "",
        "u_land_frontage_ja": "",
        "building_use_name_ja": "",
        "building_structure_name_ja": "ＳＲＣ",
        "floor_plan_name_ja": "３ＬＤＫ",
        "u_building_total_floor_area_ja": "",
        "u_construction_year_ja": "1996年",
        "front_road_azimuth_name_ja": "",
        "u_front_road_width_ja": "",
        "front_road_type_name_ja": "",
        "land_use_name_ja": "近隣商業地域",
        "u_building_coverage_ratio_ja": "",
        "u_floor_area_ratio_ja": "",
        "remark_name_ja": "",
        "future_use_purpose_name_ja": "",
        "remark_renovation_name_ja": ""
      }
    },
    {
      "type": "Feature",
      "geometry": {
        "type": "Point",
        "coordinates": [
          139.53938126564026,
          35.727331403932865
        ]
      },
      "properties": {
        "point_in_time_name_ja": "2025年第3四半期",
        "land_type_name_ja": "中古マンション等",
        "price_information_category_name_ja": "成約価格情報",
        "prefecture_name_ja": "東京都",
        "city_code": "13229",
        "city_name_ja": "西東京市",
        "district_code": "132290110",
        "district_name_ja": "西原町",
        "use_category_name_ja": "",
        "u_transaction_price_total_ja": "1,400万円",
        "u_transaction_price_unit_price_square_meter_ja": "",
        "u_unit_price_per_tsubo_ja": "",
        "u_area_ja": "75㎡",
        "land_shape_name_ja": "",
        "u_land_frontage_ja": "",
        "building_use_name_ja": "",
        "building_structure_name_ja": "ＲＣ",
        "floor_plan_name_ja": "３ＬＤＫ",
        "u_building_total_floor_area_ja": "",
        "u_construction_year_ja": "1980年",
        "front_road_azimuth_name_ja": "",
        "u_front_road_width_ja": "",
        "front_road_type_name_ja": "",
        "land_use_name_ja": "第１種中高層住居専用地域",
        "u_building_coverage_ratio_ja": "",
        "u_floor_area_ratio_ja": "",
        "remark_name_ja": "",
        "future_use_purpose_name_ja": "",
        "remark_renovation_name_ja": ""
      }
    },
    {
      "type": "Feature",
      "geometry": {
        "type": "Point",
        "coordinates": [
          139.53938126564026,
          35.727331403932865
        ]
      },
      "properties": {
        "point_in_time_name_ja": "2025年第3四半期",
        "land_type_name_ja": "中古マンション等",
        "price_information_category_name_ja": "成約価格情報",
        "prefecture_name_ja": "東京都",
        "city_code": "13229",
        "city_name_ja": "西東京市",
        "district_code": "132290110",
        "district_name_ja": "西原町",
        "use_category_name_ja": "",
        "u_transaction_price_total_ja": "2,600万円",
        "u_transaction_price_unit_price_square_meter_ja": "",
        "u_unit_price_per_tsubo_ja": "",
        "u_area_ja": "75㎡",
        "land_shape_name_ja": "",
        "u_land_frontage_ja": "",
        "building_use_name_ja": "",
        "building_structure_name_ja": "鉄骨造",
        "floor_plan_name_ja": "３ＬＤＫ",
        "u_building_total_floor_area_ja": "",
        "u_construction_year_ja": "1980年",
        "front_road_azimuth_name_ja": "",
        "u_front_road_width_ja": "",
        "front_road_type_name_ja": "",
        "land_use_name_ja": "第１種中高層住居専用地域",
        "u_building_coverage_ratio_ja": "",
        "u_floor_area_ratio_ja": "",
        "remark_name_ja": "",
        "future_use_purpose_name_ja": "",
        "remark_renovation_name_ja": ""
      }
    },
    {
      "type": "Feature",
      "geometry": {
        "type": "Point",
        "coordinates": [
          139.53938126564026,
          35.727331403932865
        ]
      },
      "properties": {
        "point_in_time_name_ja": "2025年第3四半期",
        "land_type_name_ja": "中古マンション等",
        "price_information_category_name_ja": "成約価格情報",
        "prefecture_name_ja": "東京都",
        "city_code": "13229",
        "city_name_ja": "西東京市",
        "district_code": "132290200",
        "district_name_ja": "向台町",
        "use_category_name_ja": "",
        "u_transaction_price_total_ja": "350万円",
        "u_transaction_price_unit_price_square_meter_ja": "",
        "u_unit_price_per_tsubo_ja": "",
        "u_area_ja": "20㎡",
        "land_shape_name_ja": "",
        "u_land_frontage_ja": "",
        "building_use_name_ja": "",
        "building_structure_name_ja": "ＲＣ",
        "floor_plan_name_ja": "１Ｋ",
        "u_building_total_floor_area_ja": "",
        "u_construction_year_ja": "1987年",
        "front_road_azimuth_name_ja": "",
        "u_front_road_width_ja": "",
        "front_road_type_name_ja": "",
        "land_use_name_ja": "第１種住居地域",
        "u_building_coverage_ratio_ja": "",
        "u_floor_area_ratio_ja": "",
        "remark_name_ja": "",
        "future_use_purpose_name_ja": "",
        "remark_renovation_name_ja": ""
      }
    },
    {
      "type": "Feature",
      "geometry": {
        "type": "Point",
        "coordinates": [
          139.53938126564026,
          35.727331403932865
        ]
      },
      "properties": {
        "point_in_time_name_ja": "2025年第3四半期",
        "land_type_name_ja": "中古マンション等",
        "price_information_category_name_ja": "成約価格情報",
        "prefecture_name_ja": "東京都",
        "city_code": "13229",
        "city_name_ja": "西東京市",
        "district_code": "132290200",
        "district_name_ja": "向台町",
        "use_category_name_ja": "",
        "u_transaction_price_total_ja": "6,000万円",
        "u_transaction_price_unit_price_square_meter_ja": "",
        "u_unit_price_per_tsubo_ja": "",
        "u_area_ja": "85㎡",
        "land_shape_name_ja": "",
        "u_land_frontage_ja": "",
        "building_use_name_ja": "",
        "building_structure_name_ja": "ＲＣ",
        "floor_plan_name_ja": "３ＬＤＫ",
        "u_building_total_floor_area_ja": "",
        "u_construction_year_ja": "2010年",
        "front_road_azimuth_name_ja": "",
        "u_front_road_width_ja": "",
        "front_road_type_name_ja": "",
        "land_use_name_ja": "準工業地域",
        "u_building_coverage_ratio_ja": "",
        "u_floor_area_ratio_ja": "",
        "remark_name_ja": "",
        "future_use_purpose_name_ja": "",
        "remark_renovation_name_ja": ""
      }
    },
    {
      "type": "Feature",
      "geometry": {
        "type": "Point",
        "coordinates": [
          139.53938126564026,
          35.727331403932865
        ]
      },
      "properties": {
        "point_in_time_name_ja": "2025年第3四半期",
        "land_type_name_ja": "中古マンション等",
        "price_information_category_name_ja": "成約価格情報",
        "prefecture_name_ja": "東京都",
        "city_code": "13229",
        "city_name_ja": "西東京市",
        "district_code": "132290200",
        "district_name_ja": "向台町",
        "use_category_name_ja": "",
        "u_transaction_price_total_ja": "5,500万円",
        "u_transaction_price_unit_price_square_meter_ja": "",
        "u_unit_price_per_tsubo_ja": "",
        "u_area_ja": "80㎡",
        "land_shape_name_ja": "",
        "u_land_frontage_ja": "",
        "building_use_name_ja": "",
        "building_structure_name_ja": "ＲＣ",
        "floor_plan_name_ja": "３ＬＤＫ",
        "u_building_total_floor_area_ja": "",
        "u_construction_year_ja": "2010年",
        "front_road_azimuth_name_ja": "",
        "u_front_road_width_ja": "",
        "front_road_type_name_ja": "",
        "land_use_name_ja": "準工業地域",
        "u_building_coverage_ratio_ja": "",
        "u_floor_area_ratio_ja": "",
        "remark_name_ja": "",
        "future_use_purpose_name_ja": "",
        "remark_renovation_name_ja": ""
      }
    },
    {
      "type": "Feature",
      "geometry": {
        "type": "Point",
        "coordinates": [
          139.53938126564026,
          35.727331403932865
        ]
      },
      "properties": {
        "point_in_time_name_ja": "2025年第4四半期",
        "land_type_name_ja": "中古マンション等",
        "price_information_category_name_ja": "成約価格情報",
        "prefecture_name_ja": "東京都",
        "city_code": "13229",
        "city_name_ja": "西東京市",
        "district_code": "132290050",
        "district_name_ja": "芝久保町",
        "use_category_name_ja": "",
        "u_transaction_price_total_ja": "4,500万円",
        "u_transaction_price_unit_price_square_meter_ja": "",
        "u_unit_price_per_tsubo_ja": "",
        "u_area_ja": "70㎡",
        "land_shape_name_ja": "",
        "u_land_frontage_ja": "",
        "building_use_name_ja": "",
        "building_structure_name_ja": "ＲＣ",
        "floor_plan_name_ja": "３ＬＤＫ",
        "u_building_total_floor_area_ja": "",
        "u_construction_year_ja": "2018年",
        "front_road_azimuth_name_ja": "",
        "u_front_road_width_ja": "",
        "front_road_type_name_ja": "",
        "land_use_name_ja": "第１種中高層住居専用地域",
        "u_building_coverage_ratio_ja": "",
        "u_floor_area_ratio_ja": "",
        "remark_name_ja": "",
        "future_use_purpose_name_ja": "",
        "remark_renovation_name_ja": ""
      }
    },
    {
      "type": "Feature",
      "geometry": {
        "type": "Point",
        "coordinates": [
          139.53938126564026,
          35.727331403932865
        ]
      },
      "properties": {
        "point_in_time_name_ja": "2025年第4四半期",
        "land_type_name_ja": "中古マンション等",
        "price_information_category_name_ja": "成約価格情報",
        "prefecture_name_ja": "東京都",
        "city_code": "13229",
        "city_name_ja": "西東京市",
        "district_code": "132290050",
        "district_name_ja": "芝久保町",
        "use_category_name_ja": "",
        "u_transaction_price_total_ja": "1,300万円",
        "u_transaction_price_unit_price_square_meter_ja": "",
        "u_unit_price_per_tsubo_ja": "",
        "u_area_ja": "65㎡",
        "land_shape_name_ja": "",
        "u_land_frontage_ja": "",
        "building_use_name_ja": "",
        "building_structure_name_ja": "ＳＲＣ",
        "floor_plan_name_ja": "３ＤＫ",
        "u_building_total_floor_area_ja": "",
        "u_construction_year_ja": "1974年",
        "front_road_azimuth_name_ja": "",
        "u_front_road_width_ja": "",
        "front_road_type_name_ja": "",
        "land_use_name_ja": "第１種住居地域",
        "u_building_coverage_ratio_ja": "",
        "u_floor_area_ratio_ja": "",
        "remark_name_ja": "",
        "future_use_purpose_name_ja": "",
        "remark_renovation_name_ja": ""
      }
    },
    {
      "type": "Feature",
      "geometry": {
        "type": "Point",
        "coordinates": [
          139.53938126564026,
          35.727331403932865
        ]
      },
      "properties": {
        "point_in_time_name_ja": "2025年第4四半期",
        "land_type_name_ja": "中古マンション等",
        "price_information_category_name_ja": "成約価格情報",
        "prefecture_name_ja": "東京都",
        "city_code": "13229",
        "city_name_ja": "西東京市",
        "district_code": "132290050",
        "district_name_ja": "芝久保町",
        "use_category_name_ja": "",
        "u_transaction_price_total_ja": "4,900万円",
        "u_transaction_price_unit_price_square_meter_ja": "",
        "u_unit_price_per_tsubo_ja": "",
        "u_area_ja": "85㎡",
        "land_shape_name_ja": "",
        "u_land_frontage_ja": "",
        "building_use_name_ja": "",
        "building_structure_name_ja": "ＲＣ",
        "floor_plan_name_ja": "３ＬＤＫ",
        "u_building_total_floor_area_ja": "",
        "u_construction_year_ja": "2006年",
        "front_road_azimuth_name_ja": "",
        "u_front_road_width_ja": "",
        "front_road_type_name_ja": "",
        "land_use_name_ja": "準工業地域",
        "u_building_coverage_ratio_ja": "",
        "u_floor_area_ratio_ja": "",
        "remark_name_ja": "",
        "future_use_purpose_name_ja": "",
        "remark_renovation_name_ja": ""
      }
    },
    {
      "type": "Feature",
      "geometry": {
        "type": "Point",
        "coordinates": [
          139.53938126564026,
          35.727331403932865
        ]
      },
      "properties": {
        "point_in_time_name_ja": "2025年第4四半期",
        "land_type_name_ja": "中古マンション等",
        "price_information_category_name_ja": "成約価格情報",
        "prefecture_name_ja": "東京都",
        "city_code": "13229",
        "city_name_ja": "西東京市",
        "district_code": "132290110",
        "district_name_ja": "西原町",
        "use_category_name_ja": "",
        "u_transaction_price_total_ja": "1,400万円",
        "u_transaction_price_unit_price_square_meter_ja": "",
        "u_unit_price_per_tsubo_ja": "",
        "u_area_ja": "75㎡",
        "land_shape_name_ja": "",
        "u_land_frontage_ja": "",
        "building_use_name_ja": "",
        "building_structure_name_ja": "ＲＣ",
        "floor_plan_name_ja": "３ＬＤＫ",
        "u_building_total_floor_area_ja": "",
        "u_construction_year_ja": "1982年",
        "front_road_azimuth_name_ja": "",
        "u_front_road_width_ja": "",
        "front_road_type_name_ja": "",
        "land_use_name_ja": "第１種中高層住居専用地域",
        "u_building_coverage_ratio_ja": "",
        "u_floor_area_ratio_ja": "",
        "remark_name_ja": "",
        "future_use_purpose_name_ja": "",
        "remark_renovation_name_ja": ""
      }
    },
    {
      "type": "Feature",
      "geometry": {
        "type": "Point",
        "coordinates": [
          139.53938126564026,
          35.727331403932865
        ]
      },
      "properties": {
        "point_in_time_name_ja": "2025年第4四半期",
        "land_type_name_ja": "中古マンション等",
        "price_information_category_name_ja": "成約価格情報",
        "prefecture_name_ja": "東京都",
        "city_code": "13229",
        "city_name_ja": "西東京市",
        "district_code": "132290200",
        "district_name_ja": "向台町",
        "use_category_name_ja": "",
        "u_transaction_price_total_ja": "410万円",
        "u_transaction_price_unit_price_square_meter_ja": "",
        "u_unit_price_per_tsubo_ja": "",
        "u_area_ja": "20㎡",
        "land_shape_name_ja": "",
        "u_land_frontage_ja": "",
        "building_use_name_ja": "",
        "building_structure_name_ja": "ＲＣ",
        "floor_plan_name_ja": "１Ｋ",
        "u_building_total_floor_area_ja": "",
        "u_construction_year_ja": "1987年",
        "front_road_azimuth_name_ja": "",
        "u_front_road_width_ja": "",
        "front_road_type_name_ja": "",
        "land_use_name_ja": "第１種住居地域",
        "u_building_coverage_ratio_ja": "",
        "u_floor_area_ratio_ja": "",
        "remark_name_ja": "",
        "future_use_purpose_name_ja": "",
        "remark_renovation_name_ja": ""
      }
    },
    {
      "type": "Feature",
      "geometry": {
        "type": "Point",
        "coordinates": [
          139.53938126564026,
          35.727331403932865
        ]
      },
      "properties": {
        "point_in_time_name_ja": "2025年第4四半期",
        "land_type_name_ja": "中古マンション等",
        "price_information_category_name_ja": "成約価格情報",
        "prefecture_name_ja": "東京都",
        "city_code": "13229",
        "city_name_ja": "西東京市",
        "district_code": "132290200",
        "district_name_ja": "向台町",
        "use_category_name_ja": "",
        "u_transaction_price_total_ja": "6,000万円",
        "u_transaction_price_unit_price_square_meter_ja": "",
        "u_unit_price_per_tsubo_ja": "",
        "u_area_ja": "75㎡",
        "land_shape_name_ja": "",
        "u_land_frontage_ja": "",
        "building_use_name_ja": "",
        "building_structure_name_ja": "ＲＣ",
        "floor_plan_name_ja": "３ＬＤＫ",
        "u_building_total_floor_area_ja": "",
        "u_construction_year_ja": "2010年",
        "front_road_azimuth_name_ja": "",
        "u_front_road_width_ja": "",
        "front_road_type_name_ja": "",
        "land_use_name_ja": "準工業地域",
        "u_building_coverage_ratio_ja": "",
        "u_floor_area_ratio_ja": "",
        "remark_name_ja": "",
        "future_use_purpose_name_ja": "",
        "remark_renovation_name_ja": ""
      }
    },
    {
      "type": "Feature",
      "geometry": {
        "type": "Point",
        "coordinates": [
          139.53938126564026,
          35.727331403932865
        ]
      },
      "properties": {
        "point_in_time_name_ja": "2025年第4四半期",
        "land_type_name_ja": "中古マンション等",
        "price_information_category_name_ja": "成約価格情報",
        "prefecture_name_ja": "東京都",
        "city_code": "13229",
        "city_name_ja": "西東京市",
        "district_code": "132290200",
        "district_name_ja": "向台町",
        "use_category_name_ja": "",
        "u_transaction_price_total_ja": "5,000万円",
        "u_transaction_price_unit_price_square_meter_ja": "",
        "u_unit_price_per_tsubo_ja": "",
        "u_area_ja": "75㎡",
        "land_shape_name_ja": "",
        "u_land_frontage_ja": "",
        "building_use_name_ja": "",
        "building_structure_name_ja": "ＲＣ",
        "floor_plan_name_ja": "２ＬＤＫ＋Ｓ",
        "u_building_total_floor_area_ja": "",
        "u_construction_year_ja": "2010年",
        "front_road_azimuth_name_ja": "",
        "u_front_road_width_ja": "",
        "front_road_type_name_ja": "",
        "land_use_name_ja": "準工業地域",
        "u_building_coverage_ratio_ja": "",
        "u_floor_area_ratio_ja": "",
        "remark_name_ja": "",
        "future_use_purpose_name_ja": "",
        "remark_renovation_name_ja": ""
      }
    },
    {
      "type": "Feature",
      "geometry": {
        "type": "Point",
        "coordinates": [
          139.53938126564026,
          35.727331403932865
        ]
      },
      "properties": {
        "point_in_time_name_ja": "2025年第4四半期",
        "land_type_name_ja": "中古マンション等",
        "price_information_category_name_ja": "成約価格情報",
        "prefecture_name_ja": "東京都",
        "city_code": "13229",
        "city_name_ja": "西東京市",
        "district_code": "132290200",
        "district_name_ja": "向台町",
        "use_category_name_ja": "",
        "u_transaction_price_total_ja": "5,800万円",
        "u_transaction_price_unit_price_square_meter_ja": "",
        "u_unit_price_per_tsubo_ja": "",
        "u_area_ja": "80㎡",
        "land_shape_name_ja": "",
        "u_land_frontage_ja": "",
        "building_use_name_ja": "",
        "building_structure_name_ja": "ＲＣ",
        "floor_plan_name_ja": "３ＬＤＫ",
        "u_building_total_floor_area_ja": "",
        "u_construction_year_ja": "2010年",
        "front_road_azimuth_name_ja": "",
        "u_front_road_width_ja": "",
        "front_road_type_name_ja": "",
        "land_use_name_ja": "準工業地域",
        "u_building_coverage_ratio_ja": "",
        "u_floor_area_ratio_ja": "",
        "remark_name_ja": "",
        "future_use_purpose_name_ja": "",
        "remark_renovation_name_ja": ""
      }
    },
    {
      "type": "Feature",
      "geometry": {
        "type": "Point",
        "coordinates": [
          139.53938126564026,
          35.727331403932865
        ]
      },
      "properties": {
        "point_in_time_name_ja": "2025年第4四半期",
        "land_type_name_ja": "中古マンション等",
        "price_information_category_name_ja": "成約価格情報",
        "prefecture_name_ja": "東京都",
        "city_code": "13229",
        "city_name_ja": "西東京市",
        "district_code": "132290200",
        "district_name_ja": "向台町",
        "use_category_name_ja": "",
        "u_transaction_price_total_ja": "4,000万円",
        "u_transaction_price_unit_price_square_meter_ja": "",
        "u_unit_price_per_tsubo_ja": "",
        "u_area_ja": "70㎡",
        "land_shape_name_ja": "",
        "u_land_frontage_ja": "",
        "building_use_name_ja": "",
        "building_structure_name_ja": "ＲＣ",
        "floor_plan_name_ja": "３ＬＤＫ",
        "u_building_total_floor_area_ja": "",
        "u_construction_year_ja": "1994年",
        "front_road_azimuth_name_ja": "",
        "u_front_road_width_ja": "",
        "front_road_type_name_ja": "",
        "land_use_name_ja": "第１種住居地域",
        "u_building_coverage_ratio_ja": "",
        "u_floor_area_ratio_ja": "",
        "remark_name_ja": "",
        "future_use_purpose_name_ja": "",
        "remark_renovation_name_ja": ""
      }
    },
    {
      "type": "Feature",
      "geometry": {
        "type": "Point",
        "coordinates": [
          139.53938126564026,
          35.727331403932865
        ]
      },
      "properties": {
        "point_in_time_name_ja": "2025年第1四半期",
        "land_type_name_ja": "中古マンション等",
        "price_information_category_name_ja": "成約価格情報",
        "prefecture_name_ja": "東京都",
        "city_code": "13229",
        "city_name_ja": "西東京市",
        "district_code": "132290070",
        "district_name_ja": "新町",
        "use_category_name_ja": "",
        "u_transaction_price_total_ja": "3,500万円",
        "u_transaction_price_unit_price_square_meter_ja": "",
        "u_unit_price_per_tsubo_ja": "",
        "u_area_ja": "60㎡",
        "land_shape_name_ja": "",
        "u_land_frontage_ja": "",
        "building_use_name_ja": "",
        "building_structure_name_ja": "ＲＣ",
        "floor_plan_name_ja": "３ＬＤＫ",
        "u_building_total_floor_area_ja": "",
        "u_construction_year_ja": "2011年",
        "front_road_azimuth_name_ja": "",
        "u_front_road_width_ja": "",
        "front_road_type_name_ja": "",
        "land_use_name_ja": "近隣商業地域",
        "u_building_coverage_ratio_ja": "",
        "u_floor_area_ratio_ja": "",
        "remark_name_ja": "",
        "future_use_purpose_name_ja": "",
        "remark_renovation_name_ja": ""
      }
    },
    {
      "type": "Feature",
      "geometry": {
        "type": "Point",
        "coordinates": [
          139.53938126564026,
          35.727331403932865
        ]
      },
      "properties": {
        "point_in_time_name_ja": "2025年第1四半期",
        "land_type_name_ja": "中古マンション等",
        "price_information_category_name_ja": "成約価格情報",
        "prefecture_name_ja": "東京都",
        "city_code": "13229",
        "city_name_ja": "西東京市",
        "district_code": "132290190",
        "district_name_ja": "南町",
        "use_category_name_ja": "",
        "u_transaction_price_total_ja": "2,100万円",
        "u_transaction_price_unit_price_square_meter_ja": "",
        "u_unit_price_per_tsubo_ja": "",
        "u_area_ja": "80㎡",
        "land_shape_name_ja": "",
        "u_land_frontage_ja": "",
        "building_use_name_ja": "",
        "building_structure_name_ja": "ＳＲＣ",
        "floor_plan_name_ja": "３ＬＤＫ",
        "u_building_total_floor_area_ja": "",
        "u_construction_year_ja": "1981年",
        "front_road_azimuth_name_ja": "",
        "u_front_road_width_ja": "",
        "front_road_type_name_ja": "",
        "land_use_name_ja": "",
        "u_building_coverage_ratio_ja": "",
        "u_floor_area_ratio_ja": "",
        "remark_name_ja": "",
        "future_use_purpose_name_ja": "",
        "remark_renovation_name_ja": ""
      }
    },
    {
      "type": "Feature",
      "geometry": {
        "type": "Point",
        "coordinates": [
          139.53938126564026,
          35.727331403932865
        ]
      },
      "properties": {
        "point_in_time_name_ja": "2025年第1四半期",
        "land_type_name_ja": "中古マンション等",
        "price_information_category_name_ja": "成約価格情報",
        "prefecture_name_ja": "東京都",
        "city_code": "13229",
        "city_name_ja": "西東京市",
        "district_code": "132290190",
        "district_name_ja": "南町",
        "use_category_name_ja": "",
        "u_transaction_price_total_ja": "4,100万円",
        "u_transaction_price_unit_price_square_meter_ja": "",
        "u_unit_price_per_tsubo_ja": "",
        "u_area_ja": "80㎡",
        "land_shape_name_ja": "",
        "u_land_frontage_ja": "",
        "building_use_name_ja": "",
        "building_structure_name_ja": "ＲＣ",
        "floor_plan_name_ja": "３ＬＤＫ",
        "u_building_total_floor_area_ja": "",
        "u_construction_year_ja": "2005年",
        "front_road_azimuth_name_ja": "",
        "u_front_road_width_ja": "",
        "front_road_type_name_ja": "",
        "land_use_name_ja": "準工業地域",
        "u_building_coverage_ratio_ja": "",
        "u_floor_area_ratio_ja": "",
        "remark_name_ja": "",
        "future_use_purpose_name_ja": "",
        "remark_renovation_name_ja": ""
      }
    },
    {
      "type": "Feature",
      "geometry": {
        "type": "Point",
        "coordinates": [
          139.53938126564026,
          35.727331403932865
        ]
      },
      "properties": {
        "point_in_time_name_ja": "2025年第1四半期",
        "land_type_name_ja": "中古マンション等",
        "price_information_category_name_ja": "成約価格情報",
        "prefecture_name_ja": "東京都",
        "city_code": "13229",
        "city_name_ja": "西東京市",
        "district_code": "132290190",
        "district_name_ja": "南町",
        "use_category_name_ja": "",
        "u_transaction_price_total_ja": "2,200万円",
        "u_transaction_price_unit_price_square_meter_ja": "",
        "u_unit_price_per_tsubo_ja": "",
        "u_area_ja": "95㎡",
        "land_shape_name_ja": "",
        "u_land_frontage_ja": "",
        "building_use_name_ja": "",
        "building_structure_name_ja": "ＲＣ",
        "floor_plan_name_ja": "４ＬＤＫ＋Ｓ",
        "u_building_total_floor_area_ja": "",
        "u_construction_year_ja": "1981年",
        "front_road_azimuth_name_ja": "",
        "u_front_road_width_ja": "",
        "front_road_type_name_ja": "",
        "land_use_name_ja": "",
        "u_building_coverage_ratio_ja": "",
        "u_floor_area_ratio_ja": "",
        "remark_name_ja": "",
        "future_use_purpose_name_ja": "",
        "remark_renovation_name_ja": ""
      }
    },
    {
      "type": "Feature",
      "geometry": {
        "type": "Point",
        "coordinates": [
          139.53938126564026,
          35.727331403932865
        ]
      },
      "properties": {
        "point_in_time_name_ja": "2025年第1四半期",
        "land_type_name_ja": "中古マンション等",
        "price_information_category_name_ja": "成約価格情報",
        "prefecture_name_ja": "東京都",
        "city_code": "13229",
        "city_name_ja": "西東京市",
        "district_code": "132290190",
        "district_name_ja": "南町",
        "use_category_name_ja": "",
        "u_transaction_price_total_ja": "3,300万円",
        "u_transaction_price_unit_price_square_meter_ja": "",
        "u_unit_price_per_tsubo_ja": "",
        "u_area_ja": "45㎡",
        "land_shape_name_ja": "",
        "u_land_frontage_ja": "",
        "building_use_name_ja": "",
        "building_structure_name_ja": "ＲＣ",
        "floor_plan_name_ja": "１ＬＤＫ",
        "u_building_total_floor_area_ja": "",
        "u_construction_year_ja": "2010年",
        "front_road_azimuth_name_ja": "",
        "u_front_road_width_ja": "",
        "front_road_type_name_ja": "",
        "land_use_name_ja": "近隣商業地域",
        "u_building_coverage_ratio_ja": "",
        "u_floor_area_ratio_ja": "",
        "remark_name_ja": "",
        "future_use_purpose_name_ja": "",
        "remark_renovation_name_ja": ""
      }
    },
    {
      "type": "Feature",
      "geometry": {
        "type": "Point",
        "coordinates": [
          139.53938126564026,
          35.727331403932865
        ]
      },
      "properties": {
        "point_in_time_name_ja": "2025年第1四半期",
        "land_type_name_ja": "中古マンション等",
        "price_information_category_name_ja": "成約価格情報",
        "prefecture_name_ja": "東京都",
        "city_code": "13229",
        "city_name_ja": "西東京市",
        "district_code": "132290190",
        "district_name_ja": "南町",
        "use_category_name_ja": "",
        "u_transaction_price_total_ja": "3,000万円",
        "u_transaction_price_unit_price_square_meter_ja": "",
        "u_unit_price_per_tsubo_ja": "",
        "u_area_ja": "100㎡",
        "land_shape_name_ja": "",
        "u_land_frontage_ja": "",
        "building_use_name_ja": "",
        "building_structure_name_ja": "ＳＲＣ",
        "floor_plan_name_ja": "４ＬＤＫ",
        "u_building_total_floor_area_ja": "",
        "u_construction_year_ja": "1983年",
        "front_road_azimuth_name_ja": "",
        "u_front_road_width_ja": "",
        "front_road_type_name_ja": "",
        "land_use_name_ja": "第１種低層住居専用地域",
        "u_building_coverage_ratio_ja": "",
        "u_floor_area_ratio_ja": "",
        "remark_name_ja": "",
        "future_use_purpose_name_ja": "",
        "remark_renovation_name_ja": ""
      }
    },
    {
      "type": "Feature",
      "geometry": {
        "type": "Point",
        "coordinates": [
          139.53938126564026,
          35.727331403932865
        ]
      },
      "properties": {
        "point_in_time_name_ja": "2025年第1四半期",
        "land_type_name_ja": "中古マンション等",
        "price_information_category_name_ja": "成約価格情報",
        "prefecture_name_ja": "東京都",
        "city_code": "13229",
        "city_name_ja": "西東京市",
        "district_code": "132290190",
        "district_name_ja": "南町",
        "use_category_name_ja": "",
        "u_transaction_price_total_ja": "3,000万円",
        "u_transaction_price_unit_price_square_meter_ja": "",
        "u_unit_price_per_tsubo_ja": "",
        "u_area_ja": "50㎡",
        "land_shape_name_ja": "",
        "u_land_frontage_ja": "",
        "building_use_name_ja": "",
        "building_structure_name_ja": "ＲＣ",
        "floor_plan_name_ja": "２ＬＤＫ",
        "u_building_total_floor_area_ja": "",
        "u_construction_year_ja": "1984年",
        "front_road_azimuth_name_ja": "",
        "u_front_road_width_ja": "",
        "front_road_type_name_ja": "",
        "land_use_name_ja": "近隣商業地域",
        "u_building_coverage_ratio_ja": "",
        "u_floor_area_ratio_ja": "",
        "remark_name_ja": "",
        "future_use_purpose_name_ja": "",
        "remark_renovation_name_ja": ""
      }
    },
    {
      "type": "Feature",
      "geometry": {
        "type": "Point",
        "coordinates": [
          139.53938126564026,
          35.727331403932865
        ]
      },
      "properties": {
        "point_in_time_name_ja": "2025年第1四半期",
        "land_type_name_ja": "中古マンション等",
        "price_information_category_name_ja": "成約価格情報",
        "prefecture_name_ja": "東京都",
        "city_code": "13229",
        "city_name_ja": "西東京市",
        "district_code": "132290190",
        "district_name_ja": "南町",
        "use_category_name_ja": "",
        "u_transaction_price_total_ja": "3,400万円",
        "u_transaction_price_unit_price_square_meter_ja": "",
        "u_unit_price_per_tsubo_ja": "",
        "u_area_ja": "45㎡",
        "land_shape_name_ja": "",
        "u_land_frontage_ja": "",
        "building_use_name_ja": "",
        "building_structure_name_ja": "ＲＣ",
        "floor_plan_name_ja": "１ＬＤＫ",
        "u_building_total_floor_area_ja": "",
        "u_construction_year_ja": "2010年",
        "front_road_azimuth_name_ja": "",
        "u_front_road_width_ja": "",
        "front_road_type_name_ja": "",
        "land_use_name_ja": "近隣商業地域",
        "u_building_coverage_ratio_ja": "",
        "u_floor_area_ratio_ja": "",
        "remark_name_ja": "",
        "future_use_purpose_name_ja": "",
        "remark_renovation_name_ja": ""
      }
    },
    {
      "type": "Feature",
      "geometry": {
        "type": "Point",
        "coordinates": [
          139.53938126564026,
          35.727331403932865
        ]
      },
      "properties": {
        "point_in_time_name_ja": "2025年第1四半期",
        "land_type_name_ja": "中古マンション等",
        "price_information_category_name_ja": "成約価格情報",
        "prefecture_name_ja": "東京都",
        "city_code": "13229",
        "city_name_ja": "西東京市",
        "district_code": "132290190",
        "district_name_ja": "南町",
        "use_category_name_ja": "",
        "u_transaction_price_total_ja": "2,500万円",
        "u_transaction_price_unit_price_square_meter_ja": "",
        "u_unit_price_per_tsubo_ja": "",
        "u_area_ja": "45㎡",
        "land_shape_name_ja": "",
        "u_land_frontage_ja": "",
        "building_use_name_ja": "",
        "building_structure_name_ja": "ＳＲＣ",
        "floor_plan_name_ja": "１Ｋ",
        "u_building_total_floor_area_ja": "",
        "u_construction_year_ja": "1983年",
        "front_road_azimuth_name_ja": "",
        "u_front_road_width_ja": "",
        "front_road_type_name_ja": "",
        "land_use_name_ja": "近隣商業地域",
        "u_building_coverage_ratio_ja": "",
        "u_floor_area_ratio_ja": "",
        "remark_name_ja": "",
        "future_use_purpose_name_ja": "",
        "remark_renovation_name_ja": ""
      }
    },
    {
      "type": "Feature",
      "geometry": {
        "type": "Point",
        "coordinates": [
          139.53938126564026,
          35.727331403932865
        ]
      },
      "properties": {
        "point_in_time_name_ja": "2025年第2四半期",
        "land_type_name_ja": "中古マンション等",
        "price_information_category_name_ja": "成約価格情報",
        "prefecture_name_ja": "東京都",
        "city_code": "13229",
        "city_name_ja": "西東京市",
        "district_code": "132290180",
        "district_name_ja": "緑町",
        "use_category_name_ja": "",
        "u_transaction_price_total_ja": "1,700万円",
        "u_transaction_price_unit_price_square_meter_ja": "",
        "u_unit_price_per_tsubo_ja": "",
        "u_area_ja": "40㎡",
        "land_shape_name_ja": "",
        "u_land_frontage_ja": "",
        "building_use_name_ja": "",
        "building_structure_name_ja": "ＲＣ",
        "floor_plan_name_ja": "１ＬＤＫ",
        "u_building_total_floor_area_ja": "",
        "u_construction_year_ja": "1978年",
        "front_road_azimuth_name_ja": "",
        "u_front_road_width_ja": "",
        "front_road_type_name_ja": "",
        "land_use_name_ja": "近隣商業地域",
        "u_building_coverage_ratio_ja": "",
        "u_floor_area_ratio_ja": "",
        "remark_name_ja": "",
        "future_use_purpose_name_ja": "",
        "remark_renovation_name_ja": ""
      }
    },
    {
      "type": "Feature",
      "geometry": {
        "type": "Point",
        "coordinates": [
          139.53938126564026,
          35.727331403932865
        ]
      },
      "properties": {
        "point_in_time_name_ja": "2025年第4四半期",
        "land_type_name_ja": "中古マンション等",
        "price_information_category_name_ja": "成約価格情報",
        "prefecture_name_ja": "東京都",
        "city_code": "13229",
        "city_name_ja": "西東京市",
        "district_code": "132290180",
        "district_name_ja": "緑町",
        "use_category_name_ja": "",
        "u_transaction_price_total_ja": "750万円",
        "u_transaction_price_unit_price_square_meter_ja": "",
        "u_unit_price_per_tsubo_ja": "",
        "u_area_ja": "40㎡",
        "land_shape_name_ja": "",
        "u_land_frontage_ja": "",
        "building_use_name_ja": "",
        "building_structure_name_ja": "ＲＣ",
        "floor_plan_name_ja": "１ＬＤＫ",
        "u_building_total_floor_area_ja": "",
        "u_construction_year_ja": "1978年",
        "front_road_azimuth_name_ja": "",
        "u_front_road_width_ja": "",
        "front_road_type_name_ja": "",
        "land_use_name_ja": "近隣商業地域",
        "u_building_coverage_ratio_ja": "",
        "u_floor_area_ratio_ja": "",
        "remark_name_ja": "",
        "future_use_purpose_name_ja": "",
        "remark_renovation_name_ja": ""
      }
    },
    {
      "type": "Feature",
      "geometry": {
        "type": "Point",
        "coordinates": [
          139.53938126564026,
          35.727331403932865
        ]
      },
      "properties": {
        "point_in_time_name_ja": "2025年第4四半期",
        "land_type_name_ja": "中古マンション等",
        "price_information_category_name_ja": "成約価格情報",
        "prefecture_name_ja": "東京都",
        "city_code": "13229",
        "city_name_ja": "西東京市",
        "district_code": "132290190",
        "district_name_ja": "南町",
        "use_category_name_ja": "",
        "u_transaction_price_total_ja": "3,000万円",
        "u_transaction_price_unit_price_square_meter_ja": "",
        "u_unit_price_per_tsubo_ja": "",
        "u_area_ja": "55㎡",
        "land_shape_name_ja": "",
        "u_land_frontage_ja": "",
        "building_use_name_ja": "",
        "building_structure_name_ja": "ＲＣ",
        "floor_plan_name_ja": "２ＬＤＫ",
        "u_building_total_floor_area_ja": "",
        "u_construction_year_ja": "1983年",
        "front_road_azimuth_name_ja": "",
        "u_front_road_width_ja": "",
        "front_road_type_name_ja": "",
        "land_use_name_ja": "近隣商業地域",
        "u_building_coverage_ratio_ja": "",
        "u_floor_area_ratio_ja": "",
        "remark_name_ja": "",
        "future_use_purpose_name_ja": "",
        "remark_renovation_name_ja": ""
      }
    },
    {
      "type": "Feature",
      "geometry": {
        "type": "Point",
        "coordinates": [
          139.56793069839478,
          35.74830165689765
        ]
      },
      "properties": {
        "point_in_time_name_ja": "2025年第1四半期",
        "land_type_name_ja": "中古マンション等",
        "price_information_category_name_ja": "成約価格情報",
        "prefecture_name_ja": "東京都",
        "city_code": "13229",
        "city_name_ja": "西東京市",
        "district_code": "132290060",
        "district_name_ja": "下保谷",
        "use_category_name_ja": "",
        "u_transaction_price_total_ja": "4,500万円",
        "u_transaction_price_unit_price_square_meter_ja": "",
        "u_unit_price_per_tsubo_ja": "",
        "u_area_ja": "65㎡",
        "land_shape_name_ja": "",
        "u_land_frontage_ja": "",
        "building_use_name_ja": "",
        "building_structure_name_ja": "ＲＣ",
        "floor_plan_name_ja": "２ＬＤＫ",
        "u_building_total_floor_area_ja": "",
        "u_construction_year_ja": "1995年",
        "front_road_azimuth_name_ja": "",
        "u_front_road_width_ja": "",
        "front_road_type_name_ja": "",
        "land_use_name_ja": "第１種中高層住居専用地域",
        "u_building_coverage_ratio_ja": "",
        "u_floor_area_ratio_ja": "",
        "remark_name_ja": "",
        "future_use_purpose_name_ja": "",
        "remark_renovation_name_ja": ""
      }
    },
    {
      "type": "Feature",
      "geometry": {
        "type": "Point",
        "coordinates": [
          139.56793069839478,
          35.74830165689765
        ]
      },
      "properties": {
        "point_in_time_name_ja": "2025年第1四半期",
        "land_type_name_ja": "中古マンション等",
        "price_information_category_name_ja": "成約価格情報",
        "prefecture_name_ja": "東京都",
        "city_code": "13229",
        "city_name_ja": "西東京市",
        "district_code": "132290060",
        "district_name_ja": "下保谷",
        "use_category_name_ja": "",
        "u_transaction_price_total_ja": "3,900万円",
        "u_transaction_price_unit_price_square_meter_ja": "",
        "u_unit_price_per_tsubo_ja": "",
        "u_area_ja": "60㎡",
        "land_shape_name_ja": "",
        "u_land_frontage_ja": "",
        "building_use_name_ja": "",
        "building_structure_name_ja": "ＲＣ",
        "floor_plan_name_ja": "３ＤＫ",
        "u_building_total_floor_area_ja": "",
        "u_construction_year_ja": "1994年",
        "front_road_azimuth_name_ja": "",
        "u_front_road_width_ja": "",
        "front_road_type_name_ja": "",
        "land_use_name_ja": "第１種中高層住居専用地域",
        "u_building_coverage_ratio_ja": "",
        "u_floor_area_ratio_ja": "",
        "remark_name_ja": "",
        "future_use_purpose_name_ja": "",
        "remark_renovation_name_ja": ""
      }
    },
    {
      "type": "Feature",
      "geometry": {
        "type": "Point",
        "coordinates": [
          139.56793069839478,
          35.74830165689765
        ]
      },
      "properties": {
        "point_in_time_name_ja": "2025年第1四半期",
        "land_type_name_ja": "中古マンション等",
        "price_information_category_name_ja": "成約価格情報",
        "prefecture_name_ja": "東京都",
        "city_code": "13229",
        "city_name_ja": "西東京市",
        "district_code": "132290100",
        "district_name_ja": "中町",
        "use_category_name_ja": "",
        "u_transaction_price_total_ja": "4,400万円",
        "u_transaction_price_unit_price_square_meter_ja": "",
        "u_unit_price_per_tsubo_ja": "",
        "u_area_ja": "70㎡",
        "land_shape_name_ja": "",
        "u_land_frontage_ja": "",
        "building_use_name_ja": "",
        "building_structure_name_ja": "ＲＣ",
        "floor_plan_name_ja": "３ＬＤＫ",
        "u_building_total_floor_area_ja": "",
        "u_construction_year_ja": "2008年",
        "front_road_azimuth_name_ja": "",
        "u_front_road_width_ja": "",
        "front_road_type_name_ja": "",
        "land_use_name_ja": "第１種低層住居専用地域",
        "u_building_coverage_ratio_ja": "",
        "u_floor_area_ratio_ja": "",
        "remark_name_ja": "",
        "future_use_purpose_name_ja": "",
        "remark_renovation_name_ja": ""
      }
    },
    {
      "type": "Feature",
      "geometry": {
        "type": "Point",
        "coordinates": [
          139.56793069839478,
          35.74830165689765
        ]
      },
      "properties": {
        "point_in_time_name_ja": "2025年第1四半期",
        "land_type_name_ja": "中古マンション等",
        "price_information_category_name_ja": "成約価格情報",
        "prefecture_name_ja": "東京都",
        "city_code": "13229",
        "city_name_ja": "西東京市",
        "district_code": "132290120",
        "district_name_ja": "東町",
        "use_category_name_ja": "",
        "u_transaction_price_total_ja": "3,300万円",
        "u_transaction_price_unit_price_square_meter_ja": "",
        "u_unit_price_per_tsubo_ja": "",
        "u_area_ja": "60㎡",
        "land_shape_name_ja": "",
        "u_land_frontage_ja": "",
        "building_use_name_ja": "",
        "building_structure_name_ja": "ＳＲＣ",
        "floor_plan_name_ja": "２ＬＤＫ",
        "u_building_total_floor_area_ja": "",
        "u_construction_year_ja": "1991年",
        "front_road_azimuth_name_ja": "",
        "u_front_road_width_ja": "",
        "front_road_type_name_ja": "",
        "land_use_name_ja": "商業地域",
        "u_building_coverage_ratio_ja": "",
        "u_floor_area_ratio_ja": "",
        "remark_name_ja": "",
        "future_use_purpose_name_ja": "",
        "remark_renovation_name_ja": ""
      }
    },
    {
      "type": "Feature",
      "geometry": {
        "type": "Point",
        "coordinates": [
          139.56793069839478,
          35.74830165689765
        ]
      },
      "properties": {
        "point_in_time_name_ja": "2025年第1四半期",
        "land_type_name_ja": "中古マンション等",
        "price_information_category_name_ja": "成約価格情報",
        "prefecture_name_ja": "東京都",
        "city_code": "13229",
        "city_name_ja": "西東京市",
        "district_code": "132290120",
        "district_name_ja": "東町",
        "use_category_name_ja": "",
        "u_transaction_price_total_ja": "5,500万円",
        "u_transaction_price_unit_price_square_meter_ja": "",
        "u_unit_price_per_tsubo_ja": "",
        "u_area_ja": "70㎡",
        "land_shape_name_ja": "",
        "u_land_frontage_ja": "",
        "building_use_name_ja": "",
        "building_structure_name_ja": "ＲＣ",
        "floor_plan_name_ja": "３ＬＤＫ",
        "u_building_total_floor_area_ja": "",
        "u_construction_year_ja": "2021年",
        "front_road_azimuth_name_ja": "",
        "u_front_road_width_ja": "",
        "front_road_type_name_ja": "",
        "land_use_name_ja": "第１種中高層住居専用地域",
        "u_building_coverage_ratio_ja": "",
        "u_floor_area_ratio_ja": "",
        "remark_name_ja": "",
        "future_use_purpose_name_ja": "",
        "remark_renovation_name_ja": ""
      }
    },
    {
      "type": "Feature",
      "geometry": {
        "type": "Point",
        "coordinates": [
          139.56793069839478,
          35.74830165689765
        ]
      },
      "properties": {
        "point_in_time_name_ja": "2025年第2四半期",
        "land_type_name_ja": "中古マンション等",
        "price_information_category_name_ja": "成約価格情報",
        "prefecture_name_ja": "東京都",
        "city_code": "13229",
        "city_name_ja": "西東京市",
        "district_code": "132290120",
        "district_name_ja": "東町",
        "use_category_name_ja": "",
        "u_transaction_price_total_ja": "7,000万円",
        "u_transaction_price_unit_price_square_meter_ja": "",
        "u_unit_price_per_tsubo_ja": "",
        "u_area_ja": "75㎡",
        "land_shape_name_ja": "",
        "u_land_frontage_ja": "",
        "building_use_name_ja": "",
        "building_structure_name_ja": "ＲＣ",
        "floor_plan_name_ja": "３ＬＤＫ",
        "u_building_total_floor_area_ja": "",
        "u_construction_year_ja": "2019年",
        "front_road_azimuth_name_ja": "",
        "u_front_road_width_ja": "",
        "front_road_type_name_ja": "",
        "land_use_name_ja": "商業地域",
        "u_building_coverage_ratio_ja": "",
        "u_floor_area_ratio_ja": "",
        "remark_name_ja": "",
        "future_use_purpose_name_ja": "",
        "remark_renovation_name_ja": ""
      }
    },
    {
      "type": "Feature",
      "geometry": {
        "type": "Point",
        "coordinates": [
          139.56793069839478,
          35.74830165689765
        ]
      },
      "properties": {
        "point_in_time_name_ja": "2025年第2四半期",
        "land_type_name_ja": "中古マンション等",
        "price_information_category_name_ja": "成約価格情報",
        "prefecture_name_ja": "東京都",
        "city_code": "13229",
        "city_name_ja": "西東京市",
        "district_code": "132290120",
        "district_name_ja": "東町",
        "use_category_name_ja": "",
        "u_transaction_price_total_ja": "1,300万円",
        "u_transaction_price_unit_price_square_meter_ja": "",
        "u_unit_price_per_tsubo_ja": "",
        "u_area_ja": "30㎡",
        "land_shape_name_ja": "",
        "u_land_frontage_ja": "",
        "building_use_name_ja": "",
        "building_structure_name_ja": "ＲＣ",
        "floor_plan_name_ja": "１ＤＫ",
        "u_building_total_floor_area_ja": "",
        "u_construction_year_ja": "1980年",
        "front_road_azimuth_name_ja": "",
        "u_front_road_width_ja": "",
        "front_road_type_name_ja": "",
        "land_use_name_ja": "商業地域",
        "u_building_coverage_ratio_ja": "",
        "u_floor_area_ratio_ja": "",
        "remark_name_ja": "",
        "future_use_purpose_name_ja": "",
        "remark_renovation_name_ja": ""
      }
    },
    {
      "type": "Feature",
      "geometry": {
        "type": "Point",
        "coordinates": [
          139.56793069839478,
          35.74830165689765
        ]
      },
      "properties": {
        "point_in_time_name_ja": "2025年第2四半期",
        "land_type_name_ja": "中古マンション等",
        "price_information_category_name_ja": "成約価格情報",
        "prefecture_name_ja": "東京都",
        "city_code": "13229",
        "city_name_ja": "西東京市",
        "district_code": "132290120",
        "district_name_ja": "東町",
        "use_category_name_ja": "",
        "u_transaction_price_total_ja": "6,800万円",
        "u_transaction_price_unit_price_square_meter_ja": "",
        "u_unit_price_per_tsubo_ja": "",
        "u_area_ja": "85㎡",
        "land_shape_name_ja": "",
        "u_land_frontage_ja": "",
        "building_use_name_ja": "",
        "building_structure_name_ja": "ＳＲＣ",
        "floor_plan_name_ja": "３ＬＤＫ",
        "u_building_total_floor_area_ja": "",
        "u_construction_year_ja": "2010年",
        "front_road_azimuth_name_ja": "",
        "u_front_road_width_ja": "",
        "front_road_type_name_ja": "",
        "land_use_name_ja": "商業地域",
        "u_building_coverage_ratio_ja": "",
        "u_floor_area_ratio_ja": "",
        "remark_name_ja": "",
        "future_use_purpose_name_ja": "",
        "remark_renovation_name_ja": ""
      }
    },
    {
      "type": "Feature",
      "geometry": {
        "type": "Point",
        "coordinates": [
          139.56793069839478,
          35.74830165689765
        ]
      },
      "properties": {
        "point_in_time_name_ja": "2025年第2四半期",
        "land_type_name_ja": "中古マンション等",
        "price_information_category_name_ja": "成約価格情報",
        "prefecture_name_ja": "東京都",
        "city_code": "13229",
        "city_name_ja": "西東京市",
        "district_code": "132290120",
        "district_name_ja": "東町",
        "use_category_name_ja": "",
        "u_transaction_price_total_ja": "2,200万円",
        "u_transaction_price_unit_price_square_meter_ja": "",
        "u_unit_price_per_tsubo_ja": "",
        "u_area_ja": "60㎡",
        "land_shape_name_ja": "",
        "u_land_frontage_ja": "",
        "building_use_name_ja": "",
        "building_structure_name_ja": "ＲＣ",
        "floor_plan_name_ja": "２ＬＤＫ＋Ｓ",
        "u_building_total_floor_area_ja": "",
        "u_construction_year_ja": "2001年",
        "front_road_azimuth_name_ja": "",
        "u_front_road_width_ja": "",
        "front_road_type_name_ja": "",
        "land_use_name_ja": "商業地域",
        "u_building_coverage_ratio_ja": "",
        "u_floor_area_ratio_ja": "",
        "remark_name_ja": "",
        "future_use_purpose_name_ja": "",
        "remark_renovation_name_ja": ""
      }
    },
    {
      "type": "Feature",
      "geometry": {
        "type": "Point",
        "coordinates": [
          139.56793069839478,
          35.74830165689765
        ]
      },
      "properties": {
        "point_in_time_name_ja": "2025年第2四半期",
        "land_type_name_ja": "中古マンション等",
        "price_information_category_name_ja": "成約価格情報",
        "prefecture_name_ja": "東京都",
        "city_code": "13229",
        "city_name_ja": "西東京市",
        "district_code": "132290120",
        "district_name_ja": "東町",
        "use_category_name_ja": "",
        "u_transaction_price_total_ja": "5,700万円",
        "u_transaction_price_unit_price_square_meter_ja": "",
        "u_unit_price_per_tsubo_ja": "",
        "u_area_ja": "70㎡",
        "land_shape_name_ja": "",
        "u_land_frontage_ja": "",
        "building_use_name_ja": "",
        "building_structure_name_ja": "ＲＣ",
        "floor_plan_name_ja": "３ＬＤＫ",
        "u_building_total_floor_area_ja": "",
        "u_construction_year_ja": "2021年",
        "front_road_azimuth_name_ja": "",
        "u_front_road_width_ja": "",
        "front_road_type_name_ja": "",
        "land_use_name_ja": "第１種中高層住居専用地域",
        "u_building_coverage_ratio_ja": "",
        "u_floor_area_ratio_ja": "",
        "remark_name_ja": "",
        "future_use_purpose_name_ja": "",
        "remark_renovation_name_ja": ""
      }
    },
    {
      "type": "Feature",
      "geometry": {
        "type": "Point",
        "coordinates": [
          139.56793069839478,
          35.74830165689765
        ]
      },
      "properties": {
        "point_in_time_name_ja": "2025年第3四半期",
        "land_type_name_ja": "中古マンション等",
        "price_information_category_name_ja": "成約価格情報",
        "prefecture_name_ja": "東京都",
        "city_code": "13229",
        "city_name_ja": "西東京市",
        "district_code": "132290120",
        "district_name_ja": "東町",
        "use_category_name_ja": "",
        "u_transaction_price_total_ja": "3,500万円",
        "u_transaction_price_unit_price_square_meter_ja": "",
        "u_unit_price_per_tsubo_ja": "",
        "u_area_ja": "55㎡",
        "land_shape_name_ja": "",
        "u_land_frontage_ja": "",
        "building_use_name_ja": "",
        "building_structure_name_ja": "ＲＣ",
        "floor_plan_name_ja": "１ＬＤＫ",
        "u_building_total_floor_area_ja": "",
        "u_construction_year_ja": "2013年",
        "front_road_azimuth_name_ja": "",
        "u_front_road_width_ja": "",
        "front_road_type_name_ja": "",
        "land_use_name_ja": "第１種中高層住居専用地域",
        "u_building_coverage_ratio_ja": "",
        "u_floor_area_ratio_ja": "",
        "remark_name_ja": "",
        "future_use_purpose_name_ja": "",
        "remark_renovation_name_ja": ""
      }
    },
    {
      "type": "Feature",
      "geometry": {
        "type": "Point",
        "coordinates": [
          139.56793069839478,
          35.74830165689765
        ]
      },
      "properties": {
        "point_in_time_name_ja": "2025年第3四半期",
        "land_type_name_ja": "中古マンション等",
        "price_information_category_name_ja": "成約価格情報",
        "prefecture_name_ja": "東京都",
        "city_code": "13229",
        "city_name_ja": "西東京市",
        "district_code": "132290120",
        "district_name_ja": "東町",
        "use_category_name_ja": "",
        "u_transaction_price_total_ja": "7,000万円",
        "u_transaction_price_unit_price_square_meter_ja": "",
        "u_unit_price_per_tsubo_ja": "",
        "u_area_ja": "75㎡",
        "land_shape_name_ja": "",
        "u_land_frontage_ja": "",
        "building_use_name_ja": "",
        "building_structure_name_ja": "ＲＣ",
        "floor_plan_name_ja": "３ＬＤＫ＋Ｓ",
        "u_building_total_floor_area_ja": "",
        "u_construction_year_ja": "2019年",
        "front_road_azimuth_name_ja": "",
        "u_front_road_width_ja": "",
        "front_road_type_name_ja": "",
        "land_use_name_ja": "第１種中高層住居専用地域",
        "u_building_coverage_ratio_ja": "",
        "u_floor_area_ratio_ja": "",
        "remark_name_ja": "",
        "future_use_purpose_name_ja": "",
        "remark_renovation_name_ja": ""
      }
    },
    {
      "type": "Feature",
      "geometry": {
        "type": "Point",
        "coordinates": [
          139.56793069839478,
          35.74830165689765
        ]
      },
      "properties": {
        "point_in_time_name_ja": "2025年第3四半期",
        "land_type_name_ja": "中古マンション等",
        "price_information_category_name_ja": "成約価格情報",
        "prefecture_name_ja": "東京都",
        "city_code": "13229",
        "city_name_ja": "西東京市",
        "district_code": "132290120",
        "district_name_ja": "東町",
        "use_category_name_ja": "",
        "u_transaction_price_total_ja": "6,200万円",
        "u_transaction_price_unit_price_square_meter_ja": "",
        "u_unit_price_per_tsubo_ja": "",
        "u_area_ja": "70㎡",
        "land_shape_name_ja": "",
        "u_land_frontage_ja": "",
        "building_use_name_ja": "",
        "building_structure_name_ja": "ＲＣ",
        "floor_plan_name_ja": "３ＬＤＫ＋Ｓ",
        "u_building_total_floor_area_ja": "",
        "u_construction_year_ja": "2019年",
        "front_road_azimuth_name_ja": "",
        "u_front_road_width_ja": "",
        "front_road_type_name_ja": "",
        "land_use_name_ja": "第１種中高層住居専用地域",
        "u_building_coverage_ratio_ja": "",
        "u_floor_area_ratio_ja": "",
        "remark_name_ja": "",
        "future_use_purpose_name_ja": "",
        "remark_renovation_name_ja": ""
      }
    },
    {
      "type": "Feature",
      "geometry": {
        "type": "Point",
        "coordinates": [
          139.56793069839478,
          35.74830165689765
        ]
      },
      "properties": {
        "point_in_time_name_ja": "2025年第3四半期",
        "land_type_name_ja": "中古マンション等",
        "price_information_category_name_ja": "成約価格情報",
        "prefecture_name_ja": "東京都",
        "city_code": "13229",
        "city_name_ja": "西東京市",
        "district_code": "132290120",
        "district_name_ja": "東町",
        "use_category_name_ja": "",
        "u_transaction_price_total_ja": "4,600万円",
        "u_transaction_price_unit_price_square_meter_ja": "",
        "u_unit_price_per_tsubo_ja": "",
        "u_area_ja": "70㎡",
        "land_shape_name_ja": "",
        "u_land_frontage_ja": "",
        "building_use_name_ja": "",
        "building_structure_name_ja": "ＲＣ",
        "floor_plan_name_ja": "３ＬＤＫ",
        "u_building_total_floor_area_ja": "",
        "u_construction_year_ja": "2008年",
        "front_road_azimuth_name_ja": "",
        "u_front_road_width_ja": "",
        "front_road_type_name_ja": "",
        "land_use_name_ja": "第２種中高層住居専用地域",
        "u_building_coverage_ratio_ja": "",
        "u_floor_area_ratio_ja": "",
        "remark_name_ja": "",
        "future_use_purpose_name_ja": "",
        "remark_renovation_name_ja": ""
      }
    },
    {
      "type": "Feature",
      "geometry": {
        "type": "Point",
        "coordinates": [
          139.56793069839478,
          35.74830165689765
        ]
      },
      "properties": {
        "point_in_time_name_ja": "2025年第4四半期",
        "land_type_name_ja": "中古マンション等",
        "price_information_category_name_ja": "成約価格情報",
        "prefecture_name_ja": "東京都",
        "city_code": "13229",
        "city_name_ja": "西東京市",
        "district_code": "132290060",
        "district_name_ja": "下保谷",
        "use_category_name_ja": "",
        "u_transaction_price_total_ja": "3,500万円",
        "u_transaction_price_unit_price_square_meter_ja": "",
        "u_unit_price_per_tsubo_ja": "",
        "u_area_ja": "70㎡",
        "land_shape_name_ja": "",
        "u_land_frontage_ja": "",
        "building_use_name_ja": "",
        "building_structure_name_ja": "ＲＣ",
        "floor_plan_name_ja": "３ＬＤＫ",
        "u_building_total_floor_area_ja": "",
        "u_construction_year_ja": "2001年",
        "front_road_azimuth_name_ja": "",
        "u_front_road_width_ja": "",
        "front_road_type_name_ja": "",
        "land_use_name_ja": "第１種中高層住居専用地域",
        "u_building_coverage_ratio_ja": "",
        "u_floor_area_ratio_ja": "",
        "remark_name_ja": "",
        "future_use_purpose_name_ja": "",
        "remark_renovation_name_ja": ""
      }
    },
    {
      "type": "Feature",
      "geometry": {
        "type": "Point",
        "coordinates": [
          139.56793069839478,
          35.74830165689765
        ]
      },
      "properties": {
        "point_in_time_name_ja": "2025年第4四半期",
        "land_type_name_ja": "中古マンション等",
        "price_information_category_name_ja": "成約価格情報",
        "prefecture_name_ja": "東京都",
        "city_code": "13229",
        "city_name_ja": "西東京市",
        "district_code": "132290060",
        "district_name_ja": "下保谷",
        "use_category_name_ja": "",
        "u_transaction_price_total_ja": "2,900万円",
        "u_transaction_price_unit_price_square_meter_ja": "",
        "u_unit_price_per_tsubo_ja": "",
        "u_area_ja": "70㎡",
        "land_shape_name_ja": "",
        "u_land_frontage_ja": "",
        "building_use_name_ja": "",
        "building_structure_name_ja": "ＲＣ",
        "floor_plan_name_ja": "２ＬＤＫ",
        "u_building_total_floor_area_ja": "",
        "u_construction_year_ja": "1995年",
        "front_road_azimuth_name_ja": "",
        "u_front_road_width_ja": "",
        "front_road_type_name_ja": "",
        "land_use_name_ja": "第１種中高層住居専用地域",
        "u_building_coverage_ratio_ja": "",
        "u_floor_area_ratio_ja": "",
        "remark_name_ja": "",
        "future_use_purpose_name_ja": "",
        "remark_renovation_name_ja": ""
      }
    },
    {
      "type": "Feature",
      "geometry": {
        "type": "Point",
        "coordinates": [
          139.56793069839478,
          35.74830165689765
        ]
      },
      "properties": {
        "point_in_time_name_ja": "2025年第4四半期",
        "land_type_name_ja": "中古マンション等",
        "price_information_category_name_ja": "成約価格情報",
        "prefecture_name_ja": "東京都",
        "city_code": "13229",
        "city_name_ja": "西東京市",
        "district_code": "132290120",
        "district_name_ja": "東町",
        "use_category_name_ja": "",
        "u_transaction_price_total_ja": "5,900万円",
        "u_transaction_price_unit_price_square_meter_ja": "",
        "u_unit_price_per_tsubo_ja": "",
        "u_area_ja": "70㎡",
        "land_shape_name_ja": "",
        "u_land_frontage_ja": "",
        "building_use_name_ja": "",
        "building_structure_name_ja": "ＲＣ",
        "floor_plan_name_ja": "３ＬＤＫ",
        "u_building_total_floor_area_ja": "",
        "u_construction_year_ja": "2021年",
        "front_road_azimuth_name_ja": "",
        "u_front_road_width_ja": "",
        "front_road_type_name_ja": "",
        "land_use_name_ja": "第１種中高層住居専用地域",
        "u_building_coverage_ratio_ja": "",
        "u_floor_area_ratio_ja": "",
        "remark_name_ja": "",
        "future_use_purpose_name_ja": "",
        "remark_renovation_name_ja": ""
      }
    },
    {
      "type": "Feature",
      "geometry": {
        "type": "Point",
        "coordinates": [
          139.56793069839478,
          35.74830165689765
        ]
      },
      "properties": {
        "point_in_time_name_ja": "2025年第4四半期",
        "land_type_name_ja": "中古マンション等",
        "price_information_category_name_ja": "成約価格情報",
        "prefecture_name_ja": "東京都",
        "city_code": "13229",
        "city_name_ja": "西東京市",
        "district_code": "132290120",
        "district_name_ja": "東町",
        "use_category_name_ja": "",
        "u_transaction_price_total_ja": "1,800万円",
        "u_transaction_price_unit_price_square_meter_ja": "",
        "u_unit_price_per_tsubo_ja": "",
        "u_area_ja": "45㎡",
        "land_shape_name_ja": "",
        "u_land_frontage_ja": "",
        "building_use_name_ja": "",
        "building_structure_name_ja": "ＲＣ",
        "floor_plan_name_ja": "３Ｋ",
        "u_building_total_floor_area_ja": "",
        "u_construction_year_ja": "1980年",
        "front_road_azimuth_name_ja": "",
        "u_front_road_width_ja": "",
        "front_road_type_name_ja": "",
        "land_use_name_ja": "商業地域",
        "u_building_coverage_ratio_ja": "",
        "u_floor_area_ratio_ja": "",
        "remark_name_ja": "",
        "future_use_purpose_name_ja": "",
        "remark_renovation_name_ja": ""
      }
    },
    {
      "type": "Feature",
      "geometry": {
        "type": "Point",
        "coordinates": [
          139.56793069839478,
          35.74830165689765
        ]
      },
      "properties": {
        "point_in_time_name_ja": "2025年第4四半期",
        "land_type_name_ja": "中古マンション等",
        "price_information_category_name_ja": "成約価格情報",
        "prefecture_name_ja": "東京都",
        "city_code": "13229",
        "city_name_ja": "西東京市",
        "district_code": "132290120",
        "district_name_ja": "東町",
        "use_category_name_ja": "",
        "u_transaction_price_total_ja": "4,500万円",
        "u_transaction_price_unit_price_square_meter_ja": "",
        "u_unit_price_per_tsubo_ja": "",
        "u_area_ja": "75㎡",
        "land_shape_name_ja": "",
        "u_land_frontage_ja": "",
        "building_use_name_ja": "",
        "building_structure_name_ja": "ＲＣ",
        "floor_plan_name_ja": "３ＬＤＫ",
        "u_building_total_floor_area_ja": "",
        "u_construction_year_ja": "2013年",
        "front_road_azimuth_name_ja": "",
        "u_front_road_width_ja": "",
        "front_road_type_name_ja": "",
        "land_use_name_ja": "第１種低層住居専用地域",
        "u_building_coverage_ratio_ja": "",
        "u_floor_area_ratio_ja": "",
        "remark_name_ja": "",
        "future_use_purpose_name_ja": "",
        "remark_renovation_name_ja": ""
      }
    },
    {
      "type": "Feature",
      "geometry": {
        "type": "Point",
        "coordinates": [
          139.56793069839478,
          35.74830165689765
        ]
      },
      "properties": {
        "point_in_time_name_ja": "2025年第1四半期",
        "land_type_name_ja": "中古マンション等",
        "price_information_category_name_ja": "成約価格情報",
        "prefecture_name_ja": "東京都",
        "city_code": "13229",
        "city_name_ja": "西東京市",
        "district_code": "132290010",
        "district_name_ja": "泉町",
        "use_category_name_ja": "",
        "u_transaction_price_total_ja": "1,600万円",
        "u_transaction_price_unit_price_square_meter_ja": "",
        "u_unit_price_per_tsubo_ja": "",
        "u_area_ja": "55㎡",
        "land_shape_name_ja": "",
        "u_land_frontage_ja": "",
        "building_use_name_ja": "",
        "building_structure_name_ja": "ＲＣ",
        "floor_plan_name_ja": "２ＤＫ",
        "u_building_total_floor_area_ja": "",
        "u_construction_year_ja": "1986年",
        "front_road_azimuth_name_ja": "",
        "u_front_road_width_ja": "",
        "front_road_type_name_ja": "",
        "land_use_name_ja": "準工業地域",
        "u_building_coverage_ratio_ja": "",
        "u_floor_area_ratio_ja": "",
        "remark_name_ja": "",
        "future_use_purpose_name_ja": "",
        "remark_renovation_name_ja": ""
      }
    },
    {
      "type": "Feature",
      "geometry": {
        "type": "Point",
        "coordinates": [
          139.56793069839478,
          35.74830165689765
        ]
      },
      "properties": {
        "point_in_time_name_ja": "2025年第1四半期",
        "land_type_name_ja": "中古マンション等",
        "price_information_category_name_ja": "成約価格情報",
        "prefecture_name_ja": "東京都",
        "city_code": "13229",
        "city_name_ja": "西東京市",
        "district_code": "132290010",
        "district_name_ja": "泉町",
        "use_category_name_ja": "",
        "u_transaction_price_total_ja": "2,500万円",
        "u_transaction_price_unit_price_square_meter_ja": "",
        "u_unit_price_per_tsubo_ja": "",
        "u_area_ja": "75㎡",
        "land_shape_name_ja": "",
        "u_land_frontage_ja": "",
        "building_use_name_ja": "",
        "building_structure_name_ja": "ＲＣ",
        "floor_plan_name_ja": "３ＬＤＫ",
        "u_building_total_floor_area_ja": "",
        "u_construction_year_ja": "1979年",
        "front_road_azimuth_name_ja": "",
        "u_front_road_width_ja": "",
        "front_road_type_name_ja": "",
        "land_use_name_ja": "第１種中高層住居専用地域",
        "u_building_coverage_ratio_ja": "",
        "u_floor_area_ratio_ja": "",
        "remark_name_ja": "",
        "future_use_purpose_name_ja": "",
        "remark_renovation_name_ja": ""
      }
    },
    {
      "type": "Feature",
      "geometry": {
        "type": "Point",
        "coordinates": [
          139.56793069839478,
          35.74830165689765
        ]
      },
      "properties": {
        "point_in_time_name_ja": "2025年第2四半期",
        "land_type_name_ja": "中古マンション等",
        "price_information_category_name_ja": "成約価格情報",
        "prefecture_name_ja": "東京都",
        "city_code": "13229",
        "city_name_ja": "西東京市",
        "district_code": "132290010",
        "district_name_ja": "泉町",
        "use_category_name_ja": "",
        "u_transaction_price_total_ja": "2,700万円",
        "u_transaction_price_unit_price_square_meter_ja": "",
        "u_unit_price_per_tsubo_ja": "",
        "u_area_ja": "65㎡",
        "land_shape_name_ja": "",
        "u_land_frontage_ja": "",
        "building_use_name_ja": "",
        "building_structure_name_ja": "ＲＣ",
        "floor_plan_name_ja": "３ＬＤＫ",
        "u_building_total_floor_area_ja": "",
        "u_construction_year_ja": "1979年",
        "front_road_azimuth_name_ja": "",
        "u_front_road_width_ja": "",
        "front_road_type_name_ja": "",
        "land_use_name_ja": "第１種中高層住居専用地域",
        "u_building_coverage_ratio_ja": "",
        "u_floor_area_ratio_ja": "",
        "remark_name_ja": "",
        "future_use_purpose_name_ja": "",
        "remark_renovation_name_ja": ""
      }
    },
    {
      "type": "Feature",
      "geometry": {
        "type": "Point",
        "coordinates": [
          139.56793069839478,
          35.74830165689765
        ]
      },
      "properties": {
        "point_in_time_name_ja": "2025年第4四半期",
        "land_type_name_ja": "中古マンション等",
        "price_information_category_name_ja": "成約価格情報",
        "prefecture_name_ja": "東京都",
        "city_code": "13229",
        "city_name_ja": "西東京市",
        "district_code": "132290010",
        "district_name_ja": "泉町",
        "use_category_name_ja": "",
        "u_transaction_price_total_ja": "2,000万円",
        "u_transaction_price_unit_price_square_meter_ja": "",
        "u_unit_price_per_tsubo_ja": "",
        "u_area_ja": "60㎡",
        "land_shape_name_ja": "",
        "u_land_frontage_ja": "",
        "building_use_name_ja": "",
        "building_structure_name_ja": "ＲＣ",
        "floor_plan_name_ja": "３ＤＫ",
        "u_building_total_floor_area_ja": "",
        "u_construction_year_ja": "1983年",
        "front_road_azimuth_name_ja": "",
        "u_front_road_width_ja": "",
        "front_road_type_name_ja": "",
        "land_use_name_ja": "準工業地域",
        "u_building_coverage_ratio_ja": "",
        "u_floor_area_ratio_ja": "",
        "remark_name_ja": "",
        "future_use_purpose_name_ja": "",
        "remark_renovation_name_ja": ""
      }
    },
    {
      "type": "Feature",
      "geometry": {
        "type": "Point",
        "coordinates": [
          139.56793069839478,
          35.74830165689765
        ]
      },
      "properties": {
        "point_in_time_name_ja": "2025年第4四半期",
        "land_type_name_ja": "中古マンション等",
        "price_information_category_name_ja": "成約価格情報",
        "prefecture_name_ja": "東京都",
        "city_code": "13229",
        "city_name_ja": "西東京市",
        "district_code": "132290010",
        "district_name_ja": "泉町",
        "use_category_name_ja": "",
        "u_transaction_price_total_ja": "2,900万円",
        "u_transaction_price_unit_price_square_meter_ja": "",
        "u_unit_price_per_tsubo_ja": "",
        "u_area_ja": "65㎡",
        "land_shape_name_ja": "",
        "u_land_frontage_ja": "",
        "building_use_name_ja": "",
        "building_structure_name_ja": "ＲＣ",
        "floor_plan_name_ja": "３ＬＤＫ",
        "u_building_total_floor_area_ja": "",
        "u_construction_year_ja": "1979年",
        "front_road_azimuth_name_ja": "",
        "u_front_road_width_ja": "",
        "front_road_type_name_ja": "",
        "land_use_name_ja": "第２種中高層住居専用地域",
        "u_building_coverage_ratio_ja": "",
        "u_floor_area_ratio_ja": "",
        "remark_name_ja": "",
        "future_use_purpose_name_ja": "",
        "remark_renovation_name_ja": ""
      }
    }
  ]
}