{"type":"FeatureCollection","features":[{"type":"Feature","geometry":{"type":"Polygon","coordinates":[[[139.62500197,35.46685005],[139.625,35.46685136],[139.62489392,35.46692203],[139.62453253,35.46716259],[139.62433808,35.46726897],[139.62418114,35.46740953],[139.62410837,35.46747508],[139.62399141,35.4675798],[139.62386808,35.46769036],[139.62378961,35.46775986],[139.62370586,35.46783592],[139.62359837,35.46788564],[139.6233892,35.46798259],[139.62333752,35.46800647],[139.62267336,35.46809147],[139.62257086,35.46810147],[139.62253752,35.4681048],[139.62250253,35.46810814],[139.62224864,35.46813314],[139.62207419,35.46818925],[139.62203669,35.4682012],[139.6220053,35.46821147],[139.62178947,35.46828092],[139.62127975,35.46826759],[139.6211353,35.46826369],[139.62039917,35.46824453],[139.61924778,35.46837064],[139.61884694,35.4684148],[139.61882722,35.46841675],[139.61849389,35.46845341],[139.61798472,35.46850341],[139.61733416,35.46855341],[139.61725027,35.4685598],[139.61698528,35.46860259],[139.61667861,35.4686398],[139.61666861,35.46864095],[139.61666667,35.46864117],[139.61639139,35.46867287],[139.61636056,35.46868313],[139.61635555,35.46869869],[139.61635027,35.4687148],[139.61634861,35.46878592],[139.61634555,35.46889703],[139.61634555,35.46890231],[139.61633078,35.46907969],[139.61641431,35.46909231],[139.61639375,35.46928878],[139.61636678,35.46938228],[139.61635778,35.46944741],[139.61634747,35.469667],[139.61619455,35.46965441],[139.61619458,35.46984353],[139.61615345,35.47007256],[139.61586414,35.47012717],[139.61566511,35.47014505],[139.61548136,35.47018708],[139.61523031,35.47012259],[139.61509964,35.47011775],[139.61502514,35.4702018],[139.61491462,35.4703058],[139.61483623,35.47038775],[139.61476039,35.47051175],[139.61470531,35.47058647],[139.61468973,35.47068511],[139.61477584,35.470683],[139.61491205,35.47079017],[139.6145792,35.47106333],[139.61449847,35.47118528],[139.61449667,35.47132528],[139.61458306,35.47155928],[139.61465375,35.47177992],[139.61468163,35.47203211],[139.6142302,35.471831],[139.6138107,35.47179041],[139.61357681,35.47174628],[139.61353698,35.4717652],[139.61349817,35.47187672],[139.61343031,35.47197113],[139.61337761,35.47202787],[139.6130653,35.47198689],[139.61295428,35.47195433],[139.61290467,35.47189128],[139.61283141,35.47183841],[139.61281891,35.47183092],[139.61280336,35.47181759],[139.61271419,35.4717398],[139.6126828,35.47171425],[139.61248224,35.47155036],[139.61223384,35.47143528],[139.61203978,35.47155508],[139.61212128,35.47174028],[139.61196523,35.47179567],[139.61176988,35.47186292],[139.61161992,35.47182156],[139.61144988,35.47183769],[139.61133423,35.4719102],[139.61102964,35.47212456],[139.61080859,35.47202369],[139.61003445,35.47167675],[139.60951333,35.47147036],[139.60938973,35.47142397],[139.60928,35.47137286],[139.6089475,35.47121313],[139.60892694,35.4712048],[139.60856445,35.47105841],[139.60852888,35.47104397],[139.60841944,35.4709998],[139.60833528,35.47096567],[139.60833333,35.47096486],[139.60830917,35.47095508],[139.60816778,35.47089813],[139.60807722,35.47086147],[139.60793805,35.47080536],[139.60785278,35.47077092],[139.60762445,35.47065064],[139.60720361,35.47045175],[139.60704195,35.47038564],[139.60700611,35.47036341],[139.60695861,35.47033369],[139.60691917,35.47025841],[139.60691139,35.47019259],[139.60692361,35.47013231],[139.60717669,35.46975417],[139.60696336,35.46962178],[139.6068708,35.46952092],[139.60684511,35.46938959],[139.60674248,35.46898564],[139.60637472,35.46904075],[139.60626934,35.46903547],[139.60612859,35.4689262],[139.60557608,35.46853731],[139.60546859,35.46848564],[139.60536331,35.4684462],[139.60532275,35.46843092],[139.60520664,35.46837841],[139.60502469,35.46827869],[139.6049747,35.46824564],[139.60459747,35.46799675],[139.60454803,35.46796397],[139.60453442,35.4679462],[139.60453497,35.46792675],[139.60455136,35.46788341],[139.60457302,35.46784731],[139.60460969,35.46779341],[139.60469248,35.46766953],[139.60475803,35.46757675],[139.60480525,35.4675112],[139.60485386,35.46743787],[139.6048983,35.46736703],[139.60494747,35.46728731],[139.60496664,35.46722786],[139.60497608,35.46715147],[139.60498442,35.46703369],[139.60498581,35.46701341],[139.60498581,35.46697731],[139.6049263,35.46692986],[139.60479136,35.46681111],[139.60465258,35.46668503],[139.60465997,35.46666703],[139.60466012,35.46666667],[139.60470012,35.46656944],[139.60471297,35.46646753],[139.60469883,35.46630153],[139.60469367,35.4662248],[139.60466542,35.46612289],[139.60476523,35.46594887],[139.60478494,35.46587175],[139.60478883,35.46584259],[139.60480856,35.46569759],[139.60490189,35.46557967],[139.60498927,35.46523186],[139.6050492,35.46510964],[139.60515633,35.46501122],[139.60522961,35.46488408],[139.60528956,35.464739],[139.60530827,35.46457675],[139.605368,35.46444564],[139.60539925,35.46420953],[139.60540694,35.464054],[139.60548411,35.46392703],[139.60551365,35.46381759],[139.60552392,35.46366839],[139.60549949,35.4635465],[139.60548791,35.4634288],[139.60547891,35.46334686],[139.60546864,35.46323022],[139.60545195,35.46304422],[139.60544423,35.46281097],[139.60543803,35.46241984],[139.60542297,35.46228897],[139.60540158,35.46199425],[139.60540881,35.4619048],[139.60542519,35.46183536],[139.60544547,35.46172536],[139.60545158,35.46168036],[139.6054563,35.46152703],[139.60552645,35.46101628],[139.60556114,35.46078617],[139.60559455,35.46062433],[139.60569611,35.46041839],[139.60576292,35.46021977],[139.60589917,35.45988775],[139.6059827,35.45969861],[139.60607908,35.45941913],[139.60638756,35.45949686],[139.60662789,35.45945272],[139.60642484,35.45916064],[139.60622558,35.45883595],[139.60635733,35.45878933],[139.60626377,35.45865567],[139.60618083,35.45863947],[139.60603445,35.45833372],[139.60603428,35.45833333],[139.60599859,35.4582588],[139.60605336,35.458216],[139.60600453,35.45805103],[139.60592355,35.45779359],[139.60604822,35.45776205],[139.60578603,35.45716836],[139.60588326,35.45711941],[139.60578211,35.456809],[139.60572175,35.45668289],[139.60551995,35.45628467],[139.60563822,35.45623947],[139.60554056,35.45606295],[139.60595311,35.45590636],[139.60560477,35.455526],[139.60512022,35.45503951],[139.60515365,35.45501531],[139.60538241,35.45483877],[139.60524489,35.45473161],[139.60551608,35.45459186],[139.60526547,35.45433336],[139.60520949,35.45427331],[139.60535209,35.45419928],[139.60546597,35.45407278],[139.60554564,35.4539908],[139.60576014,35.45380317],[139.60577458,35.45379205],[139.6059685,35.45363039],[139.60610558,35.453572],[139.6062825,35.45353761],[139.60654876,35.45354567],[139.60677564,35.45356103],[139.60692345,35.45355895],[139.60697872,35.45350428],[139.60713764,35.45341928],[139.60733292,35.45333039],[139.60753986,35.45323844],[139.60779569,35.45313817],[139.60792041,35.45308567],[139.60793625,35.45307539],[139.60799514,35.45303678],[139.60801236,35.45299095],[139.60799236,35.45295928],[139.60794903,35.45293067],[139.60742319,35.45263484],[139.60679431,35.45228456],[139.60631817,35.45199233],[139.60625789,35.45196095],[139.60611151,35.45190344],[139.60591317,35.45181151],[139.60521205,35.45144984],[139.60488733,35.45125761],[139.60455086,35.45100447],[139.60468317,35.450654],[139.60475263,35.45049169],[139.60483167,35.45036167],[139.60490817,35.45006928],[139.60493625,35.45000039],[139.60493639,35.45],[139.60494927,35.44996841],[139.605024,35.44988808],[139.60476678,35.4497698],[139.60475153,35.44965292],[139.60464153,35.44962269],[139.60455728,35.44971305],[139.60408811,35.4496878],[139.60397481,35.44938833],[139.60382042,35.44940967],[139.60354834,35.44898489],[139.60384786,35.44885653],[139.60398533,35.4485982],[139.60403545,35.44843111],[139.60405859,35.44833656],[139.60401231,35.44788367],[139.60403031,35.44768611],[139.60401361,35.44755056],[139.60399222,35.44739987],[139.60405475,35.44726261],[139.60408558,35.44706825],[139.60395939,35.44678208],[139.60401202,35.4466465],[139.60406953,35.44651456],[139.60413258,35.44637095],[139.60417811,35.44626231],[139.60418367,35.44607872],[139.604187,35.44605622],[139.60411256,35.44599123],[139.60385805,35.44587667],[139.60365372,35.44583151],[139.60350141,35.4457892],[139.60325964,35.44573589],[139.60317944,35.44571169],[139.60312645,35.44563761],[139.60316144,35.44540908],[139.60316403,35.44522311],[139.60319228,35.44508705],[139.60324949,35.44489178],[139.60333866,35.44469677],[139.60348228,35.44434928],[139.60362061,35.44419789],[139.60365895,35.44417095],[139.60370728,35.44413677],[139.60373311,35.44411872],[139.60376728,35.44409456],[139.60391367,35.44397122],[139.60405839,35.44383484],[139.60406616,35.44382761],[139.60408394,35.44380705],[139.60410506,35.44378233],[139.60420672,35.443664],[139.60439645,35.44346872],[139.60448477,35.44341928],[139.60451616,35.4434015],[139.60457228,35.44338261],[139.60465394,35.44335539],[139.60480338,35.44329844],[139.60496728,35.44324372],[139.60524589,35.4432065],[139.60552728,35.443129],[139.60575423,35.44309456],[139.60597255,35.44308872],[139.60623192,35.44309423],[139.60630856,35.44309625],[139.60655686,35.44312061],[139.60719423,35.44319789],[139.60737338,35.44321178],[139.607521,35.44322875],[139.60778834,35.44321403],[139.60821119,35.44312997],[139.60833333,35.44310472],[139.60833506,35.44310436],[139.60850866,35.44306844],[139.60877034,35.44307595],[139.609002,35.44312095],[139.60905866,35.44313428],[139.609337,35.44319956],[139.60948005,35.44322372],[139.609607,35.443234],[139.60984672,35.44321789],[139.60992367,35.44319623],[139.61004783,35.4431615],[139.61017889,35.44311839],[139.61054922,35.44291177],[139.61128949,35.44262789],[139.61141672,35.44258733],[139.61148117,35.44256733],[139.61152144,35.44257539],[139.61153756,35.44263372],[139.61153144,35.44271011],[139.61155562,35.44280678],[139.611592,35.4428665],[139.611602,35.44288317],[139.61167144,35.44295123],[139.61167506,35.44295456],[139.61170228,35.442974],[139.611742,35.44300205],[139.61174756,35.44300595],[139.61185506,35.44308205],[139.61220645,35.443224],[139.61243645,35.44332151],[139.61249144,35.44334456],[139.61256117,35.44337428],[139.61264728,35.44341067],[139.61276311,35.44348205],[139.61288591,35.44354039],[139.61291508,35.44354511],[139.61296759,35.44355317],[139.61298842,35.4435565],[139.61302536,35.44355789],[139.61308815,35.44356011],[139.61334231,35.44356761],[139.61352175,35.44361233],[139.61364897,35.44366456],[139.61383591,35.44386623],[139.61400036,35.44410539],[139.61407815,35.44416733],[139.61408536,35.44417317],[139.61412953,35.44418984],[139.61417508,35.44420677],[139.61421536,35.44422067],[139.61436953,35.444274],[139.61467591,35.44431122],[139.61484119,35.44432622],[139.61492981,35.44429817],[139.6149573,35.44428122],[139.61502453,35.44423956],[139.61505397,35.44421289],[139.61517953,35.44409872],[139.61519925,35.4440765],[139.61534842,35.44390789],[139.61539283,35.44385897],[139.61549175,35.44374984],[139.61558647,35.44366956],[139.61569925,35.44361317],[139.61583453,35.44354205],[139.6162298,35.44342428],[139.61626064,35.44341511],[139.61632759,35.44340039],[139.6163837,35.44338789],[139.61644148,35.44337539],[139.61666667,35.44332572],[139.61666842,35.44332533],[139.61676898,35.44330317],[139.61696925,35.44325095],[139.61714258,35.44320595],[139.61769591,35.44304205],[139.61772584,35.44303347],[139.61826058,35.44292611],[139.6185883,35.44280844],[139.61885667,35.442672],[139.61903886,35.44255172],[139.61934927,35.44237461],[139.61955608,35.44228831],[139.61977202,35.44218005],[139.61996992,35.44210114],[139.62024545,35.44204484],[139.62070511,35.44196989],[139.6212102,35.44190584],[139.62151995,35.44184592],[139.62170117,35.44209075],[139.62174786,35.44226511],[139.62178953,35.44250567],[139.62185786,35.44259095],[139.62187815,35.44261595],[139.62195231,35.44270817],[139.62224036,35.44267067],[139.62232647,35.44270123],[139.62238341,35.44288677],[139.62263674,35.44291344],[139.622708,35.4430218],[139.62280095,35.44301241],[139.62315102,35.44290392],[139.62333761,35.44283156],[139.6232437,35.44262456],[139.62354267,35.44255428],[139.62381092,35.44250705],[139.62398425,35.44249789],[139.62430328,35.44273878],[139.624461,35.44287089],[139.62468988,35.44301556],[139.62468606,35.44317756],[139.6248115,35.44324789],[139.62482511,35.44327539],[139.62490956,35.44344372],[139.625,35.44350541],[139.62500178,35.44350664],[139.62500567,35.44350928],[139.62503036,35.44372797],[139.62516433,35.44383351],[139.62540161,35.44374211],[139.62544567,35.44366741],[139.62556319,35.44362731],[139.62575287,35.44407411],[139.62594623,35.44452213],[139.62610752,35.4449068],[139.62618328,35.44505541],[139.62644703,35.44509839],[139.62659856,35.44538469],[139.62681481,35.44583197],[139.62658083,35.44624375],[139.62662263,35.44635317],[139.62673263,35.44681789],[139.62691625,35.44748567],[139.62689514,35.44754595],[139.62688209,35.44758261],[139.62683486,35.44771789],[139.62679319,35.44781761],[139.62675486,35.447909],[139.62669124,35.44806095],[139.62668597,35.44807344],[139.6266818,35.44808317],[139.62660986,35.44830677],[139.62656017,35.44846067],[139.62645406,35.44875872],[139.62639711,35.44884956],[139.62617988,35.44900733],[139.62627516,35.44912789],[139.62646294,35.44916095],[139.62663934,35.44919205],[139.62673433,35.44920872],[139.62688628,35.44902039],[139.62712211,35.44859817],[139.62720934,35.44837484],[139.62748597,35.4485162],[139.62749959,35.44862761],[139.62750209,35.44887877],[139.62763163,35.4490132],[139.62763684,35.44908167],[139.627787,35.44908233],[139.62785883,35.44902967],[139.62793039,35.44900439],[139.628087,35.44901717],[139.62811983,35.44905905],[139.6281685,35.44926969],[139.62821975,35.44940953],[139.62805581,35.44944895],[139.62802233,35.44951172],[139.62799119,35.4496148],[139.62795917,35.44980036],[139.62805717,35.45],[139.62805737,35.45000039],[139.62808489,35.4500565],[139.62811905,35.45021789],[139.62810822,35.45033317],[139.62807128,35.45050511],[139.62805934,35.45055675],[139.62804073,35.45063759],[139.62800224,35.45081647],[139.62812886,35.45097617],[139.62821572,35.45115147],[139.62833713,35.45157841],[139.62834798,35.45169008],[139.6283563,35.45177536],[139.62840808,35.45205141],[139.62841519,35.45208897],[139.62845241,35.45210814],[139.62847881,35.45212147],[139.62864908,35.45220841],[139.62873326,35.45225147],[139.62878241,35.45227647],[139.62900409,35.45240036],[139.62913686,35.45245092],[139.62913798,35.45245147],[139.6290663,35.45255036],[139.6286638,35.45310536],[139.62852825,35.45327925],[139.6281538,35.45375925],[139.62781409,35.45421786],[139.62780019,35.45424064],[139.6277563,35.45431231],[139.62772047,35.45437092],[139.62777852,35.45441397],[139.62791825,35.45451786],[139.62792353,35.45452203],[139.62801131,35.45458731],[139.62801852,35.45459259],[139.62805185,35.45461731],[139.62823272,35.45483647],[139.62828995,35.45490592],[139.628328,35.45495564],[139.62834355,35.45496897],[139.62836189,35.45498425],[139.62840022,35.45498425],[139.62846467,35.45498231],[139.62870661,35.45483814],[139.62877633,35.45472675],[139.62884995,35.45460869],[139.62913102,35.45433508],[139.62947158,35.45429453],[139.62972105,35.45441287],[139.62981161,35.45445592],[139.62999022,35.45454064],[139.63019577,35.45465008],[139.63038966,35.45475313],[139.63052577,35.45459175],[139.63092494,35.4541112],[139.6312727,35.45367925],[139.63149241,35.4534062],[139.63202158,35.45280813],[139.63255436,35.45226425],[139.63279547,35.45228314],[139.63280409,35.45228369],[139.63298798,35.45229813],[139.63319881,35.45234759],[139.63329881,35.45240064],[139.63333333,35.45244569],[139.63333519,35.45244813],[139.63339603,35.45252759],[139.63350633,35.45292675],[139.6336255,35.45321536],[139.63388911,35.45366536],[139.63412689,35.45393731],[139.63445827,35.45428564],[139.63523272,35.45514036],[139.63551169,35.45543258],[139.63506333,35.45550131],[139.63505564,35.45556164],[139.63505167,35.45556605],[139.63514425,35.45577939],[139.63513545,35.45581336],[139.63514078,35.4558162],[139.63674891,35.45667359],[139.63807141,35.45737884],[139.63807409,35.45738028],[139.63806244,35.45740586],[139.63809514,35.45741869],[139.63802789,35.45757344],[139.63799747,35.45766228],[139.63796925,35.45776023],[139.63794189,35.45787575],[139.63792278,35.4579845],[139.6379098,35.45810411],[139.63790538,35.45820341],[139.63790134,35.45829114],[139.6382735,35.458282],[139.6383291,35.45820375],[139.63832538,35.45814389],[139.63831319,35.45813477],[139.63831278,35.45812069],[139.63832484,35.45810936],[139.63832367,35.45808439],[139.63831092,35.4580752],[139.63831105,35.45805951],[139.63832287,35.45805178],[139.63832224,35.45803536],[139.63816272,35.458036],[139.63816297,35.4580252],[139.63820263,35.45802436],[139.63820075,35.45797631],[139.63816056,35.45797605],[139.63816036,35.45796405],[139.63879664,35.45794951],[139.63879706,35.45796151],[139.63875584,35.45796313],[139.63875869,35.4580112],[139.63879988,35.45801161],[139.63879997,35.4580218],[139.63837944,35.45803275],[139.63838228,35.45808377],[139.63839536,35.45809514],[139.63839567,35.45810795],[139.63838331,35.45811775],[139.63838514,35.45813851],[139.63844642,35.45817059],[139.6384725,35.45813844],[139.63848988,35.45814678],[139.63846403,35.45817892],[139.63853014,35.45821787],[139.63856205,35.45818133],[139.63857888,35.45819072],[139.63855151,35.45822747],[139.63860275,35.4582572],[139.63854338,35.45833333],[139.63854309,35.45833369],[139.63849489,35.45839547],[139.63851506,35.45840597],[139.63853151,35.45840159],[139.63854514,35.45840817],[139.63854883,35.45842575],[139.63857591,35.45843753],[139.63859442,35.45843413],[139.63860674,35.45844072],[139.63861014,35.45845469],[139.63867737,35.45849005],[139.63937667,35.45847613],[139.63937708,35.45848703],[139.63933652,35.45848825],[139.63933895,35.45853828],[139.63937939,35.45853725],[139.63937944,35.45854941],[139.63852336,35.45856895],[139.63852287,35.45855617],[139.63856316,35.45855522],[139.63856022,35.45850456],[139.63851888,35.45850631],[139.63851815,35.45849486],[139.63857136,35.45849278],[139.63855134,35.45848247],[139.63853536,35.45848831],[139.63852205,35.45848089],[139.63851669,35.45846431],[139.63840739,35.45840959],[139.63838275,35.45844208],[139.63836436,35.45843267],[139.63838791,35.45840144],[139.63831947,35.45836536],[139.63829294,35.45839586],[139.63827667,35.45838728],[139.63830053,35.45835641],[139.63828173,35.45834547],[139.6379038,35.45835423],[139.63790817,35.45838056],[139.63845767,35.45867405],[139.63846484,35.45868064],[139.63846956,35.45868695],[139.6384735,35.45869633],[139.63847477,35.45870589],[139.63847355,35.45871508],[139.63847056,35.45872264],[139.63846725,35.45872814],[139.63846017,35.45873553],[139.63845477,35.45873959],[139.63844584,35.45874417],[139.63843645,35.45874711],[139.63843051,35.458748],[139.638392,35.45882203],[139.63835567,35.4588958],[139.63832834,35.45895425],[139.6382973,35.45902325],[139.63829686,35.45902405],[139.63826639,35.45909631],[139.63824056,35.45916053],[139.63821717,35.4592218],[139.63819112,35.45929405],[139.63817148,35.4593518],[139.63814783,35.45942567],[139.63813061,35.45948297],[139.63811306,35.45954541],[139.63809803,35.45960228],[139.63808034,35.45967436],[139.63804316,35.45988169],[139.63802414,35.4599965],[139.63800261,35.46016036],[139.63799209,35.46031664],[139.63798811,35.46046067],[139.63798811,35.46058787],[139.63799151,35.46068944],[139.63799895,35.46084587],[139.63801497,35.46096884],[139.63803128,35.4611012],[139.63804866,35.46119731],[139.63808756,35.46138523],[139.63813089,35.46155225],[139.63817528,35.46169878],[139.63823503,35.46186897],[139.63827039,35.46195341],[139.63826781,35.46197972],[139.63824475,35.46199536],[139.63821608,35.4619992],[139.63812905,35.461997],[139.638158,35.46206661],[139.63830042,35.46206811],[139.63832516,35.46208122],[139.63833672,35.46209486],[139.63835822,35.4621322],[139.63840713,35.46223603],[139.63844694,35.46231686],[139.6384827,35.46238425],[139.63851944,35.46245067],[139.6385573,35.46251508],[139.63859659,35.4625842],[139.63863698,35.46264897],[139.63867713,35.46270989],[139.63873017,35.46278489],[139.63876239,35.46277097],[139.63880837,35.46284839],[139.63872128,35.46304708],[139.63873745,35.46305972],[139.6386082,35.46334328],[139.63856986,35.46342769],[139.6384962,35.46358944],[139.63848144,35.46358439],[139.63838786,35.46378397],[139.63801228,35.46378347],[139.63790397,35.46378331],[139.63501241,35.46377967],[139.63475747,35.46377933],[139.63475661,35.46359228],[139.63444189,35.46301867],[139.63365872,35.46302331],[139.63355411,35.46313239],[139.6337575,35.46348911],[139.63378114,35.46353059],[139.63411256,35.46411177],[139.63391839,35.46416625],[139.63343805,35.46429823],[139.63333531,35.46432795],[139.63333333,35.4643285],[139.63314859,35.46438195],[139.63293995,35.46449741],[139.63293795,35.46449853],[139.63333333,35.46484767],[139.63347451,35.46497233],[139.63333531,35.46515208],[139.63333333,35.46515461],[139.63330975,35.46518508],[139.6330492,35.46565203],[139.63299475,35.46580536],[139.63284141,35.46610813],[139.63260891,35.46655869],[139.63255562,35.46666667],[139.63255545,35.46666703],[139.63252197,35.4667348],[139.63237448,35.46691953],[139.63218698,35.46709508],[139.63181864,35.46717703],[139.63177336,35.46718703],[139.63147336,35.46717064],[139.63113224,35.46709647],[139.63065031,35.46691786],[139.63000586,35.46667036],[139.62999789,35.46666703],[139.62999706,35.46666667],[139.62937475,35.4664062],[139.62857752,35.46603786],[139.62842224,35.4659662],[139.62798669,35.4657762],[139.62772861,35.46572397],[139.62753611,35.4656848],[139.6273425,35.46567536],[139.6271825,35.46566787],[139.62703944,35.46567759],[139.62692973,35.46570759],[139.62671584,35.46578897],[139.62657083,35.46585536],[139.62632944,35.46598675],[139.62622167,35.46605064],[139.62595195,35.46621092],[139.62542197,35.46657008],[139.62527708,35.46666667],[139.62527655,35.46666703],[139.62503031,35.4668312],[139.62500197,35.46685005]]]},"properties":{"N03_001":"神奈川県","N03_002":null,"N03_003":null,"N03_004":"横浜市","N03_005":"西区","N03_007":"14103"}},{"type":"Feature","geometry":{"type":"Polygon","coordinates":[[[139.65819713,35.55799195],[139.65833333,35.55791859],[139.65833603,35.55791713],[139.65840908,35.55787778],[139.6585038,35.55782695],[139.6585927,35.55777889],[139.6586038,35.55777305],[139.65865353,35.5577175],[139.65875047,35.55760972],[139.65882825,35.55752278],[139.65898992,35.55734028],[139.65912547,35.55716833],[139.65914852,35.55698472],[139.65916214,35.55687695],[139.65936881,35.55687167],[139.65956686,35.55687695],[139.65962908,35.55689556],[139.65972575,35.55692389],[139.65984825,35.55696],[139.66032075,35.55710833],[139.66046881,35.55715472],[139.66056297,35.55718417],[139.66062492,35.55720333],[139.66132436,35.55741861],[139.66154881,35.55744472],[139.66171713,35.55747195],[139.66196603,35.5575125],[139.66206297,35.55755667],[139.6622538,35.55764389],[139.66269825,35.55784636],[139.66289881,35.55792997],[139.66300326,35.55797359],[139.66334353,35.5581158],[139.6634038,35.55814108],[139.66345992,35.55816441],[139.66354047,35.55807859],[139.66368575,35.55792331],[139.66376769,35.55783608],[139.6638063,35.5576008],[139.66381992,35.55751913],[139.66384103,35.55738997],[139.66400798,35.55691053],[139.66411686,35.55638136],[139.66412798,35.5563272],[139.66417659,35.55618553],[139.66419047,35.55614469],[139.66417881,35.55603469],[139.66416436,35.55589969],[139.66403936,35.55571747],[139.66395519,35.55557803],[139.66397075,35.55542692],[139.66401769,35.55522886],[139.6640438,35.55510914],[139.66404908,35.55446831],[139.66408183,35.55392359],[139.66406628,35.55327775],[139.66407684,35.5529808],[139.66417073,35.55255859],[139.66444684,35.55258997],[139.66493183,35.55262636],[139.66546905,35.55258997],[139.66642655,35.55262636],[139.66666667,35.55261575],[139.66666934,35.55261561],[139.66747992,35.55257969],[139.66750158,35.55258025],[139.66797241,35.5525908],[139.66836881,35.55258025],[139.66912261,35.55255259],[139.66862881,35.55418831],[139.66857158,35.55444387],[139.66847769,35.55476692],[139.66835241,35.55531387],[139.66788914,35.55697984],[139.66745438,35.55833333],[139.66745431,35.55833359],[139.66742772,35.55841636],[139.66735438,35.55862469],[139.66726078,35.55876025],[139.66719272,35.5590572],[139.66707217,35.55984247],[139.66698606,35.56016108],[139.66698355,35.56017053],[139.66695689,35.56037053],[139.66693577,35.56052997],[139.6669155,35.56068108],[139.66689995,35.56100941],[139.66697438,35.56113803],[139.66706969,35.56130192],[139.66719219,35.56151303],[139.66718525,35.56158553],[139.66716997,35.56174664],[139.6671683,35.56176247],[139.66715053,35.56195025],[139.66731219,35.56193053],[139.66756219,35.56190025],[139.66779219,35.5618722],[139.66790163,35.56184608],[139.6681708,35.56175553],[139.66831691,35.56164108],[139.66841608,35.56152664],[139.66851497,35.56144331],[139.66878608,35.56134413],[139.66901025,35.56125859],[139.66907414,35.56123441],[139.66918248,35.56119303],[139.66940136,35.56123608],[139.6696883,35.5612922],[139.67006914,35.56136497],[139.67011192,35.56124441],[139.67013859,35.56116969],[139.67025747,35.56083553],[139.6705808,35.56007441],[139.67047914,35.55999413],[139.67040776,35.55993803],[139.67033414,35.55987997],[139.67030969,35.5598608],[139.6705808,35.55947025],[139.67100328,35.55889192],[139.67122244,35.5586208],[139.67136056,35.55833359],[139.6713607,35.55833333],[139.67140717,35.55823664],[139.67157105,35.55799997],[139.6716991,35.55781469],[139.67187662,35.55755941],[139.67196244,35.55731803],[139.67201744,35.55716331],[139.67223078,35.55716692],[139.67251355,35.55717136],[139.67266411,35.55717387],[139.67283105,35.55716636],[139.67297244,35.55716025],[139.67304022,35.55684747],[139.67311328,35.55662859],[139.6731655,35.55651414],[139.67324355,35.55631914],[139.67328022,35.55622775],[139.67337939,35.5560608],[139.67357217,35.5558472],[139.67366244,35.55567747],[139.6737355,35.55550025],[139.67383467,35.55536997],[139.67409022,35.55520831],[139.67493523,35.55478636],[139.675,35.55475497],[139.67500272,35.55475367],[139.67560244,35.55446331],[139.67572828,35.55442497],[139.67633022,35.55424247],[139.67777022,35.55412441],[139.67806772,35.55416608],[139.678393,35.55425608],[139.67882244,35.55436247],[139.67889606,35.5543808],[139.67902384,35.55441247],[139.67925355,35.55450108],[139.67941272,35.55460441],[139.67945995,35.55463525],[139.67968633,35.55478247],[139.68009328,35.55471997],[139.68015051,35.55482941],[139.68025633,35.55491692],[139.68036633,35.55500803],[139.68046217,35.5550872],[139.68053772,35.55514941],[139.680538,35.55514969],[139.68066523,35.55525497],[139.68067939,35.55526664],[139.68084189,35.55540136],[139.68095134,35.55549192],[139.6810455,35.55556941],[139.68108192,35.55559941],[139.68108914,35.55560553],[139.68110192,35.55580331],[139.68110525,35.55585275],[139.68110859,35.55590608],[139.68111248,35.5559658],[139.68115414,35.55603886],[139.68124803,35.5561222],[139.68175414,35.55652859],[139.6819808,35.55668359],[139.6823508,35.55693692],[139.68251776,35.55704303],[139.68258358,35.55708497],[139.68265358,35.55712941],[139.68301331,35.55735856],[139.6833208,35.55720244],[139.68333333,35.55720495],[139.68333608,35.55720547],[139.68342581,35.55722328],[139.68368608,35.55727522],[139.68382163,35.55734828],[139.68382997,35.55735661],[139.68396331,35.55749161],[139.6843083,35.55784051],[139.68465747,35.55820523],[139.68468886,35.55826744],[139.6846982,35.55833333],[139.68469822,35.55833356],[139.68470442,35.55837689],[139.68466803,35.55847605],[139.68462248,35.55852605],[139.68439302,35.55861939],[139.68436664,35.55863023],[139.68366776,35.558943],[139.68333611,35.55907495],[139.68333333,35.55907605],[139.68326139,35.55910467],[139.68291333,35.55924217],[139.68276056,35.55930244],[139.68260222,35.55936633],[139.68224416,35.55951108],[139.68201472,35.55958914],[139.68186861,35.5596622],[139.68163389,35.55981859],[139.68154278,35.55993636],[139.6814275,35.56008553],[139.68128222,35.56033275],[139.68115639,35.56062331],[139.68115112,35.56071247],[139.68115056,35.56071941],[139.68113667,35.56094887],[139.68114195,35.56139859],[139.6811425,35.56143747],[139.68081722,35.56162192],[139.68028472,35.56196775],[139.67985056,35.56224997],[139.6791825,35.56269747],[139.67878973,35.56298775],[139.67856555,35.56321469],[139.67823195,35.56355303],[139.67769555,35.5642408],[139.67709837,35.56504164],[139.67659531,35.56577941],[139.67640669,35.56603831],[139.6762653,35.56631331],[139.67609455,35.56666667],[139.67609445,35.56666692],[139.67598947,35.56688414],[139.67554947,35.56797525],[139.67503058,35.56935636],[139.6750028,35.56942717],[139.675,35.56943433],[139.67491725,35.56964525],[139.67466613,35.57028497],[139.6743228,35.57124914],[139.67399949,35.5720622],[139.67339172,35.57344053],[139.67271942,35.575],[139.67271934,35.57500025],[139.67249672,35.57551664],[139.67208922,35.57650247],[139.67166645,35.57752886],[139.6713945,35.57819164],[139.67125895,35.57852164],[139.671037,35.57925025],[139.67101311,35.57936303],[139.67090117,35.57989275],[139.67081533,35.58044997],[139.67069778,35.58080631],[139.67059589,35.58111525],[139.67054445,35.58127108],[139.67052811,35.58132053],[139.67013477,35.58261303],[139.66985822,35.58333333],[139.66985811,35.58333359],[139.66952367,35.58420467],[139.66930922,35.58471884],[139.66917338,35.58494744],[139.66905616,35.58510967],[139.66887008,35.58536689],[139.66870869,35.58559022],[139.66853008,35.58579022],[139.66811536,35.58621856],[139.66775064,35.58658022],[139.66754287,35.58689161],[139.66748092,35.58697689],[139.66742647,35.58703577],[139.66729092,35.58718217],[139.66706481,35.58738467],[139.6670098,35.58743411],[139.66666953,35.58773959],[139.66666667,35.58774213],[139.66608925,35.58826051],[139.66527397,35.58893384],[139.66464423,35.589418],[139.66449283,35.58952244],[139.66441394,35.589568],[139.66414423,35.58968605],[139.66380144,35.58980553],[139.66357172,35.58985387],[139.66332978,35.58986608],[139.66222283,35.58985025],[139.66090089,35.58974387],[139.65990311,35.58967469],[139.65987034,35.58950747],[139.65926339,35.58946636],[139.65879533,35.58943441],[139.6587445,35.58948553],[139.65871506,35.58957914],[139.6587045,35.58961275],[139.65864256,35.5897872],[139.65833616,35.58976867],[139.65833333,35.58976851],[139.65783423,35.58973831],[139.65776728,35.58973441],[139.65757922,35.58972303],[139.65727783,35.58970469],[139.6572045,35.58969887],[139.65700506,35.58968331],[139.65697506,35.58968386],[139.656837,35.58968608],[139.65646255,35.58971303],[139.65629061,35.58972831],[139.65609364,35.58977636],[139.65600891,35.5897972],[139.65549642,35.58997692],[139.65533975,35.59004331],[139.65522891,35.59009414],[139.65513864,35.59014636],[139.65450253,35.59046108],[139.6542917,35.59056859],[139.65323864,35.59116553],[139.65252781,35.59150386],[139.65218575,35.59166667],[139.65218523,35.59166692],[139.65170197,35.59189692],[139.65105114,35.59223441],[139.65072031,35.59241664],[139.65055253,35.5925122],[139.65043253,35.59258414],[139.65035114,35.5926608],[139.65021336,35.59280747],[139.65011365,35.59291359],[139.6500028,35.59307725],[139.65,35.59308139],[139.64979837,35.59337913],[139.64975698,35.59345136],[139.64941253,35.59405441],[139.64919642,35.5944172],[139.64911503,35.59455359],[139.64892309,35.59487553],[139.64885031,35.59496941],[139.64876503,35.59504053],[139.64834975,35.59527859],[139.64778669,35.59555525],[139.64691947,35.59596664],[139.64669922,35.59611295],[139.64634837,35.5963458],[139.6462617,35.59640359],[139.64574613,35.59669275],[139.64574336,35.59669413],[139.6442692,35.59755664],[139.64375253,35.59785886],[139.64324392,35.59815636],[139.64322586,35.59812441],[139.64305309,35.59781608],[139.64290586,35.59755359],[139.64222947,35.59634692],[139.64221614,35.59632303],[139.64200336,35.59594969],[139.64188222,35.59573664],[139.64181778,35.59553497],[139.64174917,35.59542803],[139.64166944,35.59535397],[139.64166667,35.59535139],[139.64133167,35.59504025],[139.64098639,35.5948408],[139.64082333,35.59472441],[139.64063333,35.59449941],[139.64026778,35.59404775],[139.64015139,35.59391303],[139.64008639,35.59386831],[139.63996416,35.59378386],[139.63991445,35.59374969],[139.63980944,35.5936772],[139.63980528,35.59367469],[139.63959834,35.59354136],[139.63905584,35.5931922],[139.63890416,35.59311136],[139.63843056,35.59285941],[139.63829861,35.59278913],[139.63816778,35.59271969],[139.63809639,35.59269664],[139.63799083,35.59266275],[139.63786222,35.59262164],[139.63775333,35.59260887],[139.63765306,35.59261553],[139.63758917,35.59261553],[139.63758584,35.59261747],[139.63750472,35.59266275],[139.63745167,35.59269247],[139.63738501,35.59274775],[139.63717667,35.59292025],[139.63707333,35.59296775],[139.63705083,35.59297803],[139.63672361,35.59312831],[139.63539889,35.59384525],[139.63505944,35.59402886],[139.63496528,35.59409192],[139.63491861,35.59412303],[139.63471584,35.59427247],[139.63464584,35.59437859],[139.63447639,35.59464414],[139.63401389,35.59528441],[139.63388973,35.59543747],[139.63380584,35.59541441],[139.63370112,35.5953858],[139.63352027,35.59533664],[139.63333611,35.59528623],[139.63333333,35.59528547],[139.63303302,35.59520359],[139.63295414,35.59518192],[139.63276386,35.59512997],[139.63271053,35.59511859],[139.63269163,35.59511469],[139.63233358,35.59503886],[139.63231331,35.59503469],[139.63218358,35.59497914],[139.63215747,35.59496775],[139.63208969,35.59493887],[139.63195414,35.59488608],[139.63195109,35.59488469],[139.6319508,35.59488469],[139.63189275,35.59487164],[139.63184691,35.59486831],[139.63181302,35.59486831],[139.63177997,35.59487275],[139.63175275,35.59487831],[139.63171886,35.59489247],[139.63168053,35.59493414],[139.63153386,35.59513164],[139.63132358,35.59533025],[139.63090691,35.59563886],[139.63060886,35.59581969],[139.63053886,35.59582497],[139.6304283,35.5958008],[139.63033664,35.59576053],[139.63022358,35.59567164],[139.63009331,35.59553553],[139.6300572,35.59552913],[139.63001275,35.59552692],[139.62997886,35.59553747],[139.62994914,35.59558831],[139.62985581,35.59573664],[139.62980497,35.59577247],[139.62976886,35.59579803],[139.62971859,35.59581941],[139.62965025,35.59584887],[139.62956969,35.5958722],[139.62948914,35.59588275],[139.62942581,35.59587859],[139.62938553,35.59585747],[139.62935358,35.5958172],[139.62933025,35.59576636],[139.62930275,35.5956858],[139.62925803,35.59557803],[139.62916302,35.59545387],[139.62905497,35.5953458],[139.62902636,35.5953172],[139.62896275,35.59524164],[139.62893109,35.59517108],[139.62892358,35.59511497],[139.62893192,35.59506497],[139.62896525,35.59502053],[139.62898747,35.59498053],[139.62900053,35.59493192],[139.62900497,35.59487441],[139.62898914,35.59481831],[139.62894497,35.59475608],[139.62884581,35.59467247],[139.62879275,35.5946372],[139.62871025,35.59461941],[139.62854497,35.59460192],[139.62834163,35.5945958],[139.6277872,35.59461775],[139.62763302,35.59461136],[139.62759136,35.59460969],[139.62743803,35.59460331],[139.62736608,35.59460025],[139.62728248,35.59459692],[139.62704942,35.59457164],[139.62701192,35.59456747],[139.62700136,35.59456608],[139.6267708,35.59453775],[139.62670414,35.59451803],[139.62667664,35.59449608],[139.6266547,35.59447164],[139.62664664,35.59445859],[139.62664219,35.59445108],[139.62661803,35.59441136],[139.62660136,35.59435497],[139.62659469,35.5942622],[139.6266083,35.59419525],[139.6266247,35.59411303],[139.6267072,35.59392775],[139.62678747,35.5937472],[139.62682109,35.59366192],[139.62690358,35.59345192],[139.62698997,35.59324941],[139.62706664,35.59316192],[139.62722275,35.59302941],[139.62751163,35.59283025],[139.62767442,35.59271747],[139.62778803,35.59260387],[139.6279772,35.59233831],[139.62815691,35.59171387],[139.62792039,35.59166692],[139.62791908,35.59166667],[139.6279008,35.59166303],[139.62792689,35.59150136],[139.62794217,35.59140859],[139.62794883,35.59136747],[139.627968,35.5912472],[139.62799662,35.5910708],[139.62804078,35.59079608],[139.628043,35.59067414],[139.62805078,35.59027136],[139.62807661,35.58984914],[139.62810051,35.5894558],[139.62808411,35.58881887],[139.62822189,35.58874997],[139.62831911,35.58818164],[139.62800689,35.58833608],[139.62779189,35.58841859],[139.62774161,35.58843803],[139.62758161,35.58849941],[139.627538,35.58842608],[139.62749244,35.58835053],[139.62737577,35.5881558],[139.62729189,35.58801636],[139.62723939,35.58792887],[139.6272755,35.58782136],[139.62728384,35.58779692],[139.62731883,35.58760941],[139.62735523,35.58741387],[139.62737606,35.58735136],[139.62739689,35.58731275],[139.62743856,35.58729497],[139.62756051,35.58729497],[139.62786661,35.58730108],[139.62804217,35.58731887],[139.62810161,35.58731275],[139.62818355,35.58727803],[139.62827161,35.58724053],[139.62830717,35.58721359],[139.62833105,35.58716914],[139.62835494,35.58701164],[139.62835217,35.58668997],[139.62836078,35.58662275],[139.62837217,35.58658025],[139.62844717,35.58612525],[139.62846717,35.5858008],[139.62846272,35.58571387],[139.62845995,35.58566164],[139.62845745,35.58561859],[139.62844217,35.58532664],[139.62848051,35.58476136],[139.62848744,35.58465831],[139.62849328,35.58457387],[139.62945883,35.58457997],[139.62941995,35.58380247],[139.629418,35.58376553],[139.62941633,35.58373136],[139.62939639,35.58333359],[139.62939639,35.58333333],[139.62939409,35.58328469],[139.62939075,35.5832208],[139.62937436,35.58289192],[139.62936353,35.58231497],[139.62935326,35.58178275],[139.62934436,35.58131359],[139.6293327,35.58049359],[139.62930464,35.58031136],[139.62928436,35.58018025],[139.62929713,35.57957247],[139.62930908,35.57945275],[139.62933353,35.5792108],[139.62937603,35.57895136],[139.62939992,35.57880664],[139.62943603,35.57843303],[139.62945964,35.5783758],[139.62959297,35.57805331],[139.62975575,35.57780608],[139.62987659,35.57763108],[139.62999742,35.57746722],[139.63011881,35.57730222],[139.63019852,35.57722667],[139.63025936,35.57716944],[139.63034825,35.57708528],[139.63070436,35.57674167],[139.63120519,35.57635584],[139.63138019,35.576175],[139.63159742,35.57592167],[139.63166186,35.57585695],[139.63193131,35.57558667],[139.63219686,35.57515833],[139.63229669,35.57500028],[139.63229686,35.575],[139.63246878,35.57472777],[139.63248711,35.57469889],[139.63266156,35.57442305],[139.63293849,35.57399111],[139.63307322,35.57378084],[139.63333333,35.57327286],[139.633336,35.57326764],[139.63334489,35.57325028],[139.63348961,35.57299695],[139.63363462,35.57262917],[139.63369489,35.57242444],[139.63391849,35.57181695],[139.63400294,35.57163],[139.63419601,35.57149751],[139.63457628,35.57131639],[139.63501044,35.57119],[139.63533655,35.57107305],[139.63556572,35.57099084],[139.63583739,35.57091251],[139.63608489,35.57082833],[139.63642267,35.57068972],[139.63673128,35.57053556],[139.63694183,35.57043028],[139.63709878,35.57030972],[139.63727377,35.57015917],[139.63750711,35.56990777],[139.63768211,35.56977528],[139.63805377,35.56946611],[139.63808044,35.56944389],[139.63830961,35.56928111],[139.63866572,35.56894944],[139.63900545,35.56872167],[139.63948044,35.56842472],[139.6396435,35.56829833],[139.63974211,35.56812611],[139.63982044,35.56790305],[139.6398735,35.56768056],[139.639911,35.56752305],[139.639901,35.56738111],[139.63989905,35.56735417],[139.63989433,35.56732751],[139.63982044,35.56691444],[139.63980875,35.56666695],[139.63980872,35.56666667],[139.63980239,35.56652833],[139.63977822,35.56613639],[139.63969988,35.56557111],[139.63964017,35.56560917],[139.63955878,35.56566167],[139.63937988,35.56577611],[139.63922294,35.56590861],[139.63910934,35.56573167],[139.6389635,35.56550472],[139.63888017,35.56536],[139.63880044,35.56522167],[139.63860764,35.56500444],[139.63854542,35.56489084],[139.63850514,35.56481751],[139.63832403,35.56487805],[139.63792569,35.56513111],[139.6376118,35.56537222],[139.63743431,35.56555528],[139.63719263,35.56580251],[139.63687292,35.56614028],[139.63674014,35.56624889],[139.63667125,35.56619333],[139.63666348,35.56618695],[139.6366093,35.56614305],[139.63653236,35.56608084],[139.63632986,35.56591722],[139.63608847,35.56574223],[139.63591319,35.56568195],[139.63565986,35.56555528],[139.63534014,35.56531417],[139.63518348,35.56511695],[139.63504236,35.56493889],[139.63502236,35.56491389],[139.63498847,35.56487139],[139.63481097,35.56463277],[139.63469263,35.56447361],[139.63456597,35.56422639],[139.63452375,35.56406944],[139.63442097,35.563955],[139.63420375,35.56384639],[139.63405292,35.56373777],[139.63396236,35.56362333],[139.63390209,35.56350861],[139.63383514,35.56317417],[139.63374455,35.56284833],[139.63370844,35.56263139],[139.63366623,35.56251695],[139.63358789,35.56237805],[139.63354567,35.56223333],[139.63346122,35.56201056],[139.63339484,35.56176944],[139.63341789,35.56164584],[139.63337316,35.56151472],[139.63333594,35.56140592],[139.63333345,35.56139861],[139.63333594,35.56139861],[139.63348122,35.56139889],[139.63380594,35.56139917],[139.63414178,35.56139917],[139.63430872,35.56137611],[139.63459817,35.56133639],[139.63501012,35.56130972],[139.63522066,35.56126944],[139.63537289,35.56123],[139.63556538,35.56118],[139.63577594,35.56108139],[139.63594151,35.56099639],[139.63624428,35.56080695],[139.63632484,35.56071333],[139.63648178,35.56060584],[139.63661538,35.56052611],[139.63678178,35.56042695],[139.63705484,35.56027028],[139.63726538,35.56017195],[139.63737261,35.56010472],[139.63747678,35.56004277],[139.63762789,35.55995277],[139.63798623,35.55980944],[139.63829956,35.55960833],[139.63848316,35.55952805],[139.6386065,35.55944917],[139.63877205,35.55938584],[139.63887484,35.55934639],[139.639139,35.55931056],[139.63932708,35.55934639],[139.63944209,35.55931222],[139.63949319,35.55929695],[139.63986375,35.55918667],[139.64018458,35.55909111],[139.64031403,35.5590525],[139.64033625,35.55904584],[139.64048124,35.55900278],[139.64053486,35.55898695],[139.64063652,35.55895639],[139.64088986,35.55888111],[139.64126597,35.55884528],[139.64166667,35.5587688],[139.6416693,35.55876831],[139.64173903,35.558755],[139.6418293,35.55871695],[139.64197209,35.55865639],[139.64212791,35.55860528],[139.64229876,35.55854917],[139.6425582,35.55850444],[139.64270764,35.55844777],[139.64293431,35.55836139],[139.64315375,35.55833472],[139.64321083,35.55833361],[139.64322484,35.55833333],[139.64338209,35.55833028],[139.64341089,35.55833333],[139.64341345,35.55833361],[139.64343959,35.55833639],[139.64363292,35.55835695],[139.6437493,35.55838833],[139.6438882,35.55845084],[139.6440493,35.55850028],[139.64423569,35.55861667],[139.64438348,35.55867028],[139.64450458,35.55876167],[139.6447507,35.5589475],[139.64490292,35.55899667],[139.6450793,35.55902139],[139.64528348,35.55905028],[139.6454893,35.55908167],[139.64582959,35.55906389],[139.6459382,35.55905972],[139.64617431,35.55905028],[139.64641625,35.55907277],[139.64653263,35.55912195],[139.64678319,35.55924278],[139.64689514,35.55930528],[139.64710375,35.55934139],[139.64722458,35.55938611],[139.64734572,35.55947111],[139.64755017,35.55956084],[139.64775294,35.55965],[139.64803516,35.55972611],[139.64817267,35.55975695],[139.64820433,35.55976389],[139.64833489,35.55979333],[139.64842433,35.55976639],[139.64854572,35.55966277],[139.64858128,35.55963223],[139.64874239,35.55952944],[139.64893044,35.5594175],[139.64918128,35.55924751],[139.64939156,35.55911805],[139.64984684,35.558835],[139.64995294,35.55877111],[139.65,35.55874269],[139.65000267,35.55874111],[139.65029239,35.55856639],[139.65029489,35.558565],[139.65067866,35.55833361],[139.6506791,35.55833333],[139.65069294,35.558325],[139.65075572,35.55828028],[139.65075766,35.5582725],[139.65077377,35.55820417],[139.65074655,35.55815472],[139.65069294,35.55805667],[139.65088044,35.55794778],[139.65113183,35.55780167],[139.65127961,35.55769444],[139.65137211,35.55755223],[139.65148711,35.557375],[139.65167073,35.55724972],[139.65185878,35.55712444],[139.65203795,35.55699472],[139.65221711,35.55687389],[139.65231545,35.55682472],[139.65240073,35.55683833],[139.65262905,35.55691417],[139.65268211,35.55693917],[139.65278128,35.55698584],[139.65296934,35.5568875],[139.65306489,35.55683611],[139.65319294,35.55676667],[139.65345711,35.55666833],[139.65366267,35.55659],[139.65375545,35.55655472],[139.65390766,35.55650528],[139.65405128,35.55646528],[139.65422433,35.55641722],[139.65435545,35.55638056],[139.65479878,35.55623722],[139.65550628,35.55602695],[139.65606156,35.55584805],[139.65626489,35.55576389],[139.6563435,35.55573167],[139.65665044,35.55560472],[139.65671406,35.55557111],[139.65689655,35.555475],[139.65723211,35.55531389],[139.65752044,35.55516417],[139.65756795,35.55513944],[139.6576185,35.55511805],[139.65790822,35.55499667],[139.65809183,35.55487584],[139.6582535,35.55474278],[139.65825545,35.55479472],[139.65825934,35.55490972],[139.65826073,35.55494833],[139.65826516,35.55507639],[139.65824211,35.5556775],[139.65822348,35.55624478],[139.65820739,35.55673084],[139.65817628,35.55714251],[139.65815399,35.55754395],[139.65816158,35.55777139],[139.65819713,35.55799195]]]},"properties":{"N03_001":"神奈川県","N03_002":null,"N03_003":null,"N03_004":"川崎市","N03_005":"中原区","N03_007":"14133"}},{"type":"Feature","geometry":{"type":"Polygon","coordinates":[[[139.48870189,35.30833417],[139.48870183,35.30833333],[139.4887002,35.30829528],[139.48867009,35.30758833],[139.48878949,35.3075982],[139.48879278,35.30768831],[139.48885514,35.3076898],[139.48885886,35.30760289],[139.48894525,35.30760651],[139.48898947,35.30760428],[139.489047,35.30759987],[139.48909575,35.3075918],[139.48914272,35.30759022],[139.48920148,35.307582],[139.48924869,35.30757484],[139.48928973,35.30757044],[139.48934195,35.30757095],[139.48936988,35.30757122],[139.48942178,35.307571],[139.48950117,35.30757331],[139.48955975,35.30757851],[139.48969114,35.30758817],[139.48975144,35.30760159],[139.48980144,35.30760867],[139.48982102,35.30761097],[139.48994601,35.30762025],[139.49003536,35.30762944],[139.49011111,35.30763336],[139.49017161,35.30763451],[139.49022947,35.30763008],[139.49028875,35.30762511],[139.49034533,35.30760959],[139.49040051,35.30759405],[139.4904772,35.30758031],[139.49053477,35.3075665],[139.490599,35.30753764],[139.49067947,35.30751461],[139.49085742,35.30745769],[139.49105263,35.3073702],[139.49105883,35.30736228],[139.49109095,35.30733687],[139.491157,35.30731911],[139.49123872,35.30731475],[139.49130202,35.30732087],[139.49134995,35.30732775],[139.49142283,35.3073568],[139.49145389,35.30737326],[139.49156445,35.30729607],[139.49165951,35.3072297],[139.49165735,35.30722606],[139.49154729,35.30704005],[139.49150427,35.30696733],[139.49142266,35.30682939],[139.49139057,35.30680349],[139.49071095,35.30566542],[139.49070444,35.30564468],[139.49070748,35.30562521],[139.49071635,35.30560793],[139.49073358,35.30559184],[139.49075563,35.30557964],[139.49078204,35.30557557],[139.49081623,35.30557756],[139.49084274,35.30557638],[139.49101066,35.30558692],[139.49115681,35.30559541],[139.49115302,35.30563404],[139.49114966,35.30566211],[139.49087927,35.30564616],[139.49081206,35.3057307],[139.49135409,35.30664187],[139.4914418,35.30678255],[139.4914596,35.30681109],[139.49165601,35.30714311],[139.49166667,35.30716161],[139.49166739,35.30716287],[139.49169538,35.30721139],[139.49261214,35.30685639],[139.49246425,35.30661736],[139.49246109,35.30661051],[139.49245694,35.30660095],[139.49244667,35.30656541],[139.49210353,35.30654639],[139.49212173,35.30629892],[139.49214319,35.30600097],[139.49216528,35.3056915],[139.491994,35.30568164],[139.4919925,35.30569939],[139.49176185,35.30568664],[139.49176117,35.305668],[139.49168672,35.30566436],[139.49166739,35.30566323],[139.49166667,35.30566317],[139.4915602,35.30565689],[139.49154188,35.30565585],[139.49154545,35.30561704],[139.49156947,35.3056185],[139.49166667,35.30562423],[139.49166739,35.30562428],[139.49167392,35.30562467],[139.49224795,35.3056566],[139.49226026,35.30547517],[139.49208734,35.30546553],[139.49213302,35.30491683],[139.49166667,35.30489051],[139.49125511,35.30486732],[139.49056427,35.30482768],[139.49054451,35.30507894],[139.49053396,35.30507855],[139.49053113,35.30512415],[139.49046506,35.30512063],[139.49048918,35.30482422],[139.49040409,35.30482037],[139.4903811,35.30481932],[139.49038571,35.30474641],[139.49126223,35.30479468],[139.4914825,35.30480715],[139.49148147,35.30481887],[139.49166667,35.30482952],[139.4921392,35.3048567],[139.49241217,35.30487178],[139.49246693,35.30487763],[139.4925201,35.30488829],[139.49257143,35.30490467],[139.49262051,35.30492569],[139.49266556,35.30495133],[139.49270645,35.30498083],[139.49274275,35.30501446],[139.49277431,35.30505144],[139.49280043,35.3050914],[139.49282047,35.30513354],[139.49283402,35.30517669],[139.49284207,35.30523005],[139.49284185,35.30527523],[139.49277938,35.30603252],[139.4927524,35.30605391],[139.49278112,35.30605225],[139.49283078,35.30603725],[139.49285958,35.30601441],[139.49286881,35.30598922],[139.49287255,35.30595975],[139.49288562,35.30594214],[139.49291078,35.3059412],[139.49292689,35.30595414],[139.49295014,35.30599559],[139.49297639,35.30600836],[139.49300558,35.30601667],[139.49302988,35.3060178],[139.49304608,35.30600775],[139.49304642,35.30598359],[139.49304462,35.30594331],[139.49305742,35.30592903],[139.49308447,35.30592853],[139.49309367,35.30593839],[139.493097,35.30595525],[139.49310744,35.30597677],[139.49313109,35.30598628],[139.49315569,35.30599003],[139.49319,35.30599364],[139.49322341,35.30599564],[139.4933518,35.30595084],[139.49338211,35.30593767],[139.49340903,35.30591997],[139.49343472,35.30590267],[139.49346772,35.3058942],[139.49353633,35.305875],[139.4935572,35.30585695],[139.49357167,35.30583678],[139.49358759,35.30581897],[139.49361095,35.30580913],[139.49363689,35.30580505],[139.49367302,35.30579453],[139.49373178,35.30578136],[139.49375364,35.3057872],[139.49376669,35.30579911],[139.49378214,35.30581323],[139.49378472,35.30579684],[139.49378506,35.30574444],[139.49378233,35.30571317],[139.4938002,35.30567572],[139.49379866,35.30567192],[139.49379533,35.30565622],[139.49380769,35.3056432],[139.49384409,35.30561608],[139.49385914,35.30559213],[139.49388584,35.30557239],[139.49392953,35.30556267],[139.49396981,35.30556064],[139.49401661,35.30556708],[139.49405672,35.30557151],[139.49409608,35.30557451],[139.49412497,35.30558422],[139.49415494,35.30560223],[139.49419095,35.30560714],[139.49423372,35.30560797],[139.49427442,35.30561089],[139.49430027,35.305613],[139.49433348,35.30560536],[139.49434614,35.30559964],[139.49437289,35.305587],[139.49439803,35.30558022],[139.4944307,35.30557608],[139.49446664,35.30557817],[139.49449489,35.30558617],[139.49450888,35.30560125],[139.49453652,35.30564433],[139.49454109,35.30565913],[139.49455448,35.305669],[139.49458523,35.3056745],[139.49461711,35.30567775],[139.49465589,35.30568272],[139.49469756,35.30569013],[139.49476805,35.30571169],[139.49480475,35.30570892],[139.49483163,35.305708],[139.494873,35.30569964],[139.49489852,35.30569853],[139.49491742,35.30570472],[139.49493012,35.30571864],[139.49493674,35.30573875],[139.49493686,35.30576139],[139.49493314,35.30578428],[139.49492739,35.30584139],[139.49493122,35.30590128],[139.49492944,35.30592992],[139.49492881,35.30595003],[139.49492953,35.30596228],[139.49493211,35.30597861],[139.49493353,35.3060052],[139.49493056,35.30603241],[139.49491828,35.30605467],[139.494909,35.30606472],[139.49497289,35.30613828],[139.49500897,35.30616613],[139.49510092,35.30621164],[139.49515486,35.30622433],[139.49520322,35.30623286],[139.49526698,35.30623989],[139.4953183,35.30624336],[139.49538569,35.30624769],[139.4954409,35.30624875],[139.49549322,35.30625113],[139.4955418,35.30625353],[139.49559117,35.30625844],[139.49559172,35.30625856],[139.49564261,35.30626661],[139.49564302,35.30626661],[139.49569027,35.30627839],[139.4957472,35.30629161],[139.49580925,35.30630531],[139.49588134,35.3063192],[139.49593331,35.30633072],[139.49602589,35.30635956],[139.49606795,35.30637039],[139.49614616,35.30638989],[139.49620022,35.30640231],[139.49625569,35.3064158],[139.49631075,35.30642333],[139.49637119,35.30643497],[139.49642733,35.30644503],[139.49648866,35.30645025],[139.49654253,35.30645913],[139.49659294,35.306472],[139.49664844,35.30648],[139.49670914,35.30647872],[139.4968183,35.30648886],[139.49687975,35.306492],[139.49694355,35.30648992],[139.49699966,35.30648439],[139.49704694,35.30648011],[139.49710428,35.30647513],[139.49717017,35.30646856],[139.49723175,35.30646503],[139.497294,35.30646386],[139.49733911,35.30646228],[139.49740017,35.30645423],[139.49744338,35.30644887],[139.49749545,35.30644487],[139.49768278,35.30642878],[139.49774655,35.3064268],[139.49781289,35.30642356],[139.49786776,35.3064218],[139.49792572,35.30641784],[139.49799481,35.3064128],[139.49805134,35.30641105],[139.49809501,35.3064108],[139.49815051,35.30641495],[139.49821178,35.30641331],[139.49827095,35.30640805],[139.49833431,35.3064032],[139.49843772,35.30639103],[139.49849075,35.30638433],[139.49854519,35.30638161],[139.49858272,35.30637808],[139.49866542,35.30634895],[139.49876058,35.30633703],[139.49881244,35.30632339],[139.49886747,35.306312],[139.49891577,35.30630331],[139.49897163,35.30629967],[139.49903905,35.30629903],[139.49908611,35.3062998],[139.49915255,35.30629603],[139.49920053,35.30628669],[139.49925973,35.30627911],[139.49931134,35.30627456],[139.49935409,35.30627611],[139.49940949,35.30628195],[139.49945501,35.30628928],[139.49958897,35.30630244],[139.49963672,35.30629961],[139.49968163,35.30628875],[139.49973222,35.30628347],[139.49979306,35.3062832],[139.49983636,35.30628789],[139.49989494,35.30629447],[139.49994903,35.30629517],[139.5,35.30629205],[139.50000073,35.306292],[139.50002283,35.30629067],[139.50008092,35.30629092],[139.5001393,35.30628864],[139.50018431,35.30627939],[139.50021095,35.30627244],[139.50023231,35.3062668],[139.50027798,35.30626028],[139.50033111,35.30625367],[139.50039567,35.30625239],[139.50048514,35.30626031],[139.50054253,35.30626441],[139.50059322,35.30626836],[139.50062973,35.30626547],[139.50067319,35.30626047],[139.50072224,35.30625717],[139.50079034,35.30625275],[139.50091508,35.30623959],[139.50098572,35.30623347],[139.50105202,35.30622959],[139.50111856,35.30622778],[139.50119051,35.30622636],[139.50125669,35.30622484],[139.50132674,35.30622367],[139.50154472,35.30621951],[139.50161095,35.30621228],[139.50168455,35.3062015],[139.50174936,35.30619384],[139.50182053,35.30618628],[139.50187017,35.30617439],[139.50193878,35.30615469],[139.50200306,35.30613584],[139.50206131,35.30612086],[139.50212745,35.30610392],[139.50218258,35.30609205],[139.50219667,35.30608914],[139.50239711,35.30607067],[139.50246949,35.30606544],[139.50268973,35.30604451],[139.50302856,35.30600892],[139.50330711,35.30597617],[139.50342514,35.30595825],[139.50350538,35.30594239],[139.50354545,35.30593831],[139.50358209,35.30593689],[139.50361562,35.30593805],[139.50364725,35.30594408],[139.50369034,35.30594933],[139.50373192,35.30595056],[139.50377228,35.30594859],[139.50381516,35.30594564],[139.50386555,35.305939],[139.50391761,35.30593195],[139.50397406,35.30592433],[139.50402202,35.30591592],[139.50407814,35.30590695],[139.50413261,35.30589853],[139.50417397,35.30589125],[139.50421141,35.30588056],[139.50424523,35.30587153],[139.50429361,35.3058648],[139.50433783,35.30586186],[139.50438744,35.30585875],[139.50442739,35.30585095],[139.50446089,35.30583769],[139.50449041,35.30582136],[139.50452336,35.30580541],[139.50459453,35.30578205],[139.50463419,35.30577189],[139.50467195,35.30576397],[139.50471486,35.30575861],[139.5047527,35.30575689],[139.50479733,35.30575647],[139.50483966,35.30575839],[139.50486506,35.30576325],[139.50488406,35.30577005],[139.50491678,35.30577467],[139.50494364,35.30577103],[139.50496236,35.30576792],[139.50504075,35.305741],[139.5051373,35.3057098],[139.50518545,35.30569541],[139.50521903,35.30568264],[139.50525878,35.30566822],[139.5052875,35.30565975],[139.5053463,35.30563925],[139.50542294,35.30561739],[139.50546776,35.30560605],[139.50551438,35.30559672],[139.50555764,35.30559269],[139.50561789,35.30559267],[139.50568022,35.30559861],[139.50573914,35.30560236],[139.50580027,35.30560164],[139.50585944,35.30560061],[139.50592128,35.30559611],[139.50597189,35.30558586],[139.50604148,35.30556903],[139.5061108,35.30555172],[139.50617586,35.30553731],[139.50624036,35.30552153],[139.50629739,35.30550392],[139.50634683,35.30548339],[139.50641652,35.30546169],[139.50644392,35.30545995],[139.50649772,35.30545678],[139.50654555,35.30545159],[139.50666019,35.30543944],[139.50672292,35.30542953],[139.50677442,35.30541847],[139.50684136,35.30540217],[139.50690014,35.30538636],[139.50697211,35.3053678],[139.50703772,35.30535203],[139.50708881,35.30534056],[139.50715811,35.30532759],[139.50722713,35.30531028],[139.50729581,35.30529611],[139.50736756,35.3052818],[139.50742645,35.30527178],[139.5075007,35.30526241],[139.50756419,35.30525286],[139.50763319,35.3052415],[139.50769864,35.30523333],[139.50776674,35.30522359],[139.50784058,35.30520928],[139.50790608,35.30519711],[139.50797825,35.30518792],[139.50804458,35.30518061],[139.50810842,35.30517241],[139.50832272,35.30514297],[139.50833333,35.30514147],[139.50833403,35.30514139],[139.5083872,35.30513395],[139.50845034,35.30512808],[139.50851766,35.30512203],[139.508642,35.30511259],[139.5087872,35.30508914],[139.50884189,35.30507651],[139.50890409,35.30506341],[139.508958,35.30505175],[139.50901447,35.30504197],[139.50906837,35.30504041],[139.50912642,35.30504064],[139.50918248,35.30504731],[139.50924852,35.30505241],[139.50931253,35.30504908],[139.50936898,35.30504528],[139.50942209,35.30504225],[139.50947752,35.30503536],[139.50952958,35.30502867],[139.50958888,35.30501944],[139.50964316,35.30501072],[139.5097027,35.30499614],[139.50976148,35.30497736],[139.50982228,35.30495256],[139.50986689,35.30493295],[139.50991781,35.30490503],[139.50995839,35.30487572],[139.50999611,35.30484639],[139.51003591,35.30481675],[139.51007372,35.30479361],[139.51011969,35.30477],[139.51015725,35.30474992],[139.51019258,35.30472856],[139.51022355,35.30469925],[139.51024545,35.30466651],[139.51025939,35.30464444],[139.51027633,35.30464025],[139.51031272,35.30461975],[139.51034975,35.30459889],[139.51035803,35.30459278],[139.51038538,35.30459359],[139.51045992,35.30460325],[139.51051586,35.30461677],[139.51059689,35.30464031],[139.51068175,35.30464756],[139.51076856,35.30463625],[139.51082433,35.30462992],[139.51090953,35.30461011],[139.51099436,35.30459592],[139.51105844,35.30457167],[139.51112958,35.30455013],[139.51120572,35.304535],[139.511302,35.30452039],[139.51141531,35.3045078],[139.51148783,35.30449467],[139.51155616,35.30448195],[139.51165034,35.30447192],[139.51170708,35.30446992],[139.51175908,35.30447222],[139.511813,35.30448761],[139.5119365,35.30449233],[139.51199289,35.3044962],[139.5120525,35.30448903],[139.51212895,35.30445689],[139.51218372,35.30442647],[139.5122425,35.30441067],[139.51228786,35.30437139],[139.51238694,35.30433847],[139.51243878,35.30432861],[139.51249211,35.30432967],[139.51257572,35.30434908],[139.5126362,35.30435095],[139.5126965,35.30433964],[139.5127825,35.30431041],[139.51286511,35.30427233],[139.51296317,35.30422633],[139.51304103,35.30419275],[139.51312311,35.30415151],[139.51319934,35.30411808],[139.51326584,35.30408533],[139.51340589,35.30399422],[139.51347183,35.30395105],[139.51352686,35.30393795],[139.51360608,35.30392669],[139.51369073,35.30390539],[139.51380326,35.3038955],[139.51390272,35.30388017],[139.514024,35.30384975],[139.5141473,35.30381797],[139.51427109,35.30379992],[139.51442119,35.3037638],[139.51456613,35.30373184],[139.51471791,35.30369584],[139.51494898,35.30364],[139.51514214,35.30358533],[139.51527674,35.30353908],[139.51540492,35.30350787],[139.51555386,35.30346569],[139.51590027,35.30337511],[139.51611708,35.30331844],[139.5162883,35.30328736],[139.51648361,35.30325341],[139.51660192,35.30323084],[139.51666667,35.30322267],[139.51666733,35.30322259],[139.51669939,35.30321856],[139.51678258,35.30321033],[139.51686244,35.30319492],[139.51706828,35.30316672],[139.51713769,35.30315914],[139.51722416,35.30315775],[139.51728625,35.30316223],[139.517352,35.30316684],[139.5174192,35.30316528],[139.51749564,35.303159],[139.51756856,35.30315584],[139.51765506,35.30316247],[139.51773039,35.30316186],[139.51780075,35.30316384],[139.51786442,35.30316339],[139.51787333,35.30316423],[139.51794492,35.30316414],[139.51799309,35.30315778],[139.5180765,35.30314239],[139.51814428,35.30313517],[139.51820834,35.30311947],[139.51827834,35.30310405],[139.51834766,35.30308611],[139.51841681,35.30306784],[139.51848086,35.30304761],[139.518552,35.30302553],[139.5186191,35.303015],[139.51869058,35.30301328],[139.51875336,35.30301417],[139.51880859,35.30301214],[139.51887834,35.30300223],[139.51896283,35.30298687],[139.51903944,35.30296633],[139.51911012,35.30294956],[139.51918956,35.30293328],[139.51926781,35.30292067],[139.51933061,35.3029112],[139.51939674,35.30290217],[139.51945536,35.30290097],[139.51954691,35.30290869],[139.51962058,35.30291159],[139.51975289,35.3029135],[139.51988525,35.30291344],[139.51994167,35.30291295],[139.51999136,35.30291553],[139.52003795,35.30292547],[139.52012333,35.30293497],[139.52016497,35.30294528],[139.520211,35.30295761],[139.52029616,35.30297139],[139.52036925,35.30298347],[139.52039263,35.30298767],[139.52043776,35.30298556],[139.52047186,35.30298131],[139.52049516,35.30298092],[139.52051569,35.30298584],[139.52059903,35.30296269],[139.52060895,35.30296175],[139.52066669,35.30298128],[139.52070328,35.30299417],[139.52074589,35.3030058],[139.52081834,35.30303628],[139.52085691,35.30304061],[139.52090639,35.30304392],[139.52094092,35.30304633],[139.52099248,35.30304808],[139.52103533,35.30305325],[139.52106897,35.30305413],[139.52112869,35.30305431],[139.52115664,35.3030532],[139.52128914,35.30305211],[139.52133336,35.3030458],[139.52141073,35.30303159],[139.52145706,35.30302125],[139.52150139,35.30301192],[139.52153856,35.30301741],[139.52159095,35.30302903],[139.52164708,35.30304386],[139.52170448,35.30304825],[139.52176564,35.30304272],[139.52183431,35.30302803],[139.52188681,35.30301544],[139.52195161,35.30300272],[139.52200552,35.30299359],[139.52205614,35.30298723],[139.52210698,35.30297595],[139.52217314,35.30295769],[139.52220978,35.30295131],[139.52225698,35.30294864],[139.52232486,35.3029352],[139.52235956,35.30292039],[139.52243328,35.30290661],[139.52248678,35.30289286],[139.52253944,35.30289111],[139.52262392,35.30288575],[139.52268051,35.302872],[139.5227455,35.3028665],[139.52280224,35.30286672],[139.52286119,35.30286075],[139.52301817,35.30281222],[139.52314092,35.30277864],[139.52317,35.30276877],[139.52319056,35.30275677],[139.52324056,35.30273959],[139.52334953,35.3027032],[139.52338516,35.30268686],[139.52342172,35.30267064],[139.52344752,35.30265672],[139.5234818,35.30263131],[139.52350205,35.30261769],[139.52353536,35.30260305],[139.52355827,35.30259031],[139.52364905,35.30254484],[139.52367822,35.30253744],[139.52370728,35.30253084],[139.52372956,35.30251647],[139.52375148,35.30250553],[139.52380117,35.30249497],[139.52385632,35.3024661],[139.52391403,35.30243589],[139.52393309,35.30242775],[139.52396128,35.30242161],[139.52399694,35.30240908],[139.52405105,35.30238653],[139.5240998,35.30236472],[139.52412031,35.30235097],[139.5241673,35.30233613],[139.52424,35.30230695],[139.52428112,35.30228977],[139.52432064,35.30227351],[139.52435825,35.30226759],[139.52440889,35.3022558],[139.52444078,35.30225317],[139.52450292,35.30221864],[139.52452322,35.30220075],[139.524539,35.30219141],[139.52456586,35.30218364],[139.52459997,35.3021738],[139.52464694,35.3021658],[139.52468394,35.30215861],[139.52473423,35.30215108],[139.52477591,35.30214397],[139.52478978,35.30213967],[139.52484678,35.30212239],[139.52490109,35.30210887],[139.52493472,35.30210641],[139.52497375,35.30210697],[139.525,35.30211444],[139.52500066,35.30211464],[139.52504003,35.30212587],[139.52508628,35.30212908],[139.52512934,35.30211459],[139.52514025,35.30210128],[139.52516484,35.30206186],[139.52518708,35.30201611],[139.52520431,35.30196936],[139.52522523,35.3019342],[139.52524733,35.30185511],[139.52526338,35.30177997],[139.52527603,35.30173013],[139.52529625,35.30167925],[139.52531778,35.30165536],[139.52535448,35.30163431],[139.52539248,35.30161677],[139.52543066,35.30160631],[139.52545464,35.30160331],[139.52546828,35.30160389],[139.52549475,35.30161017],[139.52551167,35.30161769],[139.525538,35.30163011],[139.5255518,35.30163408],[139.52558947,35.30162917],[139.5256015,35.30161972],[139.52562458,35.30161664],[139.52564109,35.30162136],[139.52566678,35.3016308],[139.52568776,35.30163239],[139.52572494,35.30162861],[139.52576442,35.30162636],[139.52579542,35.30163231],[139.52582686,35.30164864],[139.52584433,35.30166253],[139.52584981,35.30167372],[139.52586375,35.30172141],[139.52585348,35.30175108],[139.52584837,35.30176233],[139.52583939,35.30177853],[139.52583058,35.30180925],[139.52583178,35.30181869],[139.52587022,35.30185461],[139.52588594,35.30185464],[139.52594533,35.30185011],[139.52595786,35.30185456],[139.525988,35.30187141],[139.52600316,35.30188325],[139.5260165,35.30189556],[139.52602569,35.30191269],[139.52603458,35.30195884],[139.5260415,35.30198178],[139.52605144,35.30199677],[139.52606536,35.30200978],[139.52607711,35.30201414],[139.52609031,35.302015],[139.52611141,35.30201144],[139.52613905,35.3020068],[139.52614642,35.30200631],[139.52615311,35.302011],[139.52615752,35.30203669],[139.52615737,35.30204753],[139.5261518,35.30206192],[139.52612086,35.30213387],[139.52611141,35.30216261],[139.52610231,35.30218628],[139.52609538,35.30220789],[139.52608936,35.30223314],[139.52608889,35.30224233],[139.52609158,35.3022608],[139.5260947,35.3022755],[139.52610058,35.30229139],[139.52611175,35.30230395],[139.52613039,35.30231797],[139.52618122,35.30234064],[139.52620387,35.30234367],[139.52626239,35.30233805],[139.52629494,35.302332],[139.52632358,35.30232405],[139.52634516,35.30231456],[139.52636533,35.30230433],[139.52637336,35.30229984],[139.52639058,35.30228544],[139.52640241,35.3022678],[139.52640917,35.30225667],[139.52642019,35.30224525],[139.52642847,35.30223931],[139.52643891,35.30223608],[139.52644992,35.30223747],[139.52647319,35.30224275],[139.52650331,35.30225151],[139.52652175,35.30225605],[139.52653691,35.30225761],[139.52654672,35.30225556],[139.52655333,35.30225017],[139.52657375,35.30223336],[139.52657815,35.30223284],[139.52658462,35.30223789],[139.52658647,35.30224089],[139.52658722,35.3022472],[139.52659075,35.30226884],[139.5265992,35.30227797],[139.5266082,35.30228539],[139.52661333,35.30229189],[139.52661647,35.30229884],[139.52661136,35.30231423],[139.52659278,35.30231878],[139.52658209,35.3023255],[139.52657481,35.30233092],[139.52656728,35.30234189],[139.52656328,35.30235153],[139.52656189,35.30236351],[139.52656538,35.30237397],[139.5265853,35.30240133],[139.52662222,35.30244056],[139.52664172,35.302457],[139.52666815,35.30248086],[139.52669477,35.30250095],[139.52672078,35.30251769],[139.52673717,35.30251953],[139.52675148,35.3025175],[139.52675956,35.302509],[139.52676528,35.30249741],[139.52676886,35.30248411],[139.52678161,35.30245753],[139.52679625,35.30245028],[139.52681209,35.30245095],[139.52682569,35.30245495],[139.5268392,35.3024602],[139.52684547,35.30246447],[139.52684202,35.30246761],[139.52681547,35.30248836],[139.52681005,35.30250303],[139.52679399,35.30255403],[139.52679635,35.30256611],[139.52679942,35.30257287],[139.52680423,35.30257875],[139.52682205,35.30259072],[139.52686017,35.30261703],[139.52686839,35.30262561],[139.52695523,35.30263672],[139.52710039,35.30265872],[139.52734555,35.30269831],[139.52768725,35.30276141],[139.52794681,35.30282887],[139.52804064,35.30285139],[139.52815053,35.30288559],[139.52824338,35.3029108],[139.52851506,35.30300241],[139.52929908,35.30324375],[139.52985348,35.30341917],[139.52993475,35.30344417],[139.53054752,35.30363075],[139.53069462,35.30367511],[139.53074722,35.30368941],[139.5307882,35.30369833],[139.53081525,35.30370236],[139.53084633,35.30370633],[139.53093706,35.30371069],[139.53108436,35.30371811],[139.5311555,35.30372197],[139.53126652,35.30372795],[139.53146058,35.30373841],[139.53152224,35.30374156],[139.53166672,35.30374859],[139.53172319,35.30384653],[139.53175839,35.303909],[139.53178908,35.30396261],[139.5318282,35.30403211],[139.53187144,35.30410786],[139.53201533,35.30436069],[139.53205173,35.30442525],[139.53223869,35.30475436],[139.53226881,35.304807],[139.53230103,35.30486441],[139.53240372,35.30504659],[139.53255358,35.30531403],[139.53275211,35.30566428],[139.53281338,35.30577108],[139.53287075,35.30587264],[139.53295925,35.30602889],[139.53300645,35.30611239],[139.53305494,35.30619833],[139.53308828,35.30625717],[139.53322811,35.30650405],[139.53326886,35.30657539],[139.53333333,35.30668847],[139.53333399,35.30668964],[139.53334012,35.30670036],[139.53337506,35.30676147],[139.53344708,35.30688803],[139.53487092,35.30649961],[139.53488433,35.30656931],[139.5334838,35.30695256],[139.53351525,35.3070082],[139.53354244,35.30705667],[139.53358506,35.30713267],[139.53361314,35.30718295],[139.53364012,35.3072308],[139.53367367,35.30729011],[139.53370306,35.30734208],[139.53372674,35.30738478],[139.53374267,35.30741247],[139.53393086,35.30773613],[139.53397852,35.30781656],[139.53400969,35.30787292],[139.53407255,35.30799141],[139.53407594,35.30800017],[139.53407859,35.30801136],[139.53407973,35.30802508],[139.53407897,35.30804164],[139.53406414,35.30812669],[139.5340327,35.30830464],[139.53403642,35.30831295],[139.53404737,35.30832667],[139.53405258,35.30833333],[139.53405328,35.30833423],[139.53405403,35.30833517],[139.53407881,35.30835486],[139.53410447,35.30837261],[139.53413322,35.30838756],[139.53422064,35.30845141],[139.53423872,35.30846767],[139.53425472,35.30848467],[139.53427027,35.30849995],[139.53429139,35.30850333],[139.53431589,35.3085088],[139.53432136,35.30851025],[139.53433419,35.30852056],[139.53433616,35.30852633],[139.53433703,35.30853344],[139.53433953,35.30854131],[139.53434883,35.30855295],[139.53437966,35.30859451],[139.53440844,35.30860925],[139.53446778,35.3086232],[139.53462105,35.30865467],[139.534943,35.30872975],[139.53501153,35.30875308],[139.53508711,35.30877544],[139.53516764,35.30879303],[139.53526469,35.30880689],[139.53565564,35.3089012],[139.53606689,35.30899014],[139.53635722,35.30904936],[139.53656053,35.30908789],[139.53668659,35.30910677],[139.53680698,35.309119],[139.5372883,35.30917675],[139.53737,35.30917967],[139.53742606,35.30918997],[139.53745842,35.30920936],[139.53748353,35.30922761],[139.53751044,35.30923589],[139.53754431,35.30923967],[139.53758536,35.30923031],[139.53764711,35.30919941],[139.53770078,35.30918353],[139.53777263,35.30915192],[139.53785628,35.30912308],[139.53794025,35.30910497],[139.53804936,35.30909956],[139.53816822,35.30910184],[139.53825992,35.30910523],[139.53835292,35.30911617],[139.5384702,35.30913831],[139.53850759,35.30916225],[139.53872026,35.30926547],[139.53891319,35.30935911],[139.53898837,35.30937461],[139.5390655,35.30939487],[139.53919211,35.309411],[139.5393527,35.30940156],[139.53951178,35.30938472],[139.53964647,35.30936414],[139.53983616,35.30933261],[139.54005367,35.30930717],[139.54027606,35.30926975],[139.54051798,35.30924097],[139.54105934,35.30915592],[139.54132267,35.30910003],[139.54161523,35.30903113],[139.54166667,35.30901831],[139.54166733,35.30901814],[139.5418882,35.30896303],[139.5420247,35.30892667],[139.54217614,35.30888359],[139.54226815,35.3088412],[139.54232075,35.30882508],[139.54239236,35.308792],[139.54248248,35.3087438],[139.54251608,35.30872739],[139.54255891,35.30871047],[139.54260403,35.3087038],[139.54264239,35.30871087],[139.54267172,35.30871959],[139.54270428,35.308712],[139.54271205,35.30868884],[139.54271623,35.30866289],[139.54271766,35.30866072],[139.54272764,35.30863561],[139.54275202,35.30861395],[139.54278827,35.30859753],[139.54283272,35.30859053],[139.54287433,35.30858169],[139.54293662,35.30856569],[139.54295472,35.30854644],[139.54298711,35.30853103],[139.54303783,35.30852395],[139.54308314,35.30852261],[139.54313691,35.30852417],[139.54319472,35.30853333],[139.54326409,35.30854197],[139.54330936,35.30854695],[139.54335872,35.30855356],[139.54339776,35.30855508],[139.54344789,35.30855531],[139.54353158,35.30855325],[139.54361005,35.30851044],[139.54364025,35.30849022],[139.54367058,35.30846433],[139.54371698,35.30844128],[139.54375275,35.30842786],[139.54379272,35.30840847],[139.54383961,35.30839686],[139.54390219,35.30836908],[139.54395425,35.30835559],[139.544001,35.30833425],[139.544003,35.30833333],[139.54401008,35.30833011],[139.54404267,35.30831947],[139.54408041,35.30831405],[139.54414248,35.30830097],[139.54419752,35.3082882],[139.54425423,35.30826517],[139.54428111,35.30824864],[139.54432847,35.30823372],[139.54437655,35.30822264],[139.5444263,35.30821041],[139.54447205,35.30820828],[139.54452389,35.30819751],[139.54452921,35.3081959],[139.54474664,35.30810519],[139.54496991,35.30801204],[139.54497392,35.30799925],[139.54497934,35.30798872],[139.54499039,35.30797504],[139.54500243,35.30796047],[139.54501544,35.3079504],[139.54503647,35.30794045],[139.54505683,35.30793608],[139.54509839,35.30793744],[139.54510995,35.30793603],[139.54512383,35.30793191],[139.54513374,35.30792824],[139.54515214,35.30791702],[139.54515896,35.30791378],[139.54517899,35.30790986],[139.5451889,35.30790683],[139.54519772,35.30790018],[139.54520554,35.30789614],[139.5452247,35.30789122],[139.54523494,35.30788549],[139.54526084,35.30786896],[139.54527021,35.30786384],[139.54529949,35.30785553],[139.54531656,35.30784854],[139.54532979,35.30783902],[139.54535519,35.30780743],[139.54536368,35.30780178],[139.54537171,35.30780125],[139.54538414,35.3078012],[139.54539844,35.30779825],[139.54541497,35.30778856],[139.54544275,35.30776888],[139.54546074,35.30775234],[139.54546846,35.30774659],[139.54548366,35.30773869],[139.54549436,35.30773331],[139.54550925,35.30771659],[139.54552297,35.30769192],[139.54553219,35.30766741],[139.5455453,35.30762978],[139.54556078,35.30759495],[139.54558445,35.30756884],[139.54561672,35.30755387],[139.54565469,35.30754105],[139.54568202,35.30752364],[139.54572058,35.30749625],[139.54579647,35.30744413],[139.54582205,35.30741813],[139.54583314,35.30739653],[139.54586345,35.30737759],[139.54591083,35.30734714],[139.54596267,35.30730733],[139.54600969,35.30725914],[139.54603628,35.30723431],[139.546126,35.30717205],[139.546226,35.30710136],[139.54627322,35.30708525],[139.54630453,35.30706836],[139.54635197,35.30704839],[139.54640891,35.30702372],[139.54644197,35.30700659],[139.54648897,35.30699039],[139.54652995,35.30697425],[139.54664367,35.30692495],[139.54669625,35.30690641],[139.54675231,35.30688211],[139.54681131,35.30686333],[139.54686197,35.30684189],[139.5469275,35.30681403],[139.54696567,35.3067915],[139.54716214,35.3066855],[139.54721403,35.3066565],[139.54727597,35.3066158],[139.54737538,35.30652311],[139.54742336,35.30648572],[139.54747562,35.306445],[139.54772109,35.30627953],[139.54808031,35.30603972],[139.54853475,35.30573872],[139.54883917,35.30553756],[139.54901175,35.30540317],[139.54922964,35.30526733],[139.54946586,35.3051288],[139.54961917,35.30502805],[139.54973789,35.30491289],[139.54985742,35.30481989],[139.54997594,35.30474192],[139.55,35.30472723],[139.55000064,35.30472684],[139.55008708,35.30467403],[139.5502255,35.30455961],[139.55032209,35.30448203],[139.55043531,35.30437078],[139.55055217,35.30428417],[139.55065766,35.30421931],[139.55077872,35.30414767],[139.55086462,35.30408433],[139.55092642,35.304013],[139.5509718,35.30389869],[139.55098558,35.30388333],[139.55100606,35.30387851],[139.55103883,35.30387831],[139.5513269,35.30387849],[139.55136054,35.30382441],[139.5513935,35.30377141],[139.55140733,35.30374286],[139.55145635,35.303719],[139.55151287,35.3036592],[139.55162852,35.30357131],[139.55169861,35.303498],[139.55185614,35.30328825],[139.55195864,35.3031225],[139.5520662,35.30295711],[139.55210766,35.30288308],[139.552121,35.30283541],[139.55212445,35.30280851],[139.55215044,35.30279756],[139.55216353,35.30279769],[139.5521737,35.30279959],[139.55220302,35.30282447],[139.55221375,35.30283692],[139.55222416,35.30284659],[139.55223664,35.30286375],[139.55224467,35.30286611],[139.55223805,35.30285256],[139.55223409,35.30284264],[139.55223058,35.30283284],[139.55222759,35.30282203],[139.55222759,35.30281369],[139.552222,35.30280477],[139.55220355,35.30279364],[139.55218558,35.30278187],[139.552179,35.30277403],[139.55216961,35.30275056],[139.55216934,35.30274028],[139.55217039,35.30272233],[139.55226156,35.30249341],[139.55227275,35.302472],[139.55228453,35.30246653],[139.55230005,35.30246123],[139.55231995,35.30246084],[139.55233292,35.30246231],[139.55235458,35.30246036],[139.55235572,35.30245353],[139.55234353,35.3024488],[139.5523363,35.30244031],[139.55233036,35.30243605],[139.5523217,35.30243541],[139.55231224,35.30243008],[139.55230555,35.30242295],[139.55235326,35.30227467],[139.55235328,35.30226447],[139.55235397,35.30225511],[139.55235674,35.30224953],[139.552367,35.30224595],[139.55237975,35.30224444],[139.55239975,35.30225089],[139.55241139,35.30225272],[139.55244856,35.30224947],[139.55245501,35.30224644],[139.55246908,35.30223131],[139.5524628,35.30223139],[139.55245355,35.30223453],[139.55244742,35.30223587],[139.55242397,35.30223544],[139.55240025,35.30223151],[139.55238706,35.30222789],[139.55237073,35.30221884],[139.55240614,35.30211389],[139.55240917,35.30210561],[139.55243869,35.30201967],[139.55244781,35.3019638],[139.55245411,35.30194705],[139.55246294,35.30193733],[139.55246956,35.30193608],[139.55248153,35.30193675],[139.55249372,35.30193859],[139.55251297,35.30193972],[139.55252769,35.30193992],[139.5525618,35.30194056],[139.55256364,35.30193875],[139.55254981,35.30193295],[139.55253914,35.30193239],[139.55251805,35.30192395],[139.55250433,35.30191741],[139.5524847,35.30190595],[139.55247283,35.30190031],[139.55246728,35.30188895],[139.55247345,35.30185164],[139.55247555,35.30184903],[139.55249005,35.3018525],[139.5525117,35.30185713],[139.55253849,35.30186053],[139.55255511,35.30186436],[139.55256958,35.30187351],[139.55258759,35.30188039],[139.55258061,35.30186767],[139.55257581,35.30185675],[139.55255097,35.301852],[139.55251733,35.30184841],[139.55249501,35.30184664],[139.55248455,35.30183903],[139.55248484,35.3018182],[139.55248683,35.30179695],[139.55249645,35.3017512],[139.55250392,35.30172325],[139.5525138,35.30169364],[139.55251805,35.30167336],[139.55252411,35.3016675],[139.552548,35.30166161],[139.55255789,35.30166056],[139.55257536,35.30166267],[139.55259195,35.30166811],[139.55260172,35.30167561],[139.55261083,35.30168013],[139.55262272,35.30167575],[139.55266567,35.30165722],[139.55266514,35.30164936],[139.55264674,35.30165625],[139.55262936,35.30166341],[139.55261769,35.30166475],[139.55261297,35.30165986],[139.55259664,35.3016492],[139.55257839,35.30164953],[139.55255903,35.30164984],[139.55254739,35.30164447],[139.55253248,35.3016358],[139.55253195,35.30162661],[139.55253497,35.30160947],[139.55254475,35.301582],[139.55256642,35.30151761],[139.55258326,35.30151069],[139.55262073,35.30151928],[139.55264302,35.30152769],[139.55265664,35.30152864],[139.55266564,35.3015338],[139.55268047,35.30154231],[139.55268958,35.30154177],[139.55269678,35.301541],[139.55271458,35.301535],[139.55271492,35.30153203],[139.552707,35.301531],[139.55268733,35.30152825],[139.55267239,35.30152686],[139.55266625,35.30152144],[139.55265614,35.30151853],[139.55264689,35.30151825],[139.55263584,35.30150839],[139.55262103,35.30149997],[139.55259776,35.30148795],[139.55258481,35.30147664],[139.55258066,35.30146589],[139.55259844,35.30141123],[139.55263964,35.3012422],[139.55264975,35.30120203],[139.5526528,35.30114541],[139.55265603,35.30110308],[139.55265739,35.30105872],[139.55265761,35.30099869],[139.55265911,35.30097678],[139.55266283,35.30094561],[139.55266667,35.30092011],[139.55266783,35.30089784],[139.55266815,35.30087892],[139.55265514,35.30085235],[139.55264556,35.30083054],[139.55263315,35.30080873],[139.55261719,35.30079041],[139.55261042,35.30077792],[139.55260156,35.30076689],[139.55258589,35.30075225],[139.55256942,35.30074492],[139.55254944,35.30073089],[139.5525375,35.30071861],[139.55252472,35.30069731],[139.55251375,35.30067551],[139.55250389,35.30065022],[139.55248776,35.30059928],[139.55245261,35.30055867],[139.55244287,35.30054839],[139.55242925,35.30054186],[139.55241319,35.30054389],[139.55238766,35.30054997],[139.5523772,35.30055364],[139.55236489,35.30055305],[139.55235414,35.30055105],[139.55235163,35.30054933],[139.5523225,35.30057108],[139.55226109,35.30052236],[139.55222205,35.30049153],[139.55219795,35.30047075],[139.55218105,35.30045347],[139.55213564,35.30039651],[139.55203031,35.30023508],[139.55201625,35.30020231],[139.55201642,35.30018033],[139.55201844,35.30000095],[139.55201847,35.3],[139.55202053,35.29981528],[139.55202148,35.29976669],[139.55199597,35.29976511],[139.55197903,35.29976425],[139.55196905,35.299761],[139.55196645,35.29975144],[139.55196453,35.29973128],[139.55195897,35.29971456],[139.55194733,35.299711],[139.55193061,35.29971636],[139.5519165,35.2997212],[139.55190464,35.29972092],[139.5518963,35.29971547],[139.55189105,35.2997078],[139.55188073,35.2997012],[139.55186073,35.299699],[139.55184027,35.29969613],[139.55181489,35.29969214],[139.55180589,35.2996885],[139.55179217,35.29968225],[139.55177492,35.29967941],[139.5517625,35.29967803],[139.55175205,35.2996762],[139.55174516,35.29966989],[139.55174992,35.2996568],[139.55176686,35.29964451],[139.55178606,35.29963817],[139.55180752,35.29963451],[139.55182686,35.29963528],[139.55184477,35.29963875],[139.55186027,35.29964147],[139.55187467,35.29964403],[139.55188292,35.29964297],[139.55189219,35.29962767],[139.55190083,35.29961336],[139.55190791,35.29959905],[139.55191144,35.29959292],[139.55199778,35.29956203],[139.55199003,35.2995392],[139.55198803,35.29951647],[139.55198633,35.29949584],[139.55197805,35.29947453],[139.55195222,35.29944347],[139.55190547,35.29940577],[139.55223283,35.29949931],[139.552257,35.29950597],[139.55227922,35.29951208],[139.55231922,35.29953625],[139.55234005,35.29956931],[139.552382,35.29979375],[139.55240209,35.3],[139.55240217,35.30000097],[139.55241283,35.30011039],[139.55240949,35.30020177],[139.55241756,35.30029039],[139.55253839,35.30058789],[139.55269866,35.30091567],[139.55277173,35.30106205],[139.55280949,35.30121372],[139.55279089,35.30136123],[139.55284949,35.30153622],[139.55297783,35.30145677],[139.55308616,35.30138956],[139.55323338,35.30129844],[139.55344922,35.30116484],[139.55349117,35.30117567],[139.55350783,35.30118011],[139.55366828,35.30133308],[139.55372144,35.30138372],[139.55389477,35.30149651],[139.55409173,35.30162484],[139.55416005,35.30168789],[139.55488839,35.30197872],[139.555157,35.30203844],[139.55535061,35.30205095],[139.55559339,35.30206622],[139.5558545,35.30216428],[139.55595589,35.30217984],[139.55609311,35.30228039],[139.55624562,35.30239233],[139.55636533,35.30243233],[139.55653756,35.30259289],[139.55663895,35.30272178],[139.55665728,35.3028015],[139.556682,35.30298872],[139.55666953,35.30312428],[139.55664814,35.30330233],[139.5565898,35.30343428],[139.55647814,35.30364677],[139.55633425,35.30393289],[139.55633481,35.30413344],[139.55638397,35.30443123],[139.55650341,35.30476123],[139.55659175,35.30507484],[139.55668036,35.30513122],[139.55685759,35.30520344],[139.55714258,35.30511567],[139.55734314,35.30506733],[139.55749064,35.30507039],[139.55763786,35.30510456],[139.55787148,35.30525984],[139.55794397,35.30531622],[139.55812925,35.30556539],[139.55825786,35.30574233],[139.55833333,35.30580684],[139.55833397,35.30580739],[139.55837064,35.30583872],[139.55857175,35.30602344],[139.55877314,35.30612011],[139.55900647,35.30627289],[139.55918536,35.306414],[139.55937925,35.30661484],[139.55954036,35.30678511],[139.55965869,35.30685123],[139.55974202,35.3069748],[139.55975397,35.30699231],[139.55982925,35.30705813],[139.56008759,35.30726759],[139.56027287,35.30734786],[139.56045786,35.30738008],[139.56071536,35.30738813],[139.56110175,35.3073962],[139.56144314,35.30735592],[139.56157536,35.30731287],[139.5619073,35.30744147],[139.56213786,35.30763813],[139.56228314,35.30776175],[139.56237341,35.30783841],[139.56249759,35.30796841],[139.56254258,35.30801536],[139.56270341,35.30811175],[139.56277786,35.30814147],[139.56286453,35.3081762],[139.56328842,35.30828175],[139.5635415,35.30833333],[139.56354603,35.30833425],[139.5639062,35.30840759],[139.56406092,35.30841897],[139.56419564,35.3083862],[139.56429781,35.30833425],[139.56429964,35.30833333],[139.56452564,35.30821841],[139.56466674,35.3081498],[139.56475591,35.30816231],[139.56486536,35.30817759],[139.56501036,35.30820175],[139.56527591,35.30826369],[139.56540481,35.30833036],[139.56540703,35.30833333],[139.56540772,35.30833425],[139.56550647,35.30846647],[139.56559536,35.30852787],[139.56570314,35.30856453],[139.56583119,35.30864397],[139.56602453,35.30875675],[139.56627397,35.30885313],[139.56647591,35.30891231],[139.56666667,35.30899439],[139.5666673,35.30899467],[139.56674897,35.3090298],[139.56695759,35.30905647],[139.5671673,35.30907814],[139.56757925,35.3091948],[139.56777898,35.3092712],[139.56794815,35.30943203],[139.56814119,35.30970536],[139.56820397,35.30984175],[139.56830842,35.3099798],[139.56844981,35.31008425],[139.56865341,35.31020869],[139.56885453,35.31028092],[139.56895925,35.31032925],[139.56906842,35.31038425],[139.56911397,35.31040731],[139.5691262,35.31045341],[139.56910759,35.31050564],[139.56892703,35.3106912],[139.56878202,35.31085341],[139.56868036,35.3111148],[139.56864064,35.31123759],[139.56862925,35.31139897],[139.56868564,35.31184092],[139.56869119,35.3118998],[139.56871789,35.31218675],[139.56873455,35.3123398],[139.56879095,35.31285897],[139.56894761,35.31283869],[139.56909872,35.31281925],[139.56957844,35.31281203],[139.56982289,35.31278592],[139.57000233,35.31301675],[139.57046678,35.3130148],[139.57060233,35.31300231],[139.57089484,35.31297508],[139.571119,35.3129898],[139.57139066,35.31297953],[139.57154095,35.31296897],[139.57188178,35.31295453],[139.57227205,35.31293814],[139.57242872,35.31294731],[139.57286287,35.31299369],[139.57310008,35.3130398],[139.57362564,35.31309203],[139.57385036,35.31313203],[139.57401008,35.31318341],[139.57426981,35.31323008],[139.57430953,35.31324147],[139.57488148,35.31340314],[139.575,35.31346044],[139.57500064,35.31346078],[139.57505956,35.31348925],[139.57518178,35.31354147],[139.57575039,35.31378478],[139.57613927,35.31391228],[139.57627039,35.31393533],[139.57644956,35.313967],[139.57680678,35.31396144],[139.57728789,35.31395367],[139.57740455,35.31400784],[139.57761761,35.31410644],[139.57784706,35.31426033],[139.57797511,35.31434644],[139.57824538,35.31443256],[139.5784465,35.31446839],[139.57857956,35.31450756],[139.57872012,35.31454867],[139.57895372,35.31477367],[139.57918399,35.31498922],[139.5792915,35.31507505],[139.57941789,35.31521589],[139.57949678,35.31529117],[139.57959623,35.31540144],[139.58001733,35.31571172],[139.58015289,35.31577117],[139.58029428,35.31591533],[139.58043234,35.31606895],[139.58074428,35.31630423],[139.58095511,35.31639811],[139.58113956,35.316432],[139.58137012,35.31641644],[139.581879,35.31640089],[139.58223316,35.31636867],[139.58252316,35.31635533],[139.58278205,35.31637061],[139.58306178,35.31635589],[139.58331428,35.31638311],[139.58333333,35.31638789],[139.583334,35.31638805],[139.58352538,35.31643589],[139.58365289,35.3164845],[139.58380012,35.31651533],[139.58396012,35.31662867],[139.58403805,35.31666667],[139.58403986,35.31666756],[139.58427399,35.31678172],[139.58457983,35.31690228],[139.58483983,35.3170195],[139.58505455,35.31715144],[139.5853365,35.317417],[139.58541678,35.31759367],[139.58546012,35.31773867],[139.58552872,35.31796672],[139.58560317,35.31861253],[139.58564261,35.31875975],[139.58573178,35.31889169],[139.58582817,35.31903087],[139.585949,35.31909503],[139.58624678,35.31928003],[139.58658484,35.31939253],[139.58685428,35.31956892],[139.58698706,35.31973836],[139.58715623,35.31994753],[139.58733316,35.32023697],[139.58758317,35.32028225],[139.58784039,35.32030141],[139.58850095,35.32038753],[139.58874594,35.32037447],[139.58897927,35.32027808],[139.58922066,35.3201492],[139.58943095,35.32004169],[139.58960039,35.32004003],[139.58970233,35.32000725],[139.58988511,35.31991336],[139.59007761,35.31981975],[139.59019678,35.31975669],[139.59044511,35.31968031],[139.59060039,35.31965836],[139.5907165,35.31965086],[139.59090455,35.31966141],[139.59106428,35.31970725],[139.59128927,35.31977947],[139.59156623,35.3199078],[139.59166667,35.319952],[139.59166733,35.31995231],[139.5917265,35.31997836],[139.59189511,35.3200028],[139.59207956,35.31999975],[139.59240789,35.32002059],[139.59250455,35.32003697],[139.59281678,35.3201342],[139.59300261,35.32020586],[139.59308236,35.32027031],[139.59316041,35.32041475],[139.59315708,35.32068114],[139.59317348,35.32081392],[139.59315986,35.32095725],[139.59314375,35.3211278],[139.5929907,35.3214978],[139.59294542,35.32158697],[139.59290737,35.32166141],[139.59289431,35.32180336],[139.59277708,35.32213361],[139.59273319,35.32228556],[139.59271486,35.32243584],[139.59273319,35.32249472],[139.59277458,35.32255528],[139.5928007,35.32257528],[139.59294542,35.32268528],[139.59301486,35.32275195],[139.59310348,35.32292889],[139.59308125,35.32312944],[139.59307458,35.32332139],[139.59305958,35.32376389],[139.59302986,35.32390833],[139.59295903,35.3240275],[139.59244014,35.32418251],[139.59203986,35.32435833],[139.59179319,35.32449167],[139.59166737,35.32459933],[139.59166667,35.32459992],[139.59146042,35.32477639],[139.59129297,35.325],[139.59129236,35.32500084],[139.59125263,35.32505389],[139.5911707,35.32513028],[139.59108403,35.3252225],[139.59100153,35.32538751],[139.59088041,35.325655],[139.59081791,35.32581751],[139.59080847,35.32595833],[139.59081542,35.32613859],[139.59093737,35.32657553],[139.59087292,35.32673025],[139.59089708,35.32689108],[139.59089966,35.32700331],[139.59090514,35.32724497],[139.59089683,35.32737108],[139.59085684,35.32749414],[139.59066905,35.32767053],[139.59054934,35.32772441],[139.59037128,35.3277908],[139.58996073,35.32789525],[139.58969905,35.32798747],[139.58962545,35.32816747],[139.58966628,35.32826247],[139.58984267,35.3283872],[139.58998934,35.32853747],[139.59003267,35.32869997],[139.58995934,35.32881941],[139.589931,35.32885053],[139.58984795,35.3289408],[139.58973406,35.32906331],[139.58962545,35.32919914],[139.58954934,35.32930859],[139.58939462,35.32943053],[139.58926073,35.32958386],[139.58918822,35.32965636],[139.58905739,35.32973164],[139.58870988,35.33004747],[139.58881572,35.33027244],[139.5889235,35.33043384],[139.58906766,35.33061328],[139.58916878,35.33079384],[139.58911516,35.33096495],[139.58907489,35.33116605],[139.58906294,35.33128856],[139.58907044,35.33133828],[139.58908294,35.33142328],[139.58919572,35.33161884],[139.58927462,35.3317555],[139.58937767,35.33199772],[139.58944489,35.33221939],[139.58942377,35.33260384],[139.58933211,35.33271772],[139.589276,35.33297522],[139.58916322,35.33324189],[139.58913875,35.33333333],[139.58913852,35.33333411],[139.58912545,35.333383],[139.58912822,35.33349439],[139.58914711,35.33389078],[139.58912992,35.33409825],[139.5890902,35.33437241],[139.58910659,35.33459741],[139.5891338,35.33472547],[139.58919881,35.33486103],[139.58921852,35.33504714],[139.58917464,35.33533908],[139.58909047,35.33556797],[139.58900908,35.33579575],[139.58897713,35.33606797],[139.58892075,35.3362852],[139.58886436,35.33638964],[139.58876492,35.33645825],[139.58858297,35.33650436],[139.58835214,35.3364802],[139.5880438,35.33650241],[139.58785852,35.33651853],[139.58771492,35.33651964],[139.58759964,35.33652075],[139.58730102,35.33652075],[139.5870063,35.33648741],[139.5868827,35.33641492],[139.58674158,35.3363852],[139.58659603,35.33632659],[139.5862338,35.33613353],[139.58615326,35.33607741],[139.58598353,35.33605659],[139.58567047,35.33602103],[139.58550964,35.33610159],[139.58524409,35.33624631],[139.58516353,35.33629436],[139.5850427,35.33631853],[139.58492214,35.33631853],[139.58469547,35.33630631],[139.58445519,35.33629408],[139.58431492,35.33628741],[139.58394353,35.33626936],[139.5838338,35.33622547],[139.58370214,35.33617269],[139.58358686,35.33603713],[139.58352492,35.3359238],[139.5834927,35.33580297],[139.58338825,35.33571464],[139.58333409,35.33568123],[139.58333333,35.33568078],[139.5832838,35.3356502],[139.58310659,35.33565825],[139.58280881,35.33568241],[139.58264992,35.33565131],[139.58248686,35.33557797],[139.58239047,35.33549741],[139.58227214,35.33528436],[139.58219326,35.33512436],[139.58210852,35.33501492],[139.58205241,35.3349588],[139.58195575,35.33492659],[139.58175436,35.33489436],[139.58153713,35.33503908],[139.58124742,35.33528047],[139.5811038,35.33538769],[139.58088519,35.33554575],[139.58076409,35.33564075],[139.58060659,35.3357352],[139.58045047,35.3358752],[139.58022547,35.33597159],[139.5800727,35.3360038],[139.57995185,35.33604408],[139.57974409,35.33607631],[139.57949464,35.33619713],[139.57935769,35.33627741],[139.57922659,35.33627575],[139.57904464,35.33624047],[139.57878603,35.3361752],[139.57854908,35.33612187],[139.57848492,35.33610741],[139.57840798,35.33610187],[139.57815297,35.33610187],[139.57771852,35.33602047],[139.57745825,35.33595575],[139.57735436,35.33593603],[139.57698241,35.33589547],[139.57657326,35.33589159],[139.57641964,35.33586825],[139.57616992,35.33586269],[139.57593659,35.33587075],[139.57578436,35.33603631],[139.57565547,35.33617297],[139.57555908,35.3362452],[139.57534158,35.33636603],[139.57528519,35.33641408],[139.57500075,35.336509],[139.575,35.33650925],[139.57494713,35.33652687],[139.5748427,35.33652687],[139.57476713,35.3364602],[139.57471908,35.33641769],[139.57465659,35.33642047],[139.57449686,35.3365188],[139.57441185,35.33661214],[139.57434409,35.33667741],[139.57414241,35.33679241],[139.57386436,35.33685797],[139.57374603,35.33686103],[139.57362326,35.33691492],[139.57358492,35.33698992],[139.57347355,35.33720741],[139.573413,35.33743269],[139.57338411,35.33754075],[139.57336078,35.33763269],[139.5732155,35.33820992],[139.57320467,35.33835103],[139.5731255,35.33893575],[139.57313272,35.33916269],[139.57309661,35.33927436],[139.57305328,35.33990159],[139.57304966,35.34005408],[139.573028,35.34016933],[139.57295966,35.3406085],[139.57293078,35.34111017],[139.572928,35.34115656],[139.57292051,35.34141684],[139.57290189,35.34153572],[139.57290791,35.34166667],[139.57290795,35.34166739],[139.57291134,35.34174072],[139.57293803,35.34235822],[139.5728708,35.34250489],[139.57269163,35.34279767],[139.57218691,35.34343184],[139.5721618,35.34346113],[139.57186997,35.34380184],[139.5717547,35.34391351],[139.57162859,35.34403239],[139.5715383,35.34415489],[139.57138136,35.34434239],[139.57093664,35.34507184],[139.57080776,35.34530433],[139.57072969,35.34542544],[139.57061442,35.34568097],[139.57053886,35.34592597],[139.57051331,35.34617792],[139.57045584,35.3463268],[139.57036667,35.34664959],[139.57026667,35.34680125],[139.57022501,35.34689708],[139.57013083,35.34700708],[139.5699075,35.3472468],[139.56964111,35.34749208],[139.56959361,35.34753569],[139.56937361,35.34747208],[139.56922917,35.34743041],[139.56871056,35.34730208],[139.56858667,35.34728264],[139.56840528,35.3472268],[139.56803917,35.34721903],[139.56768111,35.34725403],[139.5674665,35.3472578],[139.56730639,35.34725441],[139.56706222,35.34723513],[139.56689112,35.34715292],[139.5666675,35.34702159],[139.56666667,35.34702111],[139.56664611,35.34700903],[139.56654167,35.3469082],[139.56635056,35.34685069],[139.56617027,35.34678541],[139.56579584,35.34649264],[139.56563306,35.34638711],[139.56545389,35.34637072],[139.5653,35.34643128],[139.56506306,35.34647656],[139.56474584,35.34645211],[139.56455333,35.34644572],[139.56439584,35.34645211],[139.56418944,35.34645656],[139.56387611,35.34647433],[139.56362416,35.34642128],[139.56352778,35.34638377],[139.56338472,35.34631572],[139.56322389,35.34633017],[139.56300667,35.34642433],[139.56275694,35.34648405],[139.56257278,35.34648461],[139.56234472,35.34638711],[139.56225528,35.34635711],[139.56218639,35.34633377],[139.56203139,35.34625795],[139.5618725,35.34625072],[139.56170667,35.34626877],[139.56151555,35.34627239],[139.56124888,35.34618961],[139.5611675,35.34618017],[139.56080805,35.34622377],[139.56062861,35.34628656],[139.56047584,35.34635905],[139.56028195,35.34649989],[139.56011973,35.34660072],[139.55983917,35.34684544],[139.55966139,35.34696184],[139.55949056,35.34704433],[139.55936944,35.3470985],[139.55892112,35.34713156],[139.55873778,35.34711656],[139.55847112,35.34706267],[139.55833416,35.34702497],[139.55833333,35.34702472],[139.5582875,35.34701211],[139.55805056,35.34700961],[139.55772888,35.34707044],[139.55762864,35.34711377],[139.55753891,35.34717961],[139.55739531,35.34730489],[139.55733837,35.34735461],[139.55724837,35.34753184],[139.55717975,35.34765072],[139.55717141,35.34777405],[139.55717411,35.34781705],[139.55717947,35.3479032],[139.55720392,35.34804236],[139.55719586,35.34818875],[139.55714698,35.34832708],[139.55703309,35.34843264],[139.55663224,35.34871513],[139.55643725,35.34884903],[139.55637947,35.34903653],[139.5563417,35.34914264],[139.55632586,35.3491868],[139.55631003,35.34923153],[139.55626003,35.3493718],[139.55611114,35.34943875],[139.5559353,35.3495282],[139.5558992,35.3495468],[139.55574975,35.34962292],[139.55563642,35.34968069],[139.55536864,35.34987097],[139.55522514,35.35],[139.55522436,35.35000069],[139.55513475,35.35008125],[139.55496419,35.35036403],[139.55485752,35.35054069],[139.55482558,35.35059347],[139.5547345,35.35072459],[139.554637,35.35083986],[139.55461089,35.35103764],[139.55441172,35.35138959],[139.55416228,35.35177041],[139.55399423,35.35194736],[139.55373895,35.35212013],[139.55352978,35.35220236],[139.55325811,35.35225403],[139.553067,35.35226487],[139.55294811,35.3522468],[139.55268117,35.3523318],[139.552217,35.35261625],[139.5520645,35.35272292],[139.5517545,35.35315375],[139.55165562,35.35335625],[139.55160311,35.3534482],[139.55147314,35.3538118],[139.55136258,35.35392569],[139.55118119,35.35405736],[139.55118036,35.35405792],[139.55101815,35.35415153],[139.55077647,35.35433236],[139.55054036,35.3545518],[139.55031453,35.35482986],[139.55014953,35.35491792],[139.55000092,35.3549705],[139.55,35.3549708],[139.54995008,35.35498847],[139.54967341,35.35504597],[139.54922898,35.35514347],[139.54907925,35.35519236],[139.54871287,35.35530622],[139.54847674,35.35543651],[139.54832341,35.35573122],[139.54830897,35.35578177],[139.54806175,35.35621678],[139.5480062,35.35638761],[139.54795591,35.35651761],[139.54786567,35.35715928],[139.54781511,35.357344],[139.54763761,35.35754984],[139.54745039,35.35770539],[139.54732039,35.35782372],[139.54726039,35.35792984],[139.54727066,35.35801511],[139.54735345,35.35813761],[139.54740233,35.35824984],[139.54747097,35.35833333],[139.54747153,35.358334],[139.54757039,35.35845428],[139.54770511,35.35866956],[139.54771817,35.35876595],[139.547819,35.35892039],[139.54784289,35.35906095],[139.54792345,35.35928484],[139.54809289,35.35949705],[139.54817956,35.35954039],[139.54833122,35.35965456],[139.5487465,35.35959761],[139.54885455,35.35958761],[139.54900594,35.35964539],[139.54900956,35.35986872],[139.54903956,35.35998817],[139.54899872,35.36029705],[139.54891844,35.36051595],[139.54887844,35.36062539],[139.54886372,35.36066595],[139.54885761,35.36068233],[139.54881538,35.36079761],[139.54879706,35.36102011],[139.54874205,35.36122039],[139.54868514,35.36123651],[139.54848178,35.36111484],[139.54841761,35.36110067],[139.54833511,35.36108233],[139.54826983,35.361104],[139.54821319,35.36112289],[139.54809903,35.36123678],[139.54794458,35.36148067],[139.54790153,35.361514],[139.54770319,35.36154261],[139.54757014,35.36161067],[139.54760597,35.36177039],[139.54760403,35.36185817],[139.54760263,35.36191151],[139.5475618,35.36196039],[139.54715486,35.36201733],[139.54705737,35.36212289],[139.54697847,35.3625448],[139.54695153,35.36258647],[139.54662097,35.36269536],[139.54648041,35.36274147],[139.54621903,35.36281425],[139.5459993,35.36276536],[139.54587041,35.36277925],[139.54559486,35.36284647],[139.5452382,35.36289064],[139.54434708,35.3630012],[139.54421542,35.36299564],[139.54408569,35.36283397],[139.54403764,35.36274123],[139.54397737,35.36264651],[139.54392236,35.36248872],[139.5438582,35.362304],[139.54380014,35.36216539],[139.54378263,35.36207011],[139.54372125,35.36187511],[139.54363486,35.36181761],[139.5434507,35.36136317],[139.5434182,35.361269],[139.54340791,35.36125177],[139.54330569,35.36107984],[139.54319348,35.36089123],[139.54293847,35.36030623],[139.54286319,35.36015372],[139.5427382,35.35989956],[139.54271789,35.359859],[139.54262122,35.35966261],[139.54258733,35.35959372],[139.54256399,35.35947511],[139.54253983,35.35935344],[139.54266066,35.35915456],[139.54287678,35.35885511],[139.5428965,35.358699],[139.54290205,35.35860595],[139.54287095,35.35845095],[139.54286484,35.35833928],[139.54286423,35.358334],[139.54286414,35.35833333],[139.54283484,35.35808151],[139.54279844,35.35792372],[139.54270012,35.35761761],[139.54262761,35.35748456],[139.54247261,35.35729817],[139.54234261,35.35717567],[139.54209844,35.35701289],[139.54193567,35.35698844],[139.54166761,35.35700964],[139.54166667,35.35700972],[139.5416265,35.35701289],[139.54134511,35.35698651],[139.54088817,35.356979],[139.54063567,35.35699677],[139.54028594,35.35697123],[139.53956956,35.35686539],[139.539179,35.35683289],[139.53901317,35.35684011],[139.53887234,35.35686095],[139.53873956,35.35692233],[139.53845455,35.35705233],[139.53811789,35.35714484],[139.53767817,35.35722233],[139.53767317,35.35722317],[139.53747789,35.35719872],[139.53741455,35.35712623],[139.53731511,35.35701177],[139.53722761,35.35681764],[139.5371865,35.35672625],[139.53712817,35.35659708],[139.53704317,35.35633375],[139.53702761,35.35630736],[139.53690983,35.35610708],[139.53686289,35.35598347],[139.53682927,35.35589431],[139.53670066,35.35555541],[139.5366215,35.35541514],[139.53653511,35.35527513],[139.53645345,35.35514264],[139.53632039,35.35492736],[139.53625455,35.35486625],[139.53588511,35.35481208],[139.53580623,35.35489208],[139.53568567,35.35485403],[139.535254,35.35485403],[139.53497733,35.35486236],[139.53477733,35.35488403],[139.53467289,35.35493459],[139.53418289,35.35500903],[139.53394789,35.35499597],[139.53374372,35.35501736],[139.53358095,35.35495208],[139.53333428,35.35483939],[139.53333333,35.35483895],[139.53310066,35.35473264],[139.53295538,35.35467514],[139.53284817,35.35459431],[139.53263428,35.35451625],[139.53238261,35.35446569],[139.53227983,35.35444513],[139.53205956,35.35440069],[139.53205066,35.35439903],[139.53172872,35.3542782],[139.531549,35.35419875],[139.53154151,35.35419541],[139.53140844,35.35416153],[139.53130012,35.35413403],[139.53115484,35.35412487],[139.53100345,35.35411569],[139.53090151,35.35410931],[139.530854,35.35410625],[139.53066956,35.35413625],[139.53060178,35.35414708],[139.53052039,35.35426097],[139.5305365,35.3545782],[139.530589,35.35470375],[139.53056039,35.35479375],[139.53057844,35.35488847],[139.53066844,35.35512987],[139.53067289,35.35521708],[139.53068039,35.35536041],[139.53068178,35.35538875],[139.53083428,35.35574569],[139.53084289,35.35582459],[139.53089567,35.3563018],[139.53085261,35.35652875],[139.53086095,35.35682792],[139.53085983,35.35696569],[139.53082012,35.3570718],[139.53078012,35.35713541],[139.53055986,35.35736456],[139.53042125,35.35764123],[139.53033986,35.35772233],[139.53029597,35.35771539],[139.53028097,35.35771289],[139.53013652,35.35768984],[139.52991514,35.35765678],[139.52984737,35.35764677],[139.52975431,35.35763289],[139.52968097,35.35773067],[139.52960652,35.35799511],[139.52949678,35.35812697],[139.52942533,35.35833333],[139.52942511,35.358334],[139.52941192,35.35837208],[139.52938986,35.358374],[139.52903791,35.35838095],[139.52903737,35.358334],[139.52903737,35.35833333],[139.52903652,35.35826289],[139.52878652,35.35811595],[139.52873876,35.35806067],[139.52867652,35.35799705],[139.52864403,35.35789984],[139.52855431,35.35763151],[139.52851209,35.35756567],[139.5285018,35.35754984],[139.52848124,35.35751761],[139.52829153,35.35745151],[139.52812209,35.35741205],[139.52801708,35.3573468],[139.52801764,35.35717431],[139.52795124,35.35680236],[139.52752263,35.35677375],[139.52741486,35.35678569],[139.52665791,35.35681014],[139.52624569,35.35681347],[139.52608292,35.35679431],[139.52600652,35.35678541],[139.52586681,35.35677708],[139.52575458,35.35679347],[139.52561625,35.3568668],[139.52551042,35.35697236],[139.52545569,35.35705514],[139.52541959,35.35717403],[139.52541847,35.35734514],[139.52541708,35.35752625],[139.52540209,35.35760344],[139.5253207,35.35780678],[139.52505209,35.3580915],[139.52500097,35.35816275],[139.525,35.35816411],[139.52493652,35.35825261],[139.52485292,35.35833333],[139.52485222,35.358334],[139.5248318,35.35835372],[139.5246482,35.35845456],[139.52450042,35.358534],[139.52420542,35.3585465],[139.52416319,35.35856123],[139.52383986,35.35867484],[139.52374153,35.35879872],[139.5237007,35.35894511],[139.52372737,35.35914011],[139.52376375,35.35940428],[139.52367403,35.35965623],[139.52338489,35.35998011],[139.52317822,35.36021539],[139.52289849,35.36055067],[139.52281878,35.36062095],[139.52272572,35.36068372],[139.52245322,35.36076205],[139.52233044,35.36077844],[139.52201073,35.3608215],[139.52189183,35.36091511],[139.52180183,35.36100511],[139.52168683,35.36123261],[139.52162489,35.36135428],[139.52155322,35.36149595],[139.52144128,35.36159317],[139.52132711,35.36165067],[139.52111545,35.36171567],[139.52095433,35.36163289],[139.520821,35.36159317],[139.52074433,35.36161705],[139.52062711,35.36177233],[139.52043183,35.36187789],[139.5200735,35.36199177],[139.51995961,35.36197567],[139.51977239,35.36180484],[139.51944683,35.36152817],[139.51936878,35.36150372],[139.51921572,35.36145539],[139.51905905,35.36145956],[139.51887516,35.36149205],[139.51872384,35.36156692],[139.51849128,35.36164233],[139.51838545,35.36167317],[139.5182635,35.36167484],[139.51806239,35.36162872],[139.51790516,35.36162623],[139.51776044,35.36164372],[139.51758489,35.36171123],[139.51736988,35.36179428],[139.51666766,35.36202986],[139.51666667,35.3620302],[139.51663377,35.36204122],[139.516511,35.36206567],[139.51643739,35.36208011],[139.51612795,35.36214123],[139.51583267,35.36218984],[139.51560073,35.36222789],[139.51538908,35.36226039],[139.51495908,35.36226011],[139.5143427,35.36235984],[139.51429659,35.36236733],[139.51401131,35.36240677],[139.51382713,35.36246456],[139.51356992,35.36259705],[139.51325603,35.36289511],[139.51303214,35.36305567],[139.51288214,35.36314595],[139.51266936,35.36323428],[139.51244158,35.36327928],[139.51220186,35.36338456],[139.51203881,35.36346623],[139.51189214,35.36356817],[139.51157409,35.363804],[139.51144575,35.36393872],[139.51130075,35.36404095],[139.51116908,35.36411011],[139.51100881,35.36418733],[139.51089158,35.36423039],[139.51064575,35.36434456],[139.51052603,35.36436123],[139.51027353,35.36440205],[139.51005659,35.36443622],[139.50996436,35.36445067],[139.50993158,35.36446261],[139.50978019,35.36451844],[139.50943852,35.36474622],[139.50851464,35.36473456],[139.50845908,35.36488564],[139.50842158,35.36498731],[139.50838908,35.3650448],[139.50833436,35.36507247],[139.50833333,35.365073],[139.50808186,35.36520008],[139.50798161,35.36522869],[139.50793328,35.36525036],[139.50792689,35.36525314],[139.50765051,35.36537647],[139.50764105,35.36538064],[139.50757745,35.36540897],[139.50726328,35.36552203],[139.50673633,35.36577036],[139.50651939,35.36588647],[139.50640828,35.36596814],[139.50621022,35.36605092],[139.50612217,35.36607369],[139.50603036,35.36608353],[139.50589411,35.36609814],[139.50572328,35.36618759],[139.50567911,35.36621425],[139.50558883,35.36626897],[139.50549272,35.36635313],[139.50521078,35.36661064],[139.50516839,35.36666667],[139.50516789,35.36666731],[139.50494772,35.36695813],[139.50493411,35.3669762],[139.50481022,35.36716953],[139.50457577,35.36722008],[139.50446995,35.36722008],[139.50392467,35.36726897],[139.50350134,35.36731786],[139.50305384,35.36747231],[139.50281189,35.36751897],[139.50264689,35.36753731],[139.50259105,35.36754759],[139.5025155,35.36738925],[139.50249384,35.36721647],[139.50243606,35.3671012],[139.502418,35.36689313],[139.50232577,35.3667162],[139.50229348,35.36666731],[139.50229306,35.36666667],[139.50220633,35.36653536],[139.50214384,35.3664012],[139.50207328,35.36630592],[139.50196078,35.36615425],[139.501868,35.36602869],[139.50157355,35.36574453],[139.50148438,35.36564897],[139.50146606,35.36562953],[139.50130411,35.36553953],[139.50116856,35.36538231],[139.50109883,35.36523869],[139.501088,35.36511647],[139.50116939,35.36489675],[139.50116134,35.36473425],[139.50107966,35.36457897],[139.50094189,35.36433369],[139.50081936,35.36414095],[139.50046769,35.36371872],[139.50040547,35.36365205],[139.50033881,35.36366705],[139.50026825,35.36371177],[139.50000102,35.36388169],[139.5,35.36388233],[139.49994019,35.36392039],[139.49980992,35.36397011],[139.49972047,35.36397011],[139.49958131,35.36388289],[139.49935908,35.36366705],[139.49915798,35.36344344],[139.49902047,35.36335205],[139.49890659,35.36324622],[139.49883326,35.36296595],[139.49873686,35.36285761],[139.49868936,35.36275844],[139.49868659,35.36272567],[139.4987102,35.36268733],[139.49878131,35.36262539],[139.49888131,35.36254261],[139.49889241,35.36243677],[139.49885075,35.36238651],[139.49875102,35.36231511],[139.49866798,35.36233844],[139.49854992,35.36241984],[139.49846547,35.36245344],[139.49835297,35.36245289],[139.4981563,35.3624115],[139.49797241,35.36226956],[139.49794908,35.36218317],[139.49779158,35.36193484],[139.49769659,35.36169705],[139.49765353,35.36147039],[139.4976063,35.36134844],[139.49755992,35.36122956],[139.49752102,35.36112956],[139.49751409,35.3611115],[139.49727825,35.36071261],[139.49713769,35.360554],[139.49693575,35.36022289],[139.49680019,35.36003844],[139.49678603,35.36001705],[139.49672436,35.35992344],[139.49662881,35.3597265],[139.49655825,35.35960261],[139.49654769,35.35956261],[139.49651908,35.35945539],[139.49650131,35.35938761],[139.4964727,35.35928011],[139.49638878,35.35896428],[139.49630406,35.35879511],[139.49625711,35.35871677],[139.49613988,35.35866511],[139.49603462,35.35866122],[139.49583462,35.35865261],[139.49572462,35.35863595],[139.49558073,35.35855705],[139.49547377,35.35849789],[139.49532128,35.358354],[139.49530214,35.358334],[139.4953015,35.35833333],[139.4951735,35.35819956],[139.49507878,35.35809984],[139.4951135,35.35805067],[139.49539128,35.3577115],[139.49543406,35.35765844],[139.49555655,35.35750205],[139.49566406,35.35737984],[139.49582767,35.35727733],[139.49589017,35.3572665],[139.49637878,35.35726011],[139.49680017,35.35726928],[139.49751017,35.35719205],[139.49798239,35.35711789],[139.49807655,35.35710928],[139.49815322,35.35710205],[139.49937239,35.35698956],[139.49952128,35.35695233],[139.49967073,35.35691511],[139.5,35.35687517],[139.500001,35.35687503],[139.5003735,35.35682984],[139.50076628,35.35682205],[139.50120516,35.35663067],[139.50201988,35.35627487],[139.50215377,35.35621625],[139.50261516,35.35598653],[139.50270739,35.35588514],[139.50288322,35.3557618],[139.50305263,35.35563764],[139.50317236,35.35555014],[139.50344209,35.35537736],[139.50346986,35.35534486],[139.50349319,35.35525541],[139.50361348,35.35490514],[139.5036107,35.35461431],[139.5036407,35.35446486],[139.50369236,35.35436847],[139.50372625,35.35430541],[139.5039918,35.35404764],[139.50406569,35.35397597],[139.50436625,35.35366264],[139.50443625,35.35350292],[139.5043893,35.3533718],[139.50432319,35.3531868],[139.50433014,35.35308569],[139.50447236,35.35251513],[139.50451236,35.35235514],[139.50453764,35.3522532],[139.50456458,35.35214041],[139.50457903,35.35208069],[139.50454319,35.3518932],[139.50448903,35.35174403],[139.50443847,35.35164959],[139.50419042,35.35141014],[139.50405983,35.35126653],[139.50404678,35.35108375],[139.50405983,35.35100541],[139.5041365,35.35099014],[139.50420789,35.35099459],[139.50461151,35.35109125],[139.50481761,35.35114903],[139.50493538,35.35125347],[139.50515737,35.35172347],[139.50529153,35.35195625],[139.50567986,35.35246764],[139.50573236,35.35249347],[139.50578764,35.35249347],[139.50596737,35.35245459],[139.50626263,35.35238513],[139.50642403,35.35232292],[139.5066407,35.35216625],[139.5066993,35.35215431],[139.50675431,35.3521618],[139.50683486,35.35221236],[139.50694292,35.35224541],[139.50697042,35.35225347],[139.50703542,35.35227208],[139.50723514,35.35237625],[139.50728403,35.3523818],[139.50732681,35.35238653],[139.50735263,35.35238931],[139.50742486,35.35227431],[139.50740486,35.35214125],[139.50739261,35.35201597],[139.50735567,35.35193764],[139.50732567,35.35176736],[139.5073115,35.35166541],[139.50715261,35.35136875],[139.50715511,35.35128125],[139.50726538,35.35105014],[139.50727428,35.3510318],[139.50732455,35.35095708],[139.50740178,35.35084264],[139.50745927,35.35081736],[139.50782316,35.35083597],[139.50786233,35.35090125],[139.50788844,35.35108403],[139.50802872,35.35121153],[139.50807484,35.35136153],[139.50814983,35.35147569],[139.50833333,35.35164136],[139.50833428,35.35164222],[139.50842428,35.35172347],[139.50858455,35.35181347],[139.50877178,35.35170903],[139.50883261,35.35163097],[139.50891983,35.3514832],[139.50896345,35.35140903],[139.50888428,35.35108903],[139.50879345,35.35103041],[139.50868872,35.35096041],[139.50855678,35.35087236],[139.5084015,35.35080847],[139.50833623,35.35075625],[139.50835956,35.35070013],[139.5084015,35.35059959],[139.50862345,35.3504018],[139.50850345,35.35024514],[139.50853205,35.3501032],[139.50858591,35.35000069],[139.50858628,35.35],[139.5087965,35.34959987],[139.50885511,35.3494885],[139.50895039,35.34930711],[139.50899567,35.34927461],[139.50918538,35.34913739],[139.50934289,35.34913405],[139.50948012,35.34916295],[139.50958122,35.34923156],[139.50963095,35.34929322],[139.50973538,35.34953405],[139.50981233,35.34964628],[139.51001367,35.34985861],[139.51014769,35.35],[139.51014837,35.35000069],[139.51015706,35.35000986],[139.51031399,35.35012764],[139.51047761,35.3501668],[139.51057066,35.35015541],[139.51070494,35.35000069],[139.51070555,35.35],[139.51074039,35.34995987],[139.51096261,35.34980323],[139.51111956,35.34967267],[139.51114233,35.34952017],[139.5111465,35.34949128],[139.51122261,35.34939239],[139.51122261,35.34907933],[139.51127567,35.34883656],[139.51129178,35.34871933],[139.51130095,35.34852739],[139.51127095,35.34835711],[139.51116953,35.34800823],[139.51117481,35.34786517],[139.51125258,35.34778295],[139.5114598,35.34774156],[139.5116073,35.34770017],[139.51174453,35.34764295],[139.51179397,35.3475935],[139.51181008,35.34752905],[139.51180536,35.34745544],[139.51178008,35.34740239],[139.51143842,35.34711377],[139.51130953,35.34707711],[139.51122202,35.34703572],[139.51117341,35.34703322],[139.51108119,35.34705628],[139.51098647,35.34705544],[139.51090815,35.34692489],[139.51080703,35.34671517],[139.51063175,35.34662711],[139.51049008,35.3466085],[139.51001953,35.34654628],[139.51000759,35.34653628],[139.50995258,35.34649044],[139.50970591,35.34628517],[139.50954898,35.34602405],[139.50955148,35.34594961],[139.50955341,35.34589628],[139.50955703,35.34579961],[139.50956175,35.345661],[139.50956536,35.345561],[139.50956453,35.3454185],[139.50953008,35.34526239],[139.50953674,35.34515656],[139.50958759,35.34505072],[139.50965202,35.34499072],[139.50972814,35.34495156],[139.50996759,35.34487572],[139.51015674,35.34480405],[139.51027647,35.34478795],[139.51049536,35.34473711],[139.51050925,35.34470933],[139.51048008,35.34456905],[139.51038869,35.34436017],[139.51033647,35.34423628],[139.51013815,35.34402211],[139.51009674,35.34368489],[139.51002759,35.34351433],[139.50997922,35.34339461],[139.50991228,35.3432285],[139.50983172,35.34305851],[139.50982672,35.34285878],[139.50992394,35.34279795],[139.51006895,35.34286489],[139.51008978,35.342876],[139.51013756,35.34290156],[139.51023255,35.34295211],[139.51030866,35.34306044],[139.51032922,35.34324905],[139.51036256,35.34326351],[139.51049866,35.34330184],[139.51078061,35.343381],[139.51078311,35.34338851],[139.51095148,35.34388322],[139.51109842,35.34417184],[139.51177786,35.34404739],[139.51192536,35.34398767],[139.51214703,35.34393239],[139.51228533,35.34390461],[139.51284589,35.34378739],[139.51298949,35.34374211],[139.51319589,35.34367684],[139.51328811,35.34366767],[139.51387394,35.34351295],[139.51426117,35.343416],[139.51435173,35.34342044],[139.51492839,35.34328823],[139.51506616,35.34326433],[139.51508311,35.34326128],[139.51533423,35.34319461],[139.51569506,35.343196],[139.51596338,35.34319684],[139.516047,35.34309322],[139.51619783,35.34290711],[139.51626339,35.342826],[139.516302,35.34277269],[139.51632589,35.34273992],[139.51635061,35.3426588],[139.51638645,35.34254214],[139.51642394,35.34241908],[139.51643283,35.3423902],[139.51653949,35.34232408],[139.51655562,35.3422638],[139.51656506,35.3422288],[139.51664866,35.34212992],[139.51666667,35.34212375],[139.51666756,35.34212344],[139.51676756,35.34208908],[139.51666756,35.34202453],[139.51666667,35.34202395],[139.51647672,35.34190131],[139.51624005,35.34169241],[139.51622737,35.34166741],[139.51622698,35.34166667],[139.51621173,35.34163659],[139.51600228,35.34148213],[139.51609034,35.34143825],[139.51626172,35.34142187],[139.51651949,35.34139741],[139.51665922,35.34138408],[139.51666667,35.34138333],[139.51666756,35.34138325],[139.51668672,35.34138131],[139.51683367,35.34136741],[139.51682672,35.34135992],[139.51666756,35.3411852],[139.51666667,35.34118422],[139.51634061,35.34082631],[139.51621173,35.34072325],[139.51581406,35.34036633],[139.51572949,35.34025408],[139.5155745,35.34007464],[139.5154192,35.33994908],[139.51540141,35.33993492],[139.51518197,35.33968631],[139.51516891,35.33967131],[139.51501224,35.33949408],[139.51478224,35.33926103],[139.51421197,35.33861408],[139.51336837,35.3376738],[139.51327947,35.33756297],[139.51291336,35.3371338],[139.51280114,35.33695213],[139.5124692,35.33661297],[139.51199558,35.33612992],[139.51190031,35.33602159],[139.51173309,35.33583103],[139.51159558,35.33571353],[139.51147947,35.33554241],[139.51122558,35.33527713],[139.51096141,35.33495856],[139.51093197,35.33492328],[139.51056891,35.33452605],[139.51033586,35.33426717],[139.51020403,35.33414136],[139.51015864,35.33404911],[139.51009392,35.33396939],[139.50991781,35.33378967],[139.50978139,35.33363105],[139.5096475,35.33353605],[139.50953083,35.33346272],[139.50932361,35.33335911],[139.50924674,35.33333411],[139.50924438,35.33333333],[139.50916389,35.33330717],[139.5089725,35.33327856],[139.50888611,35.33326578],[139.50854611,35.33329439],[139.50837778,35.33331578],[139.50833416,35.33332356],[139.50833333,35.33332369],[139.50827942,35.33333333],[139.50827514,35.33333411],[139.50812114,35.33336161],[139.50785781,35.3333955],[139.50757698,35.33341884],[139.50733447,35.33347577],[139.5068517,35.33353189],[139.50663419,35.333548],[139.50629642,35.33355772],[139.50555808,35.33353578],[139.50508558,35.33351495],[139.50484864,35.33349244],[139.5047017,35.33348828],[139.50446669,35.33343744],[139.50442031,35.33342133],[139.50435114,35.33339744],[139.5042528,35.33336328],[139.50421652,35.33333411],[139.50421555,35.33333333],[139.50407141,35.33321744],[139.50406365,35.33321133],[139.50395058,35.33312023],[139.50380725,35.33305605],[139.50368309,35.33298105],[139.50364141,35.33297077],[139.50320808,35.33286439],[139.50292613,35.33280105],[139.50289419,35.332788],[139.50289752,35.33264828],[139.50289781,35.33263995],[139.50289975,35.33255133],[139.5029017,35.33242051],[139.5029153,35.33219133],[139.50292639,35.33200023],[139.50289139,35.33179884],[139.50279944,35.33157023],[139.50275639,35.33146105],[139.50270944,35.33131411],[139.50260778,35.3311955],[139.50235501,35.33099495],[139.50212139,35.33085828],[139.50206492,35.33081933],[139.50194694,35.330738],[139.50181306,35.33062133],[139.50166416,35.33047384],[139.5015825,35.33036744],[139.50146389,35.33008967],[139.50143472,35.32995189],[139.50128555,35.32947523],[139.50114888,35.32914689],[139.50104834,35.32891467],[139.50097611,35.32870551],[139.50083611,35.3284655],[139.50072361,35.32825105],[139.50064112,35.32813439],[139.50056611,35.32798551],[139.50038722,35.3277755],[139.50024222,35.32764661],[139.50014,35.32757328],[139.50002973,35.32747133],[139.50000083,35.32745292],[139.5,35.32745239],[139.49989501,35.32738551],[139.49978861,35.32729578],[139.49961445,35.32721244],[139.49934888,35.32709189],[139.49915195,35.32696633],[139.4991475,35.32696328],[139.49901027,35.32675078],[139.49893805,35.32666217],[139.49866472,35.32621551],[139.49853584,35.32599856],[139.49849805,35.32592772],[139.49842472,35.32583689],[139.49823664,35.32557051],[139.49813331,35.32547578],[139.49787248,35.32530772],[139.49774552,35.325183],[139.49761664,35.32513189],[139.49755414,35.32510577],[139.49740406,35.32500077],[139.49740294,35.325],[139.49731275,35.32493689],[139.49719387,35.32478022],[139.49713664,35.32469467],[139.49706691,35.32449161],[139.49705442,35.32442411],[139.49710275,35.32398192],[139.49710776,35.32386997],[139.49712691,35.32368469],[139.49711803,35.32360053],[139.49713497,35.32348359],[139.49724248,35.32317136],[139.4972508,35.32296025],[139.49721997,35.32278025],[139.49711886,35.32257497],[139.49697414,35.32216469],[139.49693192,35.32190497],[139.49692109,35.32173247],[139.49690997,35.32155997],[139.49690969,35.32155359],[139.49691469,35.3214272],[139.49692109,35.32127553],[139.49694386,35.32070914],[139.49696442,35.32046164],[139.49696664,35.32037247],[139.49695053,35.32017941],[139.497003,35.32006414],[139.49710328,35.3199222],[139.49712355,35.31983941],[139.49711939,35.3197372],[139.49709523,35.31959247],[139.49701494,35.31942359],[139.49692633,35.31923053],[139.49688384,35.31912525],[139.49687523,35.3189658],[139.49686217,35.31880192],[139.49679966,35.31867275],[139.49669384,35.31841053],[139.49657161,35.31813608],[139.49649134,35.31800692],[139.49646189,35.31795941],[139.49632744,35.3178658],[139.49617328,35.31786803],[139.49604966,35.31786997],[139.49597272,35.31787108],[139.49588467,35.31784164],[139.49580022,35.31780387],[139.49574328,35.31776136],[139.49566883,35.31769859],[139.49559827,35.31761053],[139.49558328,35.31759108],[139.49550217,35.31748525],[139.49543717,35.31739914],[139.49542384,35.31738136],[139.495353,35.31730303],[139.49530217,35.3172658],[139.49524051,35.31724303],[139.49508772,35.31722469],[139.4947655,35.31711359],[139.49473384,35.31710275],[139.49458745,35.31699914],[139.49454966,35.3169708],[139.49450051,35.31691553],[139.49445134,35.3168372],[139.49440966,35.31677497],[139.49436689,35.31670247],[139.49435506,35.31666747],[139.49435477,35.31666667],[139.49431828,35.31655859],[139.49419744,35.31623469],[139.49401022,35.31571775],[139.49387633,35.31543611],[139.49380384,35.31533639],[139.49371494,35.31519333],[139.49362078,35.31507417],[139.49356438,35.31500195],[139.49351022,35.31494472],[139.49341328,35.31484251],[139.49288577,35.31434139],[139.49268217,35.31418584],[139.49254467,35.31408805],[139.49251523,35.31406723],[139.49244467,35.31403472],[139.49215022,35.31389972],[139.49183577,35.31372472],[139.49166744,35.31363714],[139.49166667,35.31363672],[139.49163078,35.31361805],[139.49147494,35.313535],[139.49135689,35.31333444],[139.49126798,35.31320639],[139.49114075,35.31305777],[139.49099241,35.31290805],[139.49083103,35.31275361],[139.49070881,35.31250084],[139.49076852,35.312375],[139.49088992,35.31228972],[139.49096992,35.31223195],[139.49106908,35.31215305],[139.49114102,35.31209195],[139.49118326,35.31203417],[139.49120603,35.31198611],[139.49122686,35.31189723],[139.49124102,35.31184167],[139.49120241,35.31174472],[139.49111075,35.31146417],[139.49105297,35.31137056],[139.4909338,35.31117777],[139.49084881,35.31104251],[139.49082547,35.31100584],[139.49080241,35.31096889],[139.49075547,35.31089444],[139.49042852,35.31070333],[139.49031575,35.31065667],[139.49005103,35.31050167],[139.48997713,35.31045833],[139.48995326,35.31044444],[139.48985519,35.31038695],[139.48978519,35.31034584],[139.48940047,35.31010777],[139.48932964,35.31000639],[139.48928686,35.30994556],[139.4891238,35.30971251],[139.48911326,35.30969723],[139.48894659,35.30933972],[139.48888131,35.30917889],[139.4887102,35.30852639],[139.48870189,35.30833417]]]},"properties":{"N03_001":"神奈川県","N03_002":null,"N03_003":null,"N03_004":"鎌倉市","N03_005":null,"N03_007":"14204"}},{"type":"Feature","geometry":{"type":"Polygon","coordinates":[[[139.55032872,35.30071275],[139.55032292,35.30070138],[139.55031423,35.30067242],[139.55029953,35.30062975],[139.55028818,35.30060277],[139.55027946,35.30058364],[139.55028007,35.30056651],[139.55028706,35.30054913],[139.55030249,35.30053619],[139.55033874,35.30051554],[139.55037763,35.30049481],[139.55040294,35.30048685],[139.55043156,35.30048223],[139.55046058,35.30048085],[139.55049313,35.30048111],[139.55052964,35.30048101],[139.55057374,35.3004794],[139.5506261,35.30047439],[139.55066756,35.30047213],[139.55070802,35.30047359],[139.55072647,35.30047669],[139.55074844,35.30048449],[139.5507752,35.30050268],[139.55079933,35.30052491],[139.55081333,35.30054198],[139.55082952,35.30056608],[139.55084815,35.30058695],[139.55086984,35.30060756],[139.55090765,35.30064469],[139.55091938,35.30065725],[139.55093184,35.30067549],[139.55093894,35.30069119],[139.55094272,35.30070805],[139.55094179,35.300725],[139.550939,35.30073707],[139.55093292,35.3007467],[139.5509231,35.30075479],[139.55090747,35.30076142],[139.55088468,35.30076696],[139.55084694,35.30077561],[139.55082778,35.30078278],[139.55081544,35.30079159],[139.55080165,35.3008049],[139.55078589,35.30081559],[139.5507556,35.30082958],[139.55073633,35.30083576],[139.55070805,35.30084065],[139.55065747,35.30084368],[139.55060733,35.30084438],[139.55056148,35.3008413],[139.55053082,35.30083698],[139.55050611,35.30082854],[139.55049196,35.30082022],[139.55048287,35.30081019],[139.55047206,35.30078484],[139.55045738,35.30076867],[139.55044413,35.3007562],[139.55042887,35.30074696],[139.55040702,35.30073817],[139.55038362,35.3007318],[139.55035637,35.30072741],[139.55034022,35.30072197],[139.55032872,35.30071275]]]},"properties":{"N03_001":"神奈川県","N03_002":null,"N03_003":null,"N03_004":"鎌倉市","N03_005":null,"N03_007":"14204"}}]}