{
  "type": "FeatureCollection",
  "features": [
    {
      "type": "Feature",
      "properties": {
        "N02_001": "24",
        "N02_002": "5",
        "N02_003": "東京臨海新交通臨海線",
        "N02_004": "ゆりかもめ",
        "N02_005": "お台場海浜公園",
        "N02_005c": "004091",
        "N02_005g": "004091",
        "ward_code": "13103",
        "ward_name": "港区"
      },
      "geometry": {
        "type": "LineString",
        "coordinates": [
          [
            139.77818,
            35.62961
          ],
          [
            139.77888,
            35.63
          ]
        ]
      }
    },
    {
      "type": "Feature",
      "properties": {
        "N02_001": "24",
        "N02_002": "5",
        "N02_003": "東京臨海新交通臨海線",
        "N02_004": "ゆりかもめ",
        "N02_005": "東京国際クルーズターミナル",
        "N02_005c": "004128",
        "N02_005g": "004128",
        "ward_code": "13108",
        "ward_name": "江東区"
      },
      "geometry": {
        "type": "LineString",
        "coordinates": [
          [
            139.77332515,
            35.62108846
          ],
          [
            139.77288121,
            35.62162643
          ]
        ]
      }
    },
    {
      "type": "Feature",
      "properties": {
        "N02_001": "24",
        "N02_002": "5",
        "N02_003": "東京臨海新交通臨海線",
        "N02_004": "ゆりかもめ",
        "N02_005": "テレコムセンター",
        "N02_005c": "004144",
        "N02_005g": "004144",
        "ward_code": "13108",
        "ward_name": "江東区"
      },
      "geometry": {
        "type": "LineString",
        "coordinates": [
          [
            139.78001,
            35.61791
          ],
          [
            139.77932,
            35.61754
          ]
        ]
      }
    },
    {
      "type": "Feature",
      "properties": {
        "N02_001": "24",
        "N02_002": "5",
        "N02_003": "東京臨海新交通臨海線",
        "N02_004": "ゆりかもめ",
        "N02_005": "汐留",
        "N02_005c": "003896",
        "N02_005g": "003887",
        "ward_code": "13103",
        "ward_name": "港区"
      },
      "geometry": {
        "type": "LineString",
        "coordinates": [
          [
            139.76036,
            35.66328
          ],
          [
            139.75979,
            35.66269
          ]
        ]
      }
    },
    {
      "type": "Feature",
      "properties": {
        "N02_001": "24",
        "N02_002": "5",
        "N02_003": "東京臨海新交通臨海線",
        "N02_004": "ゆりかもめ",
        "N02_005": "台場",
        "N02_005c": "004112",
        "N02_005g": "004112",
        "ward_code": "13103",
        "ward_name": "港区"
      },
      "geometry": {
        "type": "LineString",
        "coordinates": [
          [
            139.77103,
            35.62568
          ],
          [
            139.77172,
            35.62606
          ]
        ]
      }
    },
    {
      "type": "Feature",
      "properties": {
        "N02_001": "24",
        "N02_002": "5",
        "N02_003": "東京臨海新交通臨海線",
        "N02_004": "ゆりかもめ",
        "N02_005": "有明",
        "N02_005c": "004064",
        "N02_005g": "004064",
        "ward_code": "13108",
        "ward_name": "江東区"
      },
      "geometry": {
        "type": "LineString",
        "coordinates": [
          [
            139.79313,
            35.63482
          ],
          [
            139.79355,
            35.63428
          ]
        ]
      }
    },
    {
      "type": "Feature",
      "properties": {
        "N02_001": "24",
        "N02_002": "5",
        "N02_003": "東京臨海新交通臨海線",
        "N02_004": "ゆりかもめ",
        "N02_005": "東京ビッグサイト",
        "N02_005c": "004087",
        "N02_005g": "004087",
        "ward_code": "13108",
        "ward_name": "江東区"
      },
      "geometry": {
        "type": "LineString",
        "coordinates": [
          [
            139.792,
            35.63059
          ],
          [
            139.7906,
            35.62983
          ]
        ]
      }
    },
    {
      "type": "Feature",
      "properties": {
        "N02_001": "24",
        "N02_002": "5",
        "N02_003": "東京臨海新交通臨海線",
        "N02_004": "ゆりかもめ",
        "N02_005": "新橋",
        "N02_005c": "003882",
        "N02_005g": "003872",
        "ward_code": "13103",
        "ward_name": "港区"
      },
      "geometry": {
        "type": "LineString",
        "coordinates": [
          [
            139.76082,
            35.6648
          ],
          [
            139.75898,
            35.66583
          ],
          [
            139.75896,
            35.66612
          ]
        ]
      }
    },
    {
      "type": "Feature",
      "properties": {
        "N02_001": "24",
        "N02_002": "5",
        "N02_003": "東京臨海新交通臨海線",
        "N02_004": "ゆりかもめ",
        "N02_005": "竹芝",
        "N02_005c": "003958",
        "N02_005g": "003958",
        "ward_code": "13103",
        "ward_name": "港区"
      },
      "geometry": {
        "type": "LineString",
        "coordinates": [
          [
            139.76179,
            35.65378
          ],
          [
            139.76224,
            35.65435
          ]
        ]
      }
    },
    {
      "type": "Feature",
      "properties": {
        "N02_001": "24",
        "N02_002": "5",
        "N02_003": "東京臨海新交通臨海線",
        "N02_004": "ゆりかもめ",
        "N02_005": "芝浦ふ頭",
        "N02_005c": "004030",
        "N02_005g": "004030",
        "ward_code": "13103",
        "ward_name": "港区"
      },
      "geometry": {
        "type": "LineString",
        "coordinates": [
          [
            139.75786,
            35.64249
          ],
          [
            139.75788,
            35.64195
          ]
        ]
      }
    },
    {
      "type": "Feature",
      "properties": {
        "N02_001": "24",
        "N02_002": "5",
        "N02_003": "東京臨海新交通臨海線",
        "N02_004": "ゆりかもめ",
        "N02_005": "日の出",
        "N02_005c": "003979",
        "N02_005g": "003979",
        "ward_code": "13103",
        "ward_name": "港区"
      },
      "geometry": {
        "type": "LineString",
        "coordinates": [
          [
            139.75932,
            35.64961
          ],
          [
            139.759,
            35.64891
          ]
        ]
      }
    },
    {
      "type": "Feature",
      "properties": {
        "N02_001": "24",
        "N02_002": "5",
        "N02_003": "東京臨海新交通臨海線",
        "N02_004": "ゆりかもめ",
        "N02_005": "青海",
        "N02_005c": "004119",
        "N02_005g": "004119",
        "ward_code": "13108",
        "ward_name": "江東区"
      },
      "geometry": {
        "type": "LineString",
        "coordinates": [
          [
            139.78072,
            35.62447
          ],
          [
            139.78191,
            35.62513
          ]
        ]
      }
    },
    {
      "type": "Feature",
      "properties": {
        "N02_001": "24",
        "N02_002": "5",
        "N02_003": "東京臨海新交通臨海線",
        "N02_004": "ゆりかもめ",
        "N02_005": "新豊洲",
        "N02_005c": "003981",
        "N02_005g": "003981",
        "ward_code": "13108",
        "ward_name": "江東区"
      },
      "geometry": {
        "type": "LineString",
        "coordinates": [
          [
            139.78985,
            35.64853
          ],
          [
            139.79038,
            35.64889
          ]
        ]
      }
    },
    {
      "type": "Feature",
      "properties": {
        "N02_001": "24",
        "N02_002": "5",
        "N02_003": "東京臨海新交通臨海線",
        "N02_004": "ゆりかもめ",
        "N02_005": "市場前",
        "N02_005c": "004001",
        "N02_005g": "004001",
        "ward_code": "13108",
        "ward_name": "江東区"
      },
      "geometry": {
        "type": "LineString",
        "coordinates": [
          [
            139.7853,
            35.64548
          ],
          [
            139.786,
            35.6459
          ]
        ]
      }
    },
    {
      "type": "Feature",
      "properties": {
        "N02_001": "24",
        "N02_002": "5",
        "N02_003": "東京臨海新交通臨海線",
        "N02_004": "ゆりかもめ",
        "N02_005": "有明テニスの森",
        "N02_005c": "004037",
        "N02_005g": "004037",
        "ward_code": "13108",
        "ward_name": "江東区"
      },
      "geometry": {
        "type": "LineString",
        "coordinates": [
          [
            139.78913,
            35.63971
          ],
          [
            139.78866,
            35.64025
          ]
        ]
      }
    },
    {
      "type": "Feature",
      "properties": {
        "N02_001": "24",
        "N02_002": "5",
        "N02_003": "東京臨海新交通臨海線",
        "N02_004": "ゆりかもめ",
        "N02_005": "豊洲",
        "N02_005c": "003961",
        "N02_005g": "003951",
        "ward_code": "13108",
        "ward_name": "江東区"
      },
      "geometry": {
        "type": "LineString",
        "coordinates": [
          [
            139.79504,
            35.65341
          ],
          [
            139.79583,
            35.654
          ]
        ]
      }
    },
    {
      "type": "Feature",
      "properties": {
        "N02_001": "12",
        "N02_002": "4",
        "N02_003": "井の頭線",
        "N02_004": "京王電鉄",
        "N02_005": "駒場東大前",
        "N02_005c": "003929",
        "N02_005g": "003929",
        "ward_code": "13110",
        "ward_name": "目黒区"
      },
      "geometry": {
        "type": "LineString",
        "coordinates": [
          [
            139.68317,
            35.65886
          ],
          [
            139.68498,
            35.65848
          ]
        ]
      }
    },
    {
      "type": "Feature",
      "properties": {
        "N02_001": "12",
        "N02_002": "4",
        "N02_003": "井の頭線",
        "N02_004": "京王電鉄",
        "N02_005": "神泉",
        "N02_005c": "003938",
        "N02_005g": "003938",
        "ward_code": "13113",
        "ward_name": "渋谷区"
      },
      "geometry": {
        "type": "LineString",
        "coordinates": [
          [
            139.69357,
            35.6572
          ],
          [
            139.69341,
            35.65718
          ],
          [
            139.69334,
            35.65718
          ],
          [
            139.69269,
            35.65716
          ]
        ]
      }
    },
    {
      "type": "Feature",
      "properties": {
        "N02_001": "12",
        "N02_002": "4",
        "N02_003": "井の頭線",
        "N02_004": "京王電鉄",
        "N02_005": "明大前",
        "N02_005c": "003846",
        "N02_005g": "003846",
        "ward_code": "13112",
        "ward_name": "世田谷区"
      },
      "geometry": {
        "type": "LineString",
        "coordinates": [
          [
            139.65048,
            35.66863
          ],
          [
            139.65028,
            35.66954
          ]
        ]
      }
    },
    {
      "type": "Feature",
      "properties": {
        "N02_001": "12",
        "N02_002": "4",
        "N02_003": "井の頭線",
        "N02_004": "京王電鉄",
        "N02_005": "渋谷",
        "N02_005c": "003930",
        "N02_005g": "003922",
        "ward_code": "13113",
        "ward_name": "渋谷区"
      },
      "geometry": {
        "type": "LineString",
        "coordinates": [
          [
            139.698906,
            35.658403
          ],
          [
            139.70009,
            35.658587
          ],
          [
            139.700593,
            35.658662
          ]
        ]
      }
    },
    {
      "type": "Feature",
      "properties": {
        "N02_001": "12",
        "N02_002": "4",
        "N02_003": "井の頭線",
        "N02_004": "京王電鉄",
        "N02_005": "永福町",
        "N02_005c": "003794",
        "N02_005g": "003794",
        "ward_code": "13115",
        "ward_name": "杉並区"
      },
      "geometry": {
        "type": "LineString",
        "coordinates": [
          [
            139.64331,
            35.67597
          ],
          [
            139.64203,
            35.67648
          ]
        ]
      }
    },
    {
      "type": "Feature",
      "properties": {
        "N02_001": "12",
        "N02_002": "4",
        "N02_003": "井の頭線",
        "N02_004": "京王電鉄",
        "N02_005": "東松原",
        "N02_005c": "003899",
        "N02_005g": "003899",
        "ward_code": "13112",
        "ward_name": "世田谷区"
      },
      "geometry": {
        "type": "LineString",
        "coordinates": [
          [
            139.65623,
            35.66258
          ],
          [
            139.65599,
            35.66259
          ],
          [
            139.65583,
            35.66261
          ],
          [
            139.65559,
            35.66265
          ],
          [
            139.65515,
            35.66275
          ]
        ]
      }
    },
    {
      "type": "Feature",
      "properties": {
        "N02_001": "12",
        "N02_002": "4",
        "N02_003": "井の頭線",
        "N02_004": "京王電鉄",
        "N02_005": "浜田山",
        "N02_005c": "003763",
        "N02_005g": "003763",
        "ward_code": "13115",
        "ward_name": "杉並区"
      },
      "geometry": {
        "type": "LineString",
        "coordinates": [
          [
            139.62814,
            35.68137
          ],
          [
            139.62701,
            35.68178
          ]
        ]
      }
    },
    {
      "type": "Feature",
      "properties": {
        "N02_001": "12",
        "N02_002": "4",
        "N02_003": "井の頭線",
        "N02_004": "京王電鉄",
        "N02_005": "新代田",
        "N02_005c": "003901",
        "N02_005g": "003901",
        "ward_code": "13112",
        "ward_name": "世田谷区"
      },
      "geometry": {
        "type": "LineString",
        "coordinates": [
          [
            139.66089,
            35.66258
          ],
          [
            139.66189,
            35.66241
          ]
        ]
      }
    },
    {
      "type": "Feature",
      "properties": {
        "N02_001": "12",
        "N02_002": "4",
        "N02_003": "井の頭線",
        "N02_004": "京王電鉄",
        "N02_005": "高井戸",
        "N02_005c": "003752",
        "N02_005g": "003752",
        "ward_code": "13115",
        "ward_name": "杉並区"
      },
      "geometry": {
        "type": "LineString",
        "coordinates": [
          [
            139.61465,
            35.68329
          ],
          [
            139.61581,
            35.68323
          ]
        ]
      }
    },
    {
      "type": "Feature",
      "properties": {
        "N02_001": "12",
        "N02_002": "4",
        "N02_003": "井の頭線",
        "N02_004": "京王電鉄",
        "N02_005": "久我山",
        "N02_005c": "003710",
        "N02_005g": "003710",
        "ward_code": "13115",
        "ward_name": "杉並区"
      },
      "geometry": {
        "type": "LineString",
        "coordinates": [
          [
            139.59888,
            35.6884
          ],
          [
            139.59977,
            35.68788
          ]
        ]
      }
    },
    {
      "type": "Feature",
      "properties": {
        "N02_001": "12",
        "N02_002": "4",
        "N02_003": "井の頭線",
        "N02_004": "京王電鉄",
        "N02_005": "富士見ヶ丘",
        "N02_005c": "003736",
        "N02_005g": "003736",
        "ward_code": "13115",
        "ward_name": "杉並区"
      },
      "geometry": {
        "type": "LineString",
        "coordinates": [
          [
            139.60658,
            35.68504
          ],
          [
            139.60702,
            35.68487
          ],
          [
            139.60751,
            35.6847
          ],
          [
            139.60782,
            35.68461
          ]
        ]
      }
    },
    {
      "type": "Feature",
      "properties": {
        "N02_001": "12",
        "N02_002": "4",
        "N02_003": "井の頭線",
        "N02_004": "京王電鉄",
        "N02_005": "下北沢",
        "N02_005c": "003908",
        "N02_005g": "003908",
        "ward_code": "13112",
        "ward_name": "世田谷区"
      },
      "geometry": {
        "type": "LineString",
        "coordinates": [
          [
            139.66717,
            35.6615
          ],
          [
            139.66597,
            35.66171
          ]
        ]
      }
    },
    {
      "type": "Feature",
      "properties": {
        "N02_001": "12",
        "N02_002": "4",
        "N02_003": "井の頭線",
        "N02_004": "京王電鉄",
        "N02_005": "池ノ上",
        "N02_005c": "003914",
        "N02_005g": "003914",
        "ward_code": "13112",
        "ward_name": "世田谷区"
      },
      "geometry": {
        "type": "LineString",
        "coordinates": [
          [
            139.67394,
            35.66028
          ],
          [
            139.67297,
            35.66046
          ]
        ]
      }
    },
    {
      "type": "Feature",
      "properties": {
        "N02_001": "12",
        "N02_002": "4",
        "N02_003": "井の頭線",
        "N02_004": "京王電鉄",
        "N02_005": "西永福",
        "N02_005c": "003777",
        "N02_005g": "003777",
        "ward_code": "13115",
        "ward_name": "杉並区"
      },
      "geometry": {
        "type": "LineString",
        "coordinates": [
          [
            139.63572,
            35.67868
          ],
          [
            139.63459,
            35.67907
          ]
        ]
      }
    },
    {
      "type": "Feature",
      "properties": {
        "N02_001": "12",
        "N02_002": "4",
        "N02_003": "京王線",
        "N02_004": "京王電鉄",
        "N02_005": "代田橋",
        "N02_005c": "003830",
        "N02_005g": "003830",
        "ward_code": "13112",
        "ward_name": "世田谷区"
      },
      "geometry": {
        "type": "LineString",
        "coordinates": [
          [
            139.66005,
            35.67131
          ],
          [
            139.65874,
            35.67084
          ]
        ]
      }
    },
    {
      "type": "Feature",
      "properties": {
        "N02_001": "12",
        "N02_002": "4",
        "N02_003": "京王線",
        "N02_004": "京王電鉄",
        "N02_005": "笹塚",
        "N02_005c": "003806",
        "N02_005g": "003806",
        "ward_code": "13113",
        "ward_name": "渋谷区"
      },
      "geometry": {
        "type": "LineString",
        "coordinates": [
          [
            139.66789,
            35.67388
          ],
          [
            139.66646,
            35.67344
          ]
        ]
      }
    },
    {
      "type": "Feature",
      "properties": {
        "N02_001": "12",
        "N02_002": "4",
        "N02_003": "京王線",
        "N02_004": "京王電鉄",
        "N02_005": "幡ヶ谷",
        "N02_005c": "003791",
        "N02_005g": "003791",
        "ward_code": "13113",
        "ward_name": "渋谷区"
      },
      "geometry": {
        "type": "LineString",
        "coordinates": [
          [
            139.67821,
            35.6769
          ],
          [
            139.67723,
            35.67662
          ]
        ]
      }
    },
    {
      "type": "Feature",
      "properties": {
        "N02_001": "12",
        "N02_002": "4",
        "N02_003": "京王線",
        "N02_004": "京王電鉄",
        "N02_005": "桜上水",
        "N02_005c": "003862",
        "N02_005g": "003862",
        "ward_code": "13112",
        "ward_name": "世田谷区"
      },
      "geometry": {
        "type": "LineString",
        "coordinates": [
          [
            139.63231,
            35.66751
          ],
          [
            139.63062,
            35.66777
          ]
        ]
      }
    },
    {
      "type": "Feature",
      "properties": {
        "N02_001": "12",
        "N02_002": "4",
        "N02_003": "京王線",
        "N02_004": "京王電鉄",
        "N02_005": "八幡山",
        "N02_005c": "003836",
        "N02_005g": "003836",
        "ward_code": "13115",
        "ward_name": "杉並区"
      },
      "geometry": {
        "type": "LineString",
        "coordinates": [
          [
            139.61506,
            35.66999
          ],
          [
            139.6139,
            35.67016
          ]
        ]
      }
    },
    {
      "type": "Feature",
      "properties": {
        "N02_001": "12",
        "N02_002": "4",
        "N02_003": "京王線",
        "N02_004": "京王電鉄",
        "N02_005": "芦花公園",
        "N02_005c": "003832",
        "N02_005g": "003832",
        "ward_code": "13112",
        "ward_name": "世田谷区"
      },
      "geometry": {
        "type": "LineString",
        "coordinates": [
          [
            139.60896,
            35.67065
          ],
          [
            139.60888,
            35.67064
          ],
          [
            139.60822,
            35.67053
          ],
          [
            139.60755,
            35.67037
          ]
        ]
      }
    },
    {
      "type": "Feature",
      "properties": {
        "N02_001": "12",
        "N02_002": "4",
        "N02_003": "京王線",
        "N02_004": "京王電鉄",
        "N02_005": "新宿",
        "N02_005c": "003700",
        "N02_005g": "003700",
        "ward_code": "13104",
        "ward_name": "新宿区"
      },
      "geometry": {
        "type": "LineString",
        "coordinates": [
          [
            139.69917,
            35.69047
          ],
          [
            139.69925,
            35.6895
          ]
        ]
      }
    },
    {
      "type": "Feature",
      "properties": {
        "N02_001": "12",
        "N02_002": "4",
        "N02_003": "京王線",
        "N02_004": "京王電鉄",
        "N02_005": "下高井戸",
        "N02_005c": "003874",
        "N02_005g": "003874",
        "ward_code": "13112",
        "ward_name": "世田谷区"
      },
      "geometry": {
        "type": "LineString",
        "coordinates": [
          [
            139.64098,
            35.66622
          ],
          [
            139.64123,
            35.66618
          ],
          [
            139.64151,
            35.66614
          ],
          [
            139.64176,
            35.66611
          ],
          [
            139.64212,
            35.66607
          ],
          [
            139.64229,
            35.66606
          ],
          [
            139.64247,
            35.66606
          ],
          [
            139.64279,
            35.66608
          ],
          [
            139.64308,
            35.66613
          ]
        ]
      }
    },
    {
      "type": "Feature",
      "properties": {
        "N02_001": "12",
        "N02_002": "4",
        "N02_003": "京王線",
        "N02_004": "京王電鉄",
        "N02_005": "上北沢",
        "N02_005c": "003849",
        "N02_005g": "003849",
        "ward_code": "13112",
        "ward_name": "世田谷区"
      },
      "geometry": {
        "type": "LineString",
        "coordinates": [
          [
            139.62263,
            35.66897
          ],
          [
            139.6242,
            35.66872
          ]
        ]
      }
    },
    {
      "type": "Feature",
      "properties": {
        "N02_001": "12",
        "N02_002": "4",
        "N02_003": "京王線",
        "N02_004": "京王電鉄",
        "N02_005": "明大前",
        "N02_005c": "003855",
        "N02_005g": "003846",
        "ward_code": "13112",
        "ward_name": "世田谷区"
      },
      "geometry": {
        "type": "LineString",
        "coordinates": [
          [
            139.65112,
            35.66852
          ],
          [
            139.65065,
            35.66839
          ],
          [
            139.65044,
            35.66832
          ],
          [
            139.64999,
            35.6682
          ]
        ]
      }
    },
    {
      "type": "Feature",
      "properties": {
        "N02_001": "12",
        "N02_002": "4",
        "N02_003": "京王線",
        "N02_004": "京王電鉄",
        "N02_005": "初台",
        "N02_005c": "003764",
        "N02_005g": "003764",
        "ward_code": "13113",
        "ward_name": "渋谷区"
      },
      "geometry": {
        "type": "LineString",
        "coordinates": [
          [
            139.68862,
            35.6817
          ],
          [
            139.68792,
            35.68114
          ]
        ]
      }
    },
    {
      "type": "Feature",
      "properties": {
        "N02_001": "12",
        "N02_002": "4",
        "N02_003": "京王線",
        "N02_004": "京王電鉄",
        "N02_005": "千歳烏山",
        "N02_005c": "003861",
        "N02_005g": "003861",
        "ward_code": "13112",
        "ward_name": "世田谷区"
      },
      "geometry": {
        "type": "LineString",
        "coordinates": [
          [
            139.59948,
            35.66751
          ],
          [
            139.60127,
            35.66816
          ]
        ]
      }
    },
    {
      "type": "Feature",
      "properties": {
        "N02_001": "12",
        "N02_002": "4",
        "N02_003": "京王線",
        "N02_004": "京王電鉄",
        "N02_005": "新宿",
        "N02_005c": "003700",
        "N02_005g": "003700",
        "ward_code": "13104",
        "ward_name": "新宿区"
      },
      "geometry": {
        "type": "LineString",
        "coordinates": [
          [
            139.69932,
            35.68871
          ],
          [
            139.69791,
            35.68815
          ]
        ]
      }
    },
    {
      "type": "Feature",
      "properties": {
        "N02_001": "12",
        "N02_002": "4",
        "N02_003": "押上線",
        "N02_004": "京成電鉄",
        "N02_005": "青砥",
        "N02_005c": "003280",
        "N02_005g": "003280",
        "ward_code": "13122",
        "ward_name": "葛飾区"
      },
      "geometry": {
        "type": "LineString",
        "coordinates": [
          [
            139.85585,
            35.74532
          ],
          [
            139.85669,
            35.74642
          ]
        ]
      }
    },
    {
      "type": "Feature",
      "properties": {
        "N02_001": "12",
        "N02_002": "4",
        "N02_003": "押上線",
        "N02_004": "京成電鉄",
        "N02_005": "京成曳舟",
        "N02_005c": "003477",
        "N02_005g": "003477",
        "ward_code": "13107",
        "ward_name": "墨田区"
      },
      "geometry": {
        "type": "LineString",
        "coordinates": [
          [
            139.81963,
            35.71812
          ],
          [
            139.82093,
            35.71916
          ]
        ]
      }
    },
    {
      "type": "Feature",
      "properties": {
        "N02_001": "12",
        "N02_002": "4",
        "N02_003": "押上線",
        "N02_004": "京成電鉄",
        "N02_005": "押上",
        "N02_005c": "003527",
        "N02_005g": "003526",
        "ward_code": "13107",
        "ward_name": "墨田区"
      },
      "geometry": {
        "type": "LineString",
        "coordinates": [
          [
            139.81158,
            35.70972
          ],
          [
            139.81324,
            35.71072
          ]
        ]
      }
    },
    {
      "type": "Feature",
      "properties": {
        "N02_001": "12",
        "N02_002": "4",
        "N02_003": "押上線",
        "N02_004": "京成電鉄",
        "N02_005": "八広",
        "N02_005c": "003422",
        "N02_005g": "003422",
        "ward_code": "13107",
        "ward_name": "墨田区"
      },
      "geometry": {
        "type": "LineString",
        "coordinates": [
          [
            139.82889,
            35.72774
          ],
          [
            139.82827,
            35.7272
          ],
          [
            139.82779,
            35.72665
          ]
        ]
      }
    },
    {
      "type": "Feature",
      "properties": {
        "N02_001": "12",
        "N02_002": "4",
        "N02_003": "押上線",
        "N02_004": "京成電鉄",
        "N02_005": "四ツ木",
        "N02_005c": "003376",
        "N02_005g": "003376",
        "ward_code": "13122",
        "ward_name": "葛飾区"
      },
      "geometry": {
        "type": "LineString",
        "coordinates": [
          [
            139.83398,
            35.73126
          ],
          [
            139.83533,
            35.73217
          ]
        ]
      }
    },
    {
      "type": "Feature",
      "properties": {
        "N02_001": "12",
        "N02_002": "4",
        "N02_003": "押上線",
        "N02_004": "京成電鉄",
        "N02_005": "京成立石",
        "N02_005c": "003323",
        "N02_005g": "003323",
        "ward_code": "13122",
        "ward_name": "葛飾区"
      },
      "geometry": {
        "type": "LineString",
        "coordinates": [
          [
            139.84734,
            35.73804
          ],
          [
            139.84898,
            35.73834
          ]
        ]
      }
    },
    {
      "type": "Feature",
      "properties": {
        "N02_001": "12",
        "N02_002": "4",
        "N02_003": "金町線",
        "N02_004": "京成電鉄",
        "N02_005": "京成高砂",
        "N02_005c": "003248",
        "N02_005g": "003248",
        "ward_code": "13122",
        "ward_name": "葛飾区"
      },
      "geometry": {
        "type": "LineString",
        "coordinates": [
          [
            139.86746,
            35.75091
          ],
          [
            139.86572,
            35.75083
          ]
        ]
      }
    },
    {
      "type": "Feature",
      "properties": {
        "N02_001": "12",
        "N02_002": "4",
        "N02_003": "金町線",
        "N02_004": "京成電鉄",
        "N02_005": "京成金町",
        "N02_005c": "003195",
        "N02_005g": "003195",
        "ward_code": "13122",
        "ward_name": "葛飾区"
      },
      "geometry": {
        "type": "LineString",
        "coordinates": [
          [
            139.87049,
            35.76815
          ],
          [
            139.87021,
            35.76875
          ]
        ]
      }
    },
    {
      "type": "Feature",
      "properties": {
        "N02_001": "12",
        "N02_002": "4",
        "N02_003": "金町線",
        "N02_004": "京成電鉄",
        "N02_005": "柴又",
        "N02_005c": "003232",
        "N02_005g": "003232",
        "ward_code": "13122",
        "ward_name": "葛飾区"
      },
      "geometry": {
        "type": "LineString",
        "coordinates": [
          [
            139.87503,
            35.75606
          ],
          [
            139.8753,
            35.75642
          ],
          [
            139.87552,
            35.75681
          ]
        ]
      }
    },
    {
      "type": "Feature",
      "properties": {
        "N02_001": "12",
        "N02_002": "4",
        "N02_003": "本線",
        "N02_004": "京成電鉄",
        "N02_005": "京成関屋",
        "N02_005c": "003290",
        "N02_005g": "003290",
        "ward_code": "13121",
        "ward_name": "足立区"
      },
      "geometry": {
        "type": "LineString",
        "coordinates": [
          [
            139.81144,
            35.74393
          ],
          [
            139.81226,
            35.744
          ]
        ]
      }
    },
    {
      "type": "Feature",
      "properties": {
        "N02_001": "12",
        "N02_002": "4",
        "N02_003": "本線",
        "N02_004": "京成電鉄",
        "N02_005": "堀切菖蒲園",
        "N02_005c": "003273",
        "N02_005g": "003273",
        "ward_code": "13122",
        "ward_name": "葛飾区"
      },
      "geometry": {
        "type": "LineString",
        "coordinates": [
          [
            139.82706,
            35.74765
          ],
          [
            139.82802,
            35.74765
          ]
        ]
      }
    },
    {
      "type": "Feature",
      "properties": {
        "N02_001": "12",
        "N02_002": "4",
        "N02_003": "本線",
        "N02_004": "京成電鉄",
        "N02_005": "千住大橋",
        "N02_005c": "003301",
        "N02_005g": "003301",
        "ward_code": "13121",
        "ward_name": "足立区"
      },
      "geometry": {
        "type": "LineString",
        "coordinates": [
          [
            139.79661,
            35.74255
          ],
          [
            139.79749,
            35.74227
          ]
        ]
      }
    },
    {
      "type": "Feature",
      "properties": {
        "N02_001": "12",
        "N02_002": "4",
        "N02_003": "本線",
        "N02_004": "京成電鉄",
        "N02_005": "京成上野",
        "N02_005c": "003521",
        "N02_005g": "003521",
        "ward_code": "13106",
        "ward_name": "台東区"
      },
      "geometry": {
        "type": "LineString",
        "coordinates": [
          [
            139.77362,
            35.71081
          ],
          [
            139.7734,
            35.71181
          ]
        ]
      }
    },
    {
      "type": "Feature",
      "properties": {
        "N02_001": "12",
        "N02_002": "4",
        "N02_003": "本線",
        "N02_004": "京成電鉄",
        "N02_005": "江戸川",
        "N02_005c": "003331",
        "N02_005g": "003331",
        "ward_code": "13123",
        "ward_name": "江戸川区"
      },
      "geometry": {
        "type": "LineString",
        "coordinates": [
          [
            139.89646,
            35.73772
          ],
          [
            139.89612,
            35.73779
          ],
          [
            139.89585,
            35.73784
          ],
          [
            139.89506,
            35.73799
          ]
        ]
      }
    },
    {
      "type": "Feature",
      "properties": {
        "N02_001": "12",
        "N02_002": "4",
        "N02_003": "本線",
        "N02_004": "京成電鉄",
        "N02_005": "日暮里",
        "N02_005c": "003414",
        "N02_005g": "003417",
        "ward_code": "13118",
        "ward_name": "荒川区"
      },
      "geometry": {
        "type": "LineString",
        "coordinates": [
          [
            139.77215,
            35.72748
          ],
          [
            139.77109,
            35.72835
          ],
          [
            139.77086,
            35.72854
          ]
        ]
      }
    },
    {
      "type": "Feature",
      "properties": {
        "N02_001": "12",
        "N02_002": "4",
        "N02_003": "本線",
        "N02_004": "京成電鉄",
        "N02_005": "青砥",
        "N02_005c": "003281",
        "N02_005g": "003280",
        "ward_code": "13122",
        "ward_name": "葛飾区"
      },
      "geometry": {
        "type": "LineString",
        "coordinates": [
          [
            139.85585,
            35.74532
          ],
          [
            139.85669,
            35.74642
          ]
        ]
      }
    },
    {
      "type": "Feature",
      "properties": {
        "N02_001": "12",
        "N02_002": "4",
        "N02_003": "本線",
        "N02_004": "京成電鉄",
        "N02_005": "新三河島",
        "N02_005c": "003339",
        "N02_005g": "003339",
        "ward_code": "13118",
        "ward_name": "荒川区"
      },
      "geometry": {
        "type": "LineString",
        "coordinates": [
          [
            139.77348,
            35.73693
          ],
          [
            139.77406,
            35.73728
          ],
          [
            139.77451,
            35.73755
          ],
          [
            139.77462,
            35.73761
          ]
        ]
      }
    },
    {
      "type": "Feature",
      "properties": {
        "N02_001": "12",
        "N02_002": "4",
        "N02_003": "本線",
        "N02_004": "京成電鉄",
        "N02_005": "町屋",
        "N02_005c": "003302",
        "N02_005g": "003302",
        "ward_code": "13118",
        "ward_name": "荒川区"
      },
      "geometry": {
        "type": "LineString",
        "coordinates": [
          [
            139.78108,
            35.74197
          ],
          [
            139.78166,
            35.74241
          ],
          [
            139.78197,
            35.74264
          ]
        ]
      }
    },
    {
      "type": "Feature",
      "properties": {
        "N02_001": "12",
        "N02_002": "4",
        "N02_003": "本線",
        "N02_004": "京成電鉄",
        "N02_005": "京成小岩",
        "N02_005c": "003303",
        "N02_005g": "003303",
        "ward_code": "13123",
        "ward_name": "江戸川区"
      },
      "geometry": {
        "type": "LineString",
        "coordinates": [
          [
            139.88419,
            35.74182
          ],
          [
            139.88304,
            35.74261
          ]
        ]
      }
    },
    {
      "type": "Feature",
      "properties": {
        "N02_001": "12",
        "N02_002": "4",
        "N02_003": "本線",
        "N02_004": "京成電鉄",
        "N02_005": "京成高砂",
        "N02_005c": "003250",
        "N02_005g": "003248",
        "ward_code": "13122",
        "ward_name": "葛飾区"
      },
      "geometry": {
        "type": "LineString",
        "coordinates": [
          [
            139.86746,
            35.75091
          ],
          [
            139.86572,
            35.75083
          ]
        ]
      }
    },
    {
      "type": "Feature",
      "properties": {
        "N02_001": "12",
        "N02_002": "4",
        "N02_003": "本線",
        "N02_004": "京成電鉄",
        "N02_005": "お花茶屋",
        "N02_005c": "003274",
        "N02_005g": "003274",
        "ward_code": "13122",
        "ward_name": "葛飾区"
      },
      "geometry": {
        "type": "LineString",
        "coordinates": [
          [
            139.83944,
            35.74768
          ],
          [
            139.84033,
            35.74755
          ]
        ]
      }
    },
    {
      "type": "Feature",
      "properties": {
        "N02_001": "12",
        "N02_002": "4",
        "N02_003": "空港線",
        "N02_004": "京浜急行電鉄",
        "N02_005": "京急蒲田",
        "N02_005c": "004331",
        "N02_005g": "004331",
        "ward_code": "13111",
        "ward_name": "大田区"
      },
      "geometry": {
        "type": "LineString",
        "coordinates": [
          [
            139.72515659,
            35.56286733
          ],
          [
            139.72473,
            35.56224
          ],
          [
            139.7243,
            35.56163
          ],
          [
            139.724,
            35.56122
          ],
          [
            139.72346,
            35.56054
          ]
        ]
      }
    },
    {
      "type": "Feature",
      "properties": {
        "N02_001": "12",
        "N02_002": "4",
        "N02_003": "空港線",
        "N02_004": "京浜急行電鉄",
        "N02_005": "穴守稲荷",
        "N02_005c": "004364",
        "N02_005g": "004364",
        "ward_code": "13111",
        "ward_name": "大田区"
      },
      "geometry": {
        "type": "LineString",
        "coordinates": [
          [
            139.7471,
            35.55022
          ],
          [
            139.74677,
            35.55031
          ],
          [
            139.74628,
            35.55047
          ]
        ]
      }
    },
    {
      "type": "Feature",
      "properties": {
        "N02_001": "12",
        "N02_002": "4",
        "N02_003": "空港線",
        "N02_004": "京浜急行電鉄",
        "N02_005": "糀谷",
        "N02_005c": "004349",
        "N02_005g": "004349",
        "ward_code": "13111",
        "ward_name": "大田区"
      },
      "geometry": {
        "type": "LineString",
        "coordinates": [
          [
            139.72985,
            35.55422
          ],
          [
            139.72933,
            35.55468
          ]
        ]
      }
    },
    {
      "type": "Feature",
      "properties": {
        "N02_001": "12",
        "N02_002": "4",
        "N02_003": "空港線",
        "N02_004": "京浜急行電鉄",
        "N02_005": "大鳥居",
        "N02_005c": "004356",
        "N02_005g": "004356",
        "ward_code": "13111",
        "ward_name": "大田区"
      },
      "geometry": {
        "type": "LineString",
        "coordinates": [
          [
            139.74105,
            35.55209
          ],
          [
            139.7394,
            35.55255
          ]
        ]
      }
    },
    {
      "type": "Feature",
      "properties": {
        "N02_001": "12",
        "N02_002": "4",
        "N02_003": "空港線",
        "N02_004": "京浜急行電鉄",
        "N02_005": "天空橋",
        "N02_005c": "004374",
        "N02_005g": "004373",
        "ward_code": "13111",
        "ward_name": "大田区"
      },
      "geometry": {
        "type": "LineString",
        "coordinates": [
          [
            139.75389,
            35.54863
          ],
          [
            139.7548,
            35.54803
          ],
          [
            139.75517,
            35.5478
          ]
        ]
      }
    },
    {
      "type": "Feature",
      "properties": {
        "N02_001": "12",
        "N02_002": "4",
        "N02_003": "空港線",
        "N02_004": "京浜急行電鉄",
        "N02_005": "羽田空港第1・第2ターミナル",
        "N02_005c": "004368",
        "N02_005g": "004368",
        "ward_code": "13111",
        "ward_name": "大田区"
      },
      "geometry": {
        "type": "LineString",
        "coordinates": [
          [
            139.78448,
            35.54904
          ],
          [
            139.78598,
            35.54978
          ],
          [
            139.7864,
            35.54999
          ],
          [
            139.78724,
            35.55039
          ]
        ]
      }
    },
    {
      "type": "Feature",
      "properties": {
        "N02_001": "12",
        "N02_002": "4",
        "N02_003": "本線",
        "N02_004": "京浜急行電鉄",
        "N02_005": "大森海岸",
        "N02_005c": "004268",
        "N02_005g": "004268",
        "ward_code": "13109",
        "ward_name": "品川区"
      },
      "geometry": {
        "type": "LineString",
        "coordinates": [
          [
            139.73524,
            35.58705
          ],
          [
            139.73526,
            35.58711
          ],
          [
            139.7353,
            35.58737
          ],
          [
            139.73543,
            35.58811
          ]
        ]
      }
    },
    {
      "type": "Feature",
      "properties": {
        "N02_001": "12",
        "N02_002": "4",
        "N02_003": "本線",
        "N02_004": "京浜急行電鉄",
        "N02_005": "立会川",
        "N02_005c": "004244",
        "N02_005g": "004244",
        "ward_code": "13109",
        "ward_name": "品川区"
      },
      "geometry": {
        "type": "LineString",
        "coordinates": [
          [
            139.73879,
            35.59817
          ],
          [
            139.7391,
            35.59884
          ]
        ]
      }
    },
    {
      "type": "Feature",
      "properties": {
        "N02_001": "12",
        "N02_002": "4",
        "N02_003": "本線",
        "N02_004": "京浜急行電鉄",
        "N02_005": "青物横丁",
        "N02_005c": "004184",
        "N02_005g": "004184",
        "ward_code": "13109",
        "ward_name": "品川区"
      },
      "geometry": {
        "type": "LineString",
        "coordinates": [
          [
            139.74324,
            35.60864
          ],
          [
            139.74303,
            35.60974
          ]
        ]
      }
    },
    {
      "type": "Feature",
      "properties": {
        "N02_001": "12",
        "N02_002": "4",
        "N02_003": "本線",
        "N02_004": "京浜急行電鉄",
        "N02_005": "北品川",
        "N02_005c": "004125",
        "N02_005g": "004125",
        "ward_code": "13109",
        "ward_name": "品川区"
      },
      "geometry": {
        "type": "LineString",
        "coordinates": [
          [
            139.73941,
            35.62205
          ],
          [
            139.73934,
            35.62222
          ],
          [
            139.73929,
            35.6224
          ],
          [
            139.73926,
            35.62261
          ],
          [
            139.73925,
            35.62285
          ]
        ]
      }
    },
    {
      "type": "Feature",
      "properties": {
        "N02_001": "12",
        "N02_002": "4",
        "N02_003": "本線",
        "N02_004": "京浜急行電鉄",
        "N02_005": "品川",
        "N02_005c": "004101",
        "N02_005g": "004095",
        "ward_code": "13103",
        "ward_name": "港区"
      },
      "geometry": {
        "type": "LineString",
        "coordinates": [
          [
            139.73807,
            35.62689
          ],
          [
            139.73796,
            35.62751
          ],
          [
            139.73799,
            35.62774
          ],
          [
            139.73819,
            35.62802
          ],
          [
            139.73826,
            35.62841
          ]
        ]
      }
    },
    {
      "type": "Feature",
      "properties": {
        "N02_001": "12",
        "N02_002": "4",
        "N02_003": "本線",
        "N02_004": "京浜急行電鉄",
        "N02_005": "新馬場",
        "N02_005c": "004153",
        "N02_005g": "004153",
        "ward_code": "13109",
        "ward_name": "品川区"
      },
      "geometry": {
        "type": "LineString",
        "coordinates": [
          [
            139.74166,
            35.61586
          ],
          [
            139.74154,
            35.61644
          ],
          [
            139.74149,
            35.61672
          ],
          [
            139.74143,
            35.61699
          ],
          [
            139.74137,
            35.6173
          ]
        ]
      }
    },
    {
      "type": "Feature",
      "properties": {
        "N02_001": "12",
        "N02_002": "4",
        "N02_003": "本線",
        "N02_004": "京浜急行電鉄",
        "N02_005": "鮫洲",
        "N02_005c": "004220",
        "N02_005g": "004220",
        "ward_code": "13109",
        "ward_name": "品川区"
      },
      "geometry": {
        "type": "LineString",
        "coordinates": [
          [
            139.74214,
            35.60469
          ],
          [
            139.74275,
            35.60545
          ]
        ]
      }
    },
    {
      "type": "Feature",
      "properties": {
        "N02_001": "12",
        "N02_002": "4",
        "N02_003": "本線",
        "N02_004": "京浜急行電鉄",
        "N02_005": "泉岳寺",
        "N02_005c": "004043",
        "N02_005g": "004042",
        "ward_code": "13103",
        "ward_name": "港区"
      },
      "geometry": {
        "type": "LineString",
        "coordinates": [
          [
            139.73938,
            35.63746
          ],
          [
            139.74008,
            35.6388
          ]
        ]
      }
    },
    {
      "type": "Feature",
      "properties": {
        "N02_001": "12",
        "N02_002": "4",
        "N02_003": "本線",
        "N02_004": "京浜急行電鉄",
        "N02_005": "京急蒲田",
        "N02_005c": "004332",
        "N02_005g": "004331",
        "ward_code": "13111",
        "ward_name": "大田区"
      },
      "geometry": {
        "type": "LineString",
        "coordinates": [
          [
            139.72515659,
            35.56286733
          ],
          [
            139.72473,
            35.56224
          ],
          [
            139.7243,
            35.56163
          ],
          [
            139.724,
            35.56122
          ],
          [
            139.72346,
            35.56054
          ]
        ]
      }
    },
    {
      "type": "Feature",
      "properties": {
        "N02_001": "12",
        "N02_002": "4",
        "N02_003": "本線",
        "N02_004": "京浜急行電鉄",
        "N02_005": "大森町",
        "N02_005c": "004307",
        "N02_005g": "004307",
        "ward_code": "13111",
        "ward_name": "大田区"
      },
      "geometry": {
        "type": "LineString",
        "coordinates": [
          [
            139.73219,
            35.57279
          ],
          [
            139.73183,
            35.57221
          ]
        ]
      }
    },
    {
      "type": "Feature",
      "properties": {
        "N02_001": "12",
        "N02_002": "4",
        "N02_003": "本線",
        "N02_004": "京浜急行電鉄",
        "N02_005": "雑色",
        "N02_005c": "004367",
        "N02_005g": "004367",
        "ward_code": "13111",
        "ward_name": "大田区"
      },
      "geometry": {
        "type": "LineString",
        "coordinates": [
          [
            139.7152,
            35.55006
          ],
          [
            139.71487,
            35.54949
          ]
        ]
      }
    },
    {
      "type": "Feature",
      "properties": {
        "N02_001": "12",
        "N02_002": "4",
        "N02_003": "本線",
        "N02_004": "京浜急行電鉄",
        "N02_005": "梅屋敷",
        "N02_005c": "004319",
        "N02_005g": "004319",
        "ward_code": "13111",
        "ward_name": "大田区"
      },
      "geometry": {
        "type": "LineString",
        "coordinates": [
          [
            139.7284,
            35.56707
          ],
          [
            139.72794,
            35.5665
          ]
        ]
      }
    },
    {
      "type": "Feature",
      "properties": {
        "N02_001": "12",
        "N02_002": "4",
        "N02_003": "本線",
        "N02_004": "京浜急行電鉄",
        "N02_005": "六郷土手",
        "N02_005c": "004399",
        "N02_005g": "004399",
        "ward_code": "13111",
        "ward_name": "大田区"
      },
      "geometry": {
        "type": "LineString",
        "coordinates": [
          [
            139.70781,
            35.54081
          ],
          [
            139.70732,
            35.54025
          ]
        ]
      }
    },
    {
      "type": "Feature",
      "properties": {
        "N02_001": "12",
        "N02_002": "4",
        "N02_003": "本線",
        "N02_004": "京浜急行電鉄",
        "N02_005": "平和島",
        "N02_005c": "004294",
        "N02_005g": "004294",
        "ward_code": "13111",
        "ward_name": "大田区"
      },
      "geometry": {
        "type": "LineString",
        "coordinates": [
          [
            139.73519,
            35.5795
          ],
          [
            139.73504,
            35.5789
          ],
          [
            139.73495,
            35.57862
          ],
          [
            139.73485,
            35.57835
          ],
          [
            139.73464,
            35.5779
          ]
        ]
      }
    },
    {
      "type": "Feature",
      "properties": {
        "N02_001": "12",
        "N02_002": "5",
        "N02_003": "埼玉高速鉄道線",
        "N02_004": "埼玉高速鉄道",
        "N02_005": "赤羽岩淵",
        "N02_005c": "003142",
        "N02_005g": "003141",
        "ward_code": "13117",
        "ward_name": "北区"
      },
      "geometry": {
        "type": "LineString",
        "coordinates": [
          [
            139.72346,
            35.7831
          ],
          [
            139.72076,
            35.78361
          ]
        ]
      }
    },
    {
      "type": "Feature",
      "properties": {
        "N02_001": "12",
        "N02_002": "5",
        "N02_003": "常磐新線",
        "N02_004": "首都圏新都市鉄道",
        "N02_005": "北千住",
        "N02_005c": "003260",
        "N02_005g": "003260",
        "ward_code": "13121",
        "ward_name": "足立区"
      },
      "geometry": {
        "type": "LineString",
        "coordinates": [
          [
            139.80481,
            35.74869
          ],
          [
            139.80554,
            35.75104
          ]
        ]
      }
    },
    {
      "type": "Feature",
      "properties": {
        "N02_001": "12",
        "N02_002": "5",
        "N02_003": "常磐新線",
        "N02_004": "首都圏新都市鉄道",
        "N02_005": "六町",
        "N02_005c": "003133",
        "N02_005g": "003133",
        "ward_code": "13121",
        "ward_name": "足立区"
      },
      "geometry": {
        "type": "LineString",
        "coordinates": [
          [
            139.82171,
            35.78394
          ],
          [
            139.8219,
            35.78562
          ]
        ]
      }
    },
    {
      "type": "Feature",
      "properties": {
        "N02_001": "12",
        "N02_002": "5",
        "N02_003": "常磐新線",
        "N02_004": "首都圏新都市鉄道",
        "N02_005": "浅草",
        "N02_005c": "003502",
        "N02_005g": "003502",
        "ward_code": "13106",
        "ward_name": "台東区"
      },
      "geometry": {
        "type": "LineString",
        "coordinates": [
          [
            139.79261,
            35.71478
          ],
          [
            139.7923,
            35.71308
          ]
        ]
      }
    },
    {
      "type": "Feature",
      "properties": {
        "N02_001": "12",
        "N02_002": "5",
        "N02_003": "常磐新線",
        "N02_004": "首都圏新都市鉄道",
        "N02_005": "青井",
        "N02_005c": "003177",
        "N02_005g": "003177",
        "ward_code": "13121",
        "ward_name": "足立区"
      },
      "geometry": {
        "type": "LineString",
        "coordinates": [
          [
            139.82021,
            35.77119
          ],
          [
            139.82028,
            35.77281
          ]
        ]
      }
    },
    {
      "type": "Feature",
      "properties": {
        "N02_001": "12",
        "N02_002": "5",
        "N02_003": "常磐新線",
        "N02_004": "首都圏新都市鉄道",
        "N02_005": "秋葉原",
        "N02_005c": "003624",
        "N02_005g": "003624",
        "ward_code": "13101",
        "ward_name": "千代田区"
      },
      "geometry": {
        "type": "LineString",
        "coordinates": [
          [
            139.77395,
            35.6976
          ],
          [
            139.77435,
            35.69877
          ],
          [
            139.77455,
            35.70054
          ]
        ]
      }
    },
    {
      "type": "Feature",
      "properties": {
        "N02_001": "12",
        "N02_002": "5",
        "N02_003": "常磐新線",
        "N02_004": "首都圏新都市鉄道",
        "N02_005": "南千住",
        "N02_005c": "003363",
        "N02_005g": "003363",
        "ward_code": "13118",
        "ward_name": "荒川区"
      },
      "geometry": {
        "type": "LineString",
        "coordinates": [
          [
            139.79844,
            35.73233
          ],
          [
            139.79946,
            35.73364
          ]
        ]
      }
    },
    {
      "type": "Feature",
      "properties": {
        "N02_001": "12",
        "N02_002": "5",
        "N02_003": "常磐新線",
        "N02_004": "首都圏新都市鉄道",
        "N02_005": "新御徒町",
        "N02_005c": "003557",
        "N02_005g": "003556",
        "ward_code": "13106",
        "ward_name": "台東区"
      },
      "geometry": {
        "type": "LineString",
        "coordinates": [
          [
            139.78118,
            35.70699
          ],
          [
            139.7835,
            35.70677
          ]
        ]
      }
    },
    {
      "type": "Feature",
      "properties": {
        "N02_001": "12",
        "N02_002": "4",
        "N02_003": "小田原線",
        "N02_004": "小田急電鉄",
        "N02_005": "代々木八幡",
        "N02_005c": "003837",
        "N02_005g": "003837",
        "ward_code": "13113",
        "ward_name": "渋谷区"
      },
      "geometry": {
        "type": "LineString",
        "coordinates": [
          [
            139.68843,
            35.66945
          ],
          [
            139.68867,
            35.66951
          ],
          [
            139.68883,
            35.66957
          ],
          [
            139.68908,
            35.6697
          ],
          [
            139.68927,
            35.66981
          ],
          [
            139.68939,
            35.6699
          ],
          [
            139.68964,
            35.67007
          ]
        ]
      }
    },
    {
      "type": "Feature",
      "properties": {
        "N02_001": "12",
        "N02_002": "4",
        "N02_003": "小田原線",
        "N02_004": "小田急電鉄",
        "N02_005": "豪徳寺",
        "N02_005c": "003960",
        "N02_005g": "003960",
        "ward_code": "13112",
        "ward_name": "世田谷区"
      },
      "geometry": {
        "type": "LineString",
        "coordinates": [
          [
            139.6481,
            35.65411
          ],
          [
            139.64781,
            35.65397
          ],
          [
            139.64748,
            35.65384
          ],
          [
            139.64706,
            35.6537
          ],
          [
            139.64681,
            35.65362
          ],
          [
            139.64666,
            35.65358
          ],
          [
            139.64656,
            35.65355
          ],
          [
            139.64642,
            35.65352
          ],
          [
            139.64607,
            35.65344
          ]
        ]
      }
    },
    {
      "type": "Feature",
      "properties": {
        "N02_001": "12",
        "N02_002": "4",
        "N02_003": "小田原線",
        "N02_004": "小田急電鉄",
        "N02_005": "下北沢",
        "N02_005c": "003909",
        "N02_005g": "003908",
        "ward_code": "13112",
        "ward_name": "世田谷区"
      },
      "geometry": {
        "type": "LineString",
        "coordinates": [
          [
            139.66667,
            35.66095
          ],
          [
            139.66802,
            35.66194
          ]
        ]
      }
    },
    {
      "type": "Feature",
      "properties": {
        "N02_001": "12",
        "N02_002": "4",
        "N02_003": "小田原線",
        "N02_004": "小田急電鉄",
        "N02_005": "南新宿",
        "N02_005c": "003750",
        "N02_005g": "003750",
        "ward_code": "13113",
        "ward_name": "渋谷区"
      },
      "geometry": {
        "type": "LineString",
        "coordinates": [
          [
            139.69817,
            35.68316
          ],
          [
            139.69885,
            35.68372
          ],
          [
            139.69913,
            35.68395
          ]
        ]
      }
    },
    {
      "type": "Feature",
      "properties": {
        "N02_001": "12",
        "N02_002": "4",
        "N02_003": "小田原線",
        "N02_004": "小田急電鉄",
        "N02_005": "千歳船橋",
        "N02_005c": "003988",
        "N02_005g": "003988",
        "ward_code": "13112",
        "ward_name": "世田谷区"
      },
      "geometry": {
        "type": "LineString",
        "coordinates": [
          [
            139.62533,
            35.64791
          ],
          [
            139.62373,
            35.64744
          ]
        ]
      }
    },
    {
      "type": "Feature",
      "properties": {
        "N02_001": "12",
        "N02_002": "4",
        "N02_003": "小田原線",
        "N02_004": "小田急電鉄",
        "N02_005": "参宮橋",
        "N02_005c": "003778",
        "N02_005g": "003778",
        "ward_code": "13113",
        "ward_name": "渋谷区"
      },
      "geometry": {
        "type": "LineString",
        "coordinates": [
          [
            139.69329,
            35.67813
          ],
          [
            139.69388,
            35.67908
          ]
        ]
      }
    },
    {
      "type": "Feature",
      "properties": {
        "N02_001": "12",
        "N02_002": "4",
        "N02_003": "小田原線",
        "N02_004": "小田急電鉄",
        "N02_005": "祖師ヶ谷大蔵",
        "N02_005c": "004024",
        "N02_005g": "004024",
        "ward_code": "13112",
        "ward_name": "世田谷区"
      },
      "geometry": {
        "type": "LineString",
        "coordinates": [
          [
            139.60895,
            35.64302
          ],
          [
            139.61064,
            35.64351
          ]
        ]
      }
    },
    {
      "type": "Feature",
      "properties": {
        "N02_001": "12",
        "N02_002": "4",
        "N02_003": "小田原線",
        "N02_004": "小田急電鉄",
        "N02_005": "梅ヶ丘",
        "N02_005c": "003945",
        "N02_005g": "003945",
        "ward_code": "13112",
        "ward_name": "世田谷区"
      },
      "geometry": {
        "type": "LineString",
        "coordinates": [
          [
            139.65434,
            35.65624
          ],
          [
            139.65276,
            35.6558
          ]
        ]
      }
    },
    {
      "type": "Feature",
      "properties": {
        "N02_001": "12",
        "N02_002": "4",
        "N02_003": "小田原線",
        "N02_004": "小田急電鉄",
        "N02_005": "新宿",
        "N02_005c": "003683",
        "N02_005g": "003700",
        "ward_code": "13104",
        "ward_name": "新宿区"
      },
      "geometry": {
        "type": "LineString",
        "coordinates": [
          [
            139.69971,
            35.69189
          ],
          [
            139.69965,
            35.69136
          ],
          [
            139.69964,
            35.69047
          ]
        ]
      }
    },
    {
      "type": "Feature",
      "properties": {
        "N02_001": "12",
        "N02_002": "4",
        "N02_003": "小田原線",
        "N02_004": "小田急電鉄",
        "N02_005": "世田谷代田",
        "N02_005c": "003931",
        "N02_005g": "003931",
        "ward_code": "13112",
        "ward_name": "世田谷区"
      },
      "geometry": {
        "type": "LineString",
        "coordinates": [
          [
            139.66076,
            35.65814
          ],
          [
            139.66244,
            35.65857
          ]
        ]
      }
    },
    {
      "type": "Feature",
      "properties": {
        "N02_001": "12",
        "N02_002": "4",
        "N02_003": "小田原線",
        "N02_004": "小田急電鉄",
        "N02_005": "東北沢",
        "N02_005c": "003880",
        "N02_005g": "003880",
        "ward_code": "13112",
        "ward_name": "世田谷区"
      },
      "geometry": {
        "type": "LineString",
        "coordinates": [
          [
            139.67254,
            35.66508
          ],
          [
            139.67354,
            35.6658
          ]
        ]
      }
    },
    {
      "type": "Feature",
      "properties": {
        "N02_001": "12",
        "N02_002": "4",
        "N02_003": "小田原線",
        "N02_004": "小田急電鉄",
        "N02_005": "経堂",
        "N02_005c": "003970",
        "N02_005g": "003970",
        "ward_code": "13112",
        "ward_name": "世田谷区"
      },
      "geometry": {
        "type": "LineString",
        "coordinates": [
          [
            139.63778,
            35.65151
          ],
          [
            139.63772,
            35.65149
          ],
          [
            139.63726,
            35.65136
          ],
          [
            139.63557,
            35.65087
          ]
        ]
      }
    },
    {
      "type": "Feature",
      "properties": {
        "N02_001": "12",
        "N02_002": "4",
        "N02_003": "小田原線",
        "N02_004": "小田急電鉄",
        "N02_005": "成城学園前",
        "N02_005c": "004036",
        "N02_005g": "004036",
        "ward_code": "13112",
        "ward_name": "世田谷区"
      },
      "geometry": {
        "type": "LineString",
        "coordinates": [
          [
            139.59796,
            35.63981
          ],
          [
            139.6002,
            35.64046
          ]
        ]
      }
    },
    {
      "type": "Feature",
      "properties": {
        "N02_001": "12",
        "N02_002": "4",
        "N02_003": "小田原線",
        "N02_004": "小田急電鉄",
        "N02_005": "代々木上原",
        "N02_005c": "003848",
        "N02_005g": "003847",
        "ward_code": "13113",
        "ward_name": "渋谷区"
      },
      "geometry": {
        "type": "LineString",
        "coordinates": [
          [
            139.67877,
            35.66849
          ],
          [
            139.67922,
            35.6687
          ],
          [
            139.67954,
            35.66886
          ],
          [
            139.681,
            35.66954
          ]
        ]
      }
    },
    {
      "type": "Feature",
      "properties": {
        "N02_001": "12",
        "N02_002": "4",
        "N02_003": "新宿線",
        "N02_004": "西武鉄道",
        "N02_005": "下井草",
        "N02_005c": "003444",
        "N02_005g": "003444",
        "ward_code": "13115",
        "ward_name": "杉並区"
      },
      "geometry": {
        "type": "LineString",
        "coordinates": [
          [
            139.62538,
            35.72379
          ],
          [
            139.62409,
            35.72395
          ]
        ]
      }
    },
    {
      "type": "Feature",
      "properties": {
        "N02_001": "12",
        "N02_002": "4",
        "N02_003": "新宿線",
        "N02_004": "西武鉄道",
        "N02_005": "下落合",
        "N02_005c": "003491",
        "N02_005g": "003491",
        "ward_code": "13104",
        "ward_name": "新宿区"
      },
      "geometry": {
        "type": "LineString",
        "coordinates": [
          [
            139.69586,
            35.71573
          ],
          [
            139.6955,
            35.7157
          ],
          [
            139.69506,
            35.71567
          ],
          [
            139.69474,
            35.71568
          ]
        ]
      }
    },
    {
      "type": "Feature",
      "properties": {
        "N02_001": "12",
        "N02_002": "4",
        "N02_003": "新宿線",
        "N02_004": "西武鉄道",
        "N02_005": "高田馬場",
        "N02_005c": "003510",
        "N02_005g": "003508",
        "ward_code": "13104",
        "ward_name": "新宿区"
      },
      "geometry": {
        "type": "LineString",
        "coordinates": [
          [
            139.7037,
            35.71176
          ],
          [
            139.70401,
            35.71258
          ],
          [
            139.70429,
            35.71311
          ]
        ]
      }
    },
    {
      "type": "Feature",
      "properties": {
        "N02_001": "12",
        "N02_002": "4",
        "N02_003": "新宿線",
        "N02_004": "西武鉄道",
        "N02_005": "野方",
        "N02_005c": "003473",
        "N02_005g": "003473",
        "ward_code": "13114",
        "ward_name": "中野区"
      },
      "geometry": {
        "type": "LineString",
        "coordinates": [
          [
            139.65415,
            35.71939
          ],
          [
            139.65345,
            35.7196
          ],
          [
            139.65288,
            35.71977
          ]
        ]
      }
    },
    {
      "type": "Feature",
      "properties": {
        "N02_001": "12",
        "N02_002": "4",
        "N02_003": "新宿線",
        "N02_004": "西武鉄道",
        "N02_005": "鷺ノ宮",
        "N02_005c": "003451",
        "N02_005g": "003451",
        "ward_code": "13114",
        "ward_name": "中野区"
      },
      "geometry": {
        "type": "LineString",
        "coordinates": [
          [
            139.64064,
            35.72261
          ],
          [
            139.63905,
            35.72263
          ]
        ]
      }
    },
    {
      "type": "Feature",
      "properties": {
        "N02_001": "12",
        "N02_002": "4",
        "N02_003": "新宿線",
        "N02_004": "西武鉄道",
        "N02_005": "上井草",
        "N02_005c": "003437",
        "N02_005g": "003437",
        "ward_code": "13115",
        "ward_name": "杉並区"
      },
      "geometry": {
        "type": "LineString",
        "coordinates": [
          [
            139.60369,
            35.72521
          ],
          [
            139.60222,
            35.7253
          ]
        ]
      }
    },
    {
      "type": "Feature",
      "properties": {
        "N02_001": "12",
        "N02_002": "4",
        "N02_003": "新宿線",
        "N02_004": "西武鉄道",
        "N02_005": "中井",
        "N02_005c": "003495",
        "N02_005g": "003495",
        "ward_code": "13104",
        "ward_name": "新宿区"
      },
      "geometry": {
        "type": "LineString",
        "coordinates": [
          [
            139.68735,
            35.71513
          ],
          [
            139.68594,
            35.71501
          ]
        ]
      }
    },
    {
      "type": "Feature",
      "properties": {
        "N02_001": "12",
        "N02_002": "4",
        "N02_003": "新宿線",
        "N02_004": "西武鉄道",
        "N02_005": "都立家政",
        "N02_005c": "003453",
        "N02_005g": "003453",
        "ward_code": "13114",
        "ward_name": "中野区"
      },
      "geometry": {
        "type": "LineString",
        "coordinates": [
          [
            139.64604,
            35.72202
          ],
          [
            139.64482,
            35.72236
          ]
        ]
      }
    },
    {
      "type": "Feature",
      "properties": {
        "N02_001": "12",
        "N02_002": "4",
        "N02_003": "新宿線",
        "N02_004": "西武鉄道",
        "N02_005": "新井薬師前",
        "N02_005c": "003489",
        "N02_005g": "003489",
        "ward_code": "13114",
        "ward_name": "中野区"
      },
      "geometry": {
        "type": "LineString",
        "coordinates": [
          [
            139.67342,
            35.71555
          ],
          [
            139.67273,
            35.71572
          ],
          [
            139.67207,
            35.71592
          ],
          [
            139.67177,
            35.71602
          ]
        ]
      }
    },
    {
      "type": "Feature",
      "properties": {
        "N02_001": "12",
        "N02_002": "4",
        "N02_003": "新宿線",
        "N02_004": "西武鉄道",
        "N02_005": "井荻",
        "N02_005c": "003440",
        "N02_005g": "003440",
        "ward_code": "13115",
        "ward_name": "杉並区"
      },
      "geometry": {
        "type": "LineString",
        "coordinates": [
          [
            139.61658,
            35.72462
          ],
          [
            139.61541,
            35.72467
          ],
          [
            139.61465,
            35.7247
          ]
        ]
      }
    },
    {
      "type": "Feature",
      "properties": {
        "N02_001": "12",
        "N02_002": "4",
        "N02_003": "新宿線",
        "N02_004": "西武鉄道",
        "N02_005": "上石神井",
        "N02_005c": "003427",
        "N02_005g": "003427",
        "ward_code": "13120",
        "ward_name": "練馬区"
      },
      "geometry": {
        "type": "LineString",
        "coordinates": [
          [
            139.593,
            35.72611
          ],
          [
            139.59158,
            35.72628
          ]
        ]
      }
    },
    {
      "type": "Feature",
      "properties": {
        "N02_001": "12",
        "N02_002": "4",
        "N02_003": "新宿線",
        "N02_004": "西武鉄道",
        "N02_005": "沼袋",
        "N02_005c": "003475",
        "N02_005g": "003475",
        "ward_code": "13114",
        "ward_name": "中野区"
      },
      "geometry": {
        "type": "LineString",
        "coordinates": [
          [
            139.66561,
            35.71906
          ],
          [
            139.66407,
            35.71926
          ]
        ]
      }
    },
    {
      "type": "Feature",
      "properties": {
        "N02_001": "12",
        "N02_002": "4",
        "N02_003": "新宿線",
        "N02_004": "西武鉄道",
        "N02_005": "西武新宿",
        "N02_005c": "003648",
        "N02_005g": "003648",
        "ward_code": "13104",
        "ward_name": "新宿区"
      },
      "geometry": {
        "type": "LineString",
        "coordinates": [
          [
            139.70004,
            35.6953
          ],
          [
            139.70004,
            35.69605
          ],
          [
            139.70012,
            35.69704
          ]
        ]
      }
    },
    {
      "type": "Feature",
      "properties": {
        "N02_001": "12",
        "N02_002": "4",
        "N02_003": "新宿線",
        "N02_004": "西武鉄道",
        "N02_005": "武蔵関",
        "N02_005c": "003419",
        "N02_005g": "003419",
        "ward_code": "13120",
        "ward_name": "練馬区"
      },
      "geometry": {
        "type": "LineString",
        "coordinates": [
          [
            139.57721,
            35.72754
          ],
          [
            139.57552,
            35.72769
          ]
        ]
      }
    },
    {
      "type": "Feature",
      "properties": {
        "N02_001": "12",
        "N02_002": "4",
        "N02_003": "西武有楽町線",
        "N02_004": "西武鉄道",
        "N02_005": "小竹向原",
        "N02_005c": "003296",
        "N02_005g": "003294",
        "ward_code": "13120",
        "ward_name": "練馬区"
      },
      "geometry": {
        "type": "LineString",
        "coordinates": [
          [
            139.6785,
            35.74388
          ],
          [
            139.68054,
            35.74291
          ]
        ]
      }
    },
    {
      "type": "Feature",
      "properties": {
        "N02_001": "12",
        "N02_002": "4",
        "N02_003": "西武有楽町線",
        "N02_004": "西武鉄道",
        "N02_005": "練馬",
        "N02_005c": "003328",
        "N02_005g": "003328",
        "ward_code": "13120",
        "ward_name": "練馬区"
      },
      "geometry": {
        "type": "LineString",
        "coordinates": [
          [
            139.65557,
            35.73804
          ],
          [
            139.65331,
            35.73783
          ]
        ]
      }
    },
    {
      "type": "Feature",
      "properties": {
        "N02_001": "12",
        "N02_002": "4",
        "N02_003": "西武有楽町線",
        "N02_004": "西武鉄道",
        "N02_005": "新桜台",
        "N02_005c": "003311",
        "N02_005g": "003311",
        "ward_code": "13120",
        "ward_name": "練馬区"
      },
      "geometry": {
        "type": "LineString",
        "coordinates": [
          [
            139.66964,
            35.74167
          ],
          [
            139.66842,
            35.74086
          ],
          [
            139.66766,
            35.74041
          ]
        ]
      }
    },
    {
      "type": "Feature",
      "properties": {
        "N02_001": "12",
        "N02_002": "4",
        "N02_003": "池袋線",
        "N02_004": "西武鉄道",
        "N02_005": "池袋",
        "N02_005c": "003418",
        "N02_005g": "003390",
        "ward_code": "13116",
        "ward_name": "豊島区"
      },
      "geometry": {
        "type": "LineString",
        "coordinates": [
          [
            139.71091,
            35.72783
          ],
          [
            139.71075,
            35.72749
          ]
        ]
      }
    },
    {
      "type": "Feature",
      "properties": {
        "N02_001": "12",
        "N02_002": "4",
        "N02_003": "池袋線",
        "N02_004": "西武鉄道",
        "N02_005": "練馬",
        "N02_005c": "003329",
        "N02_005g": "003328",
        "ward_code": "13120",
        "ward_name": "練馬区"
      },
      "geometry": {
        "type": "LineString",
        "coordinates": [
          [
            139.65557,
            35.73804
          ],
          [
            139.65331,
            35.73783
          ]
        ]
      }
    },
    {
      "type": "Feature",
      "properties": {
        "N02_001": "12",
        "N02_002": "4",
        "N02_003": "池袋線",
        "N02_004": "西武鉄道",
        "N02_005": "石神井公園",
        "N02_005c": "003292",
        "N02_005g": "003292",
        "ward_code": "13120",
        "ward_name": "練馬区"
      },
      "geometry": {
        "type": "LineString",
        "coordinates": [
          [
            139.6055,
            35.74389
          ],
          [
            139.60761,
            35.74339
          ]
        ]
      }
    },
    {
      "type": "Feature",
      "properties": {
        "N02_001": "12",
        "N02_002": "4",
        "N02_003": "池袋線",
        "N02_004": "西武鉄道",
        "N02_005": "江古田",
        "N02_005c": "003337",
        "N02_005g": "003337",
        "ward_code": "13120",
        "ward_name": "練馬区"
      },
      "geometry": {
        "type": "LineString",
        "coordinates": [
          [
            139.67355,
            35.73723
          ],
          [
            139.67202,
            35.7377
          ]
        ]
      }
    },
    {
      "type": "Feature",
      "properties": {
        "N02_001": "12",
        "N02_002": "4",
        "N02_003": "池袋線",
        "N02_004": "西武鉄道",
        "N02_005": "富士見台",
        "N02_005c": "003349",
        "N02_005g": "003349",
        "ward_code": "13120",
        "ward_name": "練馬区"
      },
      "geometry": {
        "type": "LineString",
        "coordinates": [
          [
            139.63063,
            35.73593
          ],
          [
            139.629,
            35.73577
          ]
        ]
      }
    },
    {
      "type": "Feature",
      "properties": {
        "N02_001": "12",
        "N02_002": "4",
        "N02_003": "池袋線",
        "N02_004": "西武鉄道",
        "N02_005": "中村橋",
        "N02_005c": "003345",
        "N02_005g": "003345",
        "ward_code": "13120",
        "ward_name": "練馬区"
      },
      "geometry": {
        "type": "LineString",
        "coordinates": [
          [
            139.63801,
            35.73677
          ],
          [
            139.63633,
            35.73657
          ]
        ]
      }
    },
    {
      "type": "Feature",
      "properties": {
        "N02_001": "12",
        "N02_002": "4",
        "N02_003": "池袋線",
        "N02_004": "西武鉄道",
        "N02_005": "桜台",
        "N02_005c": "003321",
        "N02_005g": "003321",
        "ward_code": "13120",
        "ward_name": "練馬区"
      },
      "geometry": {
        "type": "LineString",
        "coordinates": [
          [
            139.66336,
            35.73884
          ],
          [
            139.66144,
            35.73865
          ]
        ]
      }
    },
    {
      "type": "Feature",
      "properties": {
        "N02_001": "12",
        "N02_002": "4",
        "N02_003": "池袋線",
        "N02_004": "西武鉄道",
        "N02_005": "東長崎",
        "N02_005c": "003393",
        "N02_005g": "003393",
        "ward_code": "13116",
        "ward_name": "豊島区"
      },
      "geometry": {
        "type": "LineString",
        "coordinates": [
          [
            139.68383,
            35.72947
          ],
          [
            139.68254,
            35.73047
          ]
        ]
      }
    },
    {
      "type": "Feature",
      "properties": {
        "N02_001": "12",
        "N02_002": "4",
        "N02_003": "池袋線",
        "N02_004": "西武鉄道",
        "N02_005": "練馬高野台",
        "N02_005c": "003314",
        "N02_005g": "003314",
        "ward_code": "13120",
        "ward_name": "練馬区"
      },
      "geometry": {
        "type": "LineString",
        "coordinates": [
          [
            139.61599,
            35.74107
          ],
          [
            139.61768,
            35.74016
          ]
        ]
      }
    },
    {
      "type": "Feature",
      "properties": {
        "N02_001": "12",
        "N02_002": "4",
        "N02_003": "池袋線",
        "N02_004": "西武鉄道",
        "N02_005": "椎名町",
        "N02_005c": "003426",
        "N02_005g": "003426",
        "ward_code": "13116",
        "ward_name": "豊島区"
      },
      "geometry": {
        "type": "LineString",
        "coordinates": [
          [
            139.69494,
            35.72637
          ],
          [
            139.69369,
            35.72662
          ]
        ]
      }
    },
    {
      "type": "Feature",
      "properties": {
        "N02_001": "12",
        "N02_002": "4",
        "N02_003": "池袋線",
        "N02_004": "西武鉄道",
        "N02_005": "大泉学園",
        "N02_005c": "003263",
        "N02_005g": "003263",
        "ward_code": "13120",
        "ward_name": "練馬区"
      },
      "geometry": {
        "type": "LineString",
        "coordinates": [
          [
            139.58598,
            35.74965
          ],
          [
            139.5864,
            35.74952
          ],
          [
            139.58661,
            35.74943
          ],
          [
            139.58762,
            35.74903
          ]
        ]
      }
    },
    {
      "type": "Feature",
      "properties": {
        "N02_001": "12",
        "N02_002": "4",
        "N02_003": "豊島線",
        "N02_004": "西武鉄道",
        "N02_005": "練馬",
        "N02_005c": "003330",
        "N02_005g": "003328",
        "ward_code": "13120",
        "ward_name": "練馬区"
      },
      "geometry": {
        "type": "LineString",
        "coordinates": [
          [
            139.65557,
            35.73804
          ],
          [
            139.65331,
            35.73783
          ]
        ]
      }
    },
    {
      "type": "Feature",
      "properties": {
        "N02_001": "12",
        "N02_002": "4",
        "N02_003": "豊島線",
        "N02_004": "西武鉄道",
        "N02_005": "豊島園",
        "N02_005c": "003305",
        "N02_005g": "003305",
        "ward_code": "13120",
        "ward_name": "練馬区"
      },
      "geometry": {
        "type": "LineString",
        "coordinates": [
          [
            139.64804,
            35.74247
          ],
          [
            139.648,
            35.7416
          ]
        ]
      }
    },
    {
      "type": "Feature",
      "properties": {
        "N02_001": "11",
        "N02_002": "1",
        "N02_003": "東海道新幹線",
        "N02_004": "東海旅客鉄道",
        "N02_005": "東京",
        "N02_005c": "003768",
        "N02_005g": "003766",
        "ward_code": "13101",
        "ward_name": "千代田区"
      },
      "geometry": {
        "type": "LineString",
        "coordinates": [
          [
            139.76807,
            35.68296
          ],
          [
            139.76811,
            35.68099
          ],
          [
            139.76746,
            35.67936
          ]
        ]
      }
    },
    {
      "type": "Feature",
      "properties": {
        "N02_001": "11",
        "N02_002": "1",
        "N02_003": "東海道新幹線",
        "N02_004": "東海旅客鉄道",
        "N02_005": "品川",
        "N02_005c": "004092",
        "N02_005g": "004095",
        "ward_code": "13103",
        "ward_name": "港区"
      },
      "geometry": {
        "type": "LineString",
        "coordinates": [
          [
            139.7406,
            35.63128
          ],
          [
            139.74032,
            35.63058
          ],
          [
            139.74021,
            35.63017
          ],
          [
            139.74007,
            35.62964
          ],
          [
            139.73993,
            35.62907
          ],
          [
            139.73989,
            35.62894
          ],
          [
            139.73987,
            35.62883
          ],
          [
            139.73966,
            35.628
          ]
        ]
      }
    },
    {
      "type": "Feature",
      "properties": {
        "N02_001": "15",
        "N02_002": "4",
        "N02_003": "東京モノレール羽田線",
        "N02_004": "東京モノレール",
        "N02_005": "天王洲アイル",
        "N02_005c": "004123",
        "N02_005g": "004123",
        "ward_code": "13109",
        "ward_name": "品川区"
      },
      "geometry": {
        "type": "LineString",
        "coordinates": [
          [
            139.75065,
            35.62328
          ],
          [
            139.75116,
            35.62246
          ]
        ]
      }
    },
    {
      "type": "Feature",
      "properties": {
        "N02_001": "15",
        "N02_002": "4",
        "N02_003": "東京モノレール羽田線",
        "N02_004": "東京モノレール",
        "N02_005": "モノレール浜松町",
        "N02_005c": "003946",
        "N02_005g": "003946",
        "ward_code": "13103",
        "ward_name": "港区"
      },
      "geometry": {
        "type": "LineString",
        "coordinates": [
          [
            139.75661,
            35.65514
          ],
          [
            139.75673,
            35.65635
          ]
        ]
      }
    },
    {
      "type": "Feature",
      "properties": {
        "N02_001": "15",
        "N02_002": "4",
        "N02_003": "東京モノレール羽田線",
        "N02_004": "東京モノレール",
        "N02_005": "羽田空港第1ターミナル",
        "N02_005c": "004372",
        "N02_005g": "004372",
        "ward_code": "13111",
        "ward_name": "大田区"
      },
      "geometry": {
        "type": "LineString",
        "coordinates": [
          [
            139.78417,
            35.54977
          ],
          [
            139.78454,
            35.54925
          ],
          [
            139.78512,
            35.5484
          ]
        ]
      }
    },
    {
      "type": "Feature",
      "properties": {
        "N02_001": "15",
        "N02_002": "4",
        "N02_003": "東京モノレール羽田線",
        "N02_004": "東京モノレール",
        "N02_005": "天空橋",
        "N02_005c": "004373",
        "N02_005g": "004373",
        "ward_code": "13111",
        "ward_name": "大田区"
      },
      "geometry": {
        "type": "LineString",
        "coordinates": [
          [
            139.75491,
            35.54753
          ],
          [
            139.75429,
            35.54918
          ]
        ]
      }
    },
    {
      "type": "Feature",
      "properties": {
        "N02_001": "15",
        "N02_002": "4",
        "N02_003": "東京モノレール羽田線",
        "N02_004": "東京モノレール",
        "N02_005": "整備場",
        "N02_005c": "004348",
        "N02_005g": "004348",
        "ward_code": "13111",
        "ward_name": "大田区"
      },
      "geometry": {
        "type": "LineString",
        "coordinates": [
          [
            139.75336,
            35.55466
          ],
          [
            139.75336,
            35.55554
          ]
        ]
      }
    },
    {
      "type": "Feature",
      "properties": {
        "N02_001": "15",
        "N02_002": "4",
        "N02_003": "東京モノレール羽田線",
        "N02_004": "東京モノレール",
        "N02_005": "羽田空港第2ターミナル",
        "N02_005c": "004361",
        "N02_005g": "004361",
        "ward_code": "13111",
        "ward_name": "大田区"
      },
      "geometry": {
        "type": "LineString",
        "coordinates": [
          [
            139.78778,
            35.55143
          ],
          [
            139.78862,
            35.55016
          ]
        ]
      }
    },
    {
      "type": "Feature",
      "properties": {
        "N02_001": "15",
        "N02_002": "4",
        "N02_003": "東京モノレール羽田線",
        "N02_004": "東京モノレール",
        "N02_005": "流通センター",
        "N02_005c": "004285",
        "N02_005g": "004285",
        "ward_code": "13111",
        "ward_name": "大田区"
      },
      "geometry": {
        "type": "LineString",
        "coordinates": [
          [
            139.74937,
            35.58101
          ],
          [
            139.749,
            35.58188
          ]
        ]
      }
    },
    {
      "type": "Feature",
      "properties": {
        "N02_001": "15",
        "N02_002": "4",
        "N02_003": "東京モノレール羽田線",
        "N02_004": "東京モノレール",
        "N02_005": "昭和島",
        "N02_005c": "004312",
        "N02_005g": "004312",
        "ward_code": "13111",
        "ward_name": "大田区"
      },
      "geometry": {
        "type": "LineString",
        "coordinates": [
          [
            139.74976,
            35.57002
          ],
          [
            139.74995,
            35.57077
          ],
          [
            139.75007,
            35.57122
          ]
        ]
      }
    },
    {
      "type": "Feature",
      "properties": {
        "N02_001": "15",
        "N02_002": "4",
        "N02_003": "東京モノレール羽田線",
        "N02_004": "東京モノレール",
        "N02_005": "新整備場",
        "N02_005c": "004393",
        "N02_005g": "004393",
        "ward_code": "13111",
        "ward_name": "大田区"
      },
      "geometry": {
        "type": "LineString",
        "coordinates": [
          [
            139.78714,
            35.54348
          ],
          [
            139.78685,
            35.54286
          ],
          [
            139.78674,
            35.54265
          ],
          [
            139.78646,
            35.54218
          ]
        ]
      }
    },
    {
      "type": "Feature",
      "properties": {
        "N02_001": "21",
        "N02_002": "4",
        "N02_003": "世田谷線",
        "N02_004": "東急電鉄",
        "N02_005": "下高井戸",
        "N02_005c": "003877",
        "N02_005g": "003874",
        "ward_code": "13112",
        "ward_name": "世田谷区"
      },
      "geometry": {
        "type": "LineString",
        "coordinates": [
          [
            139.64116,
            35.66591
          ],
          [
            139.64196,
            35.6658
          ]
        ]
      }
    },
    {
      "type": "Feature",
      "properties": {
        "N02_001": "21",
        "N02_002": "4",
        "N02_003": "世田谷線",
        "N02_004": "東急電鉄",
        "N02_005": "若林",
        "N02_005c": "003996",
        "N02_005g": "003996",
        "ward_code": "13112",
        "ward_name": "世田谷区"
      },
      "geometry": {
        "type": "LineString",
        "coordinates": [
          [
            139.6603,
            35.646
          ],
          [
            139.65952,
            35.64585
          ]
        ]
      }
    },
    {
      "type": "Feature",
      "properties": {
        "N02_001": "21",
        "N02_002": "4",
        "N02_003": "世田谷線",
        "N02_004": "東急電鉄",
        "N02_005": "宮の坂",
        "N02_005c": "003989",
        "N02_005g": "003989",
        "ward_code": "13112",
        "ward_name": "世田谷区"
      },
      "geometry": {
        "type": "LineString",
        "coordinates": [
          [
            139.64481,
            35.64719
          ],
          [
            139.64503,
            35.64791
          ]
        ]
      }
    },
    {
      "type": "Feature",
      "properties": {
        "N02_001": "21",
        "N02_002": "4",
        "N02_003": "世田谷線",
        "N02_004": "東急電鉄",
        "N02_005": "山下",
        "N02_005c": "003957",
        "N02_005g": "003957",
        "ward_code": "13112",
        "ward_name": "世田谷区"
      },
      "geometry": {
        "type": "LineString",
        "coordinates": [
          [
            139.64647,
            35.65385
          ],
          [
            139.64647,
            35.65404
          ],
          [
            139.64646,
            35.65422
          ],
          [
            139.64646,
            35.65428
          ],
          [
            139.64643,
            35.65438
          ],
          [
            139.64641,
            35.65443
          ],
          [
            139.64636,
            35.65452
          ]
        ]
      }
    },
    {
      "type": "Feature",
      "properties": {
        "N02_001": "21",
        "N02_002": "4",
        "N02_003": "世田谷線",
        "N02_004": "東急電鉄",
        "N02_005": "世田谷",
        "N02_005c": "004021",
        "N02_005g": "004021",
        "ward_code": "13112",
        "ward_name": "世田谷区"
      },
      "geometry": {
        "type": "LineString",
        "coordinates": [
          [
            139.65126,
            35.64353
          ],
          [
            139.65042,
            35.64346
          ]
        ]
      }
    },
    {
      "type": "Feature",
      "properties": {
        "N02_001": "21",
        "N02_002": "4",
        "N02_003": "世田谷線",
        "N02_004": "東急電鉄",
        "N02_005": "松原",
        "N02_005c": "003915",
        "N02_005g": "003915",
        "ward_code": "13112",
        "ward_name": "世田谷区"
      },
      "geometry": {
        "type": "LineString",
        "coordinates": [
          [
            139.6419,
            35.65984
          ],
          [
            139.64189,
            35.66056
          ]
        ]
      }
    },
    {
      "type": "Feature",
      "properties": {
        "N02_001": "21",
        "N02_002": "4",
        "N02_003": "世田谷線",
        "N02_004": "東急電鉄",
        "N02_005": "松陰神社前",
        "N02_005c": "004017",
        "N02_005g": "004017",
        "ward_code": "13112",
        "ward_name": "世田谷区"
      },
      "geometry": {
        "type": "LineString",
        "coordinates": [
          [
            139.65535,
            35.64395
          ],
          [
            139.65463,
            35.64382
          ]
        ]
      }
    },
    {
      "type": "Feature",
      "properties": {
        "N02_001": "21",
        "N02_002": "4",
        "N02_003": "世田谷線",
        "N02_004": "東急電鉄",
        "N02_005": "三軒茶屋",
        "N02_005c": "004016",
        "N02_005g": "004016",
        "ward_code": "13112",
        "ward_name": "世田谷区"
      },
      "geometry": {
        "type": "LineString",
        "coordinates": [
          [
            139.66961,
            35.64413
          ],
          [
            139.66876,
            35.64408
          ]
        ]
      }
    },
    {
      "type": "Feature",
      "properties": {
        "N02_001": "21",
        "N02_002": "4",
        "N02_003": "世田谷線",
        "N02_004": "東急電鉄",
        "N02_005": "上町",
        "N02_005c": "004020",
        "N02_005g": "004020",
        "ward_code": "13112",
        "ward_name": "世田谷区"
      },
      "geometry": {
        "type": "LineString",
        "coordinates": [
          [
            139.64667,
            35.64338
          ],
          [
            139.64641,
            35.64352
          ],
          [
            139.64628,
            35.64365
          ],
          [
            139.64615,
            35.64385
          ]
        ]
      }
    },
    {
      "type": "Feature",
      "properties": {
        "N02_001": "21",
        "N02_002": "4",
        "N02_003": "世田谷線",
        "N02_004": "東急電鉄",
        "N02_005": "西太子堂",
        "N02_005c": "004006",
        "N02_005g": "004006",
        "ward_code": "13112",
        "ward_name": "世田谷区"
      },
      "geometry": {
        "type": "LineString",
        "coordinates": [
          [
            139.66672,
            35.64438
          ],
          [
            139.66598,
            35.64466
          ]
        ]
      }
    },
    {
      "type": "Feature",
      "properties": {
        "N02_001": "12",
        "N02_002": "4",
        "N02_003": "大井町線",
        "N02_004": "東急電鉄",
        "N02_005": "大井町",
        "N02_005c": "004193",
        "N02_005g": "004197",
        "ward_code": "13109",
        "ward_name": "品川区"
      },
      "geometry": {
        "type": "LineString",
        "coordinates": [
          [
            139.73506,
            35.60759
          ],
          [
            139.73373,
            35.60775
          ],
          [
            139.73324,
            35.60781
          ]
        ]
      }
    },
    {
      "type": "Feature",
      "properties": {
        "N02_001": "12",
        "N02_002": "4",
        "N02_003": "大井町線",
        "N02_004": "東急電鉄",
        "N02_005": "戸越公園",
        "N02_005c": "004186",
        "N02_005g": "004186",
        "ward_code": "13109",
        "ward_name": "品川区"
      },
      "geometry": {
        "type": "LineString",
        "coordinates": [
          [
            139.71798,
            35.60885
          ],
          [
            139.7188,
            35.60901
          ]
        ]
      }
    },
    {
      "type": "Feature",
      "properties": {
        "N02_001": "12",
        "N02_002": "4",
        "N02_003": "大井町線",
        "N02_004": "東急電鉄",
        "N02_005": "下神明",
        "N02_005c": "004188",
        "N02_005g": "004188",
        "ward_code": "13109",
        "ward_name": "品川区"
      },
      "geometry": {
        "type": "LineString",
        "coordinates": [
          [
            139.72594,
            35.60884
          ],
          [
            139.72668,
            35.60858
          ]
        ]
      }
    },
    {
      "type": "Feature",
      "properties": {
        "N02_001": "12",
        "N02_002": "4",
        "N02_003": "大井町線",
        "N02_004": "東急電鉄",
        "N02_005": "二子玉川",
        "N02_005c": "004177",
        "N02_005g": "004177",
        "ward_code": "13112",
        "ward_name": "世田谷区"
      },
      "geometry": {
        "type": "LineString",
        "coordinates": [
          [
            139.6255,
            35.61036
          ],
          [
            139.6257,
            35.61061
          ],
          [
            139.626,
            35.61097
          ],
          [
            139.62633,
            35.61138
          ],
          [
            139.62662,
            35.61172
          ],
          [
            139.6267,
            35.6118
          ],
          [
            139.6268,
            35.61189
          ],
          [
            139.6269,
            35.61199
          ],
          [
            139.62709,
            35.61214
          ],
          [
            139.6273,
            35.61229
          ]
        ]
      }
    },
    {
      "type": "Feature",
      "properties": {
        "N02_001": "12",
        "N02_002": "4",
        "N02_003": "大井町線",
        "N02_004": "東急電鉄",
        "N02_005": "北千束",
        "N02_005c": "004212",
        "N02_005g": "004212",
        "ward_code": "13111",
        "ward_name": "大田区"
      },
      "geometry": {
        "type": "LineString",
        "coordinates": [
          [
            139.69366,
            35.60615
          ],
          [
            139.69288,
            35.60641
          ]
        ]
      }
    },
    {
      "type": "Feature",
      "properties": {
        "N02_001": "12",
        "N02_002": "4",
        "N02_003": "大井町線",
        "N02_004": "東急電鉄",
        "N02_005": "上野毛",
        "N02_005c": "004175",
        "N02_005g": "004175",
        "ward_code": "13112",
        "ward_name": "世田谷区"
      },
      "geometry": {
        "type": "LineString",
        "coordinates": [
          [
            139.63945,
            35.61171
          ],
          [
            139.63888,
            35.61201
          ],
          [
            139.63841,
            35.61225
          ]
        ]
      }
    },
    {
      "type": "Feature",
      "properties": {
        "N02_001": "12",
        "N02_002": "4",
        "N02_003": "大井町線",
        "N02_004": "東急電鉄",
        "N02_005": "旗の台",
        "N02_005c": "004221",
        "N02_005g": "004219",
        "ward_code": "13109",
        "ward_name": "品川区"
      },
      "geometry": {
        "type": "LineString",
        "coordinates": [
          [
            139.70266,
            35.60485
          ],
          [
            139.70176,
            35.60501
          ]
        ]
      }
    },
    {
      "type": "Feature",
      "properties": {
        "N02_001": "12",
        "N02_002": "4",
        "N02_003": "大井町線",
        "N02_004": "東急電鉄",
        "N02_005": "等々力",
        "N02_005c": "004191",
        "N02_005g": "004191",
        "ward_code": "13112",
        "ward_name": "世田谷区"
      },
      "geometry": {
        "type": "LineString",
        "coordinates": [
          [
            139.64849,
            35.60823
          ],
          [
            139.64743,
            35.60851
          ]
        ]
      }
    },
    {
      "type": "Feature",
      "properties": {
        "N02_001": "12",
        "N02_002": "4",
        "N02_003": "大井町線",
        "N02_004": "東急電鉄",
        "N02_005": "緑が丘",
        "N02_005c": "004210",
        "N02_005g": "004210",
        "ward_code": "13110",
        "ward_name": "目黒区"
      },
      "geometry": {
        "type": "LineString",
        "coordinates": [
          [
            139.67955,
            35.60637
          ],
          [
            139.67875,
            35.60658
          ]
        ]
      }
    },
    {
      "type": "Feature",
      "properties": {
        "N02_001": "12",
        "N02_002": "4",
        "N02_003": "大井町線",
        "N02_004": "東急電鉄",
        "N02_005": "九品仏",
        "N02_005c": "004216",
        "N02_005g": "004216",
        "ward_code": "13112",
        "ward_name": "世田谷区"
      },
      "geometry": {
        "type": "LineString",
        "coordinates": [
          [
            139.66144,
            35.60531
          ],
          [
            139.66058,
            35.60544
          ]
        ]
      }
    },
    {
      "type": "Feature",
      "properties": {
        "N02_001": "12",
        "N02_002": "4",
        "N02_003": "大井町線",
        "N02_004": "東急電鉄",
        "N02_005": "大岡山",
        "N02_005c": "004202",
        "N02_005g": "004200",
        "ward_code": "13111",
        "ward_name": "大田区"
      },
      "geometry": {
        "type": "LineString",
        "coordinates": [
          [
            139.68547,
            35.60724
          ],
          [
            139.68502,
            35.60712
          ],
          [
            139.68408,
            35.60685
          ]
        ]
      }
    },
    {
      "type": "Feature",
      "properties": {
        "N02_001": "12",
        "N02_002": "4",
        "N02_003": "大井町線",
        "N02_004": "東急電鉄",
        "N02_005": "自由が丘",
        "N02_005c": "004196",
        "N02_005g": "004196",
        "ward_code": "13110",
        "ward_name": "目黒区"
      },
      "geometry": {
        "type": "LineString",
        "coordinates": [
          [
            139.66974,
            35.60767
          ],
          [
            139.6682,
            35.60712
          ]
        ]
      }
    },
    {
      "type": "Feature",
      "properties": {
        "N02_001": "12",
        "N02_002": "4",
        "N02_003": "大井町線",
        "N02_004": "東急電鉄",
        "N02_005": "中延",
        "N02_005c": "004215",
        "N02_005g": "004215",
        "ward_code": "13109",
        "ward_name": "品川区"
      },
      "geometry": {
        "type": "LineString",
        "coordinates": [
          [
            139.7122,
            35.60548
          ],
          [
            139.7129,
            35.60596
          ]
        ]
      }
    },
    {
      "type": "Feature",
      "properties": {
        "N02_001": "12",
        "N02_002": "4",
        "N02_003": "大井町線",
        "N02_004": "東急電鉄",
        "N02_005": "尾山台",
        "N02_005c": "004205",
        "N02_005g": "004205",
        "ward_code": "13112",
        "ward_name": "世田谷区"
      },
      "geometry": {
        "type": "LineString",
        "coordinates": [
          [
            139.65482,
            35.60678
          ],
          [
            139.65342,
            35.60709
          ]
        ]
      }
    },
    {
      "type": "Feature",
      "properties": {
        "N02_001": "12",
        "N02_002": "4",
        "N02_003": "大井町線",
        "N02_004": "東急電鉄",
        "N02_005": "荏原町",
        "N02_005c": "004225",
        "N02_005g": "004225",
        "ward_code": "13109",
        "ward_name": "品川区"
      },
      "geometry": {
        "type": "LineString",
        "coordinates": [
          [
            139.70713,
            35.60382
          ],
          [
            139.70796,
            35.6038
          ]
        ]
      }
    },
    {
      "type": "Feature",
      "properties": {
        "N02_001": "12",
        "N02_002": "4",
        "N02_003": "池上線",
        "N02_004": "東急電鉄",
        "N02_005": "大崎広小路",
        "N02_005c": "004127",
        "N02_005g": "004127",
        "ward_code": "13109",
        "ward_name": "品川区"
      },
      "geometry": {
        "type": "LineString",
        "coordinates": [
          [
            139.72206,
            35.62202
          ],
          [
            139.72265,
            35.62259
          ]
        ]
      }
    },
    {
      "type": "Feature",
      "properties": {
        "N02_001": "12",
        "N02_002": "4",
        "N02_003": "池上線",
        "N02_004": "東急電鉄",
        "N02_005": "五反田",
        "N02_005c": "004117",
        "N02_005g": "004110",
        "ward_code": "13109",
        "ward_name": "品川区"
      },
      "geometry": {
        "type": "LineString",
        "coordinates": [
          [
            139.72385,
            35.62457
          ],
          [
            139.72413,
            35.62521
          ],
          [
            139.72422,
            35.62543
          ]
        ]
      }
    },
    {
      "type": "Feature",
      "properties": {
        "N02_001": "12",
        "N02_002": "4",
        "N02_003": "池上線",
        "N02_004": "東急電鉄",
        "N02_005": "戸越銀座",
        "N02_005c": "004155",
        "N02_005g": "004155",
        "ward_code": "13109",
        "ward_name": "品川区"
      },
      "geometry": {
        "type": "LineString",
        "coordinates": [
          [
            139.71485,
            35.61569
          ],
          [
            139.71515,
            35.61633
          ]
        ]
      }
    },
    {
      "type": "Feature",
      "properties": {
        "N02_001": "12",
        "N02_002": "4",
        "N02_003": "池上線",
        "N02_004": "東急電鉄",
        "N02_005": "旗の台",
        "N02_005c": "004219",
        "N02_005g": "004219",
        "ward_code": "13109",
        "ward_name": "品川区"
      },
      "geometry": {
        "type": "LineString",
        "coordinates": [
          [
            139.70299,
            35.60495
          ],
          [
            139.70364,
            35.60532
          ]
        ]
      }
    },
    {
      "type": "Feature",
      "properties": {
        "N02_001": "12",
        "N02_002": "4",
        "N02_003": "池上線",
        "N02_004": "東急電鉄",
        "N02_005": "荏原中延",
        "N02_005c": "004181",
        "N02_005g": "004181",
        "ward_code": "13109",
        "ward_name": "品川区"
      },
      "geometry": {
        "type": "LineString",
        "coordinates": [
          [
            139.71191,
            35.60979
          ],
          [
            139.71215,
            35.61001
          ]
        ]
      }
    },
    {
      "type": "Feature",
      "properties": {
        "N02_001": "12",
        "N02_002": "4",
        "N02_003": "池上線",
        "N02_004": "東急電鉄",
        "N02_005": "雪が谷大塚",
        "N02_005c": "004259",
        "N02_005g": "004259",
        "ward_code": "13111",
        "ward_name": "大田区"
      },
      "geometry": {
        "type": "LineString",
        "coordinates": [
          [
            139.6809,
            35.59162
          ],
          [
            139.68135,
            35.59231
          ]
        ]
      }
    },
    {
      "type": "Feature",
      "properties": {
        "N02_001": "12",
        "N02_002": "4",
        "N02_003": "池上線",
        "N02_004": "東急電鉄",
        "N02_005": "石川台",
        "N02_005c": "004247",
        "N02_005g": "004247",
        "ward_code": "13111",
        "ward_name": "大田区"
      },
      "geometry": {
        "type": "LineString",
        "coordinates": [
          [
            139.68475,
            35.59664
          ],
          [
            139.68543,
            35.59708
          ]
        ]
      }
    },
    {
      "type": "Feature",
      "properties": {
        "N02_001": "12",
        "N02_002": "4",
        "N02_003": "池上線",
        "N02_004": "東急電鉄",
        "N02_005": "御嶽山",
        "N02_005c": "004273",
        "N02_005g": "004273",
        "ward_code": "13111",
        "ward_name": "大田区"
      },
      "geometry": {
        "type": "LineString",
        "coordinates": [
          [
            139.68255,
            35.58491
          ],
          [
            139.68249,
            35.58501
          ],
          [
            139.68222,
            35.58554
          ]
        ]
      }
    },
    {
      "type": "Feature",
      "properties": {
        "N02_001": "12",
        "N02_002": "4",
        "N02_003": "池上線",
        "N02_004": "東急電鉄",
        "N02_005": "長原",
        "N02_005c": "004232",
        "N02_005g": "004232",
        "ward_code": "13111",
        "ward_name": "大田区"
      },
      "geometry": {
        "type": "LineString",
        "coordinates": [
          [
            139.69763,
            35.60205
          ],
          [
            139.69831,
            35.60241
          ]
        ]
      }
    },
    {
      "type": "Feature",
      "properties": {
        "N02_001": "12",
        "N02_002": "4",
        "N02_003": "池上線",
        "N02_004": "東急電鉄",
        "N02_005": "洗足池",
        "N02_005c": "004239",
        "N02_005g": "004239",
        "ward_code": "13111",
        "ward_name": "大田区"
      },
      "geometry": {
        "type": "LineString",
        "coordinates": [
          [
            139.69051,
            35.59955
          ],
          [
            139.69134,
            35.5998
          ]
        ]
      }
    },
    {
      "type": "Feature",
      "properties": {
        "N02_001": "12",
        "N02_002": "4",
        "N02_003": "池上線",
        "N02_004": "東急電鉄",
        "N02_005": "蓮沼",
        "N02_005c": "004323",
        "N02_005g": "004323",
        "ward_code": "13111",
        "ward_name": "大田区"
      },
      "geometry": {
        "type": "LineString",
        "coordinates": [
          [
            139.70876,
            35.56366
          ],
          [
            139.70844,
            35.56426
          ]
        ]
      }
    },
    {
      "type": "Feature",
      "properties": {
        "N02_001": "12",
        "N02_002": "4",
        "N02_003": "池上線",
        "N02_004": "東急電鉄",
        "N02_005": "久が原",
        "N02_005c": "004292",
        "N02_005g": "004292",
        "ward_code": "13111",
        "ward_name": "大田区"
      },
      "geometry": {
        "type": "LineString",
        "coordinates": [
          [
            139.68589,
            35.57915
          ],
          [
            139.68545,
            35.57976
          ]
        ]
      }
    },
    {
      "type": "Feature",
      "properties": {
        "N02_001": "12",
        "N02_002": "4",
        "N02_003": "池上線",
        "N02_004": "東急電鉄",
        "N02_005": "池上",
        "N02_005c": "004309",
        "N02_005g": "004309",
        "ward_code": "13111",
        "ward_name": "大田区"
      },
      "geometry": {
        "type": "LineString",
        "coordinates": [
          [
            139.70326,
            35.57191
          ],
          [
            139.703,
            35.57194
          ],
          [
            139.70273,
            35.57195
          ],
          [
            139.70238,
            35.57198
          ]
        ]
      }
    },
    {
      "type": "Feature",
      "properties": {
        "N02_001": "12",
        "N02_002": "4",
        "N02_003": "池上線",
        "N02_004": "東急電鉄",
        "N02_005": "蒲田",
        "N02_005c": "004330",
        "N02_005g": "004330",
        "ward_code": "13111",
        "ward_name": "大田区"
      },
      "geometry": {
        "type": "LineString",
        "coordinates": [
          [
            139.71501,
            35.56179
          ],
          [
            139.71417,
            35.56175
          ]
        ]
      }
    },
    {
      "type": "Feature",
      "properties": {
        "N02_001": "12",
        "N02_002": "4",
        "N02_003": "池上線",
        "N02_004": "東急電鉄",
        "N02_005": "千鳥町",
        "N02_005c": "004305",
        "N02_005g": "004305",
        "ward_code": "13111",
        "ward_name": "大田区"
      },
      "geometry": {
        "type": "LineString",
        "coordinates": [
          [
            139.6917,
            35.57275
          ],
          [
            139.69114,
            35.57325
          ]
        ]
      }
    },
    {
      "type": "Feature",
      "properties": {
        "N02_001": "12",
        "N02_002": "4",
        "N02_003": "田園都市線",
        "N02_004": "東急電鉄",
        "N02_005": "渋谷",
        "N02_005c": "003923",
        "N02_005g": "003922",
        "ward_code": "13113",
        "ward_name": "渋谷区"
      },
      "geometry": {
        "type": "LineString",
        "coordinates": [
          [
            139.7021,
            35.65945
          ],
          [
            139.69997,
            35.65945
          ]
        ]
      }
    },
    {
      "type": "Feature",
      "properties": {
        "N02_001": "12",
        "N02_002": "4",
        "N02_003": "田園都市線",
        "N02_004": "東急電鉄",
        "N02_005": "三軒茶屋",
        "N02_005c": "004022",
        "N02_005g": "004016",
        "ward_code": "13112",
        "ward_name": "世田谷区"
      },
      "geometry": {
        "type": "LineString",
        "coordinates": [
          [
            139.6704,
            35.64267
          ],
          [
            139.67074,
            35.64308
          ],
          [
            139.67089,
            35.64323
          ],
          [
            139.67125,
            35.64349
          ],
          [
            139.67158,
            35.64368
          ],
          [
            139.67209,
            35.64391
          ]
        ]
      }
    },
    {
      "type": "Feature",
      "properties": {
        "N02_001": "12",
        "N02_002": "4",
        "N02_003": "田園都市線",
        "N02_004": "東急電鉄",
        "N02_005": "二子玉川",
        "N02_005c": "004178",
        "N02_005g": "004177",
        "ward_code": "13112",
        "ward_name": "世田谷区"
      },
      "geometry": {
        "type": "LineString",
        "coordinates": [
          [
            139.6255,
            35.61036
          ],
          [
            139.6257,
            35.61061
          ],
          [
            139.626,
            35.61097
          ],
          [
            139.62633,
            35.61138
          ],
          [
            139.62662,
            35.61172
          ],
          [
            139.6267,
            35.6118
          ],
          [
            139.6268,
            35.61189
          ],
          [
            139.6269,
            35.61199
          ],
          [
            139.62709,
            35.61214
          ],
          [
            139.6273,
            35.61229
          ]
        ]
      }
    },
    {
      "type": "Feature",
      "properties": {
        "N02_001": "12",
        "N02_002": "4",
        "N02_003": "田園都市線",
        "N02_004": "東急電鉄",
        "N02_005": "駒沢大学",
        "N02_005c": "004069",
        "N02_005g": "004069",
        "ward_code": "13112",
        "ward_name": "世田谷区"
      },
      "geometry": {
        "type": "LineString",
        "coordinates": [
          [
            139.66177,
            35.63351
          ],
          [
            139.66016,
            35.63256
          ]
        ]
      }
    },
    {
      "type": "Feature",
      "properties": {
        "N02_001": "12",
        "N02_002": "4",
        "N02_003": "田園都市線",
        "N02_004": "東急電鉄",
        "N02_005": "用賀",
        "N02_005c": "004109",
        "N02_005g": "004109",
        "ward_code": "13112",
        "ward_name": "世田谷区"
      },
      "geometry": {
        "type": "LineString",
        "coordinates": [
          [
            139.63507,
            35.62721
          ],
          [
            139.63415,
            35.62667
          ],
          [
            139.63352,
            35.62586
          ]
        ]
      }
    },
    {
      "type": "Feature",
      "properties": {
        "N02_001": "12",
        "N02_002": "4",
        "N02_003": "田園都市線",
        "N02_004": "東急電鉄",
        "N02_005": "池尻大橋",
        "N02_005c": "003972",
        "N02_005g": "003972",
        "ward_code": "13112",
        "ward_name": "世田谷区"
      },
      "geometry": {
        "type": "LineString",
        "coordinates": [
          [
            139.68555,
            35.65116
          ],
          [
            139.68461,
            35.65066
          ],
          [
            139.68397,
            35.65031
          ]
        ]
      }
    },
    {
      "type": "Feature",
      "properties": {
        "N02_001": "12",
        "N02_002": "4",
        "N02_003": "田園都市線",
        "N02_004": "東急電鉄",
        "N02_005": "桜新町",
        "N02_005c": "004078",
        "N02_005g": "004078",
        "ward_code": "13112",
        "ward_name": "世田谷区"
      },
      "geometry": {
        "type": "LineString",
        "coordinates": [
          [
            139.64658,
            35.63176
          ],
          [
            139.64516,
            35.63172
          ],
          [
            139.64436,
            35.63162
          ]
        ]
      }
    },
    {
      "type": "Feature",
      "properties": {
        "N02_001": "12",
        "N02_002": "4",
        "N02_003": "東横線",
        "N02_004": "東急電鉄",
        "N02_005": "多摩川",
        "N02_005c": "004262",
        "N02_005g": "004261",
        "ward_code": "13111",
        "ward_name": "大田区"
      },
      "geometry": {
        "type": "LineString",
        "coordinates": [
          [
            139.6685,
            35.59037
          ],
          [
            139.66889,
            35.58894
          ],
          [
            139.66889,
            35.58892
          ]
        ]
      }
    },
    {
      "type": "Feature",
      "properties": {
        "N02_001": "12",
        "N02_002": "4",
        "N02_003": "東横線",
        "N02_004": "東急電鉄",
        "N02_005": "代官山",
        "N02_005c": "003985",
        "N02_005g": "003985",
        "ward_code": "13113",
        "ward_name": "渋谷区"
      },
      "geometry": {
        "type": "LineString",
        "coordinates": [
          [
            139.70316,
            35.64805
          ],
          [
            139.70382,
            35.64845
          ]
        ]
      }
    },
    {
      "type": "Feature",
      "properties": {
        "N02_001": "12",
        "N02_002": "4",
        "N02_003": "東横線",
        "N02_004": "東急電鉄",
        "N02_005": "中目黒",
        "N02_005c": "004015",
        "N02_005g": "004014",
        "ward_code": "13110",
        "ward_name": "目黒区"
      },
      "geometry": {
        "type": "LineString",
        "coordinates": [
          [
            139.69815,
            35.64352
          ],
          [
            139.69886,
            35.64414
          ],
          [
            139.69918,
            35.6444
          ],
          [
            139.69952,
            35.64469
          ]
        ]
      }
    },
    {
      "type": "Feature",
      "properties": {
        "N02_001": "12",
        "N02_002": "4",
        "N02_003": "東横線",
        "N02_004": "東急電鉄",
        "N02_005": "祐天寺",
        "N02_005c": "004050",
        "N02_005g": "004050",
        "ward_code": "13110",
        "ward_name": "目黒区"
      },
      "geometry": {
        "type": "LineString",
        "coordinates": [
          [
            139.69035,
            35.63668
          ],
          [
            139.69115,
            35.63766
          ]
        ]
      }
    },
    {
      "type": "Feature",
      "properties": {
        "N02_001": "12",
        "N02_002": "4",
        "N02_003": "東横線",
        "N02_004": "東急電鉄",
        "N02_005": "自由が丘",
        "N02_005c": "004199",
        "N02_005g": "004196",
        "ward_code": "13110",
        "ward_name": "目黒区"
      },
      "geometry": {
        "type": "LineString",
        "coordinates": [
          [
            139.66838,
            35.60665
          ],
          [
            139.66863,
            35.60714
          ],
          [
            139.66882,
            35.60751
          ],
          [
            139.66902,
            35.60789
          ]
        ]
      }
    },
    {
      "type": "Feature",
      "properties": {
        "N02_001": "12",
        "N02_002": "4",
        "N02_003": "東横線",
        "N02_004": "東急電鉄",
        "N02_005": "学芸大学",
        "N02_005c": "004094",
        "N02_005g": "004094",
        "ward_code": "13110",
        "ward_name": "目黒区"
      },
      "geometry": {
        "type": "LineString",
        "coordinates": [
          [
            139.68487,
            35.62816
          ],
          [
            139.68561,
            35.62938
          ]
        ]
      }
    },
    {
      "type": "Feature",
      "properties": {
        "N02_001": "12",
        "N02_002": "4",
        "N02_003": "東横線",
        "N02_004": "東急電鉄",
        "N02_005": "多摩川",
        "N02_005c": "004262",
        "N02_005g": "004261",
        "ward_code": "13111",
        "ward_name": "大田区"
      },
      "geometry": {
        "type": "LineString",
        "coordinates": [
          [
            139.66888,
            35.58892
          ],
          [
            139.66848,
            35.59037
          ]
        ]
      }
    },
    {
      "type": "Feature",
      "properties": {
        "N02_001": "12",
        "N02_002": "4",
        "N02_003": "東横線",
        "N02_004": "東急電鉄",
        "N02_005": "都立大学",
        "N02_005c": "004143",
        "N02_005g": "004143",
        "ward_code": "13110",
        "ward_name": "目黒区"
      },
      "geometry": {
        "type": "LineString",
        "coordinates": [
          [
            139.67596,
            35.61734
          ],
          [
            139.67692,
            35.61836
          ]
        ]
      }
    },
    {
      "type": "Feature",
      "properties": {
        "N02_001": "12",
        "N02_002": "4",
        "N02_003": "東横線",
        "N02_004": "東急電鉄",
        "N02_005": "渋谷",
        "N02_005c": "003926",
        "N02_005g": "003922",
        "ward_code": "13113",
        "ward_name": "渋谷区"
      },
      "geometry": {
        "type": "LineString",
        "coordinates": [
          [
            139.702926,
            35.658263
          ],
          [
            139.702524,
            35.659078
          ],
          [
            139.702303,
            35.659955
          ]
        ]
      }
    },
    {
      "type": "Feature",
      "properties": {
        "N02_001": "12",
        "N02_002": "4",
        "N02_003": "東横線",
        "N02_004": "東急電鉄",
        "N02_005": "田園調布",
        "N02_005c": "004245",
        "N02_005g": "004245",
        "ward_code": "13111",
        "ward_name": "大田区"
      },
      "geometry": {
        "type": "LineString",
        "coordinates": [
          [
            139.66726,
            35.59795
          ],
          [
            139.66731,
            35.59663
          ]
        ]
      }
    },
    {
      "type": "Feature",
      "properties": {
        "N02_001": "12",
        "N02_002": "4",
        "N02_003": "東急多摩川線",
        "N02_004": "東急電鉄",
        "N02_005": "多摩川",
        "N02_005c": "004261",
        "N02_005g": "004261",
        "ward_code": "13111",
        "ward_name": "大田区"
      },
      "geometry": {
        "type": "LineString",
        "coordinates": [
          [
            139.6685,
            35.59037
          ],
          [
            139.66889,
            35.58894
          ],
          [
            139.66889,
            35.58892
          ]
        ]
      }
    },
    {
      "type": "Feature",
      "properties": {
        "N02_001": "12",
        "N02_002": "4",
        "N02_003": "東急多摩川線",
        "N02_004": "東急電鉄",
        "N02_005": "沼部",
        "N02_005c": "004279",
        "N02_005g": "004279",
        "ward_code": "13111",
        "ward_name": "大田区"
      },
      "geometry": {
        "type": "LineString",
        "coordinates": [
          [
            139.6729,
            35.58275
          ],
          [
            139.67344,
            35.58223
          ]
        ]
      }
    },
    {
      "type": "Feature",
      "properties": {
        "N02_001": "12",
        "N02_002": "4",
        "N02_003": "東急多摩川線",
        "N02_004": "東急電鉄",
        "N02_005": "武蔵新田",
        "N02_005c": "004317",
        "N02_005g": "004317",
        "ward_code": "13111",
        "ward_name": "大田区"
      },
      "geometry": {
        "type": "LineString",
        "coordinates": [
          [
            139.69212,
            35.56797
          ],
          [
            139.69275,
            35.56754
          ]
        ]
      }
    },
    {
      "type": "Feature",
      "properties": {
        "N02_001": "12",
        "N02_002": "4",
        "N02_003": "東急多摩川線",
        "N02_004": "東急電鉄",
        "N02_005": "矢口渡",
        "N02_005c": "004329",
        "N02_005g": "004329",
        "ward_code": "13111",
        "ward_name": "大田区"
      },
      "geometry": {
        "type": "LineString",
        "coordinates": [
          [
            139.69994,
            35.5626
          ],
          [
            139.70074,
            35.5623
          ]
        ]
      }
    },
    {
      "type": "Feature",
      "properties": {
        "N02_001": "12",
        "N02_002": "4",
        "N02_003": "東急多摩川線",
        "N02_004": "東急電鉄",
        "N02_005": "鵜の木",
        "N02_005c": "004299",
        "N02_005g": "004299",
        "ward_code": "13111",
        "ward_name": "大田区"
      },
      "geometry": {
        "type": "LineString",
        "coordinates": [
          [
            139.68031,
            35.57563
          ],
          [
            139.68079,
            35.57514
          ]
        ]
      }
    },
    {
      "type": "Feature",
      "properties": {
        "N02_001": "12",
        "N02_002": "4",
        "N02_003": "東急多摩川線",
        "N02_004": "東急電鉄",
        "N02_005": "蒲田",
        "N02_005c": "004333",
        "N02_005g": "004330",
        "ward_code": "13111",
        "ward_name": "大田区"
      },
      "geometry": {
        "type": "LineString",
        "coordinates": [
          [
            139.71419,
            35.56162
          ],
          [
            139.71483,
            35.56166
          ],
          [
            139.71502,
            35.56167
          ]
        ]
      }
    },
    {
      "type": "Feature",
      "properties": {
        "N02_001": "12",
        "N02_002": "4",
        "N02_003": "東急多摩川線",
        "N02_004": "東急電鉄",
        "N02_005": "下丸子",
        "N02_005c": "004310",
        "N02_005g": "004310",
        "ward_code": "13111",
        "ward_name": "大田区"
      },
      "geometry": {
        "type": "LineString",
        "coordinates": [
          [
            139.68514,
            35.57149
          ],
          [
            139.68584,
            35.57116
          ]
        ]
      }
    },
    {
      "type": "Feature",
      "properties": {
        "N02_001": "12",
        "N02_002": "4",
        "N02_003": "目黒線",
        "N02_004": "東急電鉄",
        "N02_005": "目黒",
        "N02_005c": "004074",
        "N02_005g": "004072",
        "ward_code": "13109",
        "ward_name": "品川区"
      },
      "geometry": {
        "type": "LineString",
        "coordinates": [
          [
            139.71542,
            35.6332
          ],
          [
            139.7159,
            35.63177
          ]
        ]
      }
    },
    {
      "type": "Feature",
      "properties": {
        "N02_001": "12",
        "N02_002": "4",
        "N02_003": "目黒線",
        "N02_004": "東急電鉄",
        "N02_005": "田園調布",
        "N02_005c": "004246",
        "N02_005g": "004245",
        "ward_code": "13111",
        "ward_name": "大田区"
      },
      "geometry": {
        "type": "LineString",
        "coordinates": [
          [
            139.66726,
            35.59795
          ],
          [
            139.66731,
            35.59663
          ]
        ]
      }
    },
    {
      "type": "Feature",
      "properties": {
        "N02_001": "12",
        "N02_002": "4",
        "N02_003": "目黒線",
        "N02_004": "東急電鉄",
        "N02_005": "不動前",
        "N02_005c": "004114",
        "N02_005g": "004114",
        "ward_code": "13109",
        "ward_name": "品川区"
      },
      "geometry": {
        "type": "LineString",
        "coordinates": [
          [
            139.71279,
            35.62522
          ],
          [
            139.71304,
            35.62536
          ],
          [
            139.71362,
            35.62569
          ]
        ]
      }
    },
    {
      "type": "Feature",
      "properties": {
        "N02_001": "12",
        "N02_002": "4",
        "N02_003": "目黒線",
        "N02_004": "東急電鉄",
        "N02_005": "洗足",
        "N02_005c": "004180",
        "N02_005g": "004180",
        "ward_code": "13110",
        "ward_name": "目黒区"
      },
      "geometry": {
        "type": "LineString",
        "coordinates": [
          [
            139.69377,
            35.60975
          ],
          [
            139.69444,
            35.61043
          ]
        ]
      }
    },
    {
      "type": "Feature",
      "properties": {
        "N02_001": "12",
        "N02_002": "4",
        "N02_003": "目黒線",
        "N02_004": "東急電鉄",
        "N02_005": "奥沢",
        "N02_005c": "004223",
        "N02_005g": "004223",
        "ward_code": "13112",
        "ward_name": "世田谷区"
      },
      "geometry": {
        "type": "LineString",
        "coordinates": [
          [
            139.67197,
            35.60383
          ],
          [
            139.67285,
            35.60406
          ]
        ]
      }
    },
    {
      "type": "Feature",
      "properties": {
        "N02_001": "12",
        "N02_002": "4",
        "N02_003": "目黒線",
        "N02_004": "東急電鉄",
        "N02_005": "西小山",
        "N02_005c": "004157",
        "N02_005g": "004157",
        "ward_code": "13109",
        "ward_name": "品川区"
      },
      "geometry": {
        "type": "LineString",
        "coordinates": [
          [
            139.69845,
            35.61513
          ],
          [
            139.69897,
            35.61574
          ]
        ]
      }
    },
    {
      "type": "Feature",
      "properties": {
        "N02_001": "12",
        "N02_002": "4",
        "N02_003": "目黒線",
        "N02_004": "東急電鉄",
        "N02_005": "武蔵小山",
        "N02_005c": "004133",
        "N02_005g": "004133",
        "ward_code": "13109",
        "ward_name": "品川区"
      },
      "geometry": {
        "type": "LineString",
        "coordinates": [
          [
            139.70392,
            35.6202
          ],
          [
            139.70502,
            35.62082
          ]
        ]
      }
    },
    {
      "type": "Feature",
      "properties": {
        "N02_001": "12",
        "N02_002": "4",
        "N02_003": "目黒線",
        "N02_004": "東急電鉄",
        "N02_005": "大岡山",
        "N02_005c": "004200",
        "N02_005g": "004200",
        "ward_code": "13110",
        "ward_name": "目黒区"
      },
      "geometry": {
        "type": "LineString",
        "coordinates": [
          [
            139.68404,
            35.60699
          ],
          [
            139.68501,
            35.60725
          ],
          [
            139.68543,
            35.60736
          ]
        ]
      }
    },
    {
      "type": "Feature",
      "properties": {
        "N02_001": "12",
        "N02_002": "4",
        "N02_003": "2号線日比谷線",
        "N02_004": "東京地下鉄",
        "N02_005": "仲御徒町",
        "N02_005c": "003560",
        "N02_005g": "003560",
        "ward_code": "13106",
        "ward_name": "台東区"
      },
      "geometry": {
        "type": "LineString",
        "coordinates": [
          [
            139.77626,
            35.7074
          ],
          [
            139.77612,
            35.70591
          ]
        ]
      }
    },
    {
      "type": "Feature",
      "properties": {
        "N02_001": "12",
        "N02_002": "4",
        "N02_003": "2号線日比谷線",
        "N02_004": "東京地下鉄",
        "N02_005": "入谷",
        "N02_005c": "003469",
        "N02_005g": "003469",
        "ward_code": "13106",
        "ward_name": "台東区"
      },
      "geometry": {
        "type": "LineString",
        "coordinates": [
          [
            139.78504,
            35.72131
          ],
          [
            139.7848,
            35.72099
          ],
          [
            139.78448,
            35.72057
          ],
          [
            139.78388,
            35.71983
          ]
        ]
      }
    },
    {
      "type": "Feature",
      "properties": {
        "N02_001": "12",
        "N02_002": "4",
        "N02_003": "2号線日比谷線",
        "N02_004": "東京地下鉄",
        "N02_005": "南千住",
        "N02_005c": "003369",
        "N02_005g": "003363",
        "ward_code": "13118",
        "ward_name": "荒川区"
      },
      "geometry": {
        "type": "LineString",
        "coordinates": [
          [
            139.79924,
            35.73288
          ],
          [
            139.79832,
            35.73174
          ]
        ]
      }
    },
    {
      "type": "Feature",
      "properties": {
        "N02_001": "12",
        "N02_002": "4",
        "N02_003": "2号線日比谷線",
        "N02_004": "東京地下鉄",
        "N02_005": "上野",
        "N02_005c": "003517",
        "N02_005g": "003505",
        "ward_code": "13106",
        "ward_name": "台東区"
      },
      "geometry": {
        "type": "LineString",
        "coordinates": [
          [
            139.77764,
            35.71199
          ],
          [
            139.77707,
            35.71165
          ],
          [
            139.77687,
            35.71146
          ],
          [
            139.77672,
            35.71122
          ],
          [
            139.77663,
            35.71099
          ]
        ]
      }
    },
    {
      "type": "Feature",
      "properties": {
        "N02_001": "12",
        "N02_002": "4",
        "N02_003": "2号線日比谷線",
        "N02_004": "東京地下鉄",
        "N02_005": "三ノ輪",
        "N02_005c": "003399",
        "N02_005g": "003399",
        "ward_code": "13106",
        "ward_name": "台東区"
      },
      "geometry": {
        "type": "LineString",
        "coordinates": [
          [
            139.79182,
            35.7299
          ],
          [
            139.79051,
            35.72867
          ]
        ]
      }
    },
    {
      "type": "Feature",
      "properties": {
        "N02_001": "12",
        "N02_002": "4",
        "N02_003": "2号線日比谷線",
        "N02_004": "東京地下鉄",
        "N02_005": "秋葉原",
        "N02_005c": "003629",
        "N02_005g": "003624",
        "ward_code": "13101",
        "ward_name": "千代田区"
      },
      "geometry": {
        "type": "LineString",
        "coordinates": [
          [
            139.7755,
            35.69719
          ],
          [
            139.77553,
            35.69786
          ],
          [
            139.77555,
            35.69874
          ]
        ]
      }
    },
    {
      "type": "Feature",
      "properties": {
        "N02_001": "12",
        "N02_002": "4",
        "N02_003": "2号線日比谷線",
        "N02_004": "東京地下鉄",
        "N02_005": "北千住",
        "N02_005c": "003257",
        "N02_005g": "003260",
        "ward_code": "13121",
        "ward_name": "足立区"
      },
      "geometry": {
        "type": "LineString",
        "coordinates": [
          [
            139.80518,
            35.74855
          ],
          [
            139.80529,
            35.7489
          ],
          [
            139.80578,
            35.75053
          ],
          [
            139.806,
            35.75126
          ]
        ]
      }
    },
    {
      "type": "Feature",
      "properties": {
        "N02_001": "12",
        "N02_002": "4",
        "N02_003": "2号線日比谷線",
        "N02_004": "東京地下鉄",
        "N02_005": "神谷町",
        "N02_005c": "003900",
        "N02_005g": "003900",
        "ward_code": "13103",
        "ward_name": "港区"
      },
      "geometry": {
        "type": "LineString",
        "coordinates": [
          [
            139.74419,
            35.66206
          ],
          [
            139.74526,
            35.66319
          ]
        ]
      }
    },
    {
      "type": "Feature",
      "properties": {
        "N02_001": "12",
        "N02_002": "4",
        "N02_003": "2号線日比谷線",
        "N02_004": "東京地下鉄",
        "N02_005": "銀座",
        "N02_005c": "003823",
        "N02_005g": "003823",
        "ward_code": "13102",
        "ward_name": "中央区"
      },
      "geometry": {
        "type": "LineString",
        "coordinates": [
          [
            139.76464,
            35.67155
          ],
          [
            139.76428,
            35.6718
          ],
          [
            139.76391,
            35.67205
          ],
          [
            139.76359,
            35.67227
          ],
          [
            139.76337,
            35.67241
          ]
        ]
      }
    },
    {
      "type": "Feature",
      "properties": {
        "N02_001": "12",
        "N02_002": "4",
        "N02_003": "2号線日比谷線",
        "N02_004": "東京地下鉄",
        "N02_005": "広尾",
        "N02_005c": "003969",
        "N02_005g": "003969",
        "ward_code": "13103",
        "ward_name": "港区"
      },
      "geometry": {
        "type": "LineString",
        "coordinates": [
          [
            139.72226,
            35.6506
          ],
          [
            139.72216,
            35.65235
          ],
          [
            139.72216,
            35.6524
          ]
        ]
      }
    },
    {
      "type": "Feature",
      "properties": {
        "N02_001": "12",
        "N02_002": "4",
        "N02_003": "2号線日比谷線",
        "N02_004": "東京地下鉄",
        "N02_005": "東銀座",
        "N02_005c": "003843",
        "N02_005g": "003838",
        "ward_code": "13102",
        "ward_name": "中央区"
      },
      "geometry": {
        "type": "LineString",
        "coordinates": [
          [
            139.76691,
            35.66977
          ],
          [
            139.76701,
            35.66968
          ],
          [
            139.7671,
            35.66959
          ],
          [
            139.76723,
            35.66948
          ],
          [
            139.76786,
            35.66893
          ],
          [
            139.76836,
            35.66849
          ]
        ]
      }
    },
    {
      "type": "Feature",
      "properties": {
        "N02_001": "12",
        "N02_002": "4",
        "N02_003": "2号線日比谷線",
        "N02_004": "東京地下鉄",
        "N02_005": "霞ヶ関",
        "N02_005c": "003805",
        "N02_005g": "003805",
        "ward_code": "13101",
        "ward_name": "千代田区"
      },
      "geometry": {
        "type": "LineString",
        "coordinates": [
          [
            139.75144,
            35.67452
          ],
          [
            139.75068,
            35.67323
          ]
        ]
      }
    },
    {
      "type": "Feature",
      "properties": {
        "N02_001": "12",
        "N02_002": "4",
        "N02_003": "2号線日比谷線",
        "N02_004": "東京地下鉄",
        "N02_005": "人形町",
        "N02_005c": "003722",
        "N02_005g": "003721",
        "ward_code": "13102",
        "ward_name": "中央区"
      },
      "geometry": {
        "type": "LineString",
        "coordinates": [
          [
            139.78179,
            35.6869
          ],
          [
            139.7826,
            35.68595
          ],
          [
            139.7827,
            35.68584
          ],
          [
            139.78289,
            35.68562
          ]
        ]
      }
    },
    {
      "type": "Feature",
      "properties": {
        "N02_001": "12",
        "N02_002": "4",
        "N02_003": "2号線日比谷線",
        "N02_004": "東京地下鉄",
        "N02_005": "茅場町",
        "N02_005c": "003776",
        "N02_005g": "003773",
        "ward_code": "13102",
        "ward_name": "中央区"
      },
      "geometry": {
        "type": "LineString",
        "coordinates": [
          [
            139.78005,
            35.67976
          ],
          [
            139.77989,
            35.67951
          ],
          [
            139.7795,
            35.6789
          ],
          [
            139.7792,
            35.67839
          ]
        ]
      }
    },
    {
      "type": "Feature",
      "properties": {
        "N02_001": "12",
        "N02_002": "4",
        "N02_003": "2号線日比谷線",
        "N02_004": "東京地下鉄",
        "N02_005": "六本木",
        "N02_005c": "003897",
        "N02_005g": "003892",
        "ward_code": "13103",
        "ward_name": "港区"
      },
      "geometry": {
        "type": "LineString",
        "coordinates": [
          [
            139.73025,
            35.66235
          ],
          [
            139.73206,
            35.66325
          ]
        ]
      }
    },
    {
      "type": "Feature",
      "properties": {
        "N02_001": "12",
        "N02_002": "4",
        "N02_003": "2号線日比谷線",
        "N02_004": "東京地下鉄",
        "N02_005": "小伝馬町",
        "N02_005c": "003692",
        "N02_005g": "003692",
        "ward_code": "13102",
        "ward_name": "中央区"
      },
      "geometry": {
        "type": "LineString",
        "coordinates": [
          [
            139.77817,
            35.69112
          ],
          [
            139.77847,
            35.69076
          ],
          [
            139.77888,
            35.69028
          ],
          [
            139.77917,
            35.68993
          ],
          [
            139.77935,
            35.68973
          ]
        ]
      }
    },
    {
      "type": "Feature",
      "properties": {
        "N02_001": "12",
        "N02_002": "4",
        "N02_003": "2号線日比谷線",
        "N02_004": "東京地下鉄",
        "N02_005": "八丁堀",
        "N02_005c": "003797",
        "N02_005g": "003797",
        "ward_code": "13102",
        "ward_name": "中央区"
      },
      "geometry": {
        "type": "LineString",
        "coordinates": [
          [
            139.77775,
            35.67606
          ],
          [
            139.77772,
            35.67601
          ],
          [
            139.7774,
            35.67549
          ],
          [
            139.7773,
            35.67532
          ],
          [
            139.77693,
            35.67467
          ]
        ]
      }
    },
    {
      "type": "Feature",
      "properties": {
        "N02_001": "12",
        "N02_002": "4",
        "N02_003": "2号線日比谷線",
        "N02_004": "東京地下鉄",
        "N02_005": "築地",
        "N02_005c": "003860",
        "N02_005g": "003860",
        "ward_code": "13102",
        "ward_name": "中央区"
      },
      "geometry": {
        "type": "LineString",
        "coordinates": [
          [
            139.77326,
            35.66854
          ],
          [
            139.77316,
            35.66846
          ],
          [
            139.77268,
            35.66809
          ],
          [
            139.77241,
            35.66788
          ],
          [
            139.77209,
            35.66763
          ],
          [
            139.77169,
            35.66731
          ]
        ]
      }
    },
    {
      "type": "Feature",
      "properties": {
        "N02_001": "12",
        "N02_002": "4",
        "N02_003": "2号線日比谷線",
        "N02_004": "東京地下鉄",
        "N02_005": "日比谷",
        "N02_005c": "003802",
        "N02_005g": "003802",
        "ward_code": "13101",
        "ward_name": "千代田区"
      },
      "geometry": {
        "type": "LineString",
        "coordinates": [
          [
            139.75989,
            35.67476
          ],
          [
            139.76072,
            35.67419
          ],
          [
            139.76085,
            35.6741
          ],
          [
            139.76131,
            35.67378
          ]
        ]
      }
    },
    {
      "type": "Feature",
      "properties": {
        "N02_001": "12",
        "N02_002": "4",
        "N02_003": "2号線日比谷線",
        "N02_004": "東京地下鉄",
        "N02_005": "恵比寿",
        "N02_005c": "003991",
        "N02_005g": "003991",
        "ward_code": "13113",
        "ward_name": "渋谷区"
      },
      "geometry": {
        "type": "LineString",
        "coordinates": [
          [
            139.70808,
            35.64646
          ],
          [
            139.70828,
            35.6466
          ],
          [
            139.70864,
            35.6469
          ],
          [
            139.70924,
            35.6477
          ]
        ]
      }
    },
    {
      "type": "Feature",
      "properties": {
        "N02_001": "12",
        "N02_002": "4",
        "N02_003": "2号線日比谷線",
        "N02_004": "東京地下鉄",
        "N02_005": "中目黒",
        "N02_005c": "004014",
        "N02_005g": "004014",
        "ward_code": "13110",
        "ward_name": "目黒区"
      },
      "geometry": {
        "type": "LineString",
        "coordinates": [
          [
            139.69815,
            35.64352
          ],
          [
            139.69886,
            35.64414
          ],
          [
            139.69918,
            35.6444
          ],
          [
            139.69952,
            35.64469
          ]
        ]
      }
    },
    {
      "type": "Feature",
      "properties": {
        "N02_001": "12",
        "N02_002": "4",
        "N02_003": "3号線銀座線",
        "N02_004": "東京地下鉄",
        "N02_005": "上野",
        "N02_005c": "003515",
        "N02_005g": "003505",
        "ward_code": "13106",
        "ward_name": "台東区"
      },
      "geometry": {
        "type": "LineString",
        "coordinates": [
          [
            139.77455,
            35.71154
          ],
          [
            139.77487,
            35.71163
          ],
          [
            139.77531,
            35.71175
          ],
          [
            139.7767,
            35.71213
          ]
        ]
      }
    },
    {
      "type": "Feature",
      "properties": {
        "N02_001": "12",
        "N02_002": "4",
        "N02_003": "3号線銀座線",
        "N02_004": "東京地下鉄",
        "N02_005": "浅草",
        "N02_005c": "003522",
        "N02_005g": "003522",
        "ward_code": "13106",
        "ward_name": "台東区"
      },
      "geometry": {
        "type": "LineString",
        "coordinates": [
          [
            139.79803,
            35.71107
          ],
          [
            139.79775,
            35.71072
          ],
          [
            139.79752,
            35.71042
          ]
        ]
      }
    },
    {
      "type": "Feature",
      "properties": {
        "N02_001": "12",
        "N02_002": "4",
        "N02_003": "3号線銀座線",
        "N02_004": "東京地下鉄",
        "N02_005": "末広町",
        "N02_005c": "003586",
        "N02_005g": "003586",
        "ward_code": "13101",
        "ward_name": "千代田区"
      },
      "geometry": {
        "type": "LineString",
        "coordinates": [
          [
            139.77181,
            35.70319
          ],
          [
            139.77178,
            35.70296
          ],
          [
            139.77172,
            35.70237
          ]
        ]
      }
    },
    {
      "type": "Feature",
      "properties": {
        "N02_001": "12",
        "N02_002": "4",
        "N02_003": "3号線銀座線",
        "N02_004": "東京地下鉄",
        "N02_005": "稲荷町",
        "N02_005c": "003519",
        "N02_005g": "003519",
        "ward_code": "13106",
        "ward_name": "台東区"
      },
      "geometry": {
        "type": "LineString",
        "coordinates": [
          [
            139.78291,
            35.71126
          ],
          [
            139.78194,
            35.71144
          ],
          [
            139.78151,
            35.71151
          ]
        ]
      }
    },
    {
      "type": "Feature",
      "properties": {
        "N02_001": "12",
        "N02_002": "4",
        "N02_003": "3号線銀座線",
        "N02_004": "東京地下鉄",
        "N02_005": "田原町",
        "N02_005c": "003530",
        "N02_005g": "003530",
        "ward_code": "13106",
        "ward_name": "台東区"
      },
      "geometry": {
        "type": "LineString",
        "coordinates": [
          [
            139.79081,
            35.70981
          ],
          [
            139.79043,
            35.7099
          ],
          [
            139.7898,
            35.71001
          ]
        ]
      }
    },
    {
      "type": "Feature",
      "properties": {
        "N02_001": "12",
        "N02_002": "4",
        "N02_003": "3号線銀座線",
        "N02_004": "東京地下鉄",
        "N02_005": "上野広小路",
        "N02_005c": "003545",
        "N02_005g": "003545",
        "ward_code": "13106",
        "ward_name": "台東区"
      },
      "geometry": {
        "type": "LineString",
        "coordinates": [
          [
            139.77315,
            35.70838
          ],
          [
            139.7729,
            35.70726
          ],
          [
            139.77285,
            35.70716
          ]
        ]
      }
    },
    {
      "type": "Feature",
      "properties": {
        "N02_001": "12",
        "N02_002": "4",
        "N02_003": "3号線銀座線",
        "N02_004": "東京地下鉄",
        "N02_005": "虎ノ門",
        "N02_005c": "003835",
        "N02_005g": "003835",
        "ward_code": "13103",
        "ward_name": "港区"
      },
      "geometry": {
        "type": "LineString",
        "coordinates": [
          [
            139.75056,
            35.67
          ],
          [
            139.74968,
            35.67032
          ]
        ]
      }
    },
    {
      "type": "Feature",
      "properties": {
        "N02_001": "12",
        "N02_002": "4",
        "N02_003": "3号線銀座線",
        "N02_004": "東京地下鉄",
        "N02_005": "外苑前",
        "N02_005c": "003834",
        "N02_005g": "003834",
        "ward_code": "13103",
        "ward_name": "港区"
      },
      "geometry": {
        "type": "LineString",
        "coordinates": [
          [
            139.71725,
            35.67016
          ],
          [
            139.7184,
            35.67059
          ]
        ]
      }
    },
    {
      "type": "Feature",
      "properties": {
        "N02_001": "12",
        "N02_002": "4",
        "N02_003": "3号線銀座線",
        "N02_004": "東京地下鉄",
        "N02_005": "日本橋",
        "N02_005c": "003759",
        "N02_005g": "003756",
        "ward_code": "13102",
        "ward_name": "中央区"
      },
      "geometry": {
        "type": "LineString",
        "coordinates": [
          [
            139.77313,
            35.68156
          ],
          [
            139.77338,
            35.68195
          ],
          [
            139.77354,
            35.6822
          ]
        ]
      }
    },
    {
      "type": "Feature",
      "properties": {
        "N02_001": "12",
        "N02_002": "4",
        "N02_003": "3号線銀座線",
        "N02_004": "東京地下鉄",
        "N02_005": "溜池山王",
        "N02_005c": "003826",
        "N02_005g": "003810",
        "ward_code": "13103",
        "ward_name": "港区"
      },
      "geometry": {
        "type": "LineString",
        "coordinates": [
          [
            139.74139,
            35.67187
          ],
          [
            139.74178,
            35.67161
          ],
          [
            139.7425,
            35.67116
          ]
        ]
      }
    },
    {
      "type": "Feature",
      "properties": {
        "N02_001": "12",
        "N02_002": "4",
        "N02_003": "3号線銀座線",
        "N02_004": "東京地下鉄",
        "N02_005": "銀座",
        "N02_005c": "003827",
        "N02_005g": "003823",
        "ward_code": "13102",
        "ward_name": "中央区"
      },
      "geometry": {
        "type": "LineString",
        "coordinates": [
          [
            139.76583,
            35.67195
          ],
          [
            139.7651,
            35.67124
          ],
          [
            139.7649,
            35.67105
          ]
        ]
      }
    },
    {
      "type": "Feature",
      "properties": {
        "N02_001": "12",
        "N02_002": "4",
        "N02_003": "3号線銀座線",
        "N02_004": "東京地下鉄",
        "N02_005": "青山一丁目",
        "N02_005c": "003817",
        "N02_005g": "003812",
        "ward_code": "13103",
        "ward_name": "港区"
      },
      "geometry": {
        "type": "LineString",
        "coordinates": [
          [
            139.72318,
            35.67247
          ],
          [
            139.72406,
            35.67276
          ],
          [
            139.72511,
            35.67311
          ]
        ]
      }
    },
    {
      "type": "Feature",
      "properties": {
        "N02_001": "12",
        "N02_002": "4",
        "N02_003": "3号線銀座線",
        "N02_004": "東京地下鉄",
        "N02_005": "京橋",
        "N02_005c": "003792",
        "N02_005g": "003792",
        "ward_code": "13102",
        "ward_name": "中央区"
      },
      "geometry": {
        "type": "LineString",
        "coordinates": [
          [
            139.7698,
            35.67619
          ],
          [
            139.7701,
            35.6767
          ],
          [
            139.77035,
            35.67709
          ],
          [
            139.77043,
            35.67721
          ]
        ]
      }
    },
    {
      "type": "Feature",
      "properties": {
        "N02_001": "12",
        "N02_002": "4",
        "N02_003": "3号線銀座線",
        "N02_004": "東京地下鉄",
        "N02_005": "新橋",
        "N02_005c": "003864",
        "N02_005g": "003872",
        "ward_code": "13103",
        "ward_name": "港区"
      },
      "geometry": {
        "type": "LineString",
        "coordinates": [
          [
            139.75935,
            35.66709
          ],
          [
            139.75864,
            35.66734
          ],
          [
            139.75788,
            35.6676
          ],
          [
            139.75786,
            35.6676
          ],
          [
            139.75775,
            35.66764
          ],
          [
            139.75767,
            35.66766
          ]
        ]
      }
    },
    {
      "type": "Feature",
      "properties": {
        "N02_001": "12",
        "N02_002": "4",
        "N02_003": "3号線銀座線",
        "N02_004": "東京地下鉄",
        "N02_005": "神田",
        "N02_005c": "003666",
        "N02_005g": "003677",
        "ward_code": "13101",
        "ward_name": "千代田区"
      },
      "geometry": {
        "type": "LineString",
        "coordinates": [
          [
            139.77107,
            35.69329
          ],
          [
            139.77071,
            35.69414
          ]
        ]
      }
    },
    {
      "type": "Feature",
      "properties": {
        "N02_001": "12",
        "N02_002": "4",
        "N02_003": "3号線銀座線",
        "N02_004": "東京地下鉄",
        "N02_005": "赤坂見附",
        "N02_005c": "003788",
        "N02_005g": "003788",
        "ward_code": "13103",
        "ward_name": "港区"
      },
      "geometry": {
        "type": "LineString",
        "coordinates": [
          [
            139.73773,
            35.67621
          ],
          [
            139.73745,
            35.67661
          ],
          [
            139.73724,
            35.67699
          ],
          [
            139.73704,
            35.67752
          ]
        ]
      }
    },
    {
      "type": "Feature",
      "properties": {
        "N02_001": "12",
        "N02_002": "4",
        "N02_003": "3号線銀座線",
        "N02_004": "東京地下鉄",
        "N02_005": "三越前",
        "N02_005c": "003716",
        "N02_005g": "003716",
        "ward_code": "13102",
        "ward_name": "中央区"
      },
      "geometry": {
        "type": "LineString",
        "coordinates": [
          [
            139.77378,
            35.68671
          ],
          [
            139.77374,
            35.68679
          ],
          [
            139.77346,
            35.68747
          ],
          [
            139.77339,
            35.68764
          ]
        ]
      }
    },
    {
      "type": "Feature",
      "properties": {
        "N02_001": "12",
        "N02_002": "4",
        "N02_003": "3号線銀座線",
        "N02_004": "東京地下鉄",
        "N02_005": "表参道",
        "N02_005c": "003885",
        "N02_005g": "003883",
        "ward_code": "13103",
        "ward_name": "港区"
      },
      "geometry": {
        "type": "LineString",
        "coordinates": [
          [
            139.7118,
            35.66431
          ],
          [
            139.71253,
            35.6651
          ],
          [
            139.71314,
            35.66578
          ]
        ]
      }
    },
    {
      "type": "Feature",
      "properties": {
        "N02_001": "12",
        "N02_002": "4",
        "N02_003": "3号線銀座線",
        "N02_004": "東京地下鉄",
        "N02_005": "渋谷",
        "N02_005c": "003924",
        "N02_005g": "003922",
        "ward_code": "13113",
        "ward_name": "渋谷区"
      },
      "geometry": {
        "type": "LineString",
        "coordinates": [
          [
            139.701968,
            35.658869
          ],
          [
            139.702767,
            35.659131
          ],
          [
            139.70338,
            35.659321
          ]
        ]
      }
    },
    {
      "type": "Feature",
      "properties": {
        "N02_001": "12",
        "N02_002": "4",
        "N02_003": "4号線丸ノ内線",
        "N02_004": "東京地下鉄",
        "N02_005": "後楽園",
        "N02_005c": "003550",
        "N02_005g": "003542",
        "ward_code": "13105",
        "ward_name": "文京区"
      },
      "geometry": {
        "type": "LineString",
        "coordinates": [
          [
            139.75164,
            35.70734
          ],
          [
            139.75156,
            35.70733
          ],
          [
            139.75096,
            35.70731
          ],
          [
            139.75008,
            35.70728
          ]
        ]
      }
    },
    {
      "type": "Feature",
      "properties": {
        "N02_001": "12",
        "N02_002": "4",
        "N02_003": "4号線丸ノ内線",
        "N02_004": "東京地下鉄",
        "N02_005": "御茶ノ水",
        "N02_005c": "003605",
        "N02_005g": "003615",
        "ward_code": "13105",
        "ward_name": "文京区"
      },
      "geometry": {
        "type": "LineString",
        "coordinates": [
          [
            139.76355,
            35.70069
          ],
          [
            139.76526,
            35.70017
          ]
        ]
      }
    },
    {
      "type": "Feature",
      "properties": {
        "N02_001": "12",
        "N02_002": "4",
        "N02_003": "4号線丸ノ内線",
        "N02_004": "東京地下鉄",
        "N02_005": "本郷三丁目",
        "N02_005c": "003559",
        "N02_005g": "003546",
        "ward_code": "13105",
        "ward_name": "文京区"
      },
      "geometry": {
        "type": "LineString",
        "coordinates": [
          [
            139.7595,
            35.70728
          ],
          [
            139.76006,
            35.70685
          ],
          [
            139.76077,
            35.70613
          ]
        ]
      }
    },
    {
      "type": "Feature",
      "properties": {
        "N02_001": "12",
        "N02_002": "4",
        "N02_003": "4号線丸ノ内線",
        "N02_004": "東京地下鉄",
        "N02_005": "新高円寺",
        "N02_005c": "003632",
        "N02_005g": "003632",
        "ward_code": "13115",
        "ward_name": "杉並区"
      },
      "geometry": {
        "type": "LineString",
        "coordinates": [
          [
            139.64926,
            35.69788
          ],
          [
            139.64776,
            35.69784
          ]
        ]
      }
    },
    {
      "type": "Feature",
      "properties": {
        "N02_001": "12",
        "N02_002": "4",
        "N02_003": "4号線丸ノ内線",
        "N02_004": "東京地下鉄",
        "N02_005": "南阿佐ヶ谷",
        "N02_005c": "003619",
        "N02_005g": "003619",
        "ward_code": "13115",
        "ward_name": "杉並区"
      },
      "geometry": {
        "type": "LineString",
        "coordinates": [
          [
            139.63624,
            35.69918
          ],
          [
            139.63491,
            35.69973
          ]
        ]
      }
    },
    {
      "type": "Feature",
      "properties": {
        "N02_001": "12",
        "N02_002": "4",
        "N02_003": "4号線丸ノ内線",
        "N02_004": "東京地下鉄",
        "N02_005": "荻窪",
        "N02_005c": "003577",
        "N02_005g": "003575",
        "ward_code": "13115",
        "ward_name": "杉並区"
      },
      "geometry": {
        "type": "LineString",
        "coordinates": [
          [
            139.62077,
            35.70419
          ],
          [
            139.61875,
            35.70416
          ]
        ]
      }
    },
    {
      "type": "Feature",
      "properties": {
        "N02_001": "12",
        "N02_002": "4",
        "N02_003": "4号線丸ノ内線",
        "N02_004": "東京地下鉄",
        "N02_005": "茗荷谷",
        "N02_005c": "003484",
        "N02_005g": "003484",
        "ward_code": "13105",
        "ward_name": "文京区"
      },
      "geometry": {
        "type": "LineString",
        "coordinates": [
          [
            139.73649,
            35.71758
          ],
          [
            139.7373,
            35.71682
          ]
        ]
      }
    },
    {
      "type": "Feature",
      "properties": {
        "N02_001": "12",
        "N02_002": "4",
        "N02_003": "4号線丸ノ内線",
        "N02_004": "東京地下鉄",
        "N02_005": "新中野",
        "N02_005c": "003638",
        "N02_005g": "003638",
        "ward_code": "13114",
        "ward_name": "中野区"
      },
      "geometry": {
        "type": "LineString",
        "coordinates": [
          [
            139.67029,
            35.6975
          ],
          [
            139.66873,
            35.69745
          ]
        ]
      }
    },
    {
      "type": "Feature",
      "properties": {
        "N02_001": "12",
        "N02_002": "4",
        "N02_003": "4号線丸ノ内線",
        "N02_004": "東京地下鉄",
        "N02_005": "東高円寺",
        "N02_005c": "003628",
        "N02_005g": "003628",
        "ward_code": "13115",
        "ward_name": "杉並区"
      },
      "geometry": {
        "type": "LineString",
        "coordinates": [
          [
            139.659,
            35.69787
          ],
          [
            139.65759,
            35.69806
          ]
        ]
      }
    },
    {
      "type": "Feature",
      "properties": {
        "N02_001": "12",
        "N02_002": "4",
        "N02_003": "4号線丸ノ内線",
        "N02_004": "東京地下鉄",
        "N02_005": "池袋",
        "N02_005c": "003389",
        "N02_005g": "003390",
        "ward_code": "13116",
        "ward_name": "豊島区"
      },
      "geometry": {
        "type": "LineString",
        "coordinates": [
          [
            139.71034,
            35.73061
          ],
          [
            139.71196,
            35.73008
          ]
        ]
      }
    },
    {
      "type": "Feature",
      "properties": {
        "N02_001": "12",
        "N02_002": "4",
        "N02_003": "4号線丸ノ内線",
        "N02_004": "東京地下鉄",
        "N02_005": "新大塚",
        "N02_005c": "003431",
        "N02_005g": "003431",
        "ward_code": "13116",
        "ward_name": "豊島区"
      },
      "geometry": {
        "type": "LineString",
        "coordinates": [
          [
            139.7288,
            35.72652
          ],
          [
            139.72951,
            35.72602
          ],
          [
            139.72991,
            35.72574
          ]
        ]
      }
    },
    {
      "type": "Feature",
      "properties": {
        "N02_001": "12",
        "N02_002": "4",
        "N02_003": "4号線丸ノ内線",
        "N02_004": "東京地下鉄",
        "N02_005": "中野坂上",
        "N02_005c": "003643",
        "N02_005g": "003643",
        "ward_code": "13114",
        "ward_name": "中野区"
      },
      "geometry": {
        "type": "LineString",
        "coordinates": [
          [
            139.68284,
            35.69701
          ],
          [
            139.68157,
            35.69716
          ]
        ]
      }
    },
    {
      "type": "Feature",
      "properties": {
        "N02_001": "12",
        "N02_002": "4",
        "N02_003": "4号線丸ノ内線",
        "N02_004": "東京地下鉄",
        "N02_005": "東京",
        "N02_005c": "003758",
        "N02_005g": "003766",
        "ward_code": "13101",
        "ward_name": "千代田区"
      },
      "geometry": {
        "type": "LineString",
        "coordinates": [
          [
            139.765,
            35.68273
          ],
          [
            139.7646,
            35.68114
          ]
        ]
      }
    },
    {
      "type": "Feature",
      "properties": {
        "N02_001": "12",
        "N02_002": "4",
        "N02_003": "4号線丸ノ内線",
        "N02_004": "東京地下鉄",
        "N02_005": "国会議事堂前",
        "N02_005c": "003799",
        "N02_005g": "003799",
        "ward_code": "13101",
        "ward_name": "千代田区"
      },
      "geometry": {
        "type": "LineString",
        "coordinates": [
          [
            139.74455,
            35.67429
          ],
          [
            139.74478,
            35.67438
          ],
          [
            139.74511,
            35.67463
          ],
          [
            139.74546,
            35.67482
          ],
          [
            139.74588,
            35.67523
          ],
          [
            139.74627,
            35.67572
          ]
        ]
      }
    },
    {
      "type": "Feature",
      "properties": {
        "N02_001": "12",
        "N02_002": "4",
        "N02_003": "4号線丸ノ内線",
        "N02_004": "東京地下鉄",
        "N02_005": "淡路町",
        "N02_005c": "003661",
        "N02_005g": "003661",
        "ward_code": "13101",
        "ward_name": "千代田区"
      },
      "geometry": {
        "type": "LineString",
        "coordinates": [
          [
            139.76746,
            35.69535
          ],
          [
            139.76745,
            35.69439
          ]
        ]
      }
    },
    {
      "type": "Feature",
      "properties": {
        "N02_001": "12",
        "N02_002": "4",
        "N02_003": "4号線丸ノ内線",
        "N02_004": "東京地下鉄",
        "N02_005": "四谷三丁目",
        "N02_005c": "003713",
        "N02_005g": "003713",
        "ward_code": "13104",
        "ward_name": "新宿区"
      },
      "geometry": {
        "type": "LineString",
        "coordinates": [
          [
            139.72037,
            35.68793
          ],
          [
            139.71828,
            35.68774
          ]
        ]
      }
    },
    {
      "type": "Feature",
      "properties": {
        "N02_001": "12",
        "N02_002": "4",
        "N02_003": "4号線丸ノ内線",
        "N02_004": "東京地下鉄",
        "N02_005": "銀座",
        "N02_005c": "003809",
        "N02_005g": "003823",
        "ward_code": "13102",
        "ward_name": "中央区"
      },
      "geometry": {
        "type": "LineString",
        "coordinates": [
          [
            139.76443,
            35.67358
          ],
          [
            139.76413,
            35.67325
          ],
          [
            139.76382,
            35.67306
          ],
          [
            139.76323,
            35.67289
          ]
        ]
      }
    },
    {
      "type": "Feature",
      "properties": {
        "N02_001": "12",
        "N02_002": "4",
        "N02_003": "4号線丸ノ内線",
        "N02_004": "東京地下鉄",
        "N02_005": "霞ヶ関",
        "N02_005c": "003803",
        "N02_005g": "003805",
        "ward_code": "13101",
        "ward_name": "千代田区"
      },
      "geometry": {
        "type": "LineString",
        "coordinates": [
          [
            139.75346,
            35.67391
          ],
          [
            139.7519,
            35.67456
          ]
        ]
      }
    },
    {
      "type": "Feature",
      "properties": {
        "N02_001": "12",
        "N02_002": "4",
        "N02_003": "4号線丸ノ内線",
        "N02_004": "東京地下鉄",
        "N02_005": "四ツ谷",
        "N02_005c": "003740",
        "N02_005g": "003728",
        "ward_code": "13104",
        "ward_name": "新宿区"
      },
      "geometry": {
        "type": "LineString",
        "coordinates": [
          [
            139.73009,
            35.68326
          ],
          [
            139.73009,
            35.68361
          ],
          [
            139.73009,
            35.68399
          ],
          [
            139.73008,
            35.68424
          ],
          [
            139.73006,
            35.68441
          ],
          [
            139.73004,
            35.6845
          ],
          [
            139.72997,
            35.68488
          ],
          [
            139.7299,
            35.68512
          ]
        ]
      }
    },
    {
      "type": "Feature",
      "properties": {
        "N02_001": "12",
        "N02_002": "4",
        "N02_003": "4号線丸ノ内線",
        "N02_004": "東京地下鉄",
        "N02_005": "大手町",
        "N02_005c": "003717",
        "N02_005g": "003719",
        "ward_code": "13101",
        "ward_name": "千代田区"
      },
      "geometry": {
        "type": "LineString",
        "coordinates": [
          [
            139.76633,
            35.68736
          ],
          [
            139.76612,
            35.68656
          ],
          [
            139.76608,
            35.68639
          ]
        ]
      }
    },
    {
      "type": "Feature",
      "properties": {
        "N02_001": "12",
        "N02_002": "4",
        "N02_003": "4号線丸ノ内線",
        "N02_004": "東京地下鉄",
        "N02_005": "赤坂見附",
        "N02_005c": "003789",
        "N02_005g": "003788",
        "ward_code": "13103",
        "ward_name": "港区"
      },
      "geometry": {
        "type": "LineString",
        "coordinates": [
          [
            139.73773,
            35.67621
          ],
          [
            139.73745,
            35.67661
          ],
          [
            139.73724,
            35.67699
          ],
          [
            139.73704,
            35.67752
          ]
        ]
      }
    },
    {
      "type": "Feature",
      "properties": {
        "N02_001": "12",
        "N02_002": "4",
        "N02_003": "4号線丸ノ内線",
        "N02_004": "東京地下鉄",
        "N02_005": "西新宿",
        "N02_005c": "003662",
        "N02_005g": "003662",
        "ward_code": "13104",
        "ward_name": "新宿区"
      },
      "geometry": {
        "type": "LineString",
        "coordinates": [
          [
            139.6932,
            35.69428
          ],
          [
            139.69192,
            35.69475
          ]
        ]
      }
    },
    {
      "type": "Feature",
      "properties": {
        "N02_001": "12",
        "N02_002": "4",
        "N02_003": "4号線丸ノ内線",
        "N02_004": "東京地下鉄",
        "N02_005": "新宿三丁目",
        "N02_005c": "003684",
        "N02_005g": "003689",
        "ward_code": "13104",
        "ward_name": "新宿区"
      },
      "geometry": {
        "type": "LineString",
        "coordinates": [
          [
            139.70489,
            35.69087
          ],
          [
            139.70353,
            35.69149
          ]
        ]
      }
    },
    {
      "type": "Feature",
      "properties": {
        "N02_001": "12",
        "N02_002": "4",
        "N02_003": "4号線丸ノ内線",
        "N02_004": "東京地下鉄",
        "N02_005": "新宿御苑前",
        "N02_005c": "003707",
        "N02_005g": "003707",
        "ward_code": "13104",
        "ward_name": "新宿区"
      },
      "geometry": {
        "type": "LineString",
        "coordinates": [
          [
            139.71185,
            35.68834
          ],
          [
            139.70998,
            35.68871
          ]
        ]
      }
    },
    {
      "type": "Feature",
      "properties": {
        "N02_001": "12",
        "N02_002": "4",
        "N02_003": "4号線丸ノ内線",
        "N02_004": "東京地下鉄",
        "N02_005": "新宿",
        "N02_005c": "003672",
        "N02_005g": "003700",
        "ward_code": "13104",
        "ward_name": "新宿区"
      },
      "geometry": {
        "type": "LineString",
        "coordinates": [
          [
            139.7013,
            35.69235
          ],
          [
            139.70068,
            35.69246
          ],
          [
            139.69979,
            35.69251
          ]
        ]
      }
    },
    {
      "type": "Feature",
      "properties": {
        "N02_001": "12",
        "N02_002": "4",
        "N02_003": "4号線丸ノ内線分岐線",
        "N02_004": "東京地下鉄",
        "N02_005": "中野坂上",
        "N02_005c": "003644",
        "N02_005g": "003643",
        "ward_code": "13114",
        "ward_name": "中野区"
      },
      "geometry": {
        "type": "LineString",
        "coordinates": [
          [
            139.68284,
            35.69701
          ],
          [
            139.68157,
            35.69716
          ]
        ]
      }
    },
    {
      "type": "Feature",
      "properties": {
        "N02_001": "12",
        "N02_002": "4",
        "N02_003": "4号線丸ノ内線分岐線",
        "N02_004": "東京地下鉄",
        "N02_005": "中野新橋",
        "N02_005c": "003679",
        "N02_005g": "003679",
        "ward_code": "13114",
        "ward_name": "中野区"
      },
      "geometry": {
        "type": "LineString",
        "coordinates": [
          [
            139.67448,
            35.69207
          ],
          [
            139.67416,
            35.69177
          ],
          [
            139.6739,
            35.69159
          ],
          [
            139.67348,
            35.69136
          ]
        ]
      }
    },
    {
      "type": "Feature",
      "properties": {
        "N02_001": "12",
        "N02_002": "4",
        "N02_003": "4号線丸ノ内線分岐線",
        "N02_004": "東京地下鉄",
        "N02_005": "方南町",
        "N02_005c": "003751",
        "N02_005g": "003751",
        "ward_code": "13115",
        "ward_name": "杉並区"
      },
      "geometry": {
        "type": "LineString",
        "coordinates": [
          [
            139.65867,
            35.68367
          ],
          [
            139.6572,
            35.68336
          ]
        ]
      }
    },
    {
      "type": "Feature",
      "properties": {
        "N02_001": "12",
        "N02_002": "4",
        "N02_003": "4号線丸ノ内線分岐線",
        "N02_004": "東京地下鉄",
        "N02_005": "中野富士見町",
        "N02_005c": "003688",
        "N02_005g": "003688",
        "ward_code": "13114",
        "ward_name": "中野区"
      },
      "geometry": {
        "type": "LineString",
        "coordinates": [
          [
            139.6689,
            35.69089
          ],
          [
            139.66741,
            35.69075
          ]
        ]
      }
    },
    {
      "type": "Feature",
      "properties": {
        "N02_001": "12",
        "N02_002": "4",
        "N02_003": "5号線東西線",
        "N02_004": "東京地下鉄",
        "N02_005": "飯田橋",
        "N02_005c": "003596",
        "N02_005g": "003595",
        "ward_code": "13101",
        "ward_name": "千代田区"
      },
      "geometry": {
        "type": "LineString",
        "coordinates": [
          [
            139.74579,
            35.70182
          ],
          [
            139.74636,
            35.70146
          ],
          [
            139.74655,
            35.70135
          ],
          [
            139.74667,
            35.70132
          ],
          [
            139.74677,
            35.70129
          ],
          [
            139.74718,
            35.70107
          ],
          [
            139.74727,
            35.70102
          ]
        ]
      }
    },
    {
      "type": "Feature",
      "properties": {
        "N02_001": "12",
        "N02_002": "4",
        "N02_003": "5号線東西線",
        "N02_004": "東京地下鉄",
        "N02_005": "中野",
        "N02_005c": "003569",
        "N02_005g": "003568",
        "ward_code": "13114",
        "ward_name": "中野区"
      },
      "geometry": {
        "type": "LineString",
        "coordinates": [
          [
            139.66688,
            35.70579
          ],
          [
            139.66433,
            35.70569
          ]
        ]
      }
    },
    {
      "type": "Feature",
      "properties": {
        "N02_001": "12",
        "N02_002": "4",
        "N02_003": "5号線東西線",
        "N02_004": "東京地下鉄",
        "N02_005": "落合",
        "N02_005c": "003523",
        "N02_005g": "003523",
        "ward_code": "13114",
        "ward_name": "中野区"
      },
      "geometry": {
        "type": "LineString",
        "coordinates": [
          [
            139.68706,
            35.7109
          ],
          [
            139.68487,
            35.71037
          ]
        ]
      }
    },
    {
      "type": "Feature",
      "properties": {
        "N02_001": "12",
        "N02_002": "4",
        "N02_003": "5号線東西線",
        "N02_004": "東京地下鉄",
        "N02_005": "神楽坂",
        "N02_005c": "003578",
        "N02_005g": "003578",
        "ward_code": "13104",
        "ward_name": "新宿区"
      },
      "geometry": {
        "type": "LineString",
        "coordinates": [
          [
            139.73566,
            35.70367
          ],
          [
            139.73338,
            35.70406
          ]
        ]
      }
    },
    {
      "type": "Feature",
      "properties": {
        "N02_001": "12",
        "N02_002": "4",
        "N02_003": "5号線東西線",
        "N02_004": "東京地下鉄",
        "N02_005": "高田馬場",
        "N02_005c": "003506",
        "N02_005g": "003508",
        "ward_code": "13104",
        "ward_name": "新宿区"
      },
      "geometry": {
        "type": "LineString",
        "coordinates": [
          [
            139.70603,
            35.7128
          ],
          [
            139.70406,
            35.71376
          ]
        ]
      }
    },
    {
      "type": "Feature",
      "properties": {
        "N02_001": "12",
        "N02_002": "4",
        "N02_003": "5号線東西線",
        "N02_004": "東京地下鉄",
        "N02_005": "早稲田",
        "N02_005c": "003570",
        "N02_005g": "003570",
        "ward_code": "13104",
        "ward_name": "新宿区"
      },
      "geometry": {
        "type": "LineString",
        "coordinates": [
          [
            139.72333,
            35.70558
          ],
          [
            139.72105,
            35.70578
          ]
        ]
      }
    },
    {
      "type": "Feature",
      "properties": {
        "N02_001": "12",
        "N02_002": "4",
        "N02_003": "5号線東西線",
        "N02_004": "東京地下鉄",
        "N02_005": "大手町",
        "N02_005c": "003738",
        "N02_005g": "003719",
        "ward_code": "13101",
        "ward_name": "千代田区"
      },
      "geometry": {
        "type": "LineString",
        "coordinates": [
          [
            139.76473,
            35.68498
          ],
          [
            139.76566,
            35.68478
          ],
          [
            139.76733,
            35.68441
          ]
        ]
      }
    },
    {
      "type": "Feature",
      "properties": {
        "N02_001": "12",
        "N02_002": "4",
        "N02_003": "5号線東西線",
        "N02_004": "東京地下鉄",
        "N02_005": "茅場町",
        "N02_005c": "003773",
        "N02_005g": "003773",
        "ward_code": "13102",
        "ward_name": "中央区"
      },
      "geometry": {
        "type": "LineString",
        "coordinates": [
          [
            139.77858,
            35.68061
          ],
          [
            139.77947,
            35.68027
          ],
          [
            139.77996,
            35.68008
          ]
        ]
      }
    },
    {
      "type": "Feature",
      "properties": {
        "N02_001": "12",
        "N02_002": "4",
        "N02_003": "5号線東西線",
        "N02_004": "東京地下鉄",
        "N02_005": "門前仲町",
        "N02_005c": "003824",
        "N02_005g": "003818",
        "ward_code": "13108",
        "ward_name": "江東区"
      },
      "geometry": {
        "type": "LineString",
        "coordinates": [
          [
            139.7971,
            35.67146
          ],
          [
            139.79678,
            35.67159
          ],
          [
            139.7963,
            35.67181
          ],
          [
            139.79596,
            35.67195
          ],
          [
            139.7951,
            35.67233
          ]
        ]
      }
    },
    {
      "type": "Feature",
      "properties": {
        "N02_001": "12",
        "N02_002": "4",
        "N02_003": "5号線東西線",
        "N02_004": "東京地下鉄",
        "N02_005": "木場",
        "N02_005c": "003840",
        "N02_005g": "003840",
        "ward_code": "13108",
        "ward_name": "江東区"
      },
      "geometry": {
        "type": "LineString",
        "coordinates": [
          [
            139.80591,
            35.66938
          ],
          [
            139.80714,
            35.66936
          ],
          [
            139.80832,
            35.66932
          ]
        ]
      }
    },
    {
      "type": "Feature",
      "properties": {
        "N02_001": "12",
        "N02_002": "4",
        "N02_003": "5号線東西線",
        "N02_004": "東京地下鉄",
        "N02_005": "九段下",
        "N02_005c": "003650",
        "N02_005g": "003657",
        "ward_code": "13101",
        "ward_name": "千代田区"
      },
      "geometry": {
        "type": "LineString",
        "coordinates": [
          [
            139.75101,
            35.69698
          ],
          [
            139.75114,
            35.69662
          ],
          [
            139.7514,
            35.69554
          ],
          [
            139.75151,
            35.6952
          ]
        ]
      }
    },
    {
      "type": "Feature",
      "properties": {
        "N02_001": "12",
        "N02_002": "4",
        "N02_003": "5号線東西線",
        "N02_004": "東京地下鉄",
        "N02_005": "竹橋",
        "N02_005c": "003691",
        "N02_005g": "003691",
        "ward_code": "13101",
        "ward_name": "千代田区"
      },
      "geometry": {
        "type": "LineString",
        "coordinates": [
          [
            139.75852,
            35.69028
          ],
          [
            139.75682,
            35.6906
          ]
        ]
      }
    },
    {
      "type": "Feature",
      "properties": {
        "N02_001": "12",
        "N02_002": "4",
        "N02_003": "5号線東西線",
        "N02_004": "東京地下鉄",
        "N02_005": "葛西",
        "N02_005c": "003894",
        "N02_005g": "003894",
        "ward_code": "13123",
        "ward_name": "江戸川区"
      },
      "geometry": {
        "type": "LineString",
        "coordinates": [
          [
            139.87396,
            35.66354
          ],
          [
            139.87353,
            35.66356
          ],
          [
            139.87294,
            35.66359
          ],
          [
            139.87231,
            35.66363
          ],
          [
            139.87176,
            35.66366
          ],
          [
            139.87164,
            35.66367
          ],
          [
            139.87123,
            35.66369
          ],
          [
            139.8711,
            35.6637
          ]
        ]
      }
    },
    {
      "type": "Feature",
      "properties": {
        "N02_001": "12",
        "N02_002": "4",
        "N02_003": "5号線東西線",
        "N02_004": "東京地下鉄",
        "N02_005": "南砂町",
        "N02_005c": "003854",
        "N02_005g": "003854",
        "ward_code": "13108",
        "ward_name": "江東区"
      },
      "geometry": {
        "type": "LineString",
        "coordinates": [
          [
            139.83048,
            35.66881
          ],
          [
            139.83291,
            35.66802
          ]
        ]
      }
    },
    {
      "type": "Feature",
      "properties": {
        "N02_001": "12",
        "N02_002": "4",
        "N02_003": "5号線東西線",
        "N02_004": "東京地下鉄",
        "N02_005": "西葛西",
        "N02_005c": "003890",
        "N02_005g": "003890",
        "ward_code": "13123",
        "ward_name": "江戸川区"
      },
      "geometry": {
        "type": "LineString",
        "coordinates": [
          [
            139.85786,
            35.66471
          ],
          [
            139.85872,
            35.66464
          ],
          [
            139.85904,
            35.66461
          ],
          [
            139.85943,
            35.66458
          ],
          [
            139.85974,
            35.66455
          ],
          [
            139.86134,
            35.66441
          ]
        ]
      }
    },
    {
      "type": "Feature",
      "properties": {
        "N02_001": "12",
        "N02_002": "4",
        "N02_003": "5号線東西線",
        "N02_004": "東京地下鉄",
        "N02_005": "日本橋",
        "N02_005c": "003756",
        "N02_005g": "003756",
        "ward_code": "13102",
        "ward_name": "中央区"
      },
      "geometry": {
        "type": "LineString",
        "coordinates": [
          [
            139.77309,
            35.68277
          ],
          [
            139.77373,
            35.68252
          ],
          [
            139.77511,
            35.68198
          ]
        ]
      }
    },
    {
      "type": "Feature",
      "properties": {
        "N02_001": "12",
        "N02_002": "4",
        "N02_003": "5号線東西線",
        "N02_004": "東京地下鉄",
        "N02_005": "東陽町",
        "N02_005c": "003839",
        "N02_005g": "003839",
        "ward_code": "13108",
        "ward_name": "江東区"
      },
      "geometry": {
        "type": "LineString",
        "coordinates": [
          [
            139.81892,
            35.66966
          ],
          [
            139.81644,
            35.66952
          ]
        ]
      }
    },
    {
      "type": "Feature",
      "properties": {
        "N02_001": "12",
        "N02_002": "4",
        "N02_003": "7号線南北線",
        "N02_004": "東京地下鉄",
        "N02_005": "本駒込",
        "N02_005c": "003441",
        "N02_005g": "003441",
        "ward_code": "13105",
        "ward_name": "文京区"
      },
      "geometry": {
        "type": "LineString",
        "coordinates": [
          [
            139.75366,
            35.72517
          ],
          [
            139.75378,
            35.72451
          ],
          [
            139.75397,
            35.72356
          ]
        ]
      }
    },
    {
      "type": "Feature",
      "properties": {
        "N02_001": "12",
        "N02_002": "4",
        "N02_003": "7号線南北線",
        "N02_004": "東京地下鉄",
        "N02_005": "飯田橋",
        "N02_005c": "003595",
        "N02_005g": "003595",
        "ward_code": "13104",
        "ward_name": "新宿区"
      },
      "geometry": {
        "type": "LineString",
        "coordinates": [
          [
            139.74454,
            35.70262
          ],
          [
            139.74398,
            35.70198
          ],
          [
            139.74384,
            35.70177
          ],
          [
            139.74372,
            35.7016
          ],
          [
            139.74356,
            35.70136
          ],
          [
            139.74318,
            35.70074
          ],
          [
            139.74302,
            35.70036
          ]
        ]
      }
    },
    {
      "type": "Feature",
      "properties": {
        "N02_001": "12",
        "N02_002": "4",
        "N02_003": "7号線南北線",
        "N02_004": "東京地下鉄",
        "N02_005": "後楽園",
        "N02_005c": "003542",
        "N02_005g": "003542",
        "ward_code": "13105",
        "ward_name": "文京区"
      },
      "geometry": {
        "type": "LineString",
        "coordinates": [
          [
            139.7518,
            35.70928
          ],
          [
            139.75179,
            35.7085
          ],
          [
            139.75177,
            35.7075
          ]
        ]
      }
    },
    {
      "type": "Feature",
      "properties": {
        "N02_001": "12",
        "N02_002": "4",
        "N02_003": "7号線南北線",
        "N02_004": "東京地下鉄",
        "N02_005": "西ヶ原",
        "N02_005c": "003279",
        "N02_005g": "003279",
        "ward_code": "13117",
        "ward_name": "北区"
      },
      "geometry": {
        "type": "LineString",
        "coordinates": [
          [
            139.74263,
            35.74557
          ],
          [
            139.74189,
            35.74632
          ]
        ]
      }
    },
    {
      "type": "Feature",
      "properties": {
        "N02_001": "12",
        "N02_002": "4",
        "N02_003": "7号線南北線",
        "N02_004": "東京地下鉄",
        "N02_005": "駒込",
        "N02_005c": "003348",
        "N02_005g": "003343",
        "ward_code": "13116",
        "ward_name": "豊島区"
      },
      "geometry": {
        "type": "LineString",
        "coordinates": [
          [
            139.7466,
            35.73648
          ],
          [
            139.74677,
            35.73622
          ],
          [
            139.74719,
            35.73533
          ]
        ]
      }
    },
    {
      "type": "Feature",
      "properties": {
        "N02_001": "12",
        "N02_002": "4",
        "N02_003": "7号線南北線",
        "N02_004": "東京地下鉄",
        "N02_005": "東大前",
        "N02_005c": "003481",
        "N02_005g": "003481",
        "ward_code": "13105",
        "ward_name": "文京区"
      },
      "geometry": {
        "type": "LineString",
        "coordinates": [
          [
            139.7574,
            35.71893
          ],
          [
            139.7577,
            35.7185
          ],
          [
            139.75785,
            35.71821
          ],
          [
            139.75797,
            35.71788
          ],
          [
            139.75824,
            35.71704
          ]
        ]
      }
    },
    {
      "type": "Feature",
      "properties": {
        "N02_001": "12",
        "N02_002": "4",
        "N02_003": "7号線南北線",
        "N02_004": "東京地下鉄",
        "N02_005": "王子",
        "N02_005c": "003236",
        "N02_005g": "003236",
        "ward_code": "13117",
        "ward_name": "北区"
      },
      "geometry": {
        "type": "LineString",
        "coordinates": [
          [
            139.73779,
            35.75355
          ],
          [
            139.73774,
            35.75363
          ],
          [
            139.73762,
            35.75382
          ],
          [
            139.73745,
            35.75411
          ],
          [
            139.73734,
            35.75432
          ],
          [
            139.73725,
            35.75458
          ],
          [
            139.73719,
            35.75487
          ],
          [
            139.73716,
            35.75514
          ],
          [
            139.73716,
            35.75546
          ]
        ]
      }
    },
    {
      "type": "Feature",
      "properties": {
        "N02_001": "12",
        "N02_002": "4",
        "N02_003": "7号線南北線",
        "N02_004": "東京地下鉄",
        "N02_005": "志茂",
        "N02_005c": "003153",
        "N02_005g": "003153",
        "ward_code": "13117",
        "ward_name": "北区"
      },
      "geometry": {
        "type": "LineString",
        "coordinates": [
          [
            139.73303,
            35.77728
          ],
          [
            139.73197,
            35.77877
          ]
        ]
      }
    },
    {
      "type": "Feature",
      "properties": {
        "N02_001": "12",
        "N02_002": "4",
        "N02_003": "7号線南北線",
        "N02_004": "東京地下鉄",
        "N02_005": "王子神谷",
        "N02_005c": "003207",
        "N02_005g": "003207",
        "ward_code": "13117",
        "ward_name": "北区"
      },
      "geometry": {
        "type": "LineString",
        "coordinates": [
          [
            139.73597,
            35.76418
          ],
          [
            139.73584,
            35.76454
          ],
          [
            139.73566,
            35.76523
          ],
          [
            139.73533,
            35.76641
          ]
        ]
      }
    },
    {
      "type": "Feature",
      "properties": {
        "N02_001": "12",
        "N02_002": "4",
        "N02_003": "7号線南北線",
        "N02_004": "東京地下鉄",
        "N02_005": "赤羽岩淵",
        "N02_005c": "003141",
        "N02_005g": "003141",
        "ward_code": "13117",
        "ward_name": "北区"
      },
      "geometry": {
        "type": "LineString",
        "coordinates": [
          [
            139.72346,
            35.7831
          ],
          [
            139.72076,
            35.78361
          ]
        ]
      }
    },
    {
      "type": "Feature",
      "properties": {
        "N02_001": "12",
        "N02_002": "4",
        "N02_003": "7号線南北線",
        "N02_004": "東京地下鉄",
        "N02_005": "永田町",
        "N02_005c": "003782",
        "N02_005g": "003782",
        "ward_code": "13101",
        "ward_name": "千代田区"
      },
      "geometry": {
        "type": "LineString",
        "coordinates": [
          [
            139.73822,
            35.67878
          ],
          [
            139.73906,
            35.6785
          ],
          [
            139.73918,
            35.67844
          ],
          [
            139.73943,
            35.67832
          ],
          [
            139.7403,
            35.67778
          ]
        ]
      }
    },
    {
      "type": "Feature",
      "properties": {
        "N02_001": "12",
        "N02_002": "4",
        "N02_003": "7号線南北線",
        "N02_004": "東京地下鉄",
        "N02_005": "四ツ谷",
        "N02_005c": "003723",
        "N02_005g": "003728",
        "ward_code": "13104",
        "ward_name": "新宿区"
      },
      "geometry": {
        "type": "LineString",
        "coordinates": [
          [
            139.72999,
            35.68712
          ],
          [
            139.72957,
            35.68578
          ],
          [
            139.72942,
            35.68503
          ]
        ]
      }
    },
    {
      "type": "Feature",
      "properties": {
        "N02_001": "12",
        "N02_002": "4",
        "N02_003": "7号線南北線",
        "N02_004": "東京地下鉄",
        "N02_005": "麻布十番",
        "N02_005c": "003955",
        "N02_005g": "003941",
        "ward_code": "13103",
        "ward_name": "港区"
      },
      "geometry": {
        "type": "LineString",
        "coordinates": [
          [
            139.73715,
            35.65554
          ],
          [
            139.73694,
            35.65408
          ]
        ]
      }
    },
    {
      "type": "Feature",
      "properties": {
        "N02_001": "12",
        "N02_002": "4",
        "N02_003": "7号線南北線",
        "N02_004": "東京地下鉄",
        "N02_005": "溜池山王",
        "N02_005c": "003810",
        "N02_005g": "003810",
        "ward_code": "13103",
        "ward_name": "港区"
      },
      "geometry": {
        "type": "LineString",
        "coordinates": [
          [
            139.74133,
            35.67443
          ],
          [
            139.74128,
            35.67262
          ],
          [
            139.74126,
            35.67175
          ]
        ]
      }
    },
    {
      "type": "Feature",
      "properties": {
        "N02_001": "12",
        "N02_002": "4",
        "N02_003": "7号線南北線",
        "N02_004": "東京地下鉄",
        "N02_005": "市ヶ谷",
        "N02_005c": "003670",
        "N02_005g": "003671",
        "ward_code": "13104",
        "ward_name": "新宿区"
      },
      "geometry": {
        "type": "LineString",
        "coordinates": [
          [
            139.73766,
            35.69417
          ],
          [
            139.73693,
            35.69336
          ],
          [
            139.73633,
            35.69287
          ],
          [
            139.73491,
            35.6917
          ]
        ]
      }
    },
    {
      "type": "Feature",
      "properties": {
        "N02_001": "12",
        "N02_002": "4",
        "N02_003": "7号線南北線",
        "N02_004": "東京地下鉄",
        "N02_005": "六本木一丁目",
        "N02_005c": "003884",
        "N02_005g": "003884",
        "ward_code": "13103",
        "ward_name": "港区"
      },
      "geometry": {
        "type": "LineString",
        "coordinates": [
          [
            139.73902,
            35.66579
          ],
          [
            139.73878,
            35.66436
          ]
        ]
      }
    },
    {
      "type": "Feature",
      "properties": {
        "N02_001": "12",
        "N02_002": "4",
        "N02_003": "7号線南北線",
        "N02_004": "東京地下鉄",
        "N02_005": "白金高輪",
        "N02_005c": "004026",
        "N02_005g": "004025",
        "ward_code": "13103",
        "ward_name": "港区"
      },
      "geometry": {
        "type": "LineString",
        "coordinates": [
          [
            139.73469,
            35.64385
          ],
          [
            139.73388,
            35.64244
          ]
        ]
      }
    },
    {
      "type": "Feature",
      "properties": {
        "N02_001": "12",
        "N02_002": "4",
        "N02_003": "8号線有楽町線",
        "N02_004": "東京地下鉄",
        "N02_005": "飯田橋",
        "N02_005c": "003598",
        "N02_005g": "003595",
        "ward_code": "13104",
        "ward_name": "新宿区"
      },
      "geometry": {
        "type": "LineString",
        "coordinates": [
          [
            139.74389,
            35.70231
          ],
          [
            139.7437,
            35.70205
          ],
          [
            139.74308,
            35.70119
          ],
          [
            139.74256,
            35.70035
          ]
        ]
      }
    },
    {
      "type": "Feature",
      "properties": {
        "N02_001": "12",
        "N02_002": "4",
        "N02_003": "13号線副都心線",
        "N02_004": "東京地下鉄",
        "N02_005": "池袋",
        "N02_005c": "003379",
        "N02_005g": "003379",
        "ward_code": "13116",
        "ward_name": "豊島区"
      },
      "geometry": {
        "type": "LineString",
        "coordinates": [
          [
            139.70655,
            35.73178
          ],
          [
            139.70889,
            35.73118
          ]
        ]
      }
    },
    {
      "type": "Feature",
      "properties": {
        "N02_001": "12",
        "N02_002": "4",
        "N02_003": "8号線有楽町線",
        "N02_004": "東京地下鉄",
        "N02_005": "千川",
        "N02_005c": "003325",
        "N02_005g": "003324",
        "ward_code": "13116",
        "ward_name": "豊島区"
      },
      "geometry": {
        "type": "LineString",
        "coordinates": [
          [
            139.68851,
            35.73884
          ],
          [
            139.69029,
            35.73751
          ]
        ]
      }
    },
    {
      "type": "Feature",
      "properties": {
        "N02_001": "12",
        "N02_002": "4",
        "N02_003": "8号線有楽町線",
        "N02_004": "東京地下鉄",
        "N02_005": "地下鉄成増",
        "N02_005c": "003163",
        "N02_005g": "003163",
        "ward_code": "13119",
        "ward_name": "板橋区"
      },
      "geometry": {
        "type": "LineString",
        "coordinates": [
          [
            139.63258,
            35.776
          ],
          [
            139.62976,
            35.77748
          ]
        ]
      }
    },
    {
      "type": "Feature",
      "properties": {
        "N02_001": "12",
        "N02_002": "4",
        "N02_003": "8号線有楽町線",
        "N02_004": "東京地下鉄",
        "N02_005": "東池袋",
        "N02_005c": "003432",
        "N02_005g": "003432",
        "ward_code": "13116",
        "ward_name": "豊島区"
      },
      "geometry": {
        "type": "LineString",
        "coordinates": [
          [
            139.71787,
            35.72659
          ],
          [
            139.71986,
            35.72531
          ]
        ]
      }
    },
    {
      "type": "Feature",
      "properties": {
        "N02_001": "12",
        "N02_002": "4",
        "N02_003": "8号線有楽町線",
        "N02_004": "東京地下鉄",
        "N02_005": "池袋",
        "N02_005c": "003400",
        "N02_005g": "003390",
        "ward_code": "13116",
        "ward_name": "豊島区"
      },
      "geometry": {
        "type": "LineString",
        "coordinates": [
          [
            139.7098,
            35.72954
          ],
          [
            139.71197,
            35.72883
          ]
        ]
      }
    },
    {
      "type": "Feature",
      "properties": {
        "N02_001": "12",
        "N02_002": "4",
        "N02_003": "8号線有楽町線",
        "N02_004": "東京地下鉄",
        "N02_005": "江戸川橋",
        "N02_005c": "003534",
        "N02_005g": "003534",
        "ward_code": "13105",
        "ward_name": "文京区"
      },
      "geometry": {
        "type": "LineString",
        "coordinates": [
          [
            139.73315,
            35.70964
          ],
          [
            139.73511,
            35.70895
          ]
        ]
      }
    },
    {
      "type": "Feature",
      "properties": {
        "N02_001": "12",
        "N02_002": "4",
        "N02_003": "8号線有楽町線",
        "N02_004": "東京地下鉄",
        "N02_005": "平和台",
        "N02_005c": "003228",
        "N02_005g": "003228",
        "ward_code": "13120",
        "ward_name": "練馬区"
      },
      "geometry": {
        "type": "LineString",
        "coordinates": [
          [
            139.65526,
            35.75697
          ],
          [
            139.65334,
            35.75814
          ]
        ]
      }
    },
    {
      "type": "Feature",
      "properties": {
        "N02_001": "12",
        "N02_002": "4",
        "N02_003": "8号線有楽町線",
        "N02_004": "東京地下鉄",
        "N02_005": "小竹向原",
        "N02_005c": "003295",
        "N02_005g": "003294",
        "ward_code": "13120",
        "ward_name": "練馬区"
      },
      "geometry": {
        "type": "LineString",
        "coordinates": [
          [
            139.6785,
            35.74388
          ],
          [
            139.68054,
            35.74291
          ]
        ]
      }
    },
    {
      "type": "Feature",
      "properties": {
        "N02_001": "12",
        "N02_002": "4",
        "N02_003": "8号線有楽町線",
        "N02_004": "東京地下鉄",
        "N02_005": "氷川台",
        "N02_005c": "003261",
        "N02_005g": "003261",
        "ward_code": "13120",
        "ward_name": "練馬区"
      },
      "geometry": {
        "type": "LineString",
        "coordinates": [
          [
            139.6645,
            35.75005
          ],
          [
            139.66644,
            35.74919
          ]
        ]
      }
    },
    {
      "type": "Feature",
      "properties": {
        "N02_001": "12",
        "N02_002": "4",
        "N02_003": "8号線有楽町線",
        "N02_004": "東京地下鉄",
        "N02_005": "護国寺",
        "N02_005c": "003474",
        "N02_005g": "003474",
        "ward_code": "13105",
        "ward_name": "文京区"
      },
      "geometry": {
        "type": "LineString",
        "coordinates": [
          [
            139.72705,
            35.72003
          ],
          [
            139.72785,
            35.71833
          ]
        ]
      }
    },
    {
      "type": "Feature",
      "properties": {
        "N02_001": "12",
        "N02_002": "4",
        "N02_003": "8号線有楽町線",
        "N02_004": "東京地下鉄",
        "N02_005": "要町",
        "N02_005c": "003362",
        "N02_005g": "003361",
        "ward_code": "13116",
        "ward_name": "豊島区"
      },
      "geometry": {
        "type": "LineString",
        "coordinates": [
          [
            139.69736,
            35.73342
          ],
          [
            139.6996,
            35.73301
          ]
        ]
      }
    },
    {
      "type": "Feature",
      "properties": {
        "N02_001": "12",
        "N02_002": "4",
        "N02_003": "8号線有楽町線",
        "N02_004": "東京地下鉄",
        "N02_005": "地下鉄赤塚",
        "N02_005c": "003186",
        "N02_005g": "003186",
        "ward_code": "13120",
        "ward_name": "練馬区"
      },
      "geometry": {
        "type": "LineString",
        "coordinates": [
          [
            139.64552,
            35.76909
          ],
          [
            139.64279,
            35.77069
          ],
          [
            139.64248,
            35.77087
          ]
        ]
      }
    },
    {
      "type": "Feature",
      "properties": {
        "N02_001": "12",
        "N02_002": "4",
        "N02_003": "8号線有楽町線",
        "N02_004": "東京地下鉄",
        "N02_005": "新富町",
        "N02_005c": "003833",
        "N02_005g": "003833",
        "ward_code": "13102",
        "ward_name": "中央区"
      },
      "geometry": {
        "type": "LineString",
        "coordinates": [
          [
            139.77451,
            35.67016
          ],
          [
            139.77413,
            35.67031
          ],
          [
            139.77268,
            35.6709
          ]
        ]
      }
    },
    {
      "type": "Feature",
      "properties": {
        "N02_001": "12",
        "N02_002": "4",
        "N02_003": "8号線有楽町線",
        "N02_004": "東京地下鉄",
        "N02_005": "麹町",
        "N02_005c": "003737",
        "N02_005g": "003737",
        "ward_code": "13101",
        "ward_name": "千代田区"
      },
      "geometry": {
        "type": "LineString",
        "coordinates": [
          [
            139.73699,
            35.6856
          ],
          [
            139.73771,
            35.68397
          ]
        ]
      }
    },
    {
      "type": "Feature",
      "properties": {
        "N02_001": "12",
        "N02_002": "4",
        "N02_003": "8号線有楽町線",
        "N02_004": "東京地下鉄",
        "N02_005": "市ヶ谷",
        "N02_005c": "003671",
        "N02_005g": "003671",
        "ward_code": "13101",
        "ward_name": "千代田区"
      },
      "geometry": {
        "type": "LineString",
        "coordinates": [
          [
            139.73763,
            35.69367
          ],
          [
            139.73729,
            35.69315
          ],
          [
            139.737,
            35.69273
          ],
          [
            139.73614,
            35.69149
          ]
        ]
      }
    },
    {
      "type": "Feature",
      "properties": {
        "N02_001": "12",
        "N02_002": "4",
        "N02_003": "8号線有楽町線",
        "N02_004": "東京地下鉄",
        "N02_005": "豊洲",
        "N02_005c": "003951",
        "N02_005g": "003951",
        "ward_code": "13108",
        "ward_name": "江東区"
      },
      "geometry": {
        "type": "LineString",
        "coordinates": [
          [
            139.79672,
            35.65438
          ],
          [
            139.79651,
            35.65464
          ],
          [
            139.79626,
            35.65487
          ],
          [
            139.79582,
            35.65533
          ],
          [
            139.79554,
            35.65562
          ],
          [
            139.79527,
            35.65593
          ]
        ]
      }
    },
    {
      "type": "Feature",
      "properties": {
        "N02_001": "12",
        "N02_002": "4",
        "N02_003": "8号線有楽町線",
        "N02_004": "東京地下鉄",
        "N02_005": "有楽町",
        "N02_005c": "003795",
        "N02_005g": "003795",
        "ward_code": "13101",
        "ward_name": "千代田区"
      },
      "geometry": {
        "type": "LineString",
        "coordinates": [
          [
            139.76108,
            35.67623
          ],
          [
            139.76154,
            35.67613
          ],
          [
            139.76273,
            35.67588
          ],
          [
            139.76287,
            35.67586
          ],
          [
            139.76349,
            35.67571
          ]
        ]
      }
    },
    {
      "type": "Feature",
      "properties": {
        "N02_001": "12",
        "N02_002": "4",
        "N02_003": "8号線有楽町線",
        "N02_004": "東京地下鉄",
        "N02_005": "月島",
        "N02_005c": "003889",
        "N02_005g": "003889",
        "ward_code": "13102",
        "ward_name": "中央区"
      },
      "geometry": {
        "type": "LineString",
        "coordinates": [
          [
            139.78386,
            35.66522
          ],
          [
            139.78476,
            35.66438
          ],
          [
            139.78495,
            35.6642
          ]
        ]
      }
    },
    {
      "type": "Feature",
      "properties": {
        "N02_001": "12",
        "N02_002": "4",
        "N02_003": "8号線有楽町線",
        "N02_004": "東京地下鉄",
        "N02_005": "桜田門",
        "N02_005c": "003787",
        "N02_005g": "003787",
        "ward_code": "13101",
        "ward_name": "千代田区"
      },
      "geometry": {
        "type": "LineString",
        "coordinates": [
          [
            139.75296,
            35.67772
          ],
          [
            139.75238,
            35.67758
          ],
          [
            139.75159,
            35.67738
          ],
          [
            139.75133,
            35.67732
          ],
          [
            139.75081,
            35.67721
          ]
        ]
      }
    },
    {
      "type": "Feature",
      "properties": {
        "N02_001": "12",
        "N02_002": "4",
        "N02_003": "8号線有楽町線",
        "N02_004": "東京地下鉄",
        "N02_005": "銀座一丁目",
        "N02_005c": "003801",
        "N02_005g": "003801",
        "ward_code": "13102",
        "ward_name": "中央区"
      },
      "geometry": {
        "type": "LineString",
        "coordinates": [
          [
            139.76591,
            35.67508
          ],
          [
            139.7663,
            35.67484
          ],
          [
            139.76665,
            35.67462
          ],
          [
            139.76703,
            35.67436
          ],
          [
            139.76735,
            35.67415
          ],
          [
            139.76765,
            35.67394
          ]
        ]
      }
    },
    {
      "type": "Feature",
      "properties": {
        "N02_001": "12",
        "N02_002": "4",
        "N02_003": "8号線有楽町線",
        "N02_004": "東京地下鉄",
        "N02_005": "辰巳",
        "N02_005c": "003999",
        "N02_005g": "003999",
        "ward_code": "13108",
        "ward_name": "江東区"
      },
      "geometry": {
        "type": "LineString",
        "coordinates": [
          [
            139.81103,
            35.64531
          ],
          [
            139.80963,
            35.64624
          ]
        ]
      }
    },
    {
      "type": "Feature",
      "properties": {
        "N02_001": "12",
        "N02_002": "4",
        "N02_003": "8号線有楽町線",
        "N02_004": "東京地下鉄",
        "N02_005": "新木場",
        "N02_005c": "003998",
        "N02_005g": "003997",
        "ward_code": "13108",
        "ward_name": "江東区"
      },
      "geometry": {
        "type": "LineString",
        "coordinates": [
          [
            139.82535,
            35.64564
          ],
          [
            139.82786,
            35.64592
          ]
        ]
      }
    },
    {
      "type": "Feature",
      "properties": {
        "N02_001": "12",
        "N02_002": "4",
        "N02_003": "8号線有楽町線",
        "N02_004": "東京地下鉄",
        "N02_005": "永田町",
        "N02_005c": "003784",
        "N02_005g": "003782",
        "ward_code": "13101",
        "ward_name": "千代田区"
      },
      "geometry": {
        "type": "LineString",
        "coordinates": [
          [
            139.74068,
            35.67845
          ],
          [
            139.74135,
            35.67803
          ],
          [
            139.74174,
            35.67781
          ],
          [
            139.74217,
            35.67768
          ],
          [
            139.74249,
            35.67763
          ],
          [
            139.74295,
            35.67757
          ]
        ]
      }
    },
    {
      "type": "Feature",
      "properties": {
        "N02_001": "12",
        "N02_002": "4",
        "N02_003": "9号線千代田線",
        "N02_004": "東京地下鉄",
        "N02_005": "西日暮里",
        "N02_005c": "003368",
        "N02_005g": "003368",
        "ward_code": "13118",
        "ward_name": "荒川区"
      },
      "geometry": {
        "type": "LineString",
        "coordinates": [
          [
            139.76785,
            35.73281
          ],
          [
            139.7674,
            35.7326
          ],
          [
            139.7672,
            35.7325
          ],
          [
            139.767,
            35.73241
          ],
          [
            139.7664,
            35.73212
          ],
          [
            139.76593,
            35.7319
          ]
        ]
      }
    },
    {
      "type": "Feature",
      "properties": {
        "N02_001": "12",
        "N02_002": "4",
        "N02_003": "9号線千代田線",
        "N02_004": "東京地下鉄",
        "N02_005": "千駄木",
        "N02_005c": "003434",
        "N02_005g": "003434",
        "ward_code": "13105",
        "ward_name": "文京区"
      },
      "geometry": {
        "type": "LineString",
        "coordinates": [
          [
            139.76356,
            35.7266
          ],
          [
            139.76353,
            35.72653
          ],
          [
            139.76336,
            35.72593
          ],
          [
            139.76305,
            35.72489
          ]
        ]
      }
    },
    {
      "type": "Feature",
      "properties": {
        "N02_001": "12",
        "N02_002": "4",
        "N02_003": "9号線千代田線",
        "N02_004": "東京地下鉄",
        "N02_005": "新御茶ノ水",
        "N02_005c": "003645",
        "N02_005g": "003645",
        "ward_code": "13101",
        "ward_name": "千代田区"
      },
      "geometry": {
        "type": "LineString",
        "coordinates": [
          [
            139.76576,
            35.69759
          ],
          [
            139.76514,
            35.69626
          ]
        ]
      }
    },
    {
      "type": "Feature",
      "properties": {
        "N02_001": "12",
        "N02_002": "4",
        "N02_003": "9号線千代田線",
        "N02_004": "東京地下鉄",
        "N02_005": "北綾瀬",
        "N02_005c": "003162",
        "N02_005g": "003162",
        "ward_code": "13121",
        "ward_name": "足立区"
      },
      "geometry": {
        "type": "LineString",
        "coordinates": [
          [
            139.83211,
            35.77725
          ],
          [
            139.83208,
            35.77653
          ]
        ]
      }
    },
    {
      "type": "Feature",
      "properties": {
        "N02_001": "12",
        "N02_002": "4",
        "N02_003": "9号線千代田線",
        "N02_004": "東京地下鉄",
        "N02_005": "町屋",
        "N02_005c": "003304",
        "N02_005g": "003302",
        "ward_code": "13118",
        "ward_name": "荒川区"
      },
      "geometry": {
        "type": "LineString",
        "coordinates": [
          [
            139.77946,
            35.74118
          ],
          [
            139.77969,
            35.74153
          ],
          [
            139.78021,
            35.74231
          ],
          [
            139.78055,
            35.74283
          ],
          [
            139.78063,
            35.74296
          ]
        ]
      }
    },
    {
      "type": "Feature",
      "properties": {
        "N02_001": "12",
        "N02_002": "4",
        "N02_003": "9号線千代田線",
        "N02_004": "東京地下鉄",
        "N02_005": "北千住",
        "N02_005c": "003264",
        "N02_005g": "003260",
        "ward_code": "13121",
        "ward_name": "足立区"
      },
      "geometry": {
        "type": "LineString",
        "coordinates": [
          [
            139.8046,
            35.75002
          ],
          [
            139.80435,
            35.74898
          ],
          [
            139.80421,
            35.74838
          ]
        ]
      }
    },
    {
      "type": "Feature",
      "properties": {
        "N02_001": "12",
        "N02_002": "4",
        "N02_003": "9号線千代田線",
        "N02_004": "東京地下鉄",
        "N02_005": "湯島",
        "N02_005c": "003558",
        "N02_005g": "003558",
        "ward_code": "13105",
        "ward_name": "文京区"
      },
      "geometry": {
        "type": "LineString",
        "coordinates": [
          [
            139.77002,
            35.70779
          ],
          [
            139.77001,
            35.70739
          ],
          [
            139.77,
            35.70734
          ],
          [
            139.76997,
            35.70651
          ],
          [
            139.76994,
            35.70587
          ],
          [
            139.76994,
            35.70582
          ]
        ]
      }
    },
    {
      "type": "Feature",
      "properties": {
        "N02_001": "12",
        "N02_002": "4",
        "N02_003": "9号線千代田線",
        "N02_004": "東京地下鉄",
        "N02_005": "根津",
        "N02_005c": "003483",
        "N02_005g": "003483",
        "ward_code": "13105",
        "ward_name": "文京区"
      },
      "geometry": {
        "type": "LineString",
        "coordinates": [
          [
            139.76517,
            35.7179
          ],
          [
            139.76633,
            35.71675
          ]
        ]
      }
    },
    {
      "type": "Feature",
      "properties": {
        "N02_001": "12",
        "N02_002": "4",
        "N02_003": "9号線千代田線",
        "N02_004": "東京地下鉄",
        "N02_005": "綾瀬",
        "N02_005c": "003214",
        "N02_005g": "003214",
        "ward_code": "13121",
        "ward_name": "足立区"
      },
      "geometry": {
        "type": "LineString",
        "coordinates": [
          [
            139.82614,
            35.76241
          ],
          [
            139.82364,
            35.76216
          ]
        ]
      }
    },
    {
      "type": "Feature",
      "properties": {
        "N02_001": "12",
        "N02_002": "4",
        "N02_003": "9号線千代田線",
        "N02_004": "東京地下鉄",
        "N02_005": "二重橋前",
        "N02_005c": "003772",
        "N02_005g": "003772",
        "ward_code": "13101",
        "ward_name": "千代田区"
      },
      "geometry": {
        "type": "LineString",
        "coordinates": [
          [
            139.7621,
            35.68145
          ],
          [
            139.76146,
            35.67956
          ]
        ]
      }
    },
    {
      "type": "Feature",
      "properties": {
        "N02_001": "12",
        "N02_002": "4",
        "N02_003": "9号線千代田線",
        "N02_004": "東京地下鉄",
        "N02_005": "日比谷",
        "N02_005c": "003804",
        "N02_005g": "003802",
        "ward_code": "13101",
        "ward_name": "千代田区"
      },
      "geometry": {
        "type": "LineString",
        "coordinates": [
          [
            139.7595,
            35.67469
          ],
          [
            139.75803,
            35.67322
          ]
        ]
      }
    },
    {
      "type": "Feature",
      "properties": {
        "N02_001": "12",
        "N02_002": "4",
        "N02_003": "9号線千代田線",
        "N02_004": "東京地下鉄",
        "N02_005": "乃木坂",
        "N02_005c": "003868",
        "N02_005g": "003868",
        "ward_code": "13103",
        "ward_name": "港区"
      },
      "geometry": {
        "type": "LineString",
        "coordinates": [
          [
            139.72701,
            35.6673
          ],
          [
            139.72658,
            35.6669
          ],
          [
            139.72586,
            35.66624
          ],
          [
            139.72541,
            35.66593
          ]
        ]
      }
    },
    {
      "type": "Feature",
      "properties": {
        "N02_001": "12",
        "N02_002": "4",
        "N02_003": "9号線千代田線",
        "N02_004": "東京地下鉄",
        "N02_005": "赤坂",
        "N02_005c": "003822",
        "N02_005g": "003822",
        "ward_code": "13103",
        "ward_name": "港区"
      },
      "geometry": {
        "type": "LineString",
        "coordinates": [
          [
            139.73711,
            35.67267
          ],
          [
            139.73645,
            35.67218
          ],
          [
            139.73576,
            35.67149
          ]
        ]
      }
    },
    {
      "type": "Feature",
      "properties": {
        "N02_001": "12",
        "N02_002": "4",
        "N02_003": "9号線千代田線",
        "N02_004": "東京地下鉄",
        "N02_005": "大手町",
        "N02_005c": "003730",
        "N02_005g": "003719",
        "ward_code": "13101",
        "ward_name": "千代田区"
      },
      "geometry": {
        "type": "LineString",
        "coordinates": [
          [
            139.76355,
            35.68613
          ],
          [
            139.76302,
            35.68437
          ]
        ]
      }
    },
    {
      "type": "Feature",
      "properties": {
        "N02_001": "12",
        "N02_002": "4",
        "N02_003": "9号線千代田線",
        "N02_004": "東京地下鉄",
        "N02_005": "国会議事堂前",
        "N02_005c": "003807",
        "N02_005g": "003799",
        "ward_code": "13101",
        "ward_name": "千代田区"
      },
      "geometry": {
        "type": "LineString",
        "coordinates": [
          [
            139.74458,
            35.67386
          ],
          [
            139.74279,
            35.67347
          ],
          [
            139.74179,
            35.6733
          ]
        ]
      }
    },
    {
      "type": "Feature",
      "properties": {
        "N02_001": "12",
        "N02_002": "4",
        "N02_003": "9号線千代田線",
        "N02_004": "東京地下鉄",
        "N02_005": "霞ヶ関",
        "N02_005c": "003820",
        "N02_005g": "003805",
        "ward_code": "13101",
        "ward_name": "千代田区"
      },
      "geometry": {
        "type": "LineString",
        "coordinates": [
          [
            139.7526,
            35.67223
          ],
          [
            139.75094,
            35.67289
          ]
        ]
      }
    },
    {
      "type": "Feature",
      "properties": {
        "N02_001": "12",
        "N02_002": "4",
        "N02_003": "9号線千代田線",
        "N02_004": "東京地下鉄",
        "N02_005": "代々木公園",
        "N02_005c": "003845",
        "N02_005g": "003845",
        "ward_code": "13113",
        "ward_name": "渋谷区"
      },
      "geometry": {
        "type": "LineString",
        "coordinates": [
          [
            139.68868,
            35.66926
          ],
          [
            139.68937,
            35.66917
          ],
          [
            139.6909,
            35.66894
          ]
        ]
      }
    },
    {
      "type": "Feature",
      "properties": {
        "N02_001": "12",
        "N02_002": "4",
        "N02_003": "9号線千代田線",
        "N02_004": "東京地下鉄",
        "N02_005": "表参道",
        "N02_005c": "003879",
        "N02_005g": "003883",
        "ward_code": "13103",
        "ward_name": "港区"
      },
      "geometry": {
        "type": "LineString",
        "coordinates": [
          [
            139.7105,
            35.66606
          ],
          [
            139.71152,
            35.66557
          ],
          [
            139.71219,
            35.66524
          ]
        ]
      }
    },
    {
      "type": "Feature",
      "properties": {
        "N02_001": "12",
        "N02_002": "4",
        "N02_003": "9号線千代田線",
        "N02_004": "東京地下鉄",
        "N02_005": "代々木上原",
        "N02_005c": "003847",
        "N02_005g": "003847",
        "ward_code": "13113",
        "ward_name": "渋谷区"
      },
      "geometry": {
        "type": "LineString",
        "coordinates": [
          [
            139.67877,
            35.66849
          ],
          [
            139.67922,
            35.6687
          ],
          [
            139.67954,
            35.66886
          ],
          [
            139.681,
            35.66954
          ]
        ]
      }
    },
    {
      "type": "Feature",
      "properties": {
        "N02_001": "12",
        "N02_002": "4",
        "N02_003": "9号線千代田線",
        "N02_004": "東京地下鉄",
        "N02_005": "明治神宮前",
        "N02_005c": "003844",
        "N02_005g": "003844",
        "ward_code": "13113",
        "ward_name": "渋谷区"
      },
      "geometry": {
        "type": "LineString",
        "coordinates": [
          [
            139.70307,
            35.66949
          ],
          [
            139.70351,
            35.66932
          ],
          [
            139.70481,
            35.66874
          ]
        ]
      }
    },
    {
      "type": "Feature",
      "properties": {
        "N02_001": "12",
        "N02_002": "4",
        "N02_003": "11号線半蔵門線",
        "N02_004": "東京地下鉄",
        "N02_005": "押上",
        "N02_005c": "003540",
        "N02_005g": "003526",
        "ward_code": "13107",
        "ward_name": "墨田区"
      },
      "geometry": {
        "type": "LineString",
        "coordinates": [
          [
            139.81415,
            35.70668
          ],
          [
            139.81395,
            35.70753
          ],
          [
            139.81374,
            35.70843
          ],
          [
            139.81359,
            35.70908
          ],
          [
            139.81336,
            35.71012
          ],
          [
            139.81335,
            35.71026
          ]
        ]
      }
    },
    {
      "type": "Feature",
      "properties": {
        "N02_001": "12",
        "N02_002": "4",
        "N02_003": "11号線半蔵門線",
        "N02_004": "東京地下鉄",
        "N02_005": "錦糸町",
        "N02_005c": "003639",
        "N02_005g": "003639",
        "ward_code": "13107",
        "ward_name": "墨田区"
      },
      "geometry": {
        "type": "LineString",
        "coordinates": [
          [
            139.81487,
            35.69861
          ],
          [
            139.8149,
            35.69823
          ],
          [
            139.81504,
            35.69627
          ]
        ]
      }
    },
    {
      "type": "Feature",
      "properties": {
        "N02_001": "12",
        "N02_002": "4",
        "N02_003": "11号線半蔵門線",
        "N02_004": "東京地下鉄",
        "N02_005": "神保町",
        "N02_005c": "003652",
        "N02_005g": "003651",
        "ward_code": "13101",
        "ward_name": "千代田区"
      },
      "geometry": {
        "type": "LineString",
        "coordinates": [
          [
            139.75685409,
            35.69594942
          ],
          [
            139.7580105,
            35.69598749
          ],
          [
            139.75861572,
            35.69580738
          ]
        ]
      }
    },
    {
      "type": "Feature",
      "properties": {
        "N02_001": "12",
        "N02_002": "4",
        "N02_003": "11号線半蔵門線",
        "N02_004": "東京地下鉄",
        "N02_005": "水天宮前",
        "N02_005c": "003753",
        "N02_005g": "003753",
        "ward_code": "13102",
        "ward_name": "中央区"
      },
      "geometry": {
        "type": "LineString",
        "coordinates": [
          [
            139.78576,
            35.68231
          ],
          [
            139.78534,
            35.68281
          ],
          [
            139.78484,
            35.68339
          ],
          [
            139.78457,
            35.68368
          ]
        ]
      }
    },
    {
      "type": "Feature",
      "properties": {
        "N02_001": "12",
        "N02_002": "4",
        "N02_003": "11号線半蔵門線",
        "N02_004": "東京地下鉄",
        "N02_005": "九段下",
        "N02_005c": "003658",
        "N02_005g": "003657",
        "ward_code": "13101",
        "ward_name": "千代田区"
      },
      "geometry": {
        "type": "LineString",
        "coordinates": [
          [
            139.75215,
            35.69569
          ],
          [
            139.7514,
            35.69554
          ],
          [
            139.75008,
            35.69533
          ]
        ]
      }
    },
    {
      "type": "Feature",
      "properties": {
        "N02_001": "12",
        "N02_002": "4",
        "N02_003": "11号線半蔵門線",
        "N02_004": "東京地下鉄",
        "N02_005": "住吉",
        "N02_005c": "003705",
        "N02_005g": "003704",
        "ward_code": "13108",
        "ward_name": "江東区"
      },
      "geometry": {
        "type": "LineString",
        "coordinates": [
          [
            139.81576,
            35.6879
          ],
          [
            139.81574,
            35.68805
          ],
          [
            139.81564,
            35.68895
          ],
          [
            139.81558,
            35.68951
          ]
        ]
      }
    },
    {
      "type": "Feature",
      "properties": {
        "N02_001": "12",
        "N02_002": "4",
        "N02_003": "11号線半蔵門線",
        "N02_004": "東京地下鉄",
        "N02_005": "永田町",
        "N02_005c": "003781",
        "N02_005g": "003782",
        "ward_code": "13101",
        "ward_name": "千代田区"
      },
      "geometry": {
        "type": "LineString",
        "coordinates": [
          [
            139.73774,
            35.6783
          ],
          [
            139.73918,
            35.67844
          ],
          [
            139.73999,
            35.67851
          ]
        ]
      }
    },
    {
      "type": "Feature",
      "properties": {
        "N02_001": "12",
        "N02_002": "4",
        "N02_003": "11号線半蔵門線",
        "N02_004": "東京地下鉄",
        "N02_005": "半蔵門",
        "N02_005c": "003729",
        "N02_005g": "003729",
        "ward_code": "13101",
        "ward_name": "千代田区"
      },
      "geometry": {
        "type": "LineString",
        "coordinates": [
          [
            139.74158,
            35.68445
          ],
          [
            139.74181,
            35.68631
          ]
        ]
      }
    },
    {
      "type": "Feature",
      "properties": {
        "N02_001": "12",
        "N02_002": "4",
        "N02_003": "11号線半蔵門線",
        "N02_004": "東京地下鉄",
        "N02_005": "三越前",
        "N02_005c": "003735",
        "N02_005g": "003716",
        "ward_code": "13102",
        "ward_name": "中央区"
      },
      "geometry": {
        "type": "LineString",
        "coordinates": [
          [
            139.77145,
            35.68523
          ],
          [
            139.77298,
            35.68495
          ],
          [
            139.77461,
            35.68464
          ],
          [
            139.77471,
            35.68463
          ]
        ]
      }
    },
    {
      "type": "Feature",
      "properties": {
        "N02_001": "12",
        "N02_002": "4",
        "N02_003": "11号線半蔵門線",
        "N02_004": "東京地下鉄",
        "N02_005": "大手町",
        "N02_005c": "003719",
        "N02_005g": "003719",
        "ward_code": "13101",
        "ward_name": "千代田区"
      },
      "geometry": {
        "type": "LineString",
        "coordinates": [
          [
            139.76377,
            35.68692
          ],
          [
            139.76604,
            35.68657
          ]
        ]
      }
    },
    {
      "type": "Feature",
      "properties": {
        "N02_001": "12",
        "N02_002": "4",
        "N02_003": "11号線半蔵門線",
        "N02_004": "東京地下鉄",
        "N02_005": "清澄白河",
        "N02_005c": "003757",
        "N02_005g": "003754",
        "ward_code": "13108",
        "ward_name": "江東区"
      },
      "geometry": {
        "type": "LineString",
        "coordinates": [
          [
            139.80141,
            35.6822
          ],
          [
            139.80096,
            35.68218
          ],
          [
            139.79979,
            35.68211
          ],
          [
            139.79926,
            35.68209
          ],
          [
            139.79876,
            35.68207
          ],
          [
            139.79827,
            35.68204
          ]
        ]
      }
    },
    {
      "type": "Feature",
      "properties": {
        "N02_001": "12",
        "N02_002": "4",
        "N02_003": "11号線半蔵門線",
        "N02_004": "東京地下鉄",
        "N02_005": "青山一丁目",
        "N02_005c": "003812",
        "N02_005g": "003812",
        "ward_code": "13103",
        "ward_name": "港区"
      },
      "geometry": {
        "type": "LineString",
        "coordinates": [
          [
            139.72311,
            35.67264
          ],
          [
            139.72399,
            35.67293
          ],
          [
            139.72504,
            35.67327
          ]
        ]
      }
    },
    {
      "type": "Feature",
      "properties": {
        "N02_001": "12",
        "N02_002": "4",
        "N02_003": "11号線半蔵門線",
        "N02_004": "東京地下鉄",
        "N02_005": "渋谷",
        "N02_005c": "003922",
        "N02_005g": "003922",
        "ward_code": "13113",
        "ward_name": "渋谷区"
      },
      "geometry": {
        "type": "LineString",
        "coordinates": [
          [
            139.7021,
            35.65945
          ],
          [
            139.69997,
            35.65945
          ]
        ]
      }
    },
    {
      "type": "Feature",
      "properties": {
        "N02_001": "12",
        "N02_002": "4",
        "N02_003": "11号線半蔵門線",
        "N02_004": "東京地下鉄",
        "N02_005": "表参道",
        "N02_005c": "003883",
        "N02_005g": "003883",
        "ward_code": "13103",
        "ward_name": "港区"
      },
      "geometry": {
        "type": "LineString",
        "coordinates": [
          [
            139.71171,
            35.66441
          ],
          [
            139.71244,
            35.6652
          ],
          [
            139.71305,
            35.66588
          ]
        ]
      }
    },
    {
      "type": "Feature",
      "properties": {
        "N02_001": "12",
        "N02_002": "3",
        "N02_003": "1号線浅草線",
        "N02_004": "東京都",
        "N02_005": "浅草",
        "N02_005c": "003537",
        "N02_005g": "003522",
        "ward_code": "13106",
        "ward_name": "台東区"
      },
      "geometry": {
        "type": "LineString",
        "coordinates": [
          [
            139.79725,
            35.70949
          ],
          [
            139.79594,
            35.70849
          ]
        ]
      }
    },
    {
      "type": "Feature",
      "properties": {
        "N02_001": "12",
        "N02_002": "3",
        "N02_003": "1号線浅草線",
        "N02_004": "東京都",
        "N02_005": "蔵前",
        "N02_005c": "003583",
        "N02_005g": "003571",
        "ward_code": "13106",
        "ward_name": "台東区"
      },
      "geometry": {
        "type": "LineString",
        "coordinates": [
          [
            139.7903,
            35.70268
          ],
          [
            139.7912,
            35.70344
          ],
          [
            139.79135,
            35.70356
          ],
          [
            139.79141,
            35.70361
          ]
        ]
      }
    },
    {
      "type": "Feature",
      "properties": {
        "N02_001": "12",
        "N02_002": "3",
        "N02_003": "1号線浅草線",
        "N02_004": "東京都",
        "N02_005": "本所吾妻橋",
        "N02_005c": "003538",
        "N02_005g": "003538",
        "ward_code": "13107",
        "ward_name": "墨田区"
      },
      "geometry": {
        "type": "LineString",
        "coordinates": [
          [
            139.80368,
            35.70854
          ],
          [
            139.8043,
            35.70859
          ],
          [
            139.80544,
            35.70865
          ]
        ]
      }
    },
    {
      "type": "Feature",
      "properties": {
        "N02_001": "12",
        "N02_002": "3",
        "N02_003": "1号線浅草線",
        "N02_004": "東京都",
        "N02_005": "浅草橋",
        "N02_005c": "003636",
        "N02_005g": "003636",
        "ward_code": "13106",
        "ward_name": "台東区"
      },
      "geometry": {
        "type": "LineString",
        "coordinates": [
          [
            139.78598,
            35.69687
          ],
          [
            139.78693,
            35.69834
          ]
        ]
      }
    },
    {
      "type": "Feature",
      "properties": {
        "N02_001": "12",
        "N02_002": "3",
        "N02_003": "1号線浅草線",
        "N02_004": "東京都",
        "N02_005": "押上",
        "N02_005c": "003526",
        "N02_005g": "003526",
        "ward_code": "13107",
        "ward_name": "墨田区"
      },
      "geometry": {
        "type": "LineString",
        "coordinates": [
          [
            139.81158,
            35.70972
          ],
          [
            139.81324,
            35.71072
          ]
        ]
      }
    },
    {
      "type": "Feature",
      "properties": {
        "N02_001": "12",
        "N02_002": "3",
        "N02_003": "1号線浅草線",
        "N02_004": "東京都",
        "N02_005": "高輪台",
        "N02_005c": "004079",
        "N02_005g": "004079",
        "ward_code": "13103",
        "ward_name": "港区"
      },
      "geometry": {
        "type": "LineString",
        "coordinates": [
          [
            139.72975,
            35.63122
          ],
          [
            139.72987,
            35.6313
          ],
          [
            139.73017,
            35.63152
          ],
          [
            139.73098,
            35.63214
          ]
        ]
      }
    },
    {
      "type": "Feature",
      "properties": {
        "N02_001": "12",
        "N02_002": "3",
        "N02_003": "1号線浅草線",
        "N02_004": "東京都",
        "N02_005": "三田",
        "N02_005c": "003987",
        "N02_005g": "003986",
        "ward_code": "13103",
        "ward_name": "港区"
      },
      "geometry": {
        "type": "LineString",
        "coordinates": [
          [
            139.75015,
            35.64815
          ],
          [
            139.7496,
            35.64799
          ],
          [
            139.74914,
            35.64776
          ],
          [
            139.74902,
            35.64771
          ],
          [
            139.74881,
            35.6476
          ]
        ]
      }
    },
    {
      "type": "Feature",
      "properties": {
        "N02_001": "12",
        "N02_002": "3",
        "N02_003": "1号線浅草線",
        "N02_004": "東京都",
        "N02_005": "戸越",
        "N02_005c": "004161",
        "N02_005g": "004161",
        "ward_code": "13109",
        "ward_name": "品川区"
      },
      "geometry": {
        "type": "LineString",
        "coordinates": [
          [
            139.71611,
            35.61374
          ],
          [
            139.71664,
            35.61511
          ]
        ]
      }
    },
    {
      "type": "Feature",
      "properties": {
        "N02_001": "12",
        "N02_002": "3",
        "N02_003": "1号線浅草線",
        "N02_004": "東京都",
        "N02_005": "日本橋",
        "N02_005c": "003762",
        "N02_005g": "003756",
        "ward_code": "13102",
        "ward_name": "中央区"
      },
      "geometry": {
        "type": "LineString",
        "coordinates": [
          [
            139.77607,
            35.68209
          ],
          [
            139.77583,
            35.68169
          ],
          [
            139.77574,
            35.68155
          ],
          [
            139.77547,
            35.68109
          ]
        ]
      }
    },
    {
      "type": "Feature",
      "properties": {
        "N02_001": "12",
        "N02_002": "3",
        "N02_003": "1号線浅草線",
        "N02_004": "東京都",
        "N02_005": "新橋",
        "N02_005c": "003888",
        "N02_005g": "003872",
        "ward_code": "13103",
        "ward_name": "港区"
      },
      "geometry": {
        "type": "LineString",
        "coordinates": [
          [
            139.75852,
            35.66432
          ],
          [
            139.75888,
            35.66476
          ],
          [
            139.7592,
            35.66514
          ],
          [
            139.75947,
            35.66544
          ]
        ]
      }
    },
    {
      "type": "Feature",
      "properties": {
        "N02_001": "12",
        "N02_002": "3",
        "N02_003": "1号線浅草線",
        "N02_004": "東京都",
        "N02_005": "五反田",
        "N02_005c": "004107",
        "N02_005g": "004110",
        "ward_code": "13109",
        "ward_name": "品川区"
      },
      "geometry": {
        "type": "LineString",
        "coordinates": [
          [
            139.72357,
            35.6267
          ],
          [
            139.7248,
            35.62752
          ]
        ]
      }
    },
    {
      "type": "Feature",
      "properties": {
        "N02_001": "12",
        "N02_002": "3",
        "N02_003": "1号線浅草線",
        "N02_004": "東京都",
        "N02_005": "宝町",
        "N02_005c": "003796",
        "N02_005g": "003796",
        "ward_code": "13102",
        "ward_name": "中央区"
      },
      "geometry": {
        "type": "LineString",
        "coordinates": [
          [
            139.77242,
            35.67617
          ],
          [
            139.7722,
            35.67586
          ],
          [
            139.77215,
            35.67578
          ],
          [
            139.77188,
            35.67535
          ],
          [
            139.77181,
            35.67517
          ]
        ]
      }
    },
    {
      "type": "Feature",
      "properties": {
        "N02_001": "12",
        "N02_002": "3",
        "N02_003": "1号線浅草線",
        "N02_004": "東京都",
        "N02_005": "泉岳寺",
        "N02_005c": "004042",
        "N02_005g": "004042",
        "ward_code": "13103",
        "ward_name": "港区"
      },
      "geometry": {
        "type": "LineString",
        "coordinates": [
          [
            139.73938,
            35.63746
          ],
          [
            139.74008,
            35.6388
          ]
        ]
      }
    },
    {
      "type": "Feature",
      "properties": {
        "N02_001": "12",
        "N02_002": "3",
        "N02_003": "1号線浅草線",
        "N02_004": "東京都",
        "N02_005": "東銀座",
        "N02_005c": "003838",
        "N02_005g": "003838",
        "ward_code": "13102",
        "ward_name": "中央区"
      },
      "geometry": {
        "type": "LineString",
        "coordinates": [
          [
            139.76645,
            35.66901
          ],
          [
            139.7668,
            35.66931
          ],
          [
            139.7671,
            35.66959
          ],
          [
            139.76732,
            35.66979
          ],
          [
            139.76744,
            35.66991
          ],
          [
            139.7678,
            35.6703
          ]
        ]
      }
    },
    {
      "type": "Feature",
      "properties": {
        "N02_001": "12",
        "N02_002": "3",
        "N02_003": "1号線浅草線",
        "N02_004": "東京都",
        "N02_005": "東日本橋",
        "N02_005c": "003676",
        "N02_005g": "003676",
        "ward_code": "13102",
        "ward_name": "中央区"
      },
      "geometry": {
        "type": "LineString",
        "coordinates": [
          [
            139.78497,
            35.69304
          ],
          [
            139.7849,
            35.69258
          ],
          [
            139.78487,
            35.69239
          ],
          [
            139.78482,
            35.69206
          ],
          [
            139.78471,
            35.6913
          ],
          [
            139.78467,
            35.69104
          ],
          [
            139.78466,
            35.69075
          ],
          [
            139.78463,
            35.69052
          ]
        ]
      }
    },
    {
      "type": "Feature",
      "properties": {
        "N02_001": "12",
        "N02_002": "3",
        "N02_003": "1号線浅草線",
        "N02_004": "東京都",
        "N02_005": "大門",
        "N02_005c": "003940",
        "N02_005g": "003939",
        "ward_code": "13103",
        "ward_name": "港区"
      },
      "geometry": {
        "type": "LineString",
        "coordinates": [
          [
            139.75477,
            35.65738
          ],
          [
            139.75471,
            35.65694
          ],
          [
            139.75468,
            35.65678
          ],
          [
            139.75466,
            35.65659
          ],
          [
            139.75459,
            35.65591
          ]
        ]
      }
    },
    {
      "type": "Feature",
      "properties": {
        "N02_001": "12",
        "N02_002": "3",
        "N02_003": "1号線浅草線",
        "N02_004": "東京都",
        "N02_005": "人形町",
        "N02_005c": "003721",
        "N02_005g": "003721",
        "ward_code": "13102",
        "ward_name": "中央区"
      },
      "geometry": {
        "type": "LineString",
        "coordinates": [
          [
            139.78263,
            35.68662
          ],
          [
            139.78178,
            35.68611
          ],
          [
            139.78171,
            35.68608
          ]
        ]
      }
    },
    {
      "type": "Feature",
      "properties": {
        "N02_001": "12",
        "N02_002": "3",
        "N02_003": "1号線浅草線",
        "N02_004": "東京都",
        "N02_005": "中延",
        "N02_005c": "004218",
        "N02_005g": "004215",
        "ward_code": "13109",
        "ward_name": "品川区"
      },
      "geometry": {
        "type": "LineString",
        "coordinates": [
          [
            139.71344,
            35.60442
          ],
          [
            139.71374,
            35.60593
          ]
        ]
      }
    },
    {
      "type": "Feature",
      "properties": {
        "N02_001": "12",
        "N02_002": "3",
        "N02_003": "1号線浅草線",
        "N02_004": "東京都",
        "N02_005": "西馬込",
        "N02_005c": "004270",
        "N02_005g": "004270",
        "ward_code": "13111",
        "ward_name": "大田区"
      },
      "geometry": {
        "type": "LineString",
        "coordinates": [
          [
            139.70585,
            35.58668
          ],
          [
            139.70679,
            35.58793
          ]
        ]
      }
    },
    {
      "type": "Feature",
      "properties": {
        "N02_001": "12",
        "N02_002": "3",
        "N02_003": "1号線浅草線",
        "N02_004": "東京都",
        "N02_005": "馬込",
        "N02_005c": "004248",
        "N02_005g": "004248",
        "ward_code": "13111",
        "ward_name": "大田区"
      },
      "geometry": {
        "type": "LineString",
        "coordinates": [
          [
            139.71171,
            35.59575
          ],
          [
            139.71181,
            35.59621
          ],
          [
            139.71199,
            35.59714
          ]
        ]
      }
    },
    {
      "type": "Feature",
      "properties": {
        "N02_001": "12",
        "N02_002": "3",
        "N02_003": "6号線三田線",
        "N02_004": "東京都",
        "N02_005": "水道橋",
        "N02_005c": "003580",
        "N02_005g": "003580",
        "ward_code": "13105",
        "ward_name": "文京区"
      },
      "geometry": {
        "type": "LineString",
        "coordinates": [
          [
            139.75541,
            35.70269
          ],
          [
            139.7553,
            35.70308
          ],
          [
            139.75507,
            35.70381
          ],
          [
            139.7549,
            35.70435
          ],
          [
            139.75483,
            35.70459
          ]
        ]
      }
    },
    {
      "type": "Feature",
      "properties": {
        "N02_001": "12",
        "N02_002": "3",
        "N02_003": "6号線三田線",
        "N02_004": "東京都",
        "N02_005": "白山",
        "N02_005c": "003461",
        "N02_005g": "003461",
        "ward_code": "13105",
        "ward_name": "文京区"
      },
      "geometry": {
        "type": "LineString",
        "coordinates": [
          [
            139.75249,
            35.72204
          ],
          [
            139.75247,
            35.72198
          ],
          [
            139.75193,
            35.72063
          ]
        ]
      }
    },
    {
      "type": "Feature",
      "properties": {
        "N02_001": "12",
        "N02_002": "3",
        "N02_003": "6号線三田線",
        "N02_004": "東京都",
        "N02_005": "千石",
        "N02_005c": "003415",
        "N02_005g": "003415",
        "ward_code": "13105",
        "ward_name": "文京区"
      },
      "geometry": {
        "type": "LineString",
        "coordinates": [
          [
            139.74409,
            35.72845
          ],
          [
            139.7454,
            35.72748
          ]
        ]
      }
    },
    {
      "type": "Feature",
      "properties": {
        "N02_001": "12",
        "N02_002": "3",
        "N02_003": "6号線三田線",
        "N02_004": "東京都",
        "N02_005": "春日",
        "N02_005c": "003529",
        "N02_005g": "003529",
        "ward_code": "13105",
        "ward_name": "文京区"
      },
      "geometry": {
        "type": "LineString",
        "coordinates": [
          [
            139.75347,
            35.70913
          ],
          [
            139.75329,
            35.70977
          ],
          [
            139.75323,
            35.70997
          ],
          [
            139.75313,
            35.71035
          ],
          [
            139.75302,
            35.71077
          ]
        ]
      }
    },
    {
      "type": "Feature",
      "properties": {
        "N02_001": "12",
        "N02_002": "3",
        "N02_003": "6号線三田線",
        "N02_004": "東京都",
        "N02_005": "巣鴨",
        "N02_005c": "003354",
        "N02_005g": "003354",
        "ward_code": "13116",
        "ward_name": "豊島区"
      },
      "geometry": {
        "type": "LineString",
        "coordinates": [
          [
            139.73742,
            35.73426
          ],
          [
            139.73865,
            35.7333
          ]
        ]
      }
    },
    {
      "type": "Feature",
      "properties": {
        "N02_001": "12",
        "N02_002": "3",
        "N02_003": "6号線三田線",
        "N02_004": "東京都",
        "N02_005": "新板橋",
        "N02_005c": "003268",
        "N02_005g": "003268",
        "ward_code": "13119",
        "ward_name": "板橋区"
      },
      "geometry": {
        "type": "LineString",
        "coordinates": [
          [
            139.71848,
            35.74893
          ],
          [
            139.72025,
            35.74875
          ]
        ]
      }
    },
    {
      "type": "Feature",
      "properties": {
        "N02_001": "12",
        "N02_002": "3",
        "N02_003": "6号線三田線",
        "N02_004": "東京都",
        "N02_005": "西高島平",
        "N02_005c": "003104",
        "N02_005g": "003104",
        "ward_code": "13119",
        "ward_name": "板橋区"
      },
      "geometry": {
        "type": "LineString",
        "coordinates": [
          [
            139.64682,
            35.79169
          ],
          [
            139.64455,
            35.7921
          ]
        ]
      }
    },
    {
      "type": "Feature",
      "properties": {
        "N02_001": "12",
        "N02_002": "3",
        "N02_003": "6号線三田線",
        "N02_004": "東京都",
        "N02_005": "板橋区役所前",
        "N02_005c": "003245",
        "N02_005g": "003245",
        "ward_code": "13119",
        "ward_name": "板橋区"
      },
      "geometry": {
        "type": "LineString",
        "coordinates": [
          [
            139.70946,
            35.75179
          ],
          [
            139.71065,
            35.75082
          ]
        ]
      }
    },
    {
      "type": "Feature",
      "properties": {
        "N02_001": "12",
        "N02_002": "3",
        "N02_003": "6号線三田線",
        "N02_004": "東京都",
        "N02_005": "新高島平",
        "N02_005c": "003112",
        "N02_005g": "003112",
        "ward_code": "13119",
        "ward_name": "板橋区"
      },
      "geometry": {
        "type": "LineString",
        "coordinates": [
          [
            139.65529,
            35.79004
          ],
          [
            139.65337,
            35.7904
          ]
        ]
      }
    },
    {
      "type": "Feature",
      "properties": {
        "N02_001": "12",
        "N02_002": "3",
        "N02_003": "6号線三田線",
        "N02_004": "東京都",
        "N02_005": "本蓮沼",
        "N02_005c": "003193",
        "N02_005g": "003193",
        "ward_code": "13119",
        "ward_name": "板橋区"
      },
      "geometry": {
        "type": "LineString",
        "coordinates": [
          [
            139.70253,
            35.76837
          ],
          [
            139.70169,
            35.7696
          ]
        ]
      }
    },
    {
      "type": "Feature",
      "properties": {
        "N02_001": "12",
        "N02_002": "3",
        "N02_003": "6号線三田線",
        "N02_004": "東京都",
        "N02_005": "西巣鴨",
        "N02_005c": "003293",
        "N02_005g": "003293",
        "ward_code": "13116",
        "ward_name": "豊島区"
      },
      "geometry": {
        "type": "LineString",
        "coordinates": [
          [
            139.72814,
            35.74404
          ],
          [
            139.72931,
            35.74279
          ]
        ]
      }
    },
    {
      "type": "Feature",
      "properties": {
        "N02_001": "12",
        "N02_002": "3",
        "N02_003": "6号線三田線",
        "N02_004": "東京都",
        "N02_005": "高島平",
        "N02_005c": "003117",
        "N02_005g": "003117",
        "ward_code": "13119",
        "ward_name": "板橋区"
      },
      "geometry": {
        "type": "LineString",
        "coordinates": [
          [
            139.66224,
            35.78875
          ],
          [
            139.66035,
            35.78912
          ]
        ]
      }
    },
    {
      "type": "Feature",
      "properties": {
        "N02_001": "12",
        "N02_002": "3",
        "N02_003": "6号線三田線",
        "N02_004": "東京都",
        "N02_005": "志村坂上",
        "N02_005c": "003165",
        "N02_005g": "003165",
        "ward_code": "13119",
        "ward_name": "板橋区"
      },
      "geometry": {
        "type": "LineString",
        "coordinates": [
          [
            139.6953,
            35.77578
          ],
          [
            139.69416,
            35.7769
          ]
        ]
      }
    },
    {
      "type": "Feature",
      "properties": {
        "N02_001": "12",
        "N02_002": "3",
        "N02_003": "6号線三田線",
        "N02_004": "東京都",
        "N02_005": "板橋本町",
        "N02_005c": "003216",
        "N02_005g": "003216",
        "ward_code": "13119",
        "ward_name": "板橋区"
      },
      "geometry": {
        "type": "LineString",
        "coordinates": [
          [
            139.70575,
            35.76072
          ],
          [
            139.70546,
            35.76148
          ]
        ]
      }
    },
    {
      "type": "Feature",
      "properties": {
        "N02_001": "12",
        "N02_002": "3",
        "N02_003": "6号線三田線",
        "N02_004": "東京都",
        "N02_005": "西台",
        "N02_005c": "003128",
        "N02_005g": "003128",
        "ward_code": "13119",
        "ward_name": "板橋区"
      },
      "geometry": {
        "type": "LineString",
        "coordinates": [
          [
            139.67367,
            35.78699
          ],
          [
            139.67169,
            35.78717
          ]
        ]
      }
    },
    {
      "type": "Feature",
      "properties": {
        "N02_001": "12",
        "N02_002": "3",
        "N02_003": "6号線三田線",
        "N02_004": "東京都",
        "N02_005": "蓮根",
        "N02_005c": "003140",
        "N02_005g": "003140",
        "ward_code": "13119",
        "ward_name": "板橋区"
      },
      "geometry": {
        "type": "LineString",
        "coordinates": [
          [
            139.67898,
            35.78342
          ],
          [
            139.67914,
            35.78469
          ]
        ]
      }
    },
    {
      "type": "Feature",
      "properties": {
        "N02_001": "12",
        "N02_002": "3",
        "N02_003": "6号線三田線",
        "N02_004": "東京都",
        "N02_005": "志村三丁目",
        "N02_005c": "003158",
        "N02_005g": "003158",
        "ward_code": "13119",
        "ward_name": "板橋区"
      },
      "geometry": {
        "type": "LineString",
        "coordinates": [
          [
            139.68673,
            35.77767
          ],
          [
            139.68499,
            35.77726
          ]
        ]
      }
    },
    {
      "type": "Feature",
      "properties": {
        "N02_001": "12",
        "N02_002": "3",
        "N02_003": "6号線三田線",
        "N02_004": "東京都",
        "N02_005": "目黒",
        "N02_005c": "004072",
        "N02_005g": "004072",
        "ward_code": "13109",
        "ward_name": "品川区"
      },
      "geometry": {
        "type": "LineString",
        "coordinates": [
          [
            139.71542,
            35.6332
          ],
          [
            139.7159,
            35.63177
          ]
        ]
      }
    },
    {
      "type": "Feature",
      "properties": {
        "N02_001": "12",
        "N02_002": "3",
        "N02_003": "6号線三田線",
        "N02_004": "東京都",
        "N02_005": "日比谷",
        "N02_005c": "003793",
        "N02_005g": "003802",
        "ward_code": "13101",
        "ward_name": "千代田区"
      },
      "geometry": {
        "type": "LineString",
        "coordinates": [
          [
            139.75989,
            35.67589
          ],
          [
            139.7604,
            35.67735
          ]
        ]
      }
    },
    {
      "type": "Feature",
      "properties": {
        "N02_001": "12",
        "N02_002": "3",
        "N02_003": "6号線三田線",
        "N02_004": "東京都",
        "N02_005": "内幸町",
        "N02_005c": "003842",
        "N02_005g": "003842",
        "ward_code": "13101",
        "ward_name": "千代田区"
      },
      "geometry": {
        "type": "LineString",
        "coordinates": [
          [
            139.75567,
            35.66983
          ],
          [
            139.75554,
            35.66958
          ],
          [
            139.7555,
            35.6695
          ],
          [
            139.75533,
            35.66918
          ],
          [
            139.75501,
            35.66852
          ]
        ]
      }
    },
    {
      "type": "Feature",
      "properties": {
        "N02_001": "12",
        "N02_002": "3",
        "N02_003": "6号線三田線",
        "N02_004": "東京都",
        "N02_005": "白金高輪",
        "N02_005c": "004025",
        "N02_005g": "004025",
        "ward_code": "13103",
        "ward_name": "港区"
      },
      "geometry": {
        "type": "LineString",
        "coordinates": [
          [
            139.73469,
            35.64385
          ],
          [
            139.73388,
            35.64244
          ]
        ]
      }
    },
    {
      "type": "Feature",
      "properties": {
        "N02_001": "12",
        "N02_002": "3",
        "N02_003": "6号線三田線",
        "N02_004": "東京都",
        "N02_005": "白金台",
        "N02_005c": "004044",
        "N02_005g": "004044",
        "ward_code": "13103",
        "ward_name": "港区"
      },
      "geometry": {
        "type": "LineString",
        "coordinates": [
          [
            139.72671,
            35.63814
          ],
          [
            139.72501,
            35.6374
          ]
        ]
      }
    },
    {
      "type": "Feature",
      "properties": {
        "N02_001": "12",
        "N02_002": "3",
        "N02_003": "6号線三田線",
        "N02_004": "東京都",
        "N02_005": "神保町",
        "N02_005c": "003660",
        "N02_005g": "003651",
        "ward_code": "13101",
        "ward_name": "千代田区"
      },
      "geometry": {
        "type": "LineString",
        "coordinates": [
          [
            139.75845854,
            35.69427006
          ],
          [
            139.7581611,
            35.69578102
          ]
        ]
      }
    },
    {
      "type": "Feature",
      "properties": {
        "N02_001": "12",
        "N02_002": "3",
        "N02_003": "6号線三田線",
        "N02_004": "東京都",
        "N02_005": "大手町",
        "N02_005c": "003742",
        "N02_005g": "003719",
        "ward_code": "13101",
        "ward_name": "千代田区"
      },
      "geometry": {
        "type": "LineString",
        "coordinates": [
          [
            139.76236,
            35.68324
          ],
          [
            139.76286,
            35.6849
          ]
        ]
      }
    },
    {
      "type": "Feature",
      "properties": {
        "N02_001": "12",
        "N02_002": "3",
        "N02_003": "6号線三田線",
        "N02_004": "東京都",
        "N02_005": "御成門",
        "N02_005c": "003911",
        "N02_005g": "003911",
        "ward_code": "13103",
        "ward_name": "港区"
      },
      "geometry": {
        "type": "LineString",
        "coordinates": [
          [
            139.75183,
            35.66169
          ],
          [
            139.75149,
            35.66096
          ],
          [
            139.75114,
            35.66028
          ]
        ]
      }
    },
    {
      "type": "Feature",
      "properties": {
        "N02_001": "12",
        "N02_002": "3",
        "N02_003": "6号線三田線",
        "N02_004": "東京都",
        "N02_005": "芝公園",
        "N02_005c": "003962",
        "N02_005g": "003962",
        "ward_code": "13103",
        "ward_name": "港区"
      },
      "geometry": {
        "type": "LineString",
        "coordinates": [
          [
            139.74983,
            35.65416
          ],
          [
            139.74982,
            35.65411
          ],
          [
            139.7498,
            35.65397
          ],
          [
            139.74961,
            35.65275
          ]
        ]
      }
    },
    {
      "type": "Feature",
      "properties": {
        "N02_001": "12",
        "N02_002": "3",
        "N02_003": "6号線三田線",
        "N02_004": "東京都",
        "N02_005": "三田",
        "N02_005c": "003986",
        "N02_005g": "003986",
        "ward_code": "13103",
        "ward_name": "港区"
      },
      "geometry": {
        "type": "LineString",
        "coordinates": [
          [
            139.74897,
            35.64869
          ],
          [
            139.74892,
            35.64837
          ],
          [
            139.74881,
            35.6476
          ]
        ]
      }
    },
    {
      "type": "Feature",
      "properties": {
        "N02_001": "12",
        "N02_002": "3",
        "N02_003": "10号線新宿線",
        "N02_004": "東京都",
        "N02_005": "神保町",
        "N02_005c": "003651",
        "N02_005g": "003651",
        "ward_code": "13101",
        "ward_name": "千代田区"
      },
      "geometry": {
        "type": "LineString",
        "coordinates": [
          [
            139.75685409,
            35.69594942
          ],
          [
            139.7580105,
            35.69598749
          ],
          [
            139.75912,
            35.69606
          ]
        ]
      }
    },
    {
      "type": "Feature",
      "properties": {
        "N02_001": "12",
        "N02_002": "3",
        "N02_003": "10号線新宿線",
        "N02_004": "東京都",
        "N02_005": "篠崎",
        "N02_005c": "003565",
        "N02_005g": "003565",
        "ward_code": "13123",
        "ward_name": "江戸川区"
      },
      "geometry": {
        "type": "LineString",
        "coordinates": [
          [
            139.90459,
            35.70681
          ],
          [
            139.90318,
            35.70543
          ]
        ]
      }
    },
    {
      "type": "Feature",
      "properties": {
        "N02_001": "12",
        "N02_002": "3",
        "N02_003": "10号線新宿線",
        "N02_004": "東京都",
        "N02_005": "九段下",
        "N02_005c": "003657",
        "N02_005g": "003657",
        "ward_code": "13101",
        "ward_name": "千代田区"
      },
      "geometry": {
        "type": "LineString",
        "coordinates": [
          [
            139.75215,
            35.69569
          ],
          [
            139.7514,
            35.69554
          ],
          [
            139.75008,
            35.69533
          ]
        ]
      }
    },
    {
      "type": "Feature",
      "properties": {
        "N02_001": "12",
        "N02_002": "3",
        "N02_003": "10号線新宿線",
        "N02_004": "東京都",
        "N02_005": "西大島",
        "N02_005c": "003702",
        "N02_005g": "003702",
        "ward_code": "13108",
        "ward_name": "江東区"
      },
      "geometry": {
        "type": "LineString",
        "coordinates": [
          [
            139.82728,
            35.68933
          ],
          [
            139.82625,
            35.68936
          ],
          [
            139.82536,
            35.68934
          ]
        ]
      }
    },
    {
      "type": "Feature",
      "properties": {
        "N02_001": "12",
        "N02_002": "3",
        "N02_003": "10号線新宿線",
        "N02_004": "東京都",
        "N02_005": "曙橋",
        "N02_005c": "003673",
        "N02_005g": "003673",
        "ward_code": "13104",
        "ward_name": "新宿区"
      },
      "geometry": {
        "type": "LineString",
        "coordinates": [
          [
            139.72357,
            35.6923
          ],
          [
            139.72159,
            35.69236
          ]
        ]
      }
    },
    {
      "type": "Feature",
      "properties": {
        "N02_001": "12",
        "N02_002": "3",
        "N02_003": "10号線新宿線",
        "N02_004": "東京都",
        "N02_005": "東大島",
        "N02_005c": "003695",
        "N02_005g": "003695",
        "ward_code": "13108",
        "ward_name": "江東区"
      },
      "geometry": {
        "type": "LineString",
        "coordinates": [
          [
            139.84892,
            35.68926
          ],
          [
            139.84781,
            35.68974
          ],
          [
            139.84756,
            35.68985
          ],
          [
            139.8465,
            35.69015
          ],
          [
            139.84561,
            35.69032
          ]
        ]
      }
    },
    {
      "type": "Feature",
      "properties": {
        "N02_001": "12",
        "N02_002": "3",
        "N02_003": "10号線新宿線",
        "N02_004": "東京都",
        "N02_005": "岩本町",
        "N02_005c": "003655",
        "N02_005g": "003655",
        "ward_code": "13101",
        "ward_name": "千代田区"
      },
      "geometry": {
        "type": "LineString",
        "coordinates": [
          [
            139.77626,
            35.69553
          ],
          [
            139.77602,
            35.69553
          ],
          [
            139.77552,
            35.69556
          ],
          [
            139.77513,
            35.69558
          ],
          [
            139.77469,
            35.69559
          ],
          [
            139.77411,
            35.69562
          ]
        ]
      }
    },
    {
      "type": "Feature",
      "properties": {
        "N02_001": "12",
        "N02_002": "3",
        "N02_003": "10号線新宿線",
        "N02_004": "東京都",
        "N02_005": "菊川",
        "N02_005c": "003709",
        "N02_005g": "003709",
        "ward_code": "13107",
        "ward_name": "墨田区"
      },
      "geometry": {
        "type": "LineString",
        "coordinates": [
          [
            139.80708,
            35.68848
          ],
          [
            139.80606,
            35.6884
          ],
          [
            139.80517,
            35.68834
          ]
        ]
      }
    },
    {
      "type": "Feature",
      "properties": {
        "N02_001": "12",
        "N02_002": "3",
        "N02_003": "10号線新宿線",
        "N02_004": "東京都",
        "N02_005": "大島",
        "N02_005c": "003698",
        "N02_005g": "003698",
        "ward_code": "13108",
        "ward_name": "江東区"
      },
      "geometry": {
        "type": "LineString",
        "coordinates": [
          [
            139.83522,
            35.68985
          ],
          [
            139.83515,
            35.68984
          ],
          [
            139.83425,
            35.68975
          ],
          [
            139.8338,
            35.68971
          ],
          [
            139.8335,
            35.68968
          ]
        ]
      }
    },
    {
      "type": "Feature",
      "properties": {
        "N02_001": "12",
        "N02_002": "3",
        "N02_003": "10号線新宿線",
        "N02_004": "東京都",
        "N02_005": "船堀",
        "N02_005c": "003745",
        "N02_005g": "003745",
        "ward_code": "13123",
        "ward_name": "江戸川区"
      },
      "geometry": {
        "type": "LineString",
        "coordinates": [
          [
            139.86487,
            35.68382
          ],
          [
            139.86284,
            35.68375
          ]
        ]
      }
    },
    {
      "type": "Feature",
      "properties": {
        "N02_001": "12",
        "N02_002": "3",
        "N02_003": "10号線新宿線",
        "N02_004": "東京都",
        "N02_005": "小川町",
        "N02_005c": "003659",
        "N02_005g": "003659",
        "ward_code": "13101",
        "ward_name": "千代田区"
      },
      "geometry": {
        "type": "LineString",
        "coordinates": [
          [
            139.76788,
            35.69561
          ],
          [
            139.76746,
            35.69544
          ],
          [
            139.76639,
            35.69504
          ],
          [
            139.76614,
            35.69493
          ],
          [
            139.76584,
            35.69482
          ]
        ]
      }
    },
    {
      "type": "Feature",
      "properties": {
        "N02_001": "12",
        "N02_002": "3",
        "N02_003": "10号線新宿線",
        "N02_004": "東京都",
        "N02_005": "市ヶ谷",
        "N02_005c": "003680",
        "N02_005g": "003671",
        "ward_code": "13101",
        "ward_name": "千代田区"
      },
      "geometry": {
        "type": "LineString",
        "coordinates": [
          [
            139.73828,
            35.69171
          ],
          [
            139.73649,
            35.6912
          ]
        ]
      }
    },
    {
      "type": "Feature",
      "properties": {
        "N02_001": "12",
        "N02_002": "3",
        "N02_003": "10号線新宿線",
        "N02_004": "東京都",
        "N02_005": "瑞江",
        "N02_005c": "003667",
        "N02_005g": "003667",
        "ward_code": "13123",
        "ward_name": "江戸川区"
      },
      "geometry": {
        "type": "LineString",
        "coordinates": [
          [
            139.89831,
            35.6941
          ],
          [
            139.89731,
            35.69268
          ]
        ]
      }
    },
    {
      "type": "Feature",
      "properties": {
        "N02_001": "12",
        "N02_002": "3",
        "N02_003": "10号線新宿線",
        "N02_004": "東京都",
        "N02_005": "馬喰横山",
        "N02_005c": "003675",
        "N02_005g": "003675",
        "ward_code": "13102",
        "ward_name": "中央区"
      },
      "geometry": {
        "type": "LineString",
        "coordinates": [
          [
            139.78369,
            35.69134
          ],
          [
            139.78334,
            35.69163
          ],
          [
            139.783,
            35.69194
          ],
          [
            139.78261,
            35.69228
          ],
          [
            139.78227,
            35.69258
          ],
          [
            139.78216,
            35.69268
          ]
        ]
      }
    },
    {
      "type": "Feature",
      "properties": {
        "N02_001": "12",
        "N02_002": "3",
        "N02_003": "10号線新宿線",
        "N02_004": "東京都",
        "N02_005": "浜町",
        "N02_005c": "003706",
        "N02_005g": "003706",
        "ward_code": "13102",
        "ward_name": "中央区"
      },
      "geometry": {
        "type": "LineString",
        "coordinates": [
          [
            139.78898,
            35.68839
          ],
          [
            139.78727,
            35.68879
          ]
        ]
      }
    },
    {
      "type": "Feature",
      "properties": {
        "N02_001": "12",
        "N02_002": "3",
        "N02_003": "10号線新宿線",
        "N02_004": "東京都",
        "N02_005": "一之江",
        "N02_005c": "003724",
        "N02_005g": "003724",
        "ward_code": "13123",
        "ward_name": "江戸川区"
      },
      "geometry": {
        "type": "LineString",
        "coordinates": [
          [
            139.8839,
            35.68608
          ],
          [
            139.88188,
            35.6858
          ]
        ]
      }
    },
    {
      "type": "Feature",
      "properties": {
        "N02_001": "12",
        "N02_002": "3",
        "N02_003": "10号線新宿線",
        "N02_004": "東京都",
        "N02_005": "森下",
        "N02_005c": "003711",
        "N02_005g": "003711",
        "ward_code": "13108",
        "ward_name": "江東区"
      },
      "geometry": {
        "type": "LineString",
        "coordinates": [
          [
            139.79919,
            35.68807
          ],
          [
            139.79818,
            35.68805
          ],
          [
            139.79734,
            35.68804
          ],
          [
            139.7972,
            35.68804
          ]
        ]
      }
    },
    {
      "type": "Feature",
      "properties": {
        "N02_001": "12",
        "N02_002": "3",
        "N02_003": "10号線新宿線",
        "N02_004": "東京都",
        "N02_005": "住吉",
        "N02_005c": "003704",
        "N02_005g": "003704",
        "ward_code": "13108",
        "ward_name": "江東区"
      },
      "geometry": {
        "type": "LineString",
        "coordinates": [
          [
            139.81666,
            35.689
          ],
          [
            139.81637,
            35.68898
          ],
          [
            139.81564,
            35.68895
          ],
          [
            139.81483,
            35.6889
          ]
        ]
      }
    },
    {
      "type": "Feature",
      "properties": {
        "N02_001": "12",
        "N02_002": "3",
        "N02_003": "10号線新宿線",
        "N02_004": "東京都",
        "N02_005": "新宿",
        "N02_005c": "003708",
        "N02_005g": "003700",
        "ward_code": "13104",
        "ward_name": "新宿区"
      },
      "geometry": {
        "type": "LineString",
        "coordinates": [
          [
            139.69932,
            35.68871
          ],
          [
            139.69791,
            35.68815
          ]
        ]
      }
    },
    {
      "type": "Feature",
      "properties": {
        "N02_001": "12",
        "N02_002": "3",
        "N02_003": "10号線新宿線",
        "N02_004": "東京都",
        "N02_005": "新宿三丁目",
        "N02_005c": "003687",
        "N02_005g": "003689",
        "ward_code": "13104",
        "ward_name": "新宿区"
      },
      "geometry": {
        "type": "LineString",
        "coordinates": [
          [
            139.70749,
            35.69114
          ],
          [
            139.70558,
            35.69054
          ]
        ]
      }
    },
    {
      "type": "Feature",
      "properties": {
        "N02_001": "12",
        "N02_002": "3",
        "N02_003": "12号線大江戸線",
        "N02_004": "東京都",
        "N02_005": "本郷三丁目",
        "N02_005c": "003546",
        "N02_005g": "003546",
        "ward_code": "13105",
        "ward_name": "文京区"
      },
      "geometry": {
        "type": "LineString",
        "coordinates": [
          [
            139.7598,
            35.70754
          ],
          [
            139.76059,
            35.70758
          ],
          [
            139.76106,
            35.70758
          ],
          [
            139.76143,
            35.70758
          ]
        ]
      }
    },
    {
      "type": "Feature",
      "properties": {
        "N02_001": "12",
        "N02_002": "3",
        "N02_003": "12号線大江戸線",
        "N02_004": "東京都",
        "N02_005": "春日",
        "N02_005c": "003539",
        "N02_005g": "003529",
        "ward_code": "13105",
        "ward_name": "文京区"
      },
      "geometry": {
        "type": "LineString",
        "coordinates": [
          [
            139.75136,
            35.7085
          ],
          [
            139.75179,
            35.7085
          ],
          [
            139.75298,
            35.70849
          ]
        ]
      }
    },
    {
      "type": "Feature",
      "properties": {
        "N02_001": "12",
        "N02_002": "3",
        "N02_003": "12号線大江戸線",
        "N02_004": "東京都",
        "N02_005": "両国",
        "N02_005c": "003646",
        "N02_005g": "003646",
        "ward_code": "13107",
        "ward_name": "墨田区"
      },
      "geometry": {
        "type": "LineString",
        "coordinates": [
          [
            139.79737,
            35.69751
          ],
          [
            139.79742,
            35.69692
          ],
          [
            139.79749,
            35.69603
          ]
        ]
      }
    },
    {
      "type": "Feature",
      "properties": {
        "N02_001": "12",
        "N02_002": "3",
        "N02_003": "12号線大江戸線",
        "N02_004": "東京都",
        "N02_005": "上野御徒町",
        "N02_005c": "003543",
        "N02_005g": "003543",
        "ward_code": "13106",
        "ward_name": "台東区"
      },
      "geometry": {
        "type": "LineString",
        "coordinates": [
          [
            139.77226,
            35.70804
          ],
          [
            139.77233,
            35.70803
          ],
          [
            139.77246,
            35.70802
          ],
          [
            139.77365,
            35.7079
          ],
          [
            139.77387,
            35.70788
          ]
        ]
      }
    },
    {
      "type": "Feature",
      "properties": {
        "N02_001": "12",
        "N02_002": "3",
        "N02_003": "12号線大江戸線",
        "N02_004": "東京都",
        "N02_005": "蔵前",
        "N02_005c": "003571",
        "N02_005g": "003571",
        "ward_code": "13106",
        "ward_name": "台東区"
      },
      "geometry": {
        "type": "LineString",
        "coordinates": [
          [
            139.793,
            35.70522
          ],
          [
            139.79267,
            35.70535
          ],
          [
            139.79256,
            35.70539
          ],
          [
            139.79223,
            35.70552
          ],
          [
            139.7918,
            35.70569
          ],
          [
            139.7915,
            35.70578
          ]
        ]
      }
    },
    {
      "type": "Feature",
      "properties": {
        "N02_001": "12",
        "N02_002": "3",
        "N02_003": "12号線大江戸線",
        "N02_004": "東京都",
        "N02_005": "新御徒町",
        "N02_005c": "003556",
        "N02_005g": "003556",
        "ward_code": "13106",
        "ward_name": "台東区"
      },
      "geometry": {
        "type": "LineString",
        "coordinates": [
          [
            139.78272,
            35.70692
          ],
          [
            139.78234,
            35.70696
          ],
          [
            139.78191,
            35.707
          ],
          [
            139.78128,
            35.70707
          ],
          [
            139.7811,
            35.70709
          ]
        ]
      }
    },
    {
      "type": "Feature",
      "properties": {
        "N02_001": "12",
        "N02_002": "3",
        "N02_003": "12号線大江戸線",
        "N02_004": "東京都",
        "N02_005": "飯田橋",
        "N02_005c": "003585",
        "N02_005g": "003595",
        "ward_code": "13105",
        "ward_name": "文京区"
      },
      "geometry": {
        "type": "LineString",
        "coordinates": [
          [
            139.74646,
            35.70335
          ],
          [
            139.74571,
            35.70309
          ],
          [
            139.74503,
            35.70285
          ]
        ]
      }
    },
    {
      "type": "Feature",
      "properties": {
        "N02_001": "12",
        "N02_002": "3",
        "N02_003": "12号線大江戸線",
        "N02_004": "東京都",
        "N02_005": "東新宿",
        "N02_005c": "003630",
        "N02_005g": "003612",
        "ward_code": "13104",
        "ward_name": "新宿区"
      },
      "geometry": {
        "type": "LineString",
        "coordinates": [
          [
            139.70852,
            35.69779
          ],
          [
            139.70686,
            35.698
          ]
        ]
      }
    },
    {
      "type": "Feature",
      "properties": {
        "N02_001": "12",
        "N02_002": "3",
        "N02_003": "12号線大江戸線",
        "N02_004": "東京都",
        "N02_005": "牛込柳町",
        "N02_005c": "003618",
        "N02_005g": "003618",
        "ward_code": "13104",
        "ward_name": "新宿区"
      },
      "geometry": {
        "type": "LineString",
        "coordinates": [
          [
            139.72599,
            35.6994
          ],
          [
            139.72439,
            35.69952
          ]
        ]
      }
    },
    {
      "type": "Feature",
      "properties": {
        "N02_001": "12",
        "N02_002": "3",
        "N02_003": "12号線大江戸線",
        "N02_004": "東京都",
        "N02_005": "新江古田",
        "N02_005c": "003367",
        "N02_005g": "003367",
        "ward_code": "13120",
        "ward_name": "練馬区"
      },
      "geometry": {
        "type": "LineString",
        "coordinates": [
          [
            139.67133,
            35.73221
          ],
          [
            139.67057,
            35.73249
          ],
          [
            139.6698,
            35.73277
          ]
        ]
      }
    },
    {
      "type": "Feature",
      "properties": {
        "N02_001": "12",
        "N02_002": "3",
        "N02_003": "12号線大江戸線",
        "N02_004": "東京都",
        "N02_005": "練馬",
        "N02_005c": "003338",
        "N02_005g": "003328",
        "ward_code": "13120",
        "ward_name": "練馬区"
      },
      "geometry": {
        "type": "LineString",
        "coordinates": [
          [
            139.65551,
            35.73748
          ],
          [
            139.65363,
            35.73715
          ]
        ]
      }
    },
    {
      "type": "Feature",
      "properties": {
        "N02_001": "12",
        "N02_002": "3",
        "N02_003": "12号線大江戸線",
        "N02_004": "東京都",
        "N02_005": "落合南長崎",
        "N02_005c": "003448",
        "N02_005g": "003448",
        "ward_code": "13116",
        "ward_name": "豊島区"
      },
      "geometry": {
        "type": "LineString",
        "coordinates": [
          [
            139.68387,
            35.72282
          ],
          [
            139.68351,
            35.72329
          ],
          [
            139.6833,
            35.72368
          ],
          [
            139.68315,
            35.72395
          ]
        ]
      }
    },
    {
      "type": "Feature",
      "properties": {
        "N02_001": "12",
        "N02_002": "3",
        "N02_003": "12号線大江戸線",
        "N02_004": "東京都",
        "N02_005": "牛込神楽坂",
        "N02_005c": "003602",
        "N02_005g": "003602",
        "ward_code": "13104",
        "ward_name": "新宿区"
      },
      "geometry": {
        "type": "LineString",
        "coordinates": [
          [
            139.73677,
            35.70121
          ],
          [
            139.73531,
            35.70062
          ]
        ]
      }
    },
    {
      "type": "Feature",
      "properties": {
        "N02_001": "12",
        "N02_002": "3",
        "N02_003": "12号線大江戸線",
        "N02_004": "東京都",
        "N02_005": "光が丘",
        "N02_005c": "003225",
        "N02_005g": "003225",
        "ward_code": "13120",
        "ward_name": "練馬区"
      },
      "geometry": {
        "type": "LineString",
        "coordinates": [
          [
            139.62997,
            35.75848
          ],
          [
            139.62851,
            35.75846
          ]
        ]
      }
    },
    {
      "type": "Feature",
      "properties": {
        "N02_001": "12",
        "N02_002": "3",
        "N02_003": "12号線大江戸線",
        "N02_004": "東京都",
        "N02_005": "豊島園",
        "N02_005c": "003309",
        "N02_005g": "003305",
        "ward_code": "13120",
        "ward_name": "練馬区"
      },
      "geometry": {
        "type": "LineString",
        "coordinates": [
          [
            139.64918,
            35.74074
          ],
          [
            139.64923,
            35.74248
          ]
        ]
      }
    },
    {
      "type": "Feature",
      "properties": {
        "N02_001": "12",
        "N02_002": "3",
        "N02_003": "12号線大江戸線",
        "N02_004": "東京都",
        "N02_005": "東中野",
        "N02_005c": "003549",
        "N02_005g": "003549",
        "ward_code": "13114",
        "ward_name": "中野区"
      },
      "geometry": {
        "type": "LineString",
        "coordinates": [
          [
            139.68296,
            35.70672
          ],
          [
            139.68354,
            35.70802
          ]
        ]
      }
    },
    {
      "type": "Feature",
      "properties": {
        "N02_001": "12",
        "N02_002": "3",
        "N02_003": "12号線大江戸線",
        "N02_004": "東京都",
        "N02_005": "練馬春日町",
        "N02_005c": "003243",
        "N02_005g": "003243",
        "ward_code": "13120",
        "ward_name": "練馬区"
      },
      "geometry": {
        "type": "LineString",
        "coordinates": [
          [
            139.64161,
            35.75108
          ],
          [
            139.63991,
            35.75164
          ]
        ]
      }
    },
    {
      "type": "Feature",
      "properties": {
        "N02_001": "12",
        "N02_002": "3",
        "N02_003": "12号線大江戸線",
        "N02_004": "東京都",
        "N02_005": "若松河田",
        "N02_005c": "003623",
        "N02_005g": "003623",
        "ward_code": "13104",
        "ward_name": "新宿区"
      },
      "geometry": {
        "type": "LineString",
        "coordinates": [
          [
            139.71894,
            35.6994
          ],
          [
            139.71743,
            35.69893
          ]
        ]
      }
    },
    {
      "type": "Feature",
      "properties": {
        "N02_001": "12",
        "N02_002": "3",
        "N02_003": "12号線大江戸線",
        "N02_004": "東京都",
        "N02_005": "中井",
        "N02_005c": "003503",
        "N02_005g": "003495",
        "ward_code": "13104",
        "ward_name": "新宿区"
      },
      "geometry": {
        "type": "LineString",
        "coordinates": [
          [
            139.686,
            35.71321
          ],
          [
            139.68662,
            35.71452
          ]
        ]
      }
    },
    {
      "type": "Feature",
      "properties": {
        "N02_001": "12",
        "N02_002": "3",
        "N02_003": "12号線大江戸線",
        "N02_004": "東京都",
        "N02_005": "中野坂上",
        "N02_005c": "003631",
        "N02_005g": "003643",
        "ward_code": "13114",
        "ward_name": "中野区"
      },
      "geometry": {
        "type": "LineString",
        "coordinates": [
          [
            139.68293,
            35.69717
          ],
          [
            139.68299,
            35.69858
          ]
        ]
      }
    },
    {
      "type": "Feature",
      "properties": {
        "N02_001": "12",
        "N02_002": "3",
        "N02_003": "12号線大江戸線",
        "N02_004": "東京都",
        "N02_005": "大門",
        "N02_005c": "003939",
        "N02_005g": "003939",
        "ward_code": "13103",
        "ward_name": "港区"
      },
      "geometry": {
        "type": "LineString",
        "coordinates": [
          [
            139.75498,
            35.65674
          ],
          [
            139.75531,
            35.65671
          ],
          [
            139.75617,
            35.65664
          ],
          [
            139.75643,
            35.65662
          ]
        ]
      }
    },
    {
      "type": "Feature",
      "properties": {
        "N02_001": "12",
        "N02_002": "3",
        "N02_003": "12号線大江戸線",
        "N02_004": "東京都",
        "N02_005": "六本木",
        "N02_005c": "003892",
        "N02_005g": "003892",
        "ward_code": "13103",
        "ward_name": "港区"
      },
      "geometry": {
        "type": "LineString",
        "coordinates": [
          [
            139.73076,
            35.66448
          ],
          [
            139.73179,
            35.66365
          ]
        ]
      }
    },
    {
      "type": "Feature",
      "properties": {
        "N02_001": "12",
        "N02_002": "3",
        "N02_003": "12号線大江戸線",
        "N02_004": "東京都",
        "N02_005": "汐留",
        "N02_005c": "003887",
        "N02_005g": "003887",
        "ward_code": "13103",
        "ward_name": "港区"
      },
      "geometry": {
        "type": "LineString",
        "coordinates": [
          [
            139.76245,
            35.66625
          ],
          [
            139.76191,
            35.6657
          ],
          [
            139.76088,
            35.66443
          ],
          [
            139.76009,
            35.66358
          ]
        ]
      }
    },
    {
      "type": "Feature",
      "properties": {
        "N02_001": "12",
        "N02_002": "3",
        "N02_003": "12号線大江戸線",
        "N02_004": "東京都",
        "N02_005": "門前仲町",
        "N02_005c": "003818",
        "N02_005g": "003818",
        "ward_code": "13108",
        "ward_name": "江東区"
      },
      "geometry": {
        "type": "LineString",
        "coordinates": [
          [
            139.79542,
            35.67324
          ],
          [
            139.79531,
            35.67306
          ],
          [
            139.79511,
            35.67273
          ],
          [
            139.7949,
            35.67243
          ],
          [
            139.79479,
            35.6723
          ]
        ]
      }
    },
    {
      "type": "Feature",
      "properties": {
        "N02_001": "12",
        "N02_002": "3",
        "N02_003": "12号線大江戸線",
        "N02_004": "東京都",
        "N02_005": "森下",
        "N02_005c": "003712",
        "N02_005g": "003711",
        "ward_code": "13108",
        "ward_name": "江東区"
      },
      "geometry": {
        "type": "LineString",
        "coordinates": [
          [
            139.79826,
            35.68726
          ],
          [
            139.79825,
            35.68737
          ],
          [
            139.79818,
            35.68805
          ],
          [
            139.79816,
            35.68848
          ],
          [
            139.79814,
            35.68875
          ]
        ]
      }
    },
    {
      "type": "Feature",
      "properties": {
        "N02_001": "12",
        "N02_002": "3",
        "N02_003": "12号線大江戸線",
        "N02_004": "東京都",
        "N02_005": "築地市場",
        "N02_005c": "003886",
        "N02_005g": "003886",
        "ward_code": "13102",
        "ward_name": "中央区"
      },
      "geometry": {
        "type": "LineString",
        "coordinates": [
          [
            139.76718,
            35.66462
          ],
          [
            139.76632,
            35.6653
          ]
        ]
      }
    },
    {
      "type": "Feature",
      "properties": {
        "N02_001": "12",
        "N02_002": "3",
        "N02_003": "12号線大江戸線",
        "N02_004": "東京都",
        "N02_005": "青山一丁目",
        "N02_005c": "003813",
        "N02_005g": "003812",
        "ward_code": "13103",
        "ward_name": "港区"
      },
      "geometry": {
        "type": "LineString",
        "coordinates": [
          [
            139.72434,
            35.67216
          ],
          [
            139.72406,
            35.67276
          ],
          [
            139.72362,
            35.67368
          ]
        ]
      }
    },
    {
      "type": "Feature",
      "properties": {
        "N02_001": "12",
        "N02_002": "3",
        "N02_003": "12号線大江戸線",
        "N02_004": "東京都",
        "N02_005": "麻布十番",
        "N02_005c": "003941",
        "N02_005g": "003941",
        "ward_code": "13103",
        "ward_name": "港区"
      },
      "geometry": {
        "type": "LineString",
        "coordinates": [
          [
            139.73539,
            35.65665
          ],
          [
            139.73682,
            35.65633
          ]
        ]
      }
    },
    {
      "type": "Feature",
      "properties": {
        "N02_001": "12",
        "N02_002": "3",
        "N02_003": "12号線大江戸線",
        "N02_004": "東京都",
        "N02_005": "勝どき",
        "N02_005c": "003927",
        "N02_005g": "003927",
        "ward_code": "13102",
        "ward_name": "中央区"
      },
      "geometry": {
        "type": "LineString",
        "coordinates": [
          [
            139.77778,
            35.65938
          ],
          [
            139.77768,
            35.65931
          ],
          [
            139.77748,
            35.65917
          ],
          [
            139.77671,
            35.65865
          ],
          [
            139.77662,
            35.65858
          ],
          [
            139.77653,
            35.65851
          ]
        ]
      }
    },
    {
      "type": "Feature",
      "properties": {
        "N02_001": "12",
        "N02_002": "3",
        "N02_003": "12号線大江戸線",
        "N02_004": "東京都",
        "N02_005": "清澄白河",
        "N02_005c": "003754",
        "N02_005g": "003754",
        "ward_code": "13108",
        "ward_name": "江東区"
      },
      "geometry": {
        "type": "LineString",
        "coordinates": [
          [
            139.79875,
            35.68222
          ],
          [
            139.79872,
            35.68252
          ],
          [
            139.79862,
            35.68322
          ],
          [
            139.7986,
            35.68346
          ],
          [
            139.79858,
            35.68367
          ]
        ]
      }
    },
    {
      "type": "Feature",
      "properties": {
        "N02_001": "12",
        "N02_002": "3",
        "N02_003": "12号線大江戸線",
        "N02_004": "東京都",
        "N02_005": "月島",
        "N02_005c": "003893",
        "N02_005g": "003889",
        "ward_code": "13102",
        "ward_name": "中央区"
      },
      "geometry": {
        "type": "LineString",
        "coordinates": [
          [
            139.78479,
            35.66441
          ],
          [
            139.78457,
            35.66425
          ],
          [
            139.78439,
            35.66412
          ],
          [
            139.78356,
            35.66351
          ],
          [
            139.78342,
            35.66341
          ],
          [
            139.78338,
            35.66338
          ]
        ]
      }
    },
    {
      "type": "Feature",
      "properties": {
        "N02_001": "12",
        "N02_002": "3",
        "N02_003": "12号線大江戸線",
        "N02_004": "東京都",
        "N02_005": "赤羽橋",
        "N02_005c": "003954",
        "N02_005g": "003954",
        "ward_code": "13103",
        "ward_name": "港区"
      },
      "geometry": {
        "type": "LineString",
        "coordinates": [
          [
            139.74342,
            35.65505
          ],
          [
            139.74497,
            35.65489
          ]
        ]
      }
    },
    {
      "type": "Feature",
      "properties": {
        "N02_001": "12",
        "N02_002": "3",
        "N02_003": "12号線大江戸線",
        "N02_004": "東京都",
        "N02_005": "新宿",
        "N02_005c": "003715",
        "N02_005g": "003700",
        "ward_code": "13113",
        "ward_name": "渋谷区"
      },
      "geometry": {
        "type": "LineString",
        "coordinates": [
          [
            139.69952,
            35.68716
          ],
          [
            139.69918,
            35.68809
          ]
        ]
      }
    },
    {
      "type": "Feature",
      "properties": {
        "N02_001": "12",
        "N02_002": "3",
        "N02_003": "12号線大江戸線",
        "N02_004": "東京都",
        "N02_005": "西新宿五丁目",
        "N02_005c": "003696",
        "N02_005g": "003696",
        "ward_code": "13104",
        "ward_name": "新宿区"
      },
      "geometry": {
        "type": "LineString",
        "coordinates": [
          [
            139.68535,
            35.6902
          ],
          [
            139.68398,
            35.6896
          ]
        ]
      }
    },
    {
      "type": "Feature",
      "properties": {
        "N02_001": "12",
        "N02_002": "3",
        "N02_003": "12号線大江戸線",
        "N02_004": "東京都",
        "N02_005": "都庁前",
        "N02_005c": "003690",
        "N02_005g": "003690",
        "ward_code": "13104",
        "ward_name": "新宿区"
      },
      "geometry": {
        "type": "LineString",
        "coordinates": [
          [
            139.69345,
            35.69073
          ],
          [
            139.6918,
            35.69045
          ]
        ]
      }
    },
    {
      "type": "Feature",
      "properties": {
        "N02_001": "12",
        "N02_002": "3",
        "N02_003": "12号線大江戸線",
        "N02_004": "東京都",
        "N02_005": "新宿西口",
        "N02_005c": "003669",
        "N02_005g": "003669",
        "ward_code": "13104",
        "ward_name": "新宿区"
      },
      "geometry": {
        "type": "LineString",
        "coordinates": [
          [
            139.69901,
            35.69382
          ],
          [
            139.69931,
            35.6925
          ]
        ]
      }
    },
    {
      "type": "Feature",
      "properties": {
        "N02_001": "12",
        "N02_002": "3",
        "N02_003": "12号線大江戸線",
        "N02_004": "東京都",
        "N02_005": "国立競技場",
        "N02_005c": "003775",
        "N02_005g": "003775",
        "ward_code": "13113",
        "ward_name": "渋谷区"
      },
      "geometry": {
        "type": "LineString",
        "coordinates": [
          [
            139.71583,
            35.67963
          ],
          [
            139.71441,
            35.67997
          ],
          [
            139.71392,
            35.68008
          ]
        ]
      }
    },
    {
      "type": "Feature",
      "properties": {
        "N02_001": "12",
        "N02_002": "3",
        "N02_003": "12号線大江戸線",
        "N02_004": "東京都",
        "N02_005": "代々木",
        "N02_005c": "003746",
        "N02_005g": "003743",
        "ward_code": "13113",
        "ward_name": "渋谷区"
      },
      "geometry": {
        "type": "LineString",
        "coordinates": [
          [
            139.70174,
            35.683
          ],
          [
            139.70131,
            35.68456
          ]
        ]
      }
    },
    {
      "type": "Feature",
      "properties": {
        "N02_001": "21",
        "N02_002": "3",
        "N02_003": "荒川線",
        "N02_004": "東京都",
        "N02_005": "荒川車庫前",
        "N02_005c": "003252",
        "N02_005g": "003252",
        "ward_code": "13118",
        "ward_name": "荒川区"
      },
      "geometry": {
        "type": "LineString",
        "coordinates": [
          [
            139.75256,
            35.75087
          ],
          [
            139.75305,
            35.75085
          ]
        ]
      }
    },
    {
      "type": "Feature",
      "properties": {
        "N02_001": "21",
        "N02_002": "3",
        "N02_003": "荒川線",
        "N02_004": "東京都",
        "N02_005": "王子駅前",
        "N02_005c": "003239",
        "N02_005g": "003239",
        "ward_code": "13117",
        "ward_name": "北区"
      },
      "geometry": {
        "type": "LineString",
        "coordinates": [
          [
            139.73846,
            35.75256
          ],
          [
            139.73824,
            35.75274
          ],
          [
            139.73798,
            35.75289
          ]
        ]
      }
    },
    {
      "type": "Feature",
      "properties": {
        "N02_001": "21",
        "N02_002": "3",
        "N02_003": "荒川線",
        "N02_004": "東京都",
        "N02_005": "梶原",
        "N02_005c": "003246",
        "N02_005g": "003246",
        "ward_code": "13117",
        "ward_name": "北区"
      },
      "geometry": {
        "type": "LineString",
        "coordinates": [
          [
            139.74758,
            35.75107
          ],
          [
            139.74702,
            35.75107
          ]
        ]
      }
    },
    {
      "type": "Feature",
      "properties": {
        "N02_001": "21",
        "N02_002": "3",
        "N02_003": "荒川線",
        "N02_004": "東京都",
        "N02_005": "荒川遊園地前",
        "N02_005c": "003254",
        "N02_005g": "003254",
        "ward_code": "13118",
        "ward_name": "荒川区"
      },
      "geometry": {
        "type": "LineString",
        "coordinates": [
          [
            139.75775,
            35.75064
          ],
          [
            139.75741,
            35.75065
          ],
          [
            139.7572,
            35.75066
          ]
        ]
      }
    },
    {
      "type": "Feature",
      "properties": {
        "N02_001": "21",
        "N02_002": "3",
        "N02_003": "荒川線",
        "N02_004": "東京都",
        "N02_005": "荒川七丁目",
        "N02_005c": "003306",
        "N02_005g": "003306",
        "ward_code": "13118",
        "ward_name": "荒川区"
      },
      "geometry": {
        "type": "LineString",
        "coordinates": [
          [
            139.78392,
            35.74205
          ],
          [
            139.78417,
            35.74195
          ]
        ]
      }
    },
    {
      "type": "Feature",
      "properties": {
        "N02_001": "21",
        "N02_002": "3",
        "N02_003": "荒川線",
        "N02_004": "東京都",
        "N02_005": "熊野前",
        "N02_005c": "003266",
        "N02_005g": "003266",
        "ward_code": "13118",
        "ward_name": "荒川区"
      },
      "geometry": {
        "type": "LineString",
        "coordinates": [
          [
            139.76955,
            35.74914
          ],
          [
            139.76901,
            35.74922
          ]
        ]
      }
    },
    {
      "type": "Feature",
      "properties": {
        "N02_001": "21",
        "N02_002": "3",
        "N02_003": "荒川線",
        "N02_004": "東京都",
        "N02_005": "三ノ輪橋",
        "N02_005c": "003370",
        "N02_005g": "003370",
        "ward_code": "13118",
        "ward_name": "荒川区"
      },
      "geometry": {
        "type": "LineString",
        "coordinates": [
          [
            139.79174,
            35.73209
          ],
          [
            139.79127,
            35.73235
          ]
        ]
      }
    },
    {
      "type": "Feature",
      "properties": {
        "N02_001": "21",
        "N02_002": "3",
        "N02_003": "荒川線",
        "N02_004": "東京都",
        "N02_005": "荒川二丁目",
        "N02_005c": "003322",
        "N02_005g": "003322",
        "ward_code": "13118",
        "ward_name": "荒川区"
      },
      "geometry": {
        "type": "LineString",
        "coordinates": [
          [
            139.78469,
            35.73837
          ],
          [
            139.78469,
            35.73883
          ]
        ]
      }
    },
    {
      "type": "Feature",
      "properties": {
        "N02_001": "21",
        "N02_002": "3",
        "N02_003": "荒川線",
        "N02_004": "東京都",
        "N02_005": "町屋二丁目",
        "N02_005c": "003291",
        "N02_005g": "003291",
        "ward_code": "13118",
        "ward_name": "荒川区"
      },
      "geometry": {
        "type": "LineString",
        "coordinates": [
          [
            139.77665,
            35.74375
          ],
          [
            139.7762,
            35.74408
          ]
        ]
      }
    },
    {
      "type": "Feature",
      "properties": {
        "N02_001": "21",
        "N02_002": "3",
        "N02_003": "荒川線",
        "N02_004": "東京都",
        "N02_005": "宮ノ前",
        "N02_005c": "003259",
        "N02_005g": "003259",
        "ward_code": "13118",
        "ward_name": "荒川区"
      },
      "geometry": {
        "type": "LineString",
        "coordinates": [
          [
            139.76564,
            35.74991
          ],
          [
            139.76589,
            35.74986
          ]
        ]
      }
    },
    {
      "type": "Feature",
      "properties": {
        "N02_001": "21",
        "N02_002": "3",
        "N02_003": "荒川線",
        "N02_004": "東京都",
        "N02_005": "荒川区役所前",
        "N02_005c": "003350",
        "N02_005g": "003350",
        "ward_code": "13118",
        "ward_name": "荒川区"
      },
      "geometry": {
        "type": "LineString",
        "coordinates": [
          [
            139.78617,
            35.73519
          ],
          [
            139.78585,
            35.73554
          ]
        ]
      }
    },
    {
      "type": "Feature",
      "properties": {
        "N02_001": "21",
        "N02_002": "3",
        "N02_003": "荒川線",
        "N02_004": "東京都",
        "N02_005": "小台",
        "N02_005c": "003255",
        "N02_005g": "003255",
        "ward_code": "13118",
        "ward_name": "荒川区"
      },
      "geometry": {
        "type": "LineString",
        "coordinates": [
          [
            139.762,
            35.75048
          ],
          [
            139.76147,
            35.7505
          ]
        ]
      }
    },
    {
      "type": "Feature",
      "properties": {
        "N02_001": "21",
        "N02_002": "3",
        "N02_003": "荒川線",
        "N02_004": "東京都",
        "N02_005": "東尾久三丁目",
        "N02_005c": "003284",
        "N02_005g": "003284",
        "ward_code": "13118",
        "ward_name": "荒川区"
      },
      "geometry": {
        "type": "LineString",
        "coordinates": [
          [
            139.77405,
            35.74549
          ],
          [
            139.77375,
            35.74569
          ],
          [
            139.77365,
            35.74576
          ]
        ]
      }
    },
    {
      "type": "Feature",
      "properties": {
        "N02_001": "21",
        "N02_002": "3",
        "N02_003": "荒川線",
        "N02_004": "東京都",
        "N02_005": "町屋駅前",
        "N02_005c": "003299",
        "N02_005g": "003299",
        "ward_code": "13118",
        "ward_name": "荒川区"
      },
      "geometry": {
        "type": "LineString",
        "coordinates": [
          [
            139.78067,
            35.7428
          ],
          [
            139.78088,
            35.74275
          ]
        ]
      }
    },
    {
      "type": "Feature",
      "properties": {
        "N02_001": "21",
        "N02_002": "3",
        "N02_003": "荒川線",
        "N02_004": "東京都",
        "N02_005": "荒川一中前",
        "N02_005c": "003357",
        "N02_005g": "003357",
        "ward_code": "13118",
        "ward_name": "荒川区"
      },
      "geometry": {
        "type": "LineString",
        "coordinates": [
          [
            139.78868,
            35.73376
          ],
          [
            139.78893,
            35.73362
          ]
        ]
      }
    },
    {
      "type": "Feature",
      "properties": {
        "N02_001": "21",
        "N02_002": "3",
        "N02_003": "荒川線",
        "N02_004": "東京都",
        "N02_005": "栄町",
        "N02_005c": "003253",
        "N02_005g": "003253",
        "ward_code": "13117",
        "ward_name": "北区"
      },
      "geometry": {
        "type": "LineString",
        "coordinates": [
          [
            139.74193,
            35.75082
          ],
          [
            139.74251,
            35.75086
          ]
        ]
      }
    },
    {
      "type": "Feature",
      "properties": {
        "N02_001": "21",
        "N02_002": "3",
        "N02_003": "荒川線",
        "N02_004": "東京都",
        "N02_005": "早稲田",
        "N02_005c": "003514",
        "N02_005g": "003514",
        "ward_code": "13104",
        "ward_name": "新宿区"
      },
      "geometry": {
        "type": "LineString",
        "coordinates": [
          [
            139.71929,
            35.71181
          ],
          [
            139.71882,
            35.71194
          ]
        ]
      }
    },
    {
      "type": "Feature",
      "properties": {
        "N02_001": "21",
        "N02_002": "3",
        "N02_003": "荒川線",
        "N02_004": "東京都",
        "N02_005": "庚申塚",
        "N02_005c": "003319",
        "N02_005g": "003319",
        "ward_code": "13116",
        "ward_name": "豊島区"
      },
      "geometry": {
        "type": "LineString",
        "coordinates": [
          [
            139.72947,
            35.73892
          ],
          [
            139.72964,
            35.73933
          ]
        ]
      }
    },
    {
      "type": "Feature",
      "properties": {
        "N02_001": "21",
        "N02_002": "3",
        "N02_003": "荒川線",
        "N02_004": "東京都",
        "N02_005": "滝野川一丁目",
        "N02_005c": "003276",
        "N02_005g": "003276",
        "ward_code": "13117",
        "ward_name": "北区"
      },
      "geometry": {
        "type": "LineString",
        "coordinates": [
          [
            139.7355,
            35.74742
          ],
          [
            139.73533,
            35.74718
          ]
        ]
      }
    },
    {
      "type": "Feature",
      "properties": {
        "N02_001": "21",
        "N02_002": "3",
        "N02_003": "荒川線",
        "N02_004": "東京都",
        "N02_005": "面影橋",
        "N02_005c": "003509",
        "N02_005g": "003509",
        "ward_code": "13104",
        "ward_name": "新宿区"
      },
      "geometry": {
        "type": "LineString",
        "coordinates": [
          [
            139.71492,
            35.71281
          ],
          [
            139.71443,
            35.7129
          ]
        ]
      }
    },
    {
      "type": "Feature",
      "properties": {
        "N02_001": "21",
        "N02_002": "3",
        "N02_003": "荒川線",
        "N02_004": "東京都",
        "N02_005": "西ヶ原四丁目",
        "N02_005c": "003289",
        "N02_005g": "003289",
        "ward_code": "13117",
        "ward_name": "北区"
      },
      "geometry": {
        "type": "LineString",
        "coordinates": [
          [
            139.73254,
            35.74404
          ],
          [
            139.73283,
            35.74443
          ]
        ]
      }
    },
    {
      "type": "Feature",
      "properties": {
        "N02_001": "21",
        "N02_002": "3",
        "N02_003": "荒川線",
        "N02_004": "東京都",
        "N02_005": "学習院下",
        "N02_005c": "003490",
        "N02_005g": "003490",
        "ward_code": "13116",
        "ward_name": "豊島区"
      },
      "geometry": {
        "type": "LineString",
        "coordinates": [
          [
            139.71221,
            35.71554
          ],
          [
            139.71241,
            35.71596
          ]
        ]
      }
    },
    {
      "type": "Feature",
      "properties": {
        "N02_001": "21",
        "N02_002": "3",
        "N02_003": "荒川線",
        "N02_004": "東京都",
        "N02_005": "新庚申塚",
        "N02_005c": "003310",
        "N02_005g": "003310",
        "ward_code": "13116",
        "ward_name": "豊島区"
      },
      "geometry": {
        "type": "LineString",
        "coordinates": [
          [
            139.73024,
            35.74092
          ],
          [
            139.73046,
            35.74129
          ]
        ]
      }
    },
    {
      "type": "Feature",
      "properties": {
        "N02_001": "21",
        "N02_002": "3",
        "N02_003": "荒川線",
        "N02_004": "東京都",
        "N02_005": "東池袋四丁目",
        "N02_005c": "003436",
        "N02_005g": "003436",
        "ward_code": "13116",
        "ward_name": "豊島区"
      },
      "geometry": {
        "type": "LineString",
        "coordinates": [
          [
            139.7205,
            35.7254
          ],
          [
            139.72097,
            35.7256
          ]
        ]
      }
    },
    {
      "type": "Feature",
      "properties": {
        "N02_001": "21",
        "N02_002": "3",
        "N02_003": "荒川線",
        "N02_004": "東京都",
        "N02_005": "向原",
        "N02_005c": "003407",
        "N02_005g": "003407",
        "ward_code": "13116",
        "ward_name": "豊島区"
      },
      "geometry": {
        "type": "LineString",
        "coordinates": [
          [
            139.72463,
            35.7286
          ],
          [
            139.72498,
            35.72893
          ]
        ]
      }
    },
    {
      "type": "Feature",
      "properties": {
        "N02_001": "21",
        "N02_002": "3",
        "N02_003": "荒川線",
        "N02_004": "東京都",
        "N02_005": "飛鳥山",
        "N02_005c": "003256",
        "N02_005g": "003256",
        "ward_code": "13117",
        "ward_name": "北区"
      },
      "geometry": {
        "type": "LineString",
        "coordinates": [
          [
            139.73721,
            35.74989
          ],
          [
            139.73743,
            35.75024
          ]
        ]
      }
    },
    {
      "type": "Feature",
      "properties": {
        "N02_001": "21",
        "N02_002": "3",
        "N02_003": "荒川線",
        "N02_004": "東京都",
        "N02_005": "大塚駅前",
        "N02_005c": "003378",
        "N02_005g": "003378",
        "ward_code": "13116",
        "ward_name": "豊島区"
      },
      "geometry": {
        "type": "LineString",
        "coordinates": [
          [
            139.7294,
            35.73145
          ],
          [
            139.72951,
            35.73179
          ]
        ]
      }
    },
    {
      "type": "Feature",
      "properties": {
        "N02_001": "21",
        "N02_002": "3",
        "N02_003": "荒川線",
        "N02_004": "東京都",
        "N02_005": "巣鴨新田",
        "N02_005c": "003351",
        "N02_005g": "003351",
        "ward_code": "13116",
        "ward_name": "豊島区"
      },
      "geometry": {
        "type": "LineString",
        "coordinates": [
          [
            139.72804,
            35.73496
          ],
          [
            139.72778,
            35.73536
          ]
        ]
      }
    },
    {
      "type": "Feature",
      "properties": {
        "N02_001": "21",
        "N02_002": "3",
        "N02_003": "荒川線",
        "N02_004": "東京都",
        "N02_005": "都電雑司ヶ谷",
        "N02_005c": "003443",
        "N02_005g": "003443",
        "ward_code": "13116",
        "ward_name": "豊島区"
      },
      "geometry": {
        "type": "LineString",
        "coordinates": [
          [
            139.7181,
            35.72433
          ],
          [
            139.71779,
            35.72405
          ],
          [
            139.71756,
            35.72382
          ]
        ]
      }
    },
    {
      "type": "Feature",
      "properties": {
        "N02_001": "21",
        "N02_002": "3",
        "N02_003": "荒川線",
        "N02_004": "東京都",
        "N02_005": "鬼子母神前",
        "N02_005c": "003468",
        "N02_005g": "003468",
        "ward_code": "13116",
        "ward_name": "豊島区"
      },
      "geometry": {
        "type": "LineString",
        "coordinates": [
          [
            139.71502,
            35.7204
          ],
          [
            139.71529,
            35.72076
          ]
        ]
      }
    },
    {
      "type": "Feature",
      "properties": {
        "N02_001": "14",
        "N02_002": "3",
        "N02_003": "上野懸垂線",
        "N02_004": "東京都",
        "N02_005": "上野動物園西園",
        "N02_005c": "003497",
        "N02_005g": "003497",
        "ward_code": "13106",
        "ward_name": "台東区"
      },
      "geometry": {
        "type": "LineString",
        "coordinates": [
          [
            139.76947,
            35.71444
          ],
          [
            139.76991,
            35.71419
          ]
        ]
      }
    },
    {
      "type": "Feature",
      "properties": {
        "N02_001": "14",
        "N02_002": "3",
        "N02_003": "上野懸垂線",
        "N02_004": "東京都",
        "N02_005": "上野動物園東園",
        "N02_005c": "003488",
        "N02_005g": "003488",
        "ward_code": "13106",
        "ward_name": "台東区"
      },
      "geometry": {
        "type": "LineString",
        "coordinates": [
          [
            139.77002,
            35.71606
          ],
          [
            139.76998,
            35.7157
          ]
        ]
      }
    },
    {
      "type": "Feature",
      "properties": {
        "N02_001": "12",
        "N02_002": "5",
        "N02_003": "りんかい線",
        "N02_004": "東京臨海高速鉄道",
        "N02_005": "天王洲アイル",
        "N02_005c": "004129",
        "N02_005g": "004123",
        "ward_code": "13109",
        "ward_name": "品川区"
      },
      "geometry": {
        "type": "LineString",
        "coordinates": [
          [
            139.75095,
            35.62171
          ],
          [
            139.75082,
            35.61973
          ]
        ]
      }
    },
    {
      "type": "Feature",
      "properties": {
        "N02_001": "12",
        "N02_002": "5",
        "N02_003": "りんかい線",
        "N02_004": "東京臨海高速鉄道",
        "N02_005": "東京テレポート",
        "N02_005c": "004108",
        "N02_005g": "004108",
        "ward_code": "13108",
        "ward_name": "江東区"
      },
      "geometry": {
        "type": "LineString",
        "coordinates": [
          [
            139.77844,
            35.62728
          ],
          [
            139.77768,
            35.62689
          ]
        ]
      }
    },
    {
      "type": "Feature",
      "properties": {
        "N02_001": "12",
        "N02_002": "5",
        "N02_003": "りんかい線",
        "N02_004": "東京臨海高速鉄道",
        "N02_005": "大崎",
        "N02_005c": "004136",
        "N02_005g": "004135",
        "ward_code": "13109",
        "ward_name": "品川区"
      },
      "geometry": {
        "type": "LineString",
        "coordinates": [
          [
            139.72743,
            35.62041
          ],
          [
            139.72836,
            35.61909
          ]
        ]
      }
    },
    {
      "type": "Feature",
      "properties": {
        "N02_001": "12",
        "N02_002": "5",
        "N02_003": "りんかい線",
        "N02_004": "東京臨海高速鉄道",
        "N02_005": "東雲",
        "N02_005c": "004034",
        "N02_005g": "004034",
        "ward_code": "13108",
        "ward_name": "江東区"
      },
      "geometry": {
        "type": "LineString",
        "coordinates": [
          [
            139.80533,
            35.64117
          ],
          [
            139.80299,
            35.64047
          ]
        ]
      }
    },
    {
      "type": "Feature",
      "properties": {
        "N02_001": "12",
        "N02_002": "5",
        "N02_003": "りんかい線",
        "N02_004": "東京臨海高速鉄道",
        "N02_005": "新木場",
        "N02_005c": "003997",
        "N02_005g": "003997",
        "ward_code": "13108",
        "ward_name": "江東区"
      },
      "geometry": {
        "type": "LineString",
        "coordinates": [
          [
            139.82786,
            35.64592
          ],
          [
            139.82534,
            35.64574
          ]
        ]
      }
    },
    {
      "type": "Feature",
      "properties": {
        "N02_001": "12",
        "N02_002": "5",
        "N02_003": "りんかい線",
        "N02_004": "東京臨海高速鉄道",
        "N02_005": "大井町",
        "N02_005c": "004197",
        "N02_005g": "004197",
        "ward_code": "13109",
        "ward_name": "品川区"
      },
      "geometry": {
        "type": "LineString",
        "coordinates": [
          [
            139.73291,
            35.60761
          ],
          [
            139.7358,
            35.60716
          ]
        ]
      }
    },
    {
      "type": "Feature",
      "properties": {
        "N02_001": "12",
        "N02_002": "5",
        "N02_003": "りんかい線",
        "N02_004": "東京臨海高速鉄道",
        "N02_005": "国際展示場",
        "N02_005c": "004065",
        "N02_005g": "004065",
        "ward_code": "13108",
        "ward_name": "江東区"
      },
      "geometry": {
        "type": "LineString",
        "coordinates": [
          [
            139.79104,
            35.63406
          ],
          [
            139.79235,
            35.63476
          ]
        ]
      }
    },
    {
      "type": "Feature",
      "properties": {
        "N02_001": "12",
        "N02_002": "5",
        "N02_003": "りんかい線",
        "N02_004": "東京臨海高速鉄道",
        "N02_005": "品川シーサイド",
        "N02_005c": "004182",
        "N02_005g": "004182",
        "ward_code": "13109",
        "ward_name": "品川区"
      },
      "geometry": {
        "type": "LineString",
        "coordinates": [
          [
            139.74996,
            35.61068
          ],
          [
            139.74963,
            35.6089
          ]
        ]
      }
    },
    {
      "type": "Feature",
      "properties": {
        "N02_001": "11",
        "N02_002": "2",
        "N02_003": "京葉線",
        "N02_004": "東日本旅客鉄道",
        "N02_005": "東京",
        "N02_005c": "003785",
        "N02_005g": "003785",
        "ward_code": "13101",
        "ward_name": "千代田区"
      },
      "geometry": {
        "type": "LineString",
        "coordinates": [
          [
            139.76414,
            35.67791
          ],
          [
            139.76515,
            35.67771
          ],
          [
            139.76633,
            35.67746
          ]
        ]
      }
    },
    {
      "type": "Feature",
      "properties": {
        "N02_001": "11",
        "N02_002": "2",
        "N02_003": "京葉線",
        "N02_004": "東日本旅客鉄道",
        "N02_005": "越中島",
        "N02_005c": "003859",
        "N02_005g": "003859",
        "ward_code": "13108",
        "ward_name": "江東区"
      },
      "geometry": {
        "type": "LineString",
        "coordinates": [
          [
            139.79331,
            35.66732
          ],
          [
            139.79168,
            35.66868
          ]
        ]
      }
    },
    {
      "type": "Feature",
      "properties": {
        "N02_001": "11",
        "N02_002": "2",
        "N02_003": "京葉線",
        "N02_004": "東日本旅客鉄道",
        "N02_005": "葛西臨海公園",
        "N02_005c": "004012",
        "N02_005g": "004012",
        "ward_code": "13123",
        "ward_name": "江戸川区"
      },
      "geometry": {
        "type": "LineString",
        "coordinates": [
          [
            139.86243,
            35.64382
          ],
          [
            139.86054,
            35.64452
          ]
        ]
      }
    },
    {
      "type": "Feature",
      "properties": {
        "N02_001": "11",
        "N02_002": "2",
        "N02_003": "京葉線",
        "N02_004": "東日本旅客鉄道",
        "N02_005": "八丁堀",
        "N02_005c": "003800",
        "N02_005g": "003797",
        "ward_code": "13102",
        "ward_name": "中央区"
      },
      "geometry": {
        "type": "LineString",
        "coordinates": [
          [
            139.77885,
            35.67462
          ],
          [
            139.77859,
            35.67462
          ],
          [
            139.77713,
            35.67462
          ]
        ]
      }
    },
    {
      "type": "Feature",
      "properties": {
        "N02_001": "11",
        "N02_002": "2",
        "N02_003": "京葉線",
        "N02_004": "東日本旅客鉄道",
        "N02_005": "新木場",
        "N02_005c": "003995",
        "N02_005g": "003997",
        "ward_code": "13108",
        "ward_name": "江東区"
      },
      "geometry": {
        "type": "LineString",
        "coordinates": [
          [
            139.82584,
            35.6459
          ],
          [
            139.82785,
            35.64609
          ]
        ]
      }
    },
    {
      "type": "Feature",
      "properties": {
        "N02_001": "11",
        "N02_002": "2",
        "N02_003": "京葉線",
        "N02_004": "東日本旅客鉄道",
        "N02_005": "潮見",
        "N02_005c": "003928",
        "N02_005g": "003928",
        "ward_code": "13108",
        "ward_name": "江東区"
      },
      "geometry": {
        "type": "LineString",
        "coordinates": [
          [
            139.81653,
            35.6595
          ],
          [
            139.81781,
            35.65823
          ]
        ]
      }
    },
    {
      "type": "Feature",
      "properties": {
        "N02_001": "11",
        "N02_002": "2",
        "N02_003": "山手線",
        "N02_004": "東日本旅客鉄道",
        "N02_005": "田端",
        "N02_005c": "003335",
        "N02_005g": "003335",
        "ward_code": "13117",
        "ward_name": "北区"
      },
      "geometry": {
        "type": "LineString",
        "coordinates": [
          [
            139.76067,
            35.73826
          ],
          [
            139.76248,
            35.73669
          ]
        ]
      }
    },
    {
      "type": "Feature",
      "properties": {
        "N02_001": "11",
        "N02_002": "2",
        "N02_003": "山手線",
        "N02_004": "東日本旅客鉄道",
        "N02_005": "巣鴨",
        "N02_005c": "003356",
        "N02_005g": "003354",
        "ward_code": "13116",
        "ward_name": "豊島区"
      },
      "geometry": {
        "type": "LineString",
        "coordinates": [
          [
            139.74144,
            35.73419
          ],
          [
            139.73926,
            35.73325
          ]
        ]
      }
    },
    {
      "type": "Feature",
      "properties": {
        "N02_001": "11",
        "N02_002": "2",
        "N02_003": "山手線",
        "N02_004": "東日本旅客鉄道",
        "N02_005": "駒込",
        "N02_005c": "003343",
        "N02_005g": "003343",
        "ward_code": "13116",
        "ward_name": "豊島区"
      },
      "geometry": {
        "type": "LineString",
        "coordinates": [
          [
            139.74697,
            35.73634
          ],
          [
            139.74909,
            35.73736
          ],
          [
            139.74914,
            35.73738
          ]
        ]
      }
    },
    {
      "type": "Feature",
      "properties": {
        "N02_001": "11",
        "N02_002": "2",
        "N02_003": "山手線",
        "N02_004": "東日本旅客鉄道",
        "N02_005": "池袋",
        "N02_005c": "003390",
        "N02_005g": "003390",
        "ward_code": "13116",
        "ward_name": "豊島区"
      },
      "geometry": {
        "type": "LineString",
        "coordinates": [
          [
            139.71167,
            35.73152
          ],
          [
            139.7105,
            35.72903
          ]
        ]
      }
    },
    {
      "type": "Feature",
      "properties": {
        "N02_001": "11",
        "N02_002": "2",
        "N02_003": "山手線",
        "N02_004": "東日本旅客鉄道",
        "N02_005": "高田馬場",
        "N02_005c": "003508",
        "N02_005g": "003508",
        "ward_code": "13104",
        "ward_name": "新宿区"
      },
      "geometry": {
        "type": "LineString",
        "coordinates": [
          [
            139.70423,
            35.7141
          ],
          [
            139.70418,
            35.71395
          ],
          [
            139.70403,
            35.71349
          ],
          [
            139.70342,
            35.71171
          ]
        ]
      }
    },
    {
      "type": "Feature",
      "properties": {
        "N02_001": "11",
        "N02_002": "2",
        "N02_003": "山手線",
        "N02_004": "東日本旅客鉄道",
        "N02_005": "目白",
        "N02_005c": "003470",
        "N02_005g": "003470",
        "ward_code": "13116",
        "ward_name": "豊島区"
      },
      "geometry": {
        "type": "LineString",
        "coordinates": [
          [
            139.7066,
            35.72145
          ],
          [
            139.70596,
            35.71933
          ]
        ]
      }
    },
    {
      "type": "Feature",
      "properties": {
        "N02_001": "11",
        "N02_002": "2",
        "N02_003": "山手線",
        "N02_004": "東日本旅客鉄道",
        "N02_005": "新大久保",
        "N02_005c": "003601",
        "N02_005g": "003601",
        "ward_code": "13104",
        "ward_name": "新宿区"
      },
      "geometry": {
        "type": "LineString",
        "coordinates": [
          [
            139.70032,
            35.70175
          ],
          [
            139.70019,
            35.70011
          ]
        ]
      }
    },
    {
      "type": "Feature",
      "properties": {
        "N02_001": "11",
        "N02_002": "2",
        "N02_003": "山手線",
        "N02_004": "東日本旅客鉄道",
        "N02_005": "大塚",
        "N02_005c": "003375",
        "N02_005g": "003375",
        "ward_code": "13116",
        "ward_name": "豊島区"
      },
      "geometry": {
        "type": "LineString",
        "coordinates": [
          [
            139.72893,
            35.73154
          ],
          [
            139.72695,
            35.73203
          ]
        ]
      }
    },
    {
      "type": "Feature",
      "properties": {
        "N02_001": "11",
        "N02_002": "2",
        "N02_003": "山手線",
        "N02_004": "東日本旅客鉄道",
        "N02_005": "大崎",
        "N02_005c": "004135",
        "N02_005g": "004135",
        "ward_code": "13109",
        "ward_name": "品川区"
      },
      "geometry": {
        "type": "LineString",
        "coordinates": [
          [
            139.72888,
            35.61912
          ],
          [
            139.72761,
            35.62077
          ]
        ]
      }
    },
    {
      "type": "Feature",
      "properties": {
        "N02_001": "11",
        "N02_002": "2",
        "N02_003": "山手線",
        "N02_004": "東日本旅客鉄道",
        "N02_005": "五反田",
        "N02_005c": "004110",
        "N02_005g": "004110",
        "ward_code": "13109",
        "ward_name": "品川区"
      },
      "geometry": {
        "type": "LineString",
        "coordinates": [
          [
            139.72436,
            35.62526
          ],
          [
            139.72422,
            35.62543
          ],
          [
            139.72407,
            35.62562
          ],
          [
            139.72321,
            35.62672
          ],
          [
            139.72262,
            35.62727
          ]
        ]
      }
    },
    {
      "type": "Feature",
      "properties": {
        "N02_001": "11",
        "N02_002": "2",
        "N02_003": "山手線",
        "N02_004": "東日本旅客鉄道",
        "N02_005": "品川",
        "N02_005c": "004097",
        "N02_005g": "004095",
        "ward_code": "13103",
        "ward_name": "港区"
      },
      "geometry": {
        "type": "LineString",
        "coordinates": [
          [
            139.73863,
            35.627
          ],
          [
            139.73844,
            35.62927
          ]
        ]
      }
    },
    {
      "type": "Feature",
      "properties": {
        "N02_001": "11",
        "N02_002": "2",
        "N02_003": "山手線",
        "N02_004": "東日本旅客鉄道",
        "N02_005": "目黒",
        "N02_005c": "004071",
        "N02_005g": "004072",
        "ward_code": "13109",
        "ward_name": "品川区"
      },
      "geometry": {
        "type": "LineString",
        "coordinates": [
          [
            139.71636,
            35.63136
          ],
          [
            139.71585,
            35.63284
          ],
          [
            139.71574,
            35.63327
          ],
          [
            139.71562,
            35.63369
          ],
          [
            139.71557,
            35.63395
          ],
          [
            139.71551,
            35.63421
          ],
          [
            139.71544,
            35.63452
          ]
        ]
      }
    },
    {
      "type": "Feature",
      "properties": {
        "N02_001": "11",
        "N02_002": "2",
        "N02_003": "山手線",
        "N02_004": "東日本旅客鉄道",
        "N02_005": "恵比寿",
        "N02_005c": "003992",
        "N02_005g": "003991",
        "ward_code": "13113",
        "ward_name": "渋谷区"
      },
      "geometry": {
        "type": "LineString",
        "coordinates": [
          [
            139.71054,
            35.64593
          ],
          [
            139.70971,
            35.64743
          ]
        ]
      }
    },
    {
      "type": "Feature",
      "properties": {
        "N02_001": "11",
        "N02_002": "2",
        "N02_003": "山手線",
        "N02_004": "東日本旅客鉄道",
        "N02_005": "渋谷",
        "N02_005c": "003932",
        "N02_005g": "003922",
        "ward_code": "13113",
        "ward_name": "渋谷区"
      },
      "geometry": {
        "type": "LineString",
        "coordinates": [
          [
            139.70221,
            35.65723
          ],
          [
            139.70201,
            35.65746
          ],
          [
            139.70174,
            35.65785
          ],
          [
            139.70137,
            35.6588
          ],
          [
            139.70129,
            35.65907
          ]
        ]
      }
    },
    {
      "type": "Feature",
      "properties": {
        "N02_001": "11",
        "N02_002": "2",
        "N02_003": "山手線",
        "N02_004": "東日本旅客鉄道",
        "N02_005": "新宿",
        "N02_005c": "003701",
        "N02_005g": "003700",
        "ward_code": "13104",
        "ward_name": "新宿区"
      },
      "geometry": {
        "type": "LineString",
        "coordinates": [
          [
            139.70004,
            35.69167
          ],
          [
            139.70024,
            35.68926
          ]
        ]
      }
    },
    {
      "type": "Feature",
      "properties": {
        "N02_001": "11",
        "N02_002": "2",
        "N02_003": "山手線",
        "N02_004": "東日本旅客鉄道",
        "N02_005": "新宿",
        "N02_005c": "003701",
        "N02_005g": "003700",
        "ward_code": "13104",
        "ward_name": "新宿区"
      },
      "geometry": {
        "type": "LineString",
        "coordinates": [
          [
            139.7006,
            35.68995
          ],
          [
            139.70004,
            35.69167
          ]
        ]
      }
    },
    {
      "type": "Feature",
      "properties": {
        "N02_001": "11",
        "N02_002": "2",
        "N02_003": "山手線",
        "N02_004": "東日本旅客鉄道",
        "N02_005": "新宿",
        "N02_005c": "003701",
        "N02_005g": "003700",
        "ward_code": "13104",
        "ward_name": "新宿区"
      },
      "geometry": {
        "type": "LineString",
        "coordinates": [
          [
            139.70125,
            35.6879
          ],
          [
            139.70091,
            35.68894
          ],
          [
            139.70089,
            35.68902
          ],
          [
            139.70078,
            35.68935
          ],
          [
            139.7006,
            35.68995
          ]
        ]
      }
    },
    {
      "type": "Feature",
      "properties": {
        "N02_001": "11",
        "N02_002": "2",
        "N02_003": "山手線",
        "N02_004": "東日本旅客鉄道",
        "N02_005": "代々木",
        "N02_005c": "003743",
        "N02_005g": "003743",
        "ward_code": "13113",
        "ward_name": "渋谷区"
      },
      "geometry": {
        "type": "LineString",
        "coordinates": [
          [
            139.70203,
            35.6845
          ],
          [
            139.70239,
            35.68309
          ]
        ]
      }
    },
    {
      "type": "Feature",
      "properties": {
        "N02_001": "11",
        "N02_002": "2",
        "N02_003": "山手線",
        "N02_004": "東日本旅客鉄道",
        "N02_005": "原宿",
        "N02_005c": "003828",
        "N02_005g": "003828",
        "ward_code": "13113",
        "ward_name": "渋谷区"
      },
      "geometry": {
        "type": "LineString",
        "coordinates": [
          [
            139.70251,
            35.67042
          ],
          [
            139.70264,
            35.6711
          ],
          [
            139.70275,
            35.67156
          ],
          [
            139.70295,
            35.6722
          ]
        ]
      }
    },
    {
      "type": "Feature",
      "properties": {
        "N02_001": "11",
        "N02_002": "2",
        "N02_003": "山手線",
        "N02_004": "東日本旅客鉄道",
        "N02_005": "新宿",
        "N02_005c": "003701",
        "N02_005g": "003700",
        "ward_code": "13104",
        "ward_name": "新宿区"
      },
      "geometry": {
        "type": "LineString",
        "coordinates": [
          [
            139.70068,
            35.69107
          ],
          [
            139.70116,
            35.68942
          ],
          [
            139.70125,
            35.68909
          ],
          [
            139.70127,
            35.68902
          ],
          [
            139.70176,
            35.68735
          ]
        ]
      }
    },
    {
      "type": "Feature",
      "properties": {
        "N02_001": "11",
        "N02_002": "2",
        "N02_003": "常磐線",
        "N02_004": "東日本旅客鉄道",
        "N02_005": "日暮里",
        "N02_005c": "003417",
        "N02_005g": "003417",
        "ward_code": "13118",
        "ward_name": "荒川区"
      },
      "geometry": {
        "type": "LineString",
        "coordinates": [
          [
            139.77196,
            35.72734
          ],
          [
            139.77092,
            35.72822
          ],
          [
            139.77069,
            35.7284
          ]
        ]
      }
    },
    {
      "type": "Feature",
      "properties": {
        "N02_001": "11",
        "N02_002": "2",
        "N02_003": "常磐線",
        "N02_004": "東日本旅客鉄道",
        "N02_005": "南千住",
        "N02_005c": "003352",
        "N02_005g": "003363",
        "ward_code": "13118",
        "ward_name": "荒川区"
      },
      "geometry": {
        "type": "LineString",
        "coordinates": [
          [
            139.79925,
            35.73366
          ],
          [
            139.79964,
            35.73431
          ],
          [
            139.80002,
            35.73499
          ],
          [
            139.80032,
            35.73563
          ]
        ]
      }
    },
    {
      "type": "Feature",
      "properties": {
        "N02_001": "11",
        "N02_002": "2",
        "N02_003": "常磐線",
        "N02_004": "東日本旅客鉄道",
        "N02_005": "北千住",
        "N02_005c": "003267",
        "N02_005g": "003260",
        "ward_code": "13121",
        "ward_name": "足立区"
      },
      "geometry": {
        "type": "LineString",
        "coordinates": [
          [
            139.80449,
            35.74835
          ],
          [
            139.80479,
            35.74934
          ]
        ]
      }
    },
    {
      "type": "Feature",
      "properties": {
        "N02_001": "11",
        "N02_002": "2",
        "N02_003": "常磐線",
        "N02_004": "東日本旅客鉄道",
        "N02_005": "綾瀬",
        "N02_005c": "003215",
        "N02_005g": "003214",
        "ward_code": "13121",
        "ward_name": "足立区"
      },
      "geometry": {
        "type": "LineString",
        "coordinates": [
          [
            139.8262,
            35.76228
          ],
          [
            139.82367,
            35.76205
          ]
        ]
      }
    },
    {
      "type": "Feature",
      "properties": {
        "N02_001": "11",
        "N02_002": "2",
        "N02_003": "常磐線",
        "N02_004": "東日本旅客鉄道",
        "N02_005": "三河島",
        "N02_005c": "003359",
        "N02_005g": "003359",
        "ward_code": "13118",
        "ward_name": "荒川区"
      },
      "geometry": {
        "type": "LineString",
        "coordinates": [
          [
            139.77598,
            35.73354
          ],
          [
            139.77771,
            35.73329
          ],
          [
            139.77817,
            35.73323
          ]
        ]
      }
    },
    {
      "type": "Feature",
      "properties": {
        "N02_001": "11",
        "N02_002": "2",
        "N02_003": "常磐線",
        "N02_004": "東日本旅客鉄道",
        "N02_005": "亀有",
        "N02_005c": "003199",
        "N02_005g": "003199",
        "ward_code": "13122",
        "ward_name": "葛飾区"
      },
      "geometry": {
        "type": "LineString",
        "coordinates": [
          [
            139.8486,
            35.76697
          ],
          [
            139.84756,
            35.76656
          ],
          [
            139.84652,
            35.76609
          ]
        ]
      }
    },
    {
      "type": "Feature",
      "properties": {
        "N02_001": "11",
        "N02_002": "2",
        "N02_003": "常磐線",
        "N02_004": "東日本旅客鉄道",
        "N02_005": "金町",
        "N02_005c": "003191",
        "N02_005g": "003191",
        "ward_code": "13122",
        "ward_name": "葛飾区"
      },
      "geometry": {
        "type": "LineString",
        "coordinates": [
          [
            139.87152,
            35.76961
          ],
          [
            139.86926,
            35.76941
          ]
        ]
      }
    },
    {
      "type": "Feature",
      "properties": {
        "N02_001": "11",
        "N02_002": "2",
        "N02_003": "赤羽線",
        "N02_004": "東日本旅客鉄道",
        "N02_005": "池袋",
        "N02_005c": "003391",
        "N02_005g": "003390",
        "ward_code": "13116",
        "ward_name": "豊島区"
      },
      "geometry": {
        "type": "LineString",
        "coordinates": [
          [
            139.71071,
            35.72896
          ],
          [
            139.71197,
            35.73144
          ]
        ]
      }
    },
    {
      "type": "Feature",
      "properties": {
        "N02_001": "11",
        "N02_002": "2",
        "N02_003": "赤羽線",
        "N02_004": "東日本旅客鉄道",
        "N02_005": "赤羽",
        "N02_005c": "003155",
        "N02_005g": "003155",
        "ward_code": "13117",
        "ward_name": "北区"
      },
      "geometry": {
        "type": "LineString",
        "coordinates": [
          [
            139.7214,
            35.77687
          ],
          [
            139.72119,
            35.77723
          ],
          [
            139.72097,
            35.77755
          ],
          [
            139.72024,
            35.77855
          ]
        ]
      }
    },
    {
      "type": "Feature",
      "properties": {
        "N02_001": "11",
        "N02_002": "2",
        "N02_003": "赤羽線",
        "N02_004": "東日本旅客鉄道",
        "N02_005": "十条",
        "N02_005c": "003218",
        "N02_005g": "003218",
        "ward_code": "13117",
        "ward_name": "北区"
      },
      "geometry": {
        "type": "LineString",
        "coordinates": [
          [
            139.72225,
            35.75961
          ],
          [
            139.72225,
            35.76117
          ]
        ]
      }
    },
    {
      "type": "Feature",
      "properties": {
        "N02_001": "11",
        "N02_002": "2",
        "N02_003": "赤羽線",
        "N02_004": "東日本旅客鉄道",
        "N02_005": "板橋",
        "N02_005c": "003286",
        "N02_005g": "003286",
        "ward_code": "13119",
        "ward_name": "板橋区"
      },
      "geometry": {
        "type": "LineString",
        "coordinates": [
          [
            139.71865,
            35.74418
          ],
          [
            139.71924,
            35.7451
          ],
          [
            139.7197,
            35.7458
          ]
        ]
      }
    },
    {
      "type": "Feature",
      "properties": {
        "N02_001": "11",
        "N02_002": "2",
        "N02_003": "総武線",
        "N02_004": "東日本旅客鉄道",
        "N02_005": "御茶ノ水",
        "N02_005c": "003615",
        "N02_005g": "003615",
        "ward_code": "13101",
        "ward_name": "千代田区"
      },
      "geometry": {
        "type": "LineString",
        "coordinates": [
          [
            139.76372,
            35.69995
          ],
          [
            139.76634,
            35.69926
          ]
        ]
      }
    },
    {
      "type": "Feature",
      "properties": {
        "N02_001": "11",
        "N02_002": "2",
        "N02_003": "総武線",
        "N02_004": "東日本旅客鉄道",
        "N02_005": "新小岩",
        "N02_005c": "003486",
        "N02_005g": "003486",
        "ward_code": "13122",
        "ward_name": "葛飾区"
      },
      "geometry": {
        "type": "LineString",
        "coordinates": [
          [
            139.85625,
            35.71587
          ],
          [
            139.85679,
            35.71623
          ],
          [
            139.85885,
            35.71758
          ],
          [
            139.85905,
            35.7177
          ]
        ]
      }
    },
    {
      "type": "Feature",
      "properties": {
        "N02_001": "11",
        "N02_002": "2",
        "N02_003": "総武線",
        "N02_004": "東日本旅客鉄道",
        "N02_005": "浅草橋",
        "N02_005c": "003640",
        "N02_005g": "003636",
        "ward_code": "13106",
        "ward_name": "台東区"
      },
      "geometry": {
        "type": "LineString",
        "coordinates": [
          [
            139.7831,
            35.6975
          ],
          [
            139.78588,
            35.69728
          ]
        ]
      }
    },
    {
      "type": "Feature",
      "properties": {
        "N02_001": "11",
        "N02_002": "2",
        "N02_003": "総武線",
        "N02_004": "東日本旅客鉄道",
        "N02_005": "錦糸町",
        "N02_005c": "003647",
        "N02_005g": "003639",
        "ward_code": "13107",
        "ward_name": "墨田区"
      },
      "geometry": {
        "type": "LineString",
        "coordinates": [
          [
            139.81294,
            35.69666
          ],
          [
            139.81527,
            35.69676
          ],
          [
            139.8157,
            35.69678
          ]
        ]
      }
    },
    {
      "type": "Feature",
      "properties": {
        "N02_001": "11",
        "N02_002": "2",
        "N02_003": "総武線",
        "N02_004": "東日本旅客鉄道",
        "N02_005": "亀戸",
        "N02_005c": "003641",
        "N02_005g": "003635",
        "ward_code": "13108",
        "ward_name": "江東区"
      },
      "geometry": {
        "type": "LineString",
        "coordinates": [
          [
            139.82534,
            35.69729
          ],
          [
            139.82577,
            35.69731
          ],
          [
            139.82788,
            35.69739
          ]
        ]
      }
    },
    {
      "type": "Feature",
      "properties": {
        "N02_001": "11",
        "N02_002": "2",
        "N02_003": "総武線",
        "N02_004": "東日本旅客鉄道",
        "N02_005": "平井",
        "N02_005c": "003561",
        "N02_005g": "003561",
        "ward_code": "13123",
        "ward_name": "江戸川区"
      },
      "geometry": {
        "type": "LineString",
        "coordinates": [
          [
            139.84158,
            35.70595
          ],
          [
            139.84265,
            35.70661
          ],
          [
            139.84291,
            35.70678
          ],
          [
            139.84319,
            35.70695
          ]
        ]
      }
    },
    {
      "type": "Feature",
      "properties": {
        "N02_001": "11",
        "N02_002": "2",
        "N02_003": "総武線",
        "N02_004": "東日本旅客鉄道",
        "N02_005": "小岩",
        "N02_005c": "003360",
        "N02_005g": "003360",
        "ward_code": "13123",
        "ward_name": "江戸川区"
      },
      "geometry": {
        "type": "LineString",
        "coordinates": [
          [
            139.88259,
            35.73384
          ],
          [
            139.88111,
            35.73282
          ]
        ]
      }
    },
    {
      "type": "Feature",
      "properties": {
        "N02_001": "11",
        "N02_002": "2",
        "N02_003": "総武線",
        "N02_004": "東日本旅客鉄道",
        "N02_005": "秋葉原",
        "N02_005c": "003626",
        "N02_005g": "003624",
        "ward_code": "13101",
        "ward_name": "千代田区"
      },
      "geometry": {
        "type": "LineString",
        "coordinates": [
          [
            139.77449,
            35.6982
          ],
          [
            139.77194,
            35.69844
          ]
        ]
      }
    },
    {
      "type": "Feature",
      "properties": {
        "N02_001": "11",
        "N02_002": "2",
        "N02_003": "総武線",
        "N02_004": "東日本旅客鉄道",
        "N02_005": "東京",
        "N02_005c": "003760",
        "N02_005g": "003766",
        "ward_code": "13101",
        "ward_name": "千代田区"
      },
      "geometry": {
        "type": "LineString",
        "coordinates": [
          [
            139.76491,
            35.68098
          ],
          [
            139.76528,
            35.68159
          ],
          [
            139.76591,
            35.68245
          ]
        ]
      }
    },
    {
      "type": "Feature",
      "properties": {
        "N02_001": "11",
        "N02_002": "2",
        "N02_003": "総武線",
        "N02_004": "東日本旅客鉄道",
        "N02_005": "両国",
        "N02_005c": "003654",
        "N02_005g": "003654",
        "ward_code": "13107",
        "ward_name": "墨田区"
      },
      "geometry": {
        "type": "LineString",
        "coordinates": [
          [
            139.79221,
            35.69584
          ],
          [
            139.79449,
            35.69567
          ]
        ]
      }
    },
    {
      "type": "Feature",
      "properties": {
        "N02_001": "11",
        "N02_002": "2",
        "N02_003": "総武線",
        "N02_004": "東日本旅客鉄道",
        "N02_005": "馬喰町",
        "N02_005c": "003668",
        "N02_005g": "003668",
        "ward_code": "13102",
        "ward_name": "中央区"
      },
      "geometry": {
        "type": "LineString",
        "coordinates": [
          [
            139.78158,
            35.69271
          ],
          [
            139.78186,
            35.69294
          ],
          [
            139.78281,
            35.69367
          ],
          [
            139.78329,
            35.69403
          ]
        ]
      }
    },
    {
      "type": "Feature",
      "properties": {
        "N02_001": "11",
        "N02_002": "2",
        "N02_003": "総武線",
        "N02_004": "東日本旅客鉄道",
        "N02_005": "新日本橋",
        "N02_005c": "003703",
        "N02_005g": "003703",
        "ward_code": "13102",
        "ward_name": "中央区"
      },
      "geometry": {
        "type": "LineString",
        "coordinates": [
          [
            139.7733,
            35.68873
          ],
          [
            139.77363,
            35.68883
          ],
          [
            139.77443,
            35.68907
          ],
          [
            139.77529,
            35.68935
          ]
        ]
      }
    },
    {
      "type": "Feature",
      "properties": {
        "N02_001": "11",
        "N02_002": "2",
        "N02_003": "中央線",
        "N02_004": "東日本旅客鉄道",
        "N02_005": "水道橋",
        "N02_005c": "003591",
        "N02_005g": "003580",
        "ward_code": "13101",
        "ward_name": "千代田区"
      },
      "geometry": {
        "type": "LineString",
        "coordinates": [
          [
            139.75255,
            35.70209
          ],
          [
            139.75494,
            35.70191
          ]
        ]
      }
    },
    {
      "type": "Feature",
      "properties": {
        "N02_001": "11",
        "N02_002": "2",
        "N02_003": "中央線",
        "N02_004": "東日本旅客鉄道",
        "N02_005": "飯田橋",
        "N02_005c": "003608",
        "N02_005g": "003595",
        "ward_code": "13101",
        "ward_name": "千代田区"
      },
      "geometry": {
        "type": "LineString",
        "coordinates": [
          [
            139.74303,
            35.6994
          ],
          [
            139.7437,
            35.70019
          ],
          [
            139.74421,
            35.70091
          ]
        ]
      }
    },
    {
      "type": "Feature",
      "properties": {
        "N02_001": "11",
        "N02_002": "2",
        "N02_003": "中央線",
        "N02_004": "東日本旅客鉄道",
        "N02_005": "御茶ノ水",
        "N02_005c": "003616",
        "N02_005g": "003615",
        "ward_code": "13101",
        "ward_name": "千代田区"
      },
      "geometry": {
        "type": "LineString",
        "coordinates": [
          [
            139.76372,
            35.69995
          ],
          [
            139.76634,
            35.69926
          ]
        ]
      }
    },
    {
      "type": "Feature",
      "properties": {
        "N02_001": "11",
        "N02_002": "2",
        "N02_003": "中央線",
        "N02_004": "東日本旅客鉄道",
        "N02_005": "中野",
        "N02_005c": "003568",
        "N02_005g": "003568",
        "ward_code": "13114",
        "ward_name": "中野区"
      },
      "geometry": {
        "type": "LineString",
        "coordinates": [
          [
            139.66688,
            35.70579
          ],
          [
            139.66433,
            35.70569
          ]
        ]
      }
    },
    {
      "type": "Feature",
      "properties": {
        "N02_001": "11",
        "N02_002": "2",
        "N02_003": "中央線",
        "N02_004": "東日本旅客鉄道",
        "N02_005": "東中野",
        "N02_005c": "003563",
        "N02_005g": "003549",
        "ward_code": "13114",
        "ward_name": "中野区"
      },
      "geometry": {
        "type": "LineString",
        "coordinates": [
          [
            139.68626,
            35.70628
          ],
          [
            139.6839,
            35.70622
          ]
        ]
      }
    },
    {
      "type": "Feature",
      "properties": {
        "N02_001": "11",
        "N02_002": "2",
        "N02_003": "中央線",
        "N02_004": "東日本旅客鉄道",
        "N02_005": "中野",
        "N02_005c": "003568",
        "N02_005g": "003568",
        "ward_code": "13114",
        "ward_name": "中野区"
      },
      "geometry": {
        "type": "LineString",
        "coordinates": [
          [
            139.66735,
            35.7056
          ],
          [
            139.66482,
            35.70551
          ]
        ]
      }
    },
    {
      "type": "Feature",
      "properties": {
        "N02_001": "11",
        "N02_002": "2",
        "N02_003": "中央線",
        "N02_004": "東日本旅客鉄道",
        "N02_005": "西荻窪",
        "N02_005c": "003579",
        "N02_005g": "003579",
        "ward_code": "13115",
        "ward_name": "杉並区"
      },
      "geometry": {
        "type": "LineString",
        "coordinates": [
          [
            139.59833,
            35.70373
          ],
          [
            139.59963,
            35.70379
          ],
          [
            139.60029,
            35.70383
          ],
          [
            139.60057,
            35.70384
          ]
        ]
      }
    },
    {
      "type": "Feature",
      "properties": {
        "N02_001": "11",
        "N02_002": "2",
        "N02_003": "中央線",
        "N02_004": "東日本旅客鉄道",
        "N02_005": "荻窪",
        "N02_005c": "003575",
        "N02_005g": "003575",
        "ward_code": "13115",
        "ward_name": "杉並区"
      },
      "geometry": {
        "type": "LineString",
        "coordinates": [
          [
            139.61898,
            35.7044
          ],
          [
            139.62151,
            35.70446
          ]
        ]
      }
    },
    {
      "type": "Feature",
      "properties": {
        "N02_001": "11",
        "N02_002": "2",
        "N02_003": "中央線",
        "N02_004": "東日本旅客鉄道",
        "N02_005": "中野",
        "N02_005c": "003568",
        "N02_005g": "003568",
        "ward_code": "13114",
        "ward_name": "中野区"
      },
      "geometry": {
        "type": "LineString",
        "coordinates": [
          [
            139.66686,
            35.70598
          ],
          [
            139.66431,
            35.70593
          ]
        ]
      }
    },
    {
      "type": "Feature",
      "properties": {
        "N02_001": "11",
        "N02_002": "2",
        "N02_003": "中央線",
        "N02_004": "東日本旅客鉄道",
        "N02_005": "阿佐ヶ谷",
        "N02_005c": "003574",
        "N02_005g": "003574",
        "ward_code": "13115",
        "ward_name": "杉並区"
      },
      "geometry": {
        "type": "LineString",
        "coordinates": [
          [
            139.63722,
            35.70491
          ],
          [
            139.6369,
            35.7049
          ],
          [
            139.63642,
            35.70489
          ],
          [
            139.63449,
            35.70485
          ]
        ]
      }
    },
    {
      "type": "Feature",
      "properties": {
        "N02_001": "11",
        "N02_002": "2",
        "N02_003": "中央線",
        "N02_004": "東日本旅客鉄道",
        "N02_005": "高円寺",
        "N02_005c": "003573",
        "N02_005g": "003573",
        "ward_code": "13115",
        "ward_name": "杉並区"
      },
      "geometry": {
        "type": "LineString",
        "coordinates": [
          [
            139.65078,
            35.70536
          ],
          [
            139.64992,
            35.70533
          ],
          [
            139.64955,
            35.70532
          ],
          [
            139.64862,
            35.70529
          ]
        ]
      }
    },
    {
      "type": "Feature",
      "properties": {
        "N02_001": "11",
        "N02_002": "2",
        "N02_003": "中央線",
        "N02_004": "東日本旅客鉄道",
        "N02_005": "大久保",
        "N02_005c": "003604",
        "N02_005g": "003604",
        "ward_code": "13104",
        "ward_name": "新宿区"
      },
      "geometry": {
        "type": "LineString",
        "coordinates": [
          [
            139.69801,
            35.69978
          ],
          [
            139.69688,
            35.70149
          ]
        ]
      }
    },
    {
      "type": "Feature",
      "properties": {
        "N02_001": "11",
        "N02_002": "2",
        "N02_003": "中央線",
        "N02_004": "東日本旅客鉄道",
        "N02_005": "神田",
        "N02_005c": "003677",
        "N02_005g": "003677",
        "ward_code": "13101",
        "ward_name": "千代田区"
      },
      "geometry": {
        "type": "LineString",
        "coordinates": [
          [
            139.77054,
            35.69096
          ],
          [
            139.77121,
            35.69258
          ]
        ]
      }
    },
    {
      "type": "Feature",
      "properties": {
        "N02_001": "11",
        "N02_002": "2",
        "N02_003": "中央線",
        "N02_004": "東日本旅客鉄道",
        "N02_005": "四ツ谷",
        "N02_005c": "003728",
        "N02_005g": "003728",
        "ward_code": "13101",
        "ward_name": "千代田区"
      },
      "geometry": {
        "type": "LineString",
        "coordinates": [
          [
            139.73087,
            35.68661
          ],
          [
            139.73078,
            35.68637
          ],
          [
            139.73063,
            35.68594
          ],
          [
            139.73032,
            35.68505
          ],
          [
            139.73021,
            35.68469
          ]
        ]
      }
    },
    {
      "type": "Feature",
      "properties": {
        "N02_001": "11",
        "N02_002": "2",
        "N02_003": "中央線",
        "N02_004": "東日本旅客鉄道",
        "N02_005": "市ヶ谷",
        "N02_005c": "003685",
        "N02_005g": "003671",
        "ward_code": "13101",
        "ward_name": "千代田区"
      },
      "geometry": {
        "type": "LineString",
        "coordinates": [
          [
            139.73593,
            35.69152
          ],
          [
            139.73471,
            35.69079
          ]
        ]
      }
    },
    {
      "type": "Feature",
      "properties": {
        "N02_001": "11",
        "N02_002": "2",
        "N02_003": "中央線",
        "N02_004": "東日本旅客鉄道",
        "N02_005": "信濃町",
        "N02_005c": "003774",
        "N02_005g": "003774",
        "ward_code": "13104",
        "ward_name": "新宿区"
      },
      "geometry": {
        "type": "LineString",
        "coordinates": [
          [
            139.72241,
            35.67987
          ],
          [
            139.72185,
            35.67988
          ],
          [
            139.72112,
            35.67994
          ],
          [
            139.71979,
            35.68006
          ]
        ]
      }
    },
    {
      "type": "Feature",
      "properties": {
        "N02_001": "11",
        "N02_002": "2",
        "N02_003": "中央線",
        "N02_004": "東日本旅客鉄道",
        "N02_005": "代々木",
        "N02_005c": "003744",
        "N02_005g": "003743",
        "ward_code": "13113",
        "ward_name": "渋谷区"
      },
      "geometry": {
        "type": "LineString",
        "coordinates": [
          [
            139.70203,
            35.6845
          ],
          [
            139.70239,
            35.68309
          ]
        ]
      }
    },
    {
      "type": "Feature",
      "properties": {
        "N02_001": "11",
        "N02_002": "2",
        "N02_003": "中央線",
        "N02_004": "東日本旅客鉄道",
        "N02_005": "新宿",
        "N02_005c": "003693",
        "N02_005g": "003700",
        "ward_code": "13104",
        "ward_name": "新宿区"
      },
      "geometry": {
        "type": "LineString",
        "coordinates": [
          [
            139.70055,
            35.68931
          ],
          [
            139.7006,
            35.68995
          ],
          [
            139.70068,
            35.69107
          ]
        ]
      }
    },
    {
      "type": "Feature",
      "properties": {
        "N02_001": "11",
        "N02_002": "2",
        "N02_003": "中央線",
        "N02_004": "東日本旅客鉄道",
        "N02_005": "千駄ヶ谷",
        "N02_005c": "003767",
        "N02_005g": "003767",
        "ward_code": "13113",
        "ward_name": "渋谷区"
      },
      "geometry": {
        "type": "LineString",
        "coordinates": [
          [
            139.71279,
            35.68101
          ],
          [
            139.7113,
            35.68123
          ],
          [
            139.71027,
            35.68138
          ]
        ]
      }
    },
    {
      "type": "Feature",
      "properties": {
        "N02_001": "11",
        "N02_002": "2",
        "N02_003": "東海道線",
        "N02_004": "東日本旅客鉄道",
        "N02_005": "品川",
        "N02_005c": "004095",
        "N02_005g": "004095",
        "ward_code": "13103",
        "ward_name": "港区"
      },
      "geometry": {
        "type": "LineString",
        "coordinates": [
          [
            139.73863,
            35.627
          ],
          [
            139.73844,
            35.62927
          ]
        ]
      }
    },
    {
      "type": "Feature",
      "properties": {
        "N02_001": "11",
        "N02_002": "2",
        "N02_003": "東海道線",
        "N02_004": "東日本旅客鉄道",
        "N02_005": "新橋",
        "N02_005c": "003872",
        "N02_005g": "003872",
        "ward_code": "13103",
        "ward_name": "港区"
      },
      "geometry": {
        "type": "LineString",
        "coordinates": [
          [
            139.75814,
            35.6672
          ],
          [
            139.75826,
            35.66558
          ]
        ]
      }
    },
    {
      "type": "Feature",
      "properties": {
        "N02_001": "11",
        "N02_002": "2",
        "N02_003": "東海道線",
        "N02_004": "東日本旅客鉄道",
        "N02_005": "大森",
        "N02_005c": "004264",
        "N02_005g": "004264",
        "ward_code": "13111",
        "ward_name": "大田区"
      },
      "geometry": {
        "type": "LineString",
        "coordinates": [
          [
            139.7277,
            35.58823
          ],
          [
            139.72802,
            35.58872
          ],
          [
            139.7286,
            35.5896
          ]
        ]
      }
    },
    {
      "type": "Feature",
      "properties": {
        "N02_001": "11",
        "N02_002": "2",
        "N02_003": "東海道線",
        "N02_004": "東日本旅客鉄道",
        "N02_005": "浜松町",
        "N02_005c": "003949",
        "N02_005g": "003949",
        "ward_code": "13103",
        "ward_name": "港区"
      },
      "geometry": {
        "type": "LineString",
        "coordinates": [
          [
            139.75728,
            35.65614
          ],
          [
            139.75697,
            35.65468
          ]
        ]
      }
    },
    {
      "type": "Feature",
      "properties": {
        "N02_001": "11",
        "N02_002": "2",
        "N02_003": "東海道線",
        "N02_004": "東日本旅客鉄道",
        "N02_005": "品川",
        "N02_005c": "004095",
        "N02_005g": "004095",
        "ward_code": "13103",
        "ward_name": "港区"
      },
      "geometry": {
        "type": "LineString",
        "coordinates": [
          [
            139.7391,
            35.62713
          ],
          [
            139.73898,
            35.62986
          ]
        ]
      }
    },
    {
      "type": "Feature",
      "properties": {
        "N02_001": "11",
        "N02_002": "2",
        "N02_003": "東海道線",
        "N02_004": "東日本旅客鉄道",
        "N02_005": "田町",
        "N02_005c": "004000",
        "N02_005g": "004000",
        "ward_code": "13103",
        "ward_name": "港区"
      },
      "geometry": {
        "type": "LineString",
        "coordinates": [
          [
            139.74824,
            35.64611
          ],
          [
            139.74697,
            35.64537
          ]
        ]
      }
    },
    {
      "type": "Feature",
      "properties": {
        "N02_001": "11",
        "N02_002": "2",
        "N02_003": "東海道線",
        "N02_004": "東日本旅客鉄道",
        "N02_005": "東京",
        "N02_005c": "003770",
        "N02_005g": "003766",
        "ward_code": "13101",
        "ward_name": "千代田区"
      },
      "geometry": {
        "type": "LineString",
        "coordinates": [
          [
            139.76778,
            35.68294
          ],
          [
            139.7678,
            35.68112
          ],
          [
            139.76708,
            35.67945
          ]
        ]
      }
    },
    {
      "type": "Feature",
      "properties": {
        "N02_001": "11",
        "N02_002": "2",
        "N02_003": "東海道線",
        "N02_004": "東日本旅客鉄道",
        "N02_005": "東京",
        "N02_005c": "003770",
        "N02_005g": "003766",
        "ward_code": "13101",
        "ward_name": "千代田区"
      },
      "geometry": {
        "type": "LineString",
        "coordinates": [
          [
            139.76663,
            35.67955
          ],
          [
            139.76728,
            35.68105
          ],
          [
            139.76778,
            35.68294
          ]
        ]
      }
    },
    {
      "type": "Feature",
      "properties": {
        "N02_001": "11",
        "N02_002": "2",
        "N02_003": "東海道線",
        "N02_004": "東日本旅客鉄道",
        "N02_005": "東京",
        "N02_005c": "003770",
        "N02_005g": "003766",
        "ward_code": "13101",
        "ward_name": "千代田区"
      },
      "geometry": {
        "type": "LineString",
        "coordinates": [
          [
            139.76491,
            35.68098
          ],
          [
            139.76528,
            35.68159
          ],
          [
            139.76591,
            35.68245
          ]
        ]
      }
    },
    {
      "type": "Feature",
      "properties": {
        "N02_001": "11",
        "N02_002": "2",
        "N02_003": "東海道線",
        "N02_004": "東日本旅客鉄道",
        "N02_005": "西大井",
        "N02_005c": "004235",
        "N02_005g": "004235",
        "ward_code": "13109",
        "ward_name": "品川区"
      },
      "geometry": {
        "type": "LineString",
        "coordinates": [
          [
            139.72124,
            35.60085
          ],
          [
            139.72136,
            35.60112
          ],
          [
            139.72144,
            35.60132
          ],
          [
            139.72177,
            35.60207
          ],
          [
            139.72181,
            35.60217
          ],
          [
            139.72186,
            35.60228
          ],
          [
            139.72197,
            35.60255
          ]
        ]
      }
    },
    {
      "type": "Feature",
      "properties": {
        "N02_001": "11",
        "N02_002": "2",
        "N02_003": "東海道線",
        "N02_004": "東日本旅客鉄道",
        "N02_005": "新橋",
        "N02_005c": "003872",
        "N02_005g": "003872",
        "ward_code": "13103",
        "ward_name": "港区"
      },
      "geometry": {
        "type": "LineString",
        "coordinates": [
          [
            139.7588,
            35.66539
          ],
          [
            139.75866,
            35.66702
          ]
        ]
      }
    },
    {
      "type": "Feature",
      "properties": {
        "N02_001": "11",
        "N02_002": "2",
        "N02_003": "東海道線",
        "N02_004": "東日本旅客鉄道",
        "N02_005": "大井町",
        "N02_005c": "004207",
        "N02_005g": "004197",
        "ward_code": "13109",
        "ward_name": "品川区"
      },
      "geometry": {
        "type": "LineString",
        "coordinates": [
          [
            139.73491,
            35.6059
          ],
          [
            139.73506,
            35.60759
          ],
          [
            139.73507,
            35.60772
          ]
        ]
      }
    },
    {
      "type": "Feature",
      "properties": {
        "N02_001": "11",
        "N02_002": "2",
        "N02_003": "東海道線",
        "N02_004": "東日本旅客鉄道",
        "N02_005": "品川",
        "N02_005c": "004095",
        "N02_005g": "004095",
        "ward_code": "13103",
        "ward_name": "港区"
      },
      "geometry": {
        "type": "LineString",
        "coordinates": [
          [
            139.73936,
            35.62764
          ],
          [
            139.73939,
            35.62849
          ],
          [
            139.7394,
            35.62867
          ],
          [
            139.73942,
            35.62894
          ],
          [
            139.73944,
            35.62923
          ],
          [
            139.73956,
            35.62975
          ],
          [
            139.73983,
            35.63039
          ]
        ]
      }
    },
    {
      "type": "Feature",
      "properties": {
        "N02_001": "11",
        "N02_002": "2",
        "N02_003": "東海道線",
        "N02_004": "東日本旅客鉄道",
        "N02_005": "東京",
        "N02_005c": "003770",
        "N02_005g": "003766",
        "ward_code": "13101",
        "ward_name": "千代田区"
      },
      "geometry": {
        "type": "LineString",
        "coordinates": [
          [
            139.76716,
            35.68228
          ],
          [
            139.76621,
            35.67965
          ]
        ]
      }
    },
    {
      "type": "Feature",
      "properties": {
        "N02_001": "11",
        "N02_002": "2",
        "N02_003": "東海道線",
        "N02_004": "東日本旅客鉄道",
        "N02_005": "有楽町",
        "N02_005c": "003798",
        "N02_005g": "003795",
        "ward_code": "13101",
        "ward_name": "千代田区"
      },
      "geometry": {
        "type": "LineString",
        "coordinates": [
          [
            139.76254,
            35.67448
          ],
          [
            139.76398,
            35.6756
          ]
        ]
      }
    },
    {
      "type": "Feature",
      "properties": {
        "N02_001": "11",
        "N02_002": "2",
        "N02_003": "東海道線",
        "N02_004": "東日本旅客鉄道",
        "N02_005": "蒲田",
        "N02_005c": "004328",
        "N02_005g": "004330",
        "ward_code": "13111",
        "ward_name": "大田区"
      },
      "geometry": {
        "type": "LineString",
        "coordinates": [
          [
            139.71637,
            35.56335
          ],
          [
            139.71569,
            35.56162
          ]
        ]
      }
    },
    {
      "type": "Feature",
      "properties": {
        "N02_001": "11",
        "N02_002": "1",
        "N02_003": "東北新幹線",
        "N02_004": "東日本旅客鉄道",
        "N02_005": "上野",
        "N02_005c": "003505",
        "N02_005g": "003505",
        "ward_code": "13106",
        "ward_name": "台東区"
      },
      "geometry": {
        "type": "LineString",
        "coordinates": [
          [
            139.77802,
            35.71432
          ],
          [
            139.77675,
            35.71231
          ]
        ]
      }
    },
    {
      "type": "Feature",
      "properties": {
        "N02_001": "11",
        "N02_002": "1",
        "N02_003": "東北新幹線",
        "N02_004": "東日本旅客鉄道",
        "N02_005": "東京",
        "N02_005c": "003769",
        "N02_005g": "003766",
        "ward_code": "13101",
        "ward_name": "千代田区"
      },
      "geometry": {
        "type": "LineString",
        "coordinates": [
          [
            139.76807,
            35.68296
          ],
          [
            139.76811,
            35.68099
          ],
          [
            139.76746,
            35.67936
          ]
        ]
      }
    },
    {
      "type": "Feature",
      "properties": {
        "N02_001": "11",
        "N02_002": "2",
        "N02_003": "東北線",
        "N02_004": "東日本旅客鉄道",
        "N02_005": "田端",
        "N02_005c": "003336",
        "N02_005g": "003335",
        "ward_code": "13117",
        "ward_name": "北区"
      },
      "geometry": {
        "type": "LineString",
        "coordinates": [
          [
            139.76067,
            35.73826
          ],
          [
            139.76248,
            35.73669
          ]
        ]
      }
    },
    {
      "type": "Feature",
      "properties": {
        "N02_001": "11",
        "N02_002": "2",
        "N02_003": "東北線",
        "N02_004": "東日本旅客鉄道",
        "N02_005": "日暮里",
        "N02_005c": "003420",
        "N02_005g": "003417",
        "ward_code": "13118",
        "ward_name": "荒川区"
      },
      "geometry": {
        "type": "LineString",
        "coordinates": [
          [
            139.77196,
            35.72734
          ],
          [
            139.77092,
            35.72822
          ],
          [
            139.77069,
            35.7284
          ]
        ]
      }
    },
    {
      "type": "Feature",
      "properties": {
        "N02_001": "11",
        "N02_002": "2",
        "N02_003": "東北線",
        "N02_004": "東日本旅客鉄道",
        "N02_005": "西日暮里",
        "N02_005c": "003373",
        "N02_005g": "003368",
        "ward_code": "13118",
        "ward_name": "荒川区"
      },
      "geometry": {
        "type": "LineString",
        "coordinates": [
          [
            139.76626,
            35.73289
          ],
          [
            139.76656,
            35.73241
          ],
          [
            139.76675,
            35.73213
          ],
          [
            139.76729,
            35.73127
          ]
        ]
      }
    },
    {
      "type": "Feature",
      "properties": {
        "N02_001": "11",
        "N02_002": "2",
        "N02_003": "東北線",
        "N02_004": "東日本旅客鉄道",
        "N02_005": "上野",
        "N02_005c": "003504",
        "N02_005g": "003505",
        "ward_code": "13106",
        "ward_name": "台東区"
      },
      "geometry": {
        "type": "LineString",
        "coordinates": [
          [
            139.77664,
            35.71439
          ],
          [
            139.77507,
            35.71205
          ]
        ]
      }
    },
    {
      "type": "Feature",
      "properties": {
        "N02_001": "11",
        "N02_002": "2",
        "N02_003": "東北線",
        "N02_004": "東日本旅客鉄道",
        "N02_005": "上野",
        "N02_005c": "003504",
        "N02_005g": "003505",
        "ward_code": "13106",
        "ward_name": "台東区"
      },
      "geometry": {
        "type": "LineString",
        "coordinates": [
          [
            139.77573,
            35.71239
          ],
          [
            139.77664,
            35.71439
          ]
        ]
      }
    },
    {
      "type": "Feature",
      "properties": {
        "N02_001": "11",
        "N02_002": "2",
        "N02_003": "東北線",
        "N02_004": "東日本旅客鉄道",
        "N02_005": "秋葉原",
        "N02_005c": "003625",
        "N02_005g": "003624",
        "ward_code": "13101",
        "ward_name": "千代田区"
      },
      "geometry": {
        "type": "LineString",
        "coordinates": [
          [
            139.77317,
            35.69935
          ],
          [
            139.77292,
            35.69772
          ]
        ]
      }
    },
    {
      "type": "Feature",
      "properties": {
        "N02_001": "11",
        "N02_002": "2",
        "N02_003": "東北線",
        "N02_004": "東日本旅客鉄道",
        "N02_005": "上野",
        "N02_005c": "003504",
        "N02_005g": "003505",
        "ward_code": "13106",
        "ward_name": "台東区"
      },
      "geometry": {
        "type": "LineString",
        "coordinates": [
          [
            139.77832,
            35.71559
          ],
          [
            139.77606,
            35.7124
          ],
          [
            139.77754,
            35.715
          ]
        ]
      }
    },
    {
      "type": "Feature",
      "properties": {
        "N02_001": "11",
        "N02_002": "2",
        "N02_003": "東北線",
        "N02_004": "東日本旅客鉄道",
        "N02_005": "日暮里",
        "N02_005c": "003420",
        "N02_005g": "003417",
        "ward_code": "13106",
        "ward_name": "台東区"
      },
      "geometry": {
        "type": "LineString",
        "coordinates": [
          [
            139.77015,
            35.72799
          ],
          [
            139.77016,
            35.72798
          ],
          [
            139.77037,
            35.7278
          ],
          [
            139.77093,
            35.7273
          ],
          [
            139.7712,
            35.7271
          ],
          [
            139.77145,
            35.72691
          ],
          [
            139.77188,
            35.72667
          ]
        ]
      }
    },
    {
      "type": "Feature",
      "properties": {
        "N02_001": "11",
        "N02_002": "2",
        "N02_003": "東北線",
        "N02_004": "東日本旅客鉄道",
        "N02_005": "尾久",
        "N02_005c": "003278",
        "N02_005g": "003278",
        "ward_code": "13117",
        "ward_name": "北区"
      },
      "geometry": {
        "type": "LineString",
        "coordinates": [
          [
            139.75265,
            35.74732
          ],
          [
            139.75315,
            35.74712
          ],
          [
            139.75401,
            35.74677
          ],
          [
            139.75509,
            35.74627
          ]
        ]
      }
    },
    {
      "type": "Feature",
      "properties": {
        "N02_001": "11",
        "N02_002": "2",
        "N02_003": "東北線",
        "N02_004": "東日本旅客鉄道",
        "N02_005": "上野",
        "N02_005c": "003504",
        "N02_005g": "003505",
        "ward_code": "13106",
        "ward_name": "台東区"
      },
      "geometry": {
        "type": "LineString",
        "coordinates": [
          [
            139.7766,
            35.71262
          ],
          [
            139.77842,
            35.71511
          ]
        ]
      }
    },
    {
      "type": "Feature",
      "properties": {
        "N02_001": "11",
        "N02_002": "2",
        "N02_003": "東北線",
        "N02_004": "東日本旅客鉄道",
        "N02_005": "御徒町",
        "N02_005c": "003555",
        "N02_005g": "003555",
        "ward_code": "13106",
        "ward_name": "台東区"
      },
      "geometry": {
        "type": "LineString",
        "coordinates": [
          [
            139.77457,
            35.70632
          ],
          [
            139.77486,
            35.70807
          ]
        ]
      }
    },
    {
      "type": "Feature",
      "properties": {
        "N02_001": "11",
        "N02_002": "2",
        "N02_003": "東北線",
        "N02_004": "東日本旅客鉄道",
        "N02_005": "鶯谷",
        "N02_005c": "003460",
        "N02_005g": "003460",
        "ward_code": "13106",
        "ward_name": "台東区"
      },
      "geometry": {
        "type": "LineString",
        "coordinates": [
          [
            139.77741,
            35.72206
          ],
          [
            139.77865,
            35.72085
          ]
        ]
      }
    },
    {
      "type": "Feature",
      "properties": {
        "N02_001": "11",
        "N02_002": "2",
        "N02_003": "東北線",
        "N02_004": "東日本旅客鉄道",
        "N02_005": "王子",
        "N02_005c": "003241",
        "N02_005g": "003236",
        "ward_code": "13117",
        "ward_name": "北区"
      },
      "geometry": {
        "type": "LineString",
        "coordinates": [
          [
            139.73751,
            35.75302
          ],
          [
            139.73891,
            35.75163
          ]
        ]
      }
    },
    {
      "type": "Feature",
      "properties": {
        "N02_001": "11",
        "N02_002": "2",
        "N02_003": "東北線",
        "N02_004": "東日本旅客鉄道",
        "N02_005": "上中里",
        "N02_005c": "003277",
        "N02_005g": "003277",
        "ward_code": "13117",
        "ward_name": "北区"
      },
      "geometry": {
        "type": "LineString",
        "coordinates": [
          [
            139.74475,
            35.74773
          ],
          [
            139.74614,
            35.74696
          ],
          [
            139.74666,
            35.74668
          ],
          [
            139.74677,
            35.74662
          ],
          [
            139.74711,
            35.74645
          ]
        ]
      }
    },
    {
      "type": "Feature",
      "properties": {
        "N02_001": "11",
        "N02_002": "2",
        "N02_003": "東北線",
        "N02_004": "東日本旅客鉄道",
        "N02_005": "赤羽",
        "N02_005c": "003157",
        "N02_005g": "003155",
        "ward_code": "13117",
        "ward_name": "北区"
      },
      "geometry": {
        "type": "LineString",
        "coordinates": [
          [
            139.7214,
            35.77687
          ],
          [
            139.72119,
            35.77723
          ],
          [
            139.72097,
            35.77755
          ],
          [
            139.72024,
            35.77855
          ]
        ]
      }
    },
    {
      "type": "Feature",
      "properties": {
        "N02_001": "11",
        "N02_002": "2",
        "N02_003": "東北線",
        "N02_004": "東日本旅客鉄道",
        "N02_005": "東十条",
        "N02_005c": "003210",
        "N02_005g": "003210",
        "ward_code": "13117",
        "ward_name": "北区"
      },
      "geometry": {
        "type": "LineString",
        "coordinates": [
          [
            139.72748,
            35.76284
          ],
          [
            139.72684,
            35.76366
          ],
          [
            139.72663,
            35.76395
          ],
          [
            139.72603,
            35.76487
          ]
        ]
      }
    },
    {
      "type": "Feature",
      "properties": {
        "N02_001": "11",
        "N02_002": "2",
        "N02_003": "東北線",
        "N02_004": "東日本旅客鉄道",
        "N02_005": "浮間舟渡",
        "N02_005c": "003107",
        "N02_005g": "003107",
        "ward_code": "13117",
        "ward_name": "北区"
      },
      "geometry": {
        "type": "LineString",
        "coordinates": [
          [
            139.69251,
            35.79103
          ],
          [
            139.69212,
            35.79109
          ],
          [
            139.69177,
            35.79117
          ],
          [
            139.69145,
            35.79124
          ],
          [
            139.69135,
            35.79127
          ],
          [
            139.69093,
            35.7914
          ],
          [
            139.69031,
            35.79165
          ]
        ]
      }
    },
    {
      "type": "Feature",
      "properties": {
        "N02_001": "11",
        "N02_002": "2",
        "N02_003": "東北線",
        "N02_004": "東日本旅客鉄道",
        "N02_005": "北赤羽",
        "N02_005c": "003130",
        "N02_005g": "003130",
        "ward_code": "13117",
        "ward_name": "北区"
      },
      "geometry": {
        "type": "LineString",
        "coordinates": [
          [
            139.70667,
            35.78648
          ],
          [
            139.70629,
            35.78667
          ],
          [
            139.70591,
            35.7869
          ],
          [
            139.70538,
            35.78724
          ],
          [
            139.70492,
            35.78758
          ]
        ]
      }
    },
    {
      "type": "Feature",
      "properties": {
        "N02_001": "11",
        "N02_002": "2",
        "N02_003": "東北線",
        "N02_004": "東日本旅客鉄道",
        "N02_005": "赤羽",
        "N02_005c": "003157",
        "N02_005g": "003155",
        "ward_code": "13117",
        "ward_name": "北区"
      },
      "geometry": {
        "type": "LineString",
        "coordinates": [
          [
            139.72187,
            35.7765
          ],
          [
            139.72173,
            35.77679
          ],
          [
            139.72158,
            35.77707
          ],
          [
            139.72135,
            35.77748
          ],
          [
            139.72111,
            35.77783
          ],
          [
            139.72072,
            35.77833
          ],
          [
            139.72046,
            35.77867
          ]
        ]
      }
    },
    {
      "type": "Feature",
      "properties": {
        "N02_001": "11",
        "N02_002": "2",
        "N02_003": "東北線",
        "N02_004": "東日本旅客鉄道",
        "N02_005": "東京",
        "N02_005c": "003766",
        "N02_005g": "003766",
        "ward_code": "13101",
        "ward_name": "千代田区"
      },
      "geometry": {
        "type": "LineString",
        "coordinates": [
          [
            139.76716,
            35.68228
          ],
          [
            139.76621,
            35.67965
          ]
        ]
      }
    },
    {
      "type": "Feature",
      "properties": {
        "N02_001": "11",
        "N02_002": "2",
        "N02_003": "東北線",
        "N02_004": "東日本旅客鉄道",
        "N02_005": "東京",
        "N02_005c": "003766",
        "N02_005g": "003766",
        "ward_code": "13101",
        "ward_name": "千代田区"
      },
      "geometry": {
        "type": "LineString",
        "coordinates": [
          [
            139.76778,
            35.68294
          ],
          [
            139.7678,
            35.68112
          ],
          [
            139.76708,
            35.67945
          ]
        ]
      }
    },
    {
      "type": "Feature",
      "properties": {
        "N02_001": "11",
        "N02_002": "2",
        "N02_003": "東北線",
        "N02_004": "東日本旅客鉄道",
        "N02_005": "東京",
        "N02_005c": "003766",
        "N02_005g": "003766",
        "ward_code": "13101",
        "ward_name": "千代田区"
      },
      "geometry": {
        "type": "LineString",
        "coordinates": [
          [
            139.76663,
            35.67955
          ],
          [
            139.76728,
            35.68105
          ],
          [
            139.76778,
            35.68294
          ]
        ]
      }
    },
    {
      "type": "Feature",
      "properties": {
        "N02_001": "11",
        "N02_002": "2",
        "N02_003": "東北線",
        "N02_004": "東日本旅客鉄道",
        "N02_005": "神田",
        "N02_005c": "003678",
        "N02_005g": "003677",
        "ward_code": "13101",
        "ward_name": "千代田区"
      },
      "geometry": {
        "type": "LineString",
        "coordinates": [
          [
            139.77054,
            35.69096
          ],
          [
            139.77121,
            35.69258
          ]
        ]
      }
    },
    {
      "type": "Feature",
      "properties": {
        "N02_001": "12",
        "N02_002": "4",
        "N02_003": "伊勢崎線",
        "N02_004": "東武鉄道",
        "N02_005": "堀切",
        "N02_005c": "003297",
        "N02_005g": "003297",
        "ward_code": "13121",
        "ward_name": "足立区"
      },
      "geometry": {
        "type": "LineString",
        "coordinates": [
          [
            139.81761,
            35.74308
          ],
          [
            139.81715,
            35.74361
          ]
        ]
      }
    },
    {
      "type": "Feature",
      "properties": {
        "N02_001": "12",
        "N02_002": "4",
        "N02_003": "伊勢崎線",
        "N02_004": "東武鉄道",
        "N02_005": "鐘ヶ淵",
        "N02_005c": "003355",
        "N02_005g": "003355",
        "ward_code": "13107",
        "ward_name": "墨田区"
      },
      "geometry": {
        "type": "LineString",
        "coordinates": [
          [
            139.82002,
            35.73337
          ],
          [
            139.82072,
            35.73415
          ]
        ]
      }
    },
    {
      "type": "Feature",
      "properties": {
        "N02_001": "12",
        "N02_002": "4",
        "N02_003": "伊勢崎線",
        "N02_004": "東武鉄道",
        "N02_005": "浅草",
        "N02_005c": "003513",
        "N02_005g": "003522",
        "ward_code": "13106",
        "ward_name": "台東区"
      },
      "geometry": {
        "type": "LineString",
        "coordinates": [
          [
            139.79793,
            35.71157
          ],
          [
            139.7987,
            35.71239
          ]
        ]
      }
    },
    {
      "type": "Feature",
      "properties": {
        "N02_001": "12",
        "N02_002": "4",
        "N02_003": "伊勢崎線",
        "N02_004": "東武鉄道",
        "N02_005": "西新井",
        "N02_005c": "003159",
        "N02_005g": "003159",
        "ward_code": "13121",
        "ward_name": "足立区"
      },
      "geometry": {
        "type": "LineString",
        "coordinates": [
          [
            139.79096,
            35.7767
          ],
          [
            139.78977,
            35.77786
          ]
        ]
      }
    },
    {
      "type": "Feature",
      "properties": {
        "N02_001": "12",
        "N02_002": "4",
        "N02_003": "伊勢崎線",
        "N02_004": "東武鉄道",
        "N02_005": "竹ノ塚",
        "N02_005c": "003101",
        "N02_005g": "003101",
        "ward_code": "13121",
        "ward_name": "足立区"
      },
      "geometry": {
        "type": "LineString",
        "coordinates": [
          [
            139.79046,
            35.79363
          ],
          [
            139.79098,
            35.79511
          ]
        ]
      }
    },
    {
      "type": "Feature",
      "properties": {
        "N02_001": "12",
        "N02_002": "4",
        "N02_003": "伊勢崎線",
        "N02_004": "東武鉄道",
        "N02_005": "小菅",
        "N02_005c": "003224",
        "N02_005g": "003224",
        "ward_code": "13121",
        "ward_name": "足立区"
      },
      "geometry": {
        "type": "LineString",
        "coordinates": [
          [
            139.8122,
            35.75814
          ],
          [
            139.8131,
            35.75923
          ]
        ]
      }
    },
    {
      "type": "Feature",
      "properties": {
        "N02_001": "12",
        "N02_002": "4",
        "N02_003": "伊勢崎線",
        "N02_004": "東武鉄道",
        "N02_005": "曳舟",
        "N02_005c": "003479",
        "N02_005g": "003479",
        "ward_code": "13107",
        "ward_name": "墨田区"
      },
      "geometry": {
        "type": "LineString",
        "coordinates": [
          [
            139.81658,
            35.71726
          ],
          [
            139.81667,
            35.71891
          ],
          [
            139.81677,
            35.71936
          ]
        ]
      }
    },
    {
      "type": "Feature",
      "properties": {
        "N02_001": "12",
        "N02_002": "4",
        "N02_003": "伊勢崎線",
        "N02_004": "東武鉄道",
        "N02_005": "東向島",
        "N02_005c": "003442",
        "N02_005g": "003442",
        "ward_code": "13107",
        "ward_name": "墨田区"
      },
      "geometry": {
        "type": "LineString",
        "coordinates": [
          [
            139.81926,
            35.72388
          ],
          [
            139.81941,
            35.72483
          ]
        ]
      }
    },
    {
      "type": "Feature",
      "properties": {
        "N02_001": "12",
        "N02_002": "4",
        "N02_003": "伊勢崎線",
        "N02_004": "東武鉄道",
        "N02_005": "とうきょうスカイツリー",
        "N02_005c": "003524",
        "N02_005g": "003524",
        "ward_code": "13107",
        "ward_name": "墨田区"
      },
      "geometry": {
        "type": "LineString",
        "coordinates": [
          [
            139.80863,
            35.71027
          ],
          [
            139.81016,
            35.71066
          ]
        ]
      }
    },
    {
      "type": "Feature",
      "properties": {
        "N02_001": "12",
        "N02_002": "4",
        "N02_003": "伊勢崎線",
        "N02_004": "東武鉄道",
        "N02_005": "五反野",
        "N02_005c": "003200",
        "N02_005g": "003200",
        "ward_code": "13121",
        "ward_name": "足立区"
      },
      "geometry": {
        "type": "LineString",
        "coordinates": [
          [
            139.81062,
            35.76534
          ],
          [
            139.80864,
            35.76647
          ]
        ]
      }
    },
    {
      "type": "Feature",
      "properties": {
        "N02_001": "12",
        "N02_002": "4",
        "N02_003": "伊勢崎線",
        "N02_004": "東武鉄道",
        "N02_005": "梅島",
        "N02_005c": "003176",
        "N02_005g": "003176",
        "ward_code": "13121",
        "ward_name": "足立区"
      },
      "geometry": {
        "type": "LineString",
        "coordinates": [
          [
            139.79975,
            35.77143
          ],
          [
            139.7964,
            35.77326
          ]
        ]
      }
    },
    {
      "type": "Feature",
      "properties": {
        "N02_001": "12",
        "N02_002": "4",
        "N02_003": "伊勢崎線",
        "N02_004": "東武鉄道",
        "N02_005": "北千住",
        "N02_005c": "003258",
        "N02_005g": "003260",
        "ward_code": "13121",
        "ward_name": "足立区"
      },
      "geometry": {
        "type": "LineString",
        "coordinates": [
          [
            139.80518,
            35.74855
          ],
          [
            139.80529,
            35.7489
          ],
          [
            139.80578,
            35.75053
          ],
          [
            139.806,
            35.75126
          ]
        ]
      }
    },
    {
      "type": "Feature",
      "properties": {
        "N02_001": "12",
        "N02_002": "4",
        "N02_003": "伊勢崎線",
        "N02_004": "東武鉄道",
        "N02_005": "牛田",
        "N02_005c": "003288",
        "N02_005g": "003288",
        "ward_code": "13121",
        "ward_name": "足立区"
      },
      "geometry": {
        "type": "LineString",
        "coordinates": [
          [
            139.81217,
            35.74461
          ],
          [
            139.81137,
            35.74448
          ]
        ]
      }
    },
    {
      "type": "Feature",
      "properties": {
        "N02_001": "12",
        "N02_002": "4",
        "N02_003": "亀戸線",
        "N02_004": "東武鉄道",
        "N02_005": "曳舟",
        "N02_005c": "003480",
        "N02_005g": "003479",
        "ward_code": "13107",
        "ward_name": "墨田区"
      },
      "geometry": {
        "type": "LineString",
        "coordinates": [
          [
            139.81658,
            35.71726
          ],
          [
            139.81667,
            35.71891
          ],
          [
            139.81677,
            35.71936
          ]
        ]
      }
    },
    {
      "type": "Feature",
      "properties": {
        "N02_001": "12",
        "N02_002": "4",
        "N02_003": "亀戸線",
        "N02_004": "東武鉄道",
        "N02_005": "東あずま",
        "N02_005c": "003548",
        "N02_005g": "003548",
        "ward_code": "13107",
        "ward_name": "墨田区"
      },
      "geometry": {
        "type": "LineString",
        "coordinates": [
          [
            139.83177,
            35.70706
          ],
          [
            139.83142,
            35.70769
          ]
        ]
      }
    },
    {
      "type": "Feature",
      "properties": {
        "N02_001": "12",
        "N02_002": "4",
        "N02_003": "亀戸線",
        "N02_004": "東武鉄道",
        "N02_005": "小村井",
        "N02_005c": "003525",
        "N02_005g": "003525",
        "ward_code": "13107",
        "ward_name": "墨田区"
      },
      "geometry": {
        "type": "LineString",
        "coordinates": [
          [
            139.82795,
            35.7102
          ],
          [
            139.82727,
            35.71044
          ]
        ]
      }
    },
    {
      "type": "Feature",
      "properties": {
        "N02_001": "12",
        "N02_002": "4",
        "N02_003": "亀戸線",
        "N02_004": "東武鉄道",
        "N02_005": "亀戸",
        "N02_005c": "003635",
        "N02_005g": "003635",
        "ward_code": "13108",
        "ward_name": "江東区"
      },
      "geometry": {
        "type": "LineString",
        "coordinates": [
          [
            139.82672,
            35.69773
          ],
          [
            139.82768,
            35.69774
          ]
        ]
      }
    },
    {
      "type": "Feature",
      "properties": {
        "N02_001": "12",
        "N02_002": "4",
        "N02_003": "亀戸線",
        "N02_004": "東武鉄道",
        "N02_005": "亀戸水神",
        "N02_005c": "003610",
        "N02_005g": "003610",
        "ward_code": "13108",
        "ward_name": "江東区"
      },
      "geometry": {
        "type": "LineString",
        "coordinates": [
          [
            139.83325,
            35.6996
          ],
          [
            139.83353,
            35.70029
          ]
        ]
      }
    },
    {
      "type": "Feature",
      "properties": {
        "N02_001": "12",
        "N02_002": "4",
        "N02_003": "大師線",
        "N02_004": "東武鉄道",
        "N02_005": "西新井",
        "N02_005c": "003160",
        "N02_005g": "003159",
        "ward_code": "13121",
        "ward_name": "足立区"
      },
      "geometry": {
        "type": "LineString",
        "coordinates": [
          [
            139.79096,
            35.7767
          ],
          [
            139.78977,
            35.77786
          ]
        ]
      }
    },
    {
      "type": "Feature",
      "properties": {
        "N02_001": "12",
        "N02_002": "4",
        "N02_003": "大師線",
        "N02_004": "東武鉄道",
        "N02_005": "大師前",
        "N02_005c": "003150",
        "N02_005g": "003150",
        "ward_code": "13121",
        "ward_name": "足立区"
      },
      "geometry": {
        "type": "LineString",
        "coordinates": [
          [
            139.78205,
            35.77904
          ],
          [
            139.78126,
            35.77886
          ]
        ]
      }
    },
    {
      "type": "Feature",
      "properties": {
        "N02_001": "12",
        "N02_002": "4",
        "N02_003": "東上本線",
        "N02_004": "東武鉄道",
        "N02_005": "池袋",
        "N02_005c": "003381",
        "N02_005g": "003390",
        "ward_code": "13116",
        "ward_name": "豊島区"
      },
      "geometry": {
        "type": "LineString",
        "coordinates": [
          [
            139.71128,
            35.73137
          ],
          [
            139.71106,
            35.73099
          ]
        ]
      }
    },
    {
      "type": "Feature",
      "properties": {
        "N02_001": "12",
        "N02_002": "4",
        "N02_003": "東上本線",
        "N02_004": "東武鉄道",
        "N02_005": "大山",
        "N02_005c": "003269",
        "N02_005g": "003269",
        "ward_code": "13119",
        "ward_name": "板橋区"
      },
      "geometry": {
        "type": "LineString",
        "coordinates": [
          [
            139.70225,
            35.7487
          ],
          [
            139.70254,
            35.74844
          ],
          [
            139.70308,
            35.74809
          ]
        ]
      }
    },
    {
      "type": "Feature",
      "properties": {
        "N02_001": "12",
        "N02_002": "4",
        "N02_003": "東上本線",
        "N02_004": "東武鉄道",
        "N02_005": "北池袋",
        "N02_005c": "003315",
        "N02_005g": "003315",
        "ward_code": "13116",
        "ward_name": "豊島区"
      },
      "geometry": {
        "type": "LineString",
        "coordinates": [
          [
            139.71676,
            35.74104
          ],
          [
            139.71603,
            35.73963
          ]
        ]
      }
    },
    {
      "type": "Feature",
      "properties": {
        "N02_001": "12",
        "N02_002": "4",
        "N02_003": "東上本線",
        "N02_004": "東武鉄道",
        "N02_005": "成増",
        "N02_005c": "003156",
        "N02_005g": "003156",
        "ward_code": "13119",
        "ward_name": "板橋区"
      },
      "geometry": {
        "type": "LineString",
        "coordinates": [
          [
            139.63376,
            35.77702
          ],
          [
            139.633,
            35.77754
          ],
          [
            139.63271,
            35.77771
          ],
          [
            139.63212,
            35.7781
          ]
        ]
      }
    },
    {
      "type": "Feature",
      "properties": {
        "N02_001": "12",
        "N02_002": "4",
        "N02_003": "東上本線",
        "N02_004": "東武鉄道",
        "N02_005": "上板橋",
        "N02_005c": "003212",
        "N02_005g": "003212",
        "ward_code": "13119",
        "ward_name": "板橋区"
      },
      "geometry": {
        "type": "LineString",
        "coordinates": [
          [
            139.67692,
            35.7633
          ],
          [
            139.67549,
            35.76393
          ]
        ]
      }
    },
    {
      "type": "Feature",
      "properties": {
        "N02_001": "12",
        "N02_002": "4",
        "N02_003": "東上本線",
        "N02_004": "東武鉄道",
        "N02_005": "下赤塚",
        "N02_005c": "003184",
        "N02_005g": "003184",
        "ward_code": "13119",
        "ward_name": "板橋区"
      },
      "geometry": {
        "type": "LineString",
        "coordinates": [
          [
            139.64537,
            35.7703
          ],
          [
            139.64433,
            35.77067
          ]
        ]
      }
    },
    {
      "type": "Feature",
      "properties": {
        "N02_001": "12",
        "N02_002": "4",
        "N02_003": "東上本線",
        "N02_004": "東武鉄道",
        "N02_005": "中板橋",
        "N02_005c": "003233",
        "N02_005g": "003233",
        "ward_code": "13119",
        "ward_name": "板橋区"
      },
      "geometry": {
        "type": "LineString",
        "coordinates": [
          [
            139.69521,
            35.75587
          ],
          [
            139.69356,
            35.75669
          ]
        ]
      }
    },
    {
      "type": "Feature",
      "properties": {
        "N02_001": "12",
        "N02_002": "4",
        "N02_003": "東上本線",
        "N02_004": "東武鉄道",
        "N02_005": "ときわ台",
        "N02_005c": "003223",
        "N02_005g": "003223",
        "ward_code": "13119",
        "ward_name": "板橋区"
      },
      "geometry": {
        "type": "LineString",
        "coordinates": [
          [
            139.68964,
            35.75865
          ],
          [
            139.68788,
            35.75916
          ]
        ]
      }
    },
    {
      "type": "Feature",
      "properties": {
        "N02_001": "12",
        "N02_002": "4",
        "N02_003": "東上本線",
        "N02_004": "東武鉄道",
        "N02_005": "下板橋",
        "N02_005c": "003285",
        "N02_005g": "003285",
        "ward_code": "13116",
        "ward_name": "豊島区"
      },
      "geometry": {
        "type": "LineString",
        "coordinates": [
          [
            139.71495,
            35.74551
          ],
          [
            139.71543,
            35.74527
          ],
          [
            139.71576,
            35.745
          ],
          [
            139.71632,
            35.74449
          ]
        ]
      }
    },
    {
      "type": "Feature",
      "properties": {
        "N02_001": "12",
        "N02_002": "4",
        "N02_003": "東上本線",
        "N02_004": "東武鉄道",
        "N02_005": "東武練馬",
        "N02_005c": "003194",
        "N02_005g": "003194",
        "ward_code": "13119",
        "ward_name": "板橋区"
      },
      "geometry": {
        "type": "LineString",
        "coordinates": [
          [
            139.66343,
            35.76855
          ],
          [
            139.66165,
            35.76875
          ]
        ]
      }
    },
    {
      "type": "Feature",
      "properties": {
        "N02_001": "12",
        "N02_002": "5",
        "N02_003": "北総線",
        "N02_004": "北総鉄道",
        "N02_005": "京成高砂",
        "N02_005c": "003251",
        "N02_005g": "003248",
        "ward_code": "13122",
        "ward_name": "葛飾区"
      },
      "geometry": {
        "type": "LineString",
        "coordinates": [
          [
            139.86746,
            35.75091
          ],
          [
            139.86572,
            35.75083
          ]
        ]
      }
    },
    {
      "type": "Feature",
      "properties": {
        "N02_001": "12",
        "N02_002": "5",
        "N02_003": "北総線",
        "N02_004": "北総鉄道",
        "N02_005": "新柴又",
        "N02_005c": "003244",
        "N02_005g": "003244",
        "ward_code": "13122",
        "ward_name": "葛飾区"
      },
      "geometry": {
        "type": "LineString",
        "coordinates": [
          [
            139.88053,
            35.75173
          ],
          [
            139.87911,
            35.75097
          ]
        ]
      }
    },
    {
      "type": "Feature",
      "properties": {
        "N02_001": "12",
        "N02_002": "4",
        "N02_003": "伊勢崎線",
        "N02_004": "東武鉄道",
        "N02_005": "押上",
        "N02_005c": "003541",
        "N02_005g": "003526",
        "ward_code": "13107",
        "ward_name": "墨田区"
      },
      "geometry": {
        "type": "LineString",
        "coordinates": [
          [
            139.81415,
            35.70668
          ],
          [
            139.81395,
            35.70753
          ],
          [
            139.81374,
            35.70843
          ],
          [
            139.81359,
            35.70908
          ],
          [
            139.81336,
            35.71012
          ],
          [
            139.81335,
            35.71026
          ]
        ]
      }
    },
    {
      "type": "Feature",
      "properties": {
        "N02_001": "12",
        "N02_002": "4",
        "N02_003": "7号線南北線",
        "N02_004": "東京地下鉄",
        "N02_005": "白金台",
        "N02_005c": "004045",
        "N02_005g": "004044",
        "ward_code": "13103",
        "ward_name": "港区"
      },
      "geometry": {
        "type": "LineString",
        "coordinates": [
          [
            139.72671,
            35.63814
          ],
          [
            139.72501,
            35.6374
          ]
        ]
      }
    },
    {
      "type": "Feature",
      "properties": {
        "N02_001": "12",
        "N02_002": "4",
        "N02_003": "7号線南北線",
        "N02_004": "東京地下鉄",
        "N02_005": "目黒",
        "N02_005c": "004073",
        "N02_005g": "004072",
        "ward_code": "13109",
        "ward_name": "品川区"
      },
      "geometry": {
        "type": "LineString",
        "coordinates": [
          [
            139.71542,
            35.6332
          ],
          [
            139.7159,
            35.63177
          ]
        ]
      }
    },
    {
      "type": "Feature",
      "properties": {
        "N02_001": "12",
        "N02_002": "4",
        "N02_003": "13号線副都心線",
        "N02_004": "東京地下鉄",
        "N02_005": "渋谷",
        "N02_005c": "003925",
        "N02_005g": "003922",
        "ward_code": "13113",
        "ward_name": "渋谷区"
      },
      "geometry": {
        "type": "LineString",
        "coordinates": [
          [
            139.702303,
            35.659955
          ],
          [
            139.702524,
            35.659078
          ],
          [
            139.702926,
            35.658263
          ]
        ]
      }
    },
    {
      "type": "Feature",
      "properties": {
        "N02_001": "12",
        "N02_002": "4",
        "N02_003": "13号線副都心線",
        "N02_004": "東京地下鉄",
        "N02_005": "明治神宮前",
        "N02_005c": "003857",
        "N02_005g": "003844",
        "ward_code": "13113",
        "ward_name": "渋谷区"
      },
      "geometry": {
        "type": "LineString",
        "coordinates": [
          [
            139.70588,
            35.66907
          ],
          [
            139.70545,
            35.6685
          ],
          [
            139.70507,
            35.66796
          ],
          [
            139.7046,
            35.66734
          ]
        ]
      }
    },
    {
      "type": "Feature",
      "properties": {
        "N02_001": "12",
        "N02_002": "4",
        "N02_003": "13号線副都心線",
        "N02_004": "東京地下鉄",
        "N02_005": "新宿三丁目",
        "N02_005c": "003689",
        "N02_005g": "003689",
        "ward_code": "13104",
        "ward_name": "新宿区"
      },
      "geometry": {
        "type": "LineString",
        "coordinates": [
          [
            139.70673,
            35.6939
          ],
          [
            139.70556,
            35.6919
          ],
          [
            139.70464,
            35.6904
          ],
          [
            139.70292,
            35.68791
          ],
          [
            139.70308,
            35.68731
          ]
        ]
      }
    },
    {
      "type": "Feature",
      "properties": {
        "N02_001": "12",
        "N02_002": "4",
        "N02_003": "13号線副都心線",
        "N02_004": "東京地下鉄",
        "N02_005": "東新宿",
        "N02_005c": "003612",
        "N02_005g": "003612",
        "ward_code": "13104",
        "ward_name": "新宿区"
      },
      "geometry": {
        "type": "LineString",
        "coordinates": [
          [
            139.70823,
            35.70187
          ],
          [
            139.70801,
            35.70066
          ],
          [
            139.70745,
            35.69779
          ]
        ]
      }
    },
    {
      "type": "Feature",
      "properties": {
        "N02_001": "12",
        "N02_002": "4",
        "N02_003": "13号線副都心線",
        "N02_004": "東京地下鉄",
        "N02_005": "北参道",
        "N02_005c": "003780",
        "N02_005g": "003780",
        "ward_code": "13113",
        "ward_name": "渋谷区"
      },
      "geometry": {
        "type": "LineString",
        "coordinates": [
          [
            139.70473,
            35.67947
          ],
          [
            139.70606,
            35.67774
          ],
          [
            139.70614,
            35.6775
          ]
        ]
      }
    },
    {
      "type": "Feature",
      "properties": {
        "N02_001": "12",
        "N02_002": "4",
        "N02_003": "13号線副都心線",
        "N02_004": "東京地下鉄",
        "N02_005": "西早稲田",
        "N02_005c": "003544",
        "N02_005g": "003544",
        "ward_code": "13104",
        "ward_name": "新宿区"
      },
      "geometry": {
        "type": "LineString",
        "coordinates": [
          [
            139.70933,
            35.70892
          ],
          [
            139.70918,
            35.70838
          ],
          [
            139.70897,
            35.70668
          ]
        ]
      }
    },
    {
      "type": "Feature",
      "properties": {
        "N02_001": "12",
        "N02_002": "4",
        "N02_003": "13号線副都心線",
        "N02_004": "東京地下鉄",
        "N02_005": "雑司が谷",
        "N02_005c": "003471",
        "N02_005g": "003471",
        "ward_code": "13116",
        "ward_name": "豊島区"
      },
      "geometry": {
        "type": "LineString",
        "coordinates": [
          [
            139.71558,
            35.72139
          ],
          [
            139.71385,
            35.71901
          ]
        ]
      }
    },
    {
      "type": "Feature",
      "properties": {
        "N02_001": "24",
        "N02_002": "3",
        "N02_003": "日暮里・舎人ライナー",
        "N02_004": "東京都",
        "N02_005": "見沼代親水公園",
        "N02_005c": "003060",
        "N02_005g": "003060",
        "ward_code": "13121",
        "ward_name": "足立区"
      },
      "geometry": {
        "type": "LineString",
        "coordinates": [
          [
            139.77068,
            35.81442
          ],
          [
            139.77072,
            35.81479
          ]
        ]
      }
    },
    {
      "type": "Feature",
      "properties": {
        "N02_001": "24",
        "N02_002": "3",
        "N02_003": "日暮里・舎人ライナー",
        "N02_004": "東京都",
        "N02_005": "舎人",
        "N02_005c": "003078",
        "N02_005g": "003078",
        "ward_code": "13121",
        "ward_name": "足立区"
      },
      "geometry": {
        "type": "LineString",
        "coordinates": [
          [
            139.77014,
            35.8055
          ],
          [
            139.77013,
            35.80594
          ]
        ]
      }
    },
    {
      "type": "Feature",
      "properties": {
        "N02_001": "24",
        "N02_002": "3",
        "N02_003": "日暮里・舎人ライナー",
        "N02_004": "東京都",
        "N02_005": "舎人公園",
        "N02_005c": "003098",
        "N02_005g": "003098",
        "ward_code": "13121",
        "ward_name": "足立区"
      },
      "geometry": {
        "type": "LineString",
        "coordinates": [
          [
            139.77012,
            35.79621
          ],
          [
            139.77012,
            35.79712
          ]
        ]
      }
    },
    {
      "type": "Feature",
      "properties": {
        "N02_001": "24",
        "N02_002": "3",
        "N02_003": "日暮里・舎人ライナー",
        "N02_004": "東京都",
        "N02_005": "西新井大師西",
        "N02_005c": "003144",
        "N02_005g": "003144",
        "ward_code": "13121",
        "ward_name": "足立区"
      },
      "geometry": {
        "type": "LineString",
        "coordinates": [
          [
            139.77014,
            35.78083
          ],
          [
            139.77014,
            35.78149
          ]
        ]
      }
    },
    {
      "type": "Feature",
      "properties": {
        "N02_001": "24",
        "N02_002": "3",
        "N02_003": "日暮里・舎人ライナー",
        "N02_004": "東京都",
        "N02_005": "江北",
        "N02_005c": "003171",
        "N02_005g": "003171",
        "ward_code": "13121",
        "ward_name": "足立区"
      },
      "geometry": {
        "type": "LineString",
        "coordinates": [
          [
            139.77037,
            35.77338
          ],
          [
            139.77032,
            35.77419
          ]
        ]
      }
    },
    {
      "type": "Feature",
      "properties": {
        "N02_001": "24",
        "N02_002": "3",
        "N02_003": "日暮里・舎人ライナー",
        "N02_004": "東京都",
        "N02_005": "高野",
        "N02_005c": "003196",
        "N02_005g": "003196",
        "ward_code": "13121",
        "ward_name": "足立区"
      },
      "geometry": {
        "type": "LineString",
        "coordinates": [
          [
            139.77075,
            35.76784
          ],
          [
            139.77069,
            35.76867
          ]
        ]
      }
    },
    {
      "type": "Feature",
      "properties": {
        "N02_001": "24",
        "N02_002": "3",
        "N02_003": "日暮里・舎人ライナー",
        "N02_004": "東京都",
        "N02_005": "足立小台",
        "N02_005c": "003235",
        "N02_005g": "003235",
        "ward_code": "13121",
        "ward_name": "足立区"
      },
      "geometry": {
        "type": "LineString",
        "coordinates": [
          [
            139.77017,
            35.75438
          ],
          [
            139.77024,
            35.75489
          ]
        ]
      }
    },
    {
      "type": "Feature",
      "properties": {
        "N02_001": "24",
        "N02_002": "3",
        "N02_003": "日暮里・舎人ライナー",
        "N02_004": "東京都",
        "N02_005": "谷在家",
        "N02_005c": "003120",
        "N02_005g": "003120",
        "ward_code": "13121",
        "ward_name": "足立区"
      },
      "geometry": {
        "type": "LineString",
        "coordinates": [
          [
            139.7701,
            35.78843
          ],
          [
            139.7701,
            35.78893
          ]
        ]
      }
    },
    {
      "type": "Feature",
      "properties": {
        "N02_001": "24",
        "N02_002": "3",
        "N02_003": "日暮里・舎人ライナー",
        "N02_004": "東京都",
        "N02_005": "扇大橋",
        "N02_005c": "003209",
        "N02_005g": "003209",
        "ward_code": "13121",
        "ward_name": "足立区"
      },
      "geometry": {
        "type": "LineString",
        "coordinates": [
          [
            139.77086,
            35.76375
          ],
          [
            139.77084,
            35.76452
          ]
        ]
      }
    },
    {
      "type": "Feature",
      "properties": {
        "N02_001": "24",
        "N02_002": "3",
        "N02_003": "日暮里・舎人ライナー",
        "N02_004": "東京都",
        "N02_005": "西日暮里",
        "N02_005c": "003358",
        "N02_005g": "003368",
        "ward_code": "13118",
        "ward_name": "荒川区"
      },
      "geometry": {
        "type": "LineString",
        "coordinates": [
          [
            139.76809,
            35.73327
          ],
          [
            139.76817,
            35.7341
          ]
        ]
      }
    },
    {
      "type": "Feature",
      "properties": {
        "N02_001": "24",
        "N02_002": "3",
        "N02_003": "日暮里・舎人ライナー",
        "N02_004": "東京都",
        "N02_005": "赤土小学校前",
        "N02_005c": "003298",
        "N02_005g": "003298",
        "ward_code": "13118",
        "ward_name": "荒川区"
      },
      "geometry": {
        "type": "LineString",
        "coordinates": [
          [
            139.7691,
            35.74275
          ],
          [
            139.76916,
            35.74337
          ]
        ]
      }
    },
    {
      "type": "Feature",
      "properties": {
        "N02_001": "24",
        "N02_002": "3",
        "N02_003": "日暮里・舎人ライナー",
        "N02_004": "東京都",
        "N02_005": "熊野前",
        "N02_005c": "003270",
        "N02_005g": "003266",
        "ward_code": "13118",
        "ward_name": "荒川区"
      },
      "geometry": {
        "type": "LineString",
        "coordinates": [
          [
            139.76988,
            35.74785
          ],
          [
            139.76997,
            35.74864
          ]
        ]
      }
    },
    {
      "type": "Feature",
      "properties": {
        "N02_001": "24",
        "N02_002": "3",
        "N02_003": "日暮里・舎人ライナー",
        "N02_004": "東京都",
        "N02_005": "日暮里",
        "N02_005c": "003406",
        "N02_005g": "003417",
        "ward_code": "13118",
        "ward_name": "荒川区"
      },
      "geometry": {
        "type": "LineString",
        "coordinates": [
          [
            139.77086,
            35.72854
          ],
          [
            139.77146,
            35.72905
          ]
        ]
      }
    },
    {
      "type": "Feature",
      "properties": {
        "N02_001": "12",
        "N02_002": "4",
        "N02_003": "空港線",
        "N02_004": "京浜急行電鉄",
        "N02_005": "羽田空港第3ターミナル",
        "N02_005c": "004382",
        "N02_005g": "004382",
        "ward_code": "13111",
        "ward_name": "大田区"
      },
      "geometry": {
        "type": "LineString",
        "coordinates": [
          [
            139.76606,
            35.545124
          ],
          [
            139.768073,
            35.544836
          ]
        ]
      }
    },
    {
      "type": "Feature",
      "properties": {
        "N02_001": "15",
        "N02_002": "4",
        "N02_003": "東京モノレール羽田線",
        "N02_004": "東京モノレール",
        "N02_005": "羽田空港第3ターミナル",
        "N02_005c": "004388",
        "N02_005g": "004382",
        "ward_code": "13111",
        "ward_name": "大田区"
      },
      "geometry": {
        "type": "LineString",
        "coordinates": [
          [
            139.768914,
            35.543408
          ],
          [
            139.768752,
            35.54374
          ],
          [
            139.768452,
            35.544127
          ],
          [
            139.768216,
            35.544376
          ]
        ]
      }
    },
    {
      "type": "Feature",
      "properties": {
        "N02_001": "12",
        "N02_002": "4",
        "N02_003": "成田空港線",
        "N02_004": "京成電鉄",
        "N02_005": "京成高砂",
        "N02_005c": "003249",
        "N02_005g": "003248",
        "ward_code": "13122",
        "ward_name": "葛飾区"
      },
      "geometry": {
        "type": "LineString",
        "coordinates": [
          [
            139.86746,
            35.75091
          ],
          [
            139.86572,
            35.75083
          ]
        ]
      }
    },
    {
      "type": "Feature",
      "properties": {
        "N02_001": "12",
        "N02_002": "4",
        "N02_003": "2号線日比谷線",
        "N02_004": "東京地下鉄",
        "N02_005": "虎ノ門ヒルズ",
        "N02_005c": "003866",
        "N02_005g": "003866",
        "ward_code": "13103",
        "ward_name": "港区"
      },
      "geometry": {
        "type": "LineString",
        "coordinates": [
          [
            139.748,
            35.66785
          ],
          [
            139.74755,
            35.66681
          ]
        ]
      }
    },
    {
      "type": "Feature",
      "properties": {
        "N02_001": "11",
        "N02_002": "2",
        "N02_003": "東海道線",
        "N02_004": "東日本旅客鉄道",
        "N02_005": "高輪ゲートウェイ",
        "N02_005c": "004061",
        "N02_005g": "004061",
        "ward_code": "13103",
        "ward_name": "港区"
      },
      "geometry": {
        "type": "LineString",
        "coordinates": [
          [
            139.74023697,
            35.63442991
          ],
          [
            139.74105194,
            35.63632753
          ]
        ]
      }
    },
    {
      "type": "Feature",
      "properties": {
        "N02_001": "12",
        "N02_002": "4",
        "N02_003": "13号線副都心線",
        "N02_004": "東京地下鉄",
        "N02_005": "要町",
        "N02_005c": "003361",
        "N02_005g": "003361",
        "ward_code": "13116",
        "ward_name": "豊島区"
      },
      "geometry": {
        "type": "LineString",
        "coordinates": [
          [
            139.69736,
            35.73342
          ],
          [
            139.6996,
            35.73301
          ]
        ]
      }
    },
    {
      "type": "Feature",
      "properties": {
        "N02_001": "12",
        "N02_002": "4",
        "N02_003": "13号線副都心線",
        "N02_004": "東京地下鉄",
        "N02_005": "小竹向原",
        "N02_005c": "003294",
        "N02_005g": "003294",
        "ward_code": "13120",
        "ward_name": "練馬区"
      },
      "geometry": {
        "type": "LineString",
        "coordinates": [
          [
            139.6785,
            35.74388
          ],
          [
            139.68054,
            35.74291
          ]
        ]
      }
    },
    {
      "type": "Feature",
      "properties": {
        "N02_001": "12",
        "N02_002": "4",
        "N02_003": "13号線副都心線",
        "N02_004": "東京地下鉄",
        "N02_005": "千川",
        "N02_005c": "003324",
        "N02_005g": "003324",
        "ward_code": "13116",
        "ward_name": "豊島区"
      },
      "geometry": {
        "type": "LineString",
        "coordinates": [
          [
            139.68851,
            35.73884
          ],
          [
            139.69029,
            35.73751
          ]
        ]
      }
    }
  ]
}