{
  "type": "FeatureCollection",
  "features": [
    {
      "type": "Feature",
      "properties": {
        "N02_001": "12",
        "N02_002": "4",
        "N02_003": "井の頭線",
        "N02_004": "京王電鉄",
        "N02_005": "井の頭公園",
        "N02_005c": "003642",
        "N02_005g": "003642",
        "ward_code": "13204",
        "ward_name": "三鷹市"
      },
      "geometry": {
        "type": "LineString",
        "coordinates": [
          [
            139.58282,
            35.69755
          ],
          [
            139.58342,
            35.69704
          ]
        ]
      }
    },
    {
      "type": "Feature",
      "properties": {
        "N02_001": "12",
        "N02_002": "4",
        "N02_003": "井の頭線",
        "N02_004": "京王電鉄",
        "N02_005": "吉祥寺",
        "N02_005c": "003588",
        "N02_005g": "003584",
        "ward_code": "13203",
        "ward_name": "武蔵野市"
      },
      "geometry": {
        "type": "LineString",
        "coordinates": [
          [
            139.58046,
            35.70205
          ],
          [
            139.58016,
            35.70253
          ]
        ]
      }
    },
    {
      "type": "Feature",
      "properties": {
        "N02_001": "12",
        "N02_002": "4",
        "N02_003": "井の頭線",
        "N02_004": "京王電鉄",
        "N02_005": "三鷹台",
        "N02_005c": "003674",
        "N02_005g": "003674",
        "ward_code": "13204",
        "ward_name": "三鷹市"
      },
      "geometry": {
        "type": "LineString",
        "coordinates": [
          [
            139.58874,
            35.6922
          ],
          [
            139.58985,
            35.6919
          ]
        ]
      }
    },
    {
      "type": "Feature",
      "properties": {
        "N02_001": "12",
        "N02_002": "4",
        "N02_003": "京王線",
        "N02_004": "京王電鉄",
        "N02_005": "仙川",
        "N02_005c": "003903",
        "N02_005g": "003903",
        "ward_code": "13208",
        "ward_name": "調布市"
      },
      "geometry": {
        "type": "LineString",
        "coordinates": [
          [
            139.58468,
            35.66218
          ],
          [
            139.58519,
            35.66236
          ],
          [
            139.5858,
            35.66257
          ]
        ]
      }
    },
    {
      "type": "Feature",
      "properties": {
        "N02_001": "12",
        "N02_002": "4",
        "N02_003": "京王線",
        "N02_004": "京王電鉄",
        "N02_005": "調布",
        "N02_005c": "003966",
        "N02_005g": "003966",
        "ward_code": "13208",
        "ward_name": "調布市"
      },
      "geometry": {
        "type": "LineString",
        "coordinates": [
          [
            139.54356,
            35.65211
          ],
          [
            139.54591,
            35.65143
          ]
        ]
      }
    },
    {
      "type": "Feature",
      "properties": {
        "N02_001": "12",
        "N02_002": "4",
        "N02_003": "京王線",
        "N02_004": "京王電鉄",
        "N02_005": "高幡不動",
        "N02_005c": "003904",
        "N02_005g": "003904",
        "ward_code": "13212",
        "ward_name": "日野市"
      },
      "geometry": {
        "type": "LineString",
        "coordinates": [
          [
            139.41397,
            35.66188
          ],
          [
            139.41223,
            35.66267
          ]
        ]
      }
    },
    {
      "type": "Feature",
      "properties": {
        "N02_001": "12",
        "N02_002": "4",
        "N02_003": "京王線",
        "N02_004": "京王電鉄",
        "N02_005": "北野",
        "N02_005c": "004007",
        "N02_005g": "004007",
        "ward_code": "13201",
        "ward_name": "八王子市"
      },
      "geometry": {
        "type": "LineString",
        "coordinates": [
          [
            139.35308,
            35.64495
          ],
          [
            139.3536,
            35.64473
          ],
          [
            139.35429,
            35.64444
          ],
          [
            139.35452,
            35.64434
          ],
          [
            139.35528,
            35.64402
          ]
        ]
      }
    },
    {
      "type": "Feature",
      "properties": {
        "N02_001": "12",
        "N02_002": "4",
        "N02_003": "京王線",
        "N02_004": "京王電鉄",
        "N02_005": "飛田給",
        "N02_005c": "003916",
        "N02_005g": "003916",
        "ward_code": "13208",
        "ward_name": "調布市"
      },
      "geometry": {
        "type": "LineString",
        "coordinates": [
          [
            139.52288,
            35.66034
          ],
          [
            139.52444,
            35.65963
          ]
        ]
      }
    },
    {
      "type": "Feature",
      "properties": {
        "N02_001": "12",
        "N02_002": "4",
        "N02_003": "京王線",
        "N02_004": "京王電鉄",
        "N02_005": "長沼",
        "N02_005c": "004027",
        "N02_005g": "004027",
        "ward_code": "13201",
        "ward_name": "八王子市"
      },
      "geometry": {
        "type": "LineString",
        "coordinates": [
          [
            139.36507,
            35.6428
          ],
          [
            139.36669,
            35.64276
          ]
        ]
      }
    },
    {
      "type": "Feature",
      "properties": {
        "N02_001": "12",
        "N02_002": "4",
        "N02_003": "京王線",
        "N02_004": "京王電鉄",
        "N02_005": "つつじヶ丘",
        "N02_005c": "003933",
        "N02_005g": "003933",
        "ward_code": "13208",
        "ward_name": "調布市"
      },
      "geometry": {
        "type": "LineString",
        "coordinates": [
          [
            139.57434,
            35.65762
          ],
          [
            139.57604,
            35.65838
          ]
        ]
      }
    },
    {
      "type": "Feature",
      "properties": {
        "N02_001": "12",
        "N02_002": "4",
        "N02_003": "京王線",
        "N02_004": "京王電鉄",
        "N02_005": "柴崎",
        "N02_005c": "003959",
        "N02_005g": "003959",
        "ward_code": "13208",
        "ward_name": "調布市"
      },
      "geometry": {
        "type": "LineString",
        "coordinates": [
          [
            139.56589,
            35.65365
          ],
          [
            139.56736,
            35.65433
          ]
        ]
      }
    },
    {
      "type": "Feature",
      "properties": {
        "N02_001": "12",
        "N02_002": "4",
        "N02_003": "京王線",
        "N02_004": "京王電鉄",
        "N02_005": "中河原",
        "N02_005c": "003920",
        "N02_005g": "003920",
        "ward_code": "13206",
        "ward_name": "府中市"
      },
      "geometry": {
        "type": "LineString",
        "coordinates": [
          [
            139.45694,
            35.65941
          ],
          [
            139.45709,
            35.65943
          ],
          [
            139.45754,
            35.65951
          ],
          [
            139.45845,
            35.65966
          ]
        ]
      }
    },
    {
      "type": "Feature",
      "properties": {
        "N02_001": "12",
        "N02_002": "4",
        "N02_003": "京王線",
        "N02_004": "京王電鉄",
        "N02_005": "東府中",
        "N02_005c": "003850",
        "N02_005g": "003850",
        "ward_code": "13206",
        "ward_name": "府中市"
      },
      "geometry": {
        "type": "LineString",
        "coordinates": [
          [
            139.49602,
            35.66854
          ],
          [
            139.49478,
            35.669
          ]
        ]
      }
    },
    {
      "type": "Feature",
      "properties": {
        "N02_001": "12",
        "N02_002": "4",
        "N02_003": "京王線",
        "N02_004": "京王電鉄",
        "N02_005": "武蔵野台",
        "N02_005c": "003891",
        "N02_005g": "003891",
        "ward_code": "13206",
        "ward_name": "府中市"
      },
      "geometry": {
        "type": "LineString",
        "coordinates": [
          [
            139.51052,
            35.66431
          ],
          [
            139.51209,
            35.66396
          ]
        ]
      }
    },
    {
      "type": "Feature",
      "properties": {
        "N02_001": "12",
        "N02_002": "4",
        "N02_003": "京王線",
        "N02_004": "京王電鉄",
        "N02_005": "百草園",
        "N02_005c": "003936",
        "N02_005g": "003936",
        "ward_code": "13212",
        "ward_name": "日野市"
      },
      "geometry": {
        "type": "LineString",
        "coordinates": [
          [
            139.43082,
            35.65752
          ],
          [
            139.43193,
            35.65723
          ]
        ]
      }
    },
    {
      "type": "Feature",
      "properties": {
        "N02_001": "12",
        "N02_002": "4",
        "N02_003": "京王線",
        "N02_004": "京王電鉄",
        "N02_005": "布田",
        "N02_005c": "003975",
        "N02_005g": "003975",
        "ward_code": "13208",
        "ward_name": "調布市"
      },
      "geometry": {
        "type": "LineString",
        "coordinates": [
          [
            139.55108,
            35.64993
          ],
          [
            139.55235,
            35.64979
          ]
        ]
      }
    },
    {
      "type": "Feature",
      "properties": {
        "N02_001": "12",
        "N02_002": "4",
        "N02_003": "京王線",
        "N02_004": "京王電鉄",
        "N02_005": "平山城址公園",
        "N02_005c": "003990",
        "N02_005g": "003990",
        "ward_code": "13212",
        "ward_name": "日野市"
      },
      "geometry": {
        "type": "LineString",
        "coordinates": [
          [
            139.38057,
            35.64794
          ],
          [
            139.37922,
            35.64668
          ]
        ]
      }
    },
    {
      "type": "Feature",
      "properties": {
        "N02_001": "12",
        "N02_002": "4",
        "N02_003": "京王線",
        "N02_004": "京王電鉄",
        "N02_005": "多磨霊園",
        "N02_005c": "003871",
        "N02_005g": "003871",
        "ward_code": "13206",
        "ward_name": "府中市"
      },
      "geometry": {
        "type": "LineString",
        "coordinates": [
          [
            139.50117,
            35.6667
          ],
          [
            139.50307,
            35.66602
          ]
        ]
      }
    },
    {
      "type": "Feature",
      "properties": {
        "N02_001": "12",
        "N02_002": "4",
        "N02_003": "京王線",
        "N02_004": "京王電鉄",
        "N02_005": "国領",
        "N02_005c": "003973",
        "N02_005g": "003973",
        "ward_code": "13208",
        "ward_name": "調布市"
      },
      "geometry": {
        "type": "LineString",
        "coordinates": [
          [
            139.55779,
            35.64992
          ],
          [
            139.55907,
            35.65045
          ]
        ]
      }
    },
    {
      "type": "Feature",
      "properties": {
        "N02_001": "12",
        "N02_002": "4",
        "N02_003": "京王線",
        "N02_004": "京王電鉄",
        "N02_005": "京王八王子",
        "N02_005c": "003934",
        "N02_005g": "003934",
        "ward_code": "13201",
        "ward_name": "八王子市"
      },
      "geometry": {
        "type": "LineString",
        "coordinates": [
          [
            139.34246,
            35.65849
          ],
          [
            139.34271,
            35.65823
          ],
          [
            139.34309,
            35.65793
          ],
          [
            139.34365,
            35.65755
          ]
        ]
      }
    },
    {
      "type": "Feature",
      "properties": {
        "N02_001": "12",
        "N02_002": "4",
        "N02_003": "京王線",
        "N02_004": "京王電鉄",
        "N02_005": "分倍河原",
        "N02_005c": "003858",
        "N02_005g": "003853",
        "ward_code": "13206",
        "ward_name": "府中市"
      },
      "geometry": {
        "type": "LineString",
        "coordinates": [
          [
            139.46816,
            35.66739
          ],
          [
            139.46818,
            35.66746
          ],
          [
            139.46851,
            35.6686
          ],
          [
            139.46857,
            35.66881
          ]
        ]
      }
    },
    {
      "type": "Feature",
      "properties": {
        "N02_001": "12",
        "N02_002": "4",
        "N02_003": "京王線",
        "N02_004": "京王電鉄",
        "N02_005": "西調布",
        "N02_005c": "003937",
        "N02_005g": "003937",
        "ward_code": "13208",
        "ward_name": "調布市"
      },
      "geometry": {
        "type": "LineString",
        "coordinates": [
          [
            139.52866,
            35.65772
          ],
          [
            139.53035,
            35.65692
          ]
        ]
      }
    },
    {
      "type": "Feature",
      "properties": {
        "N02_001": "12",
        "N02_002": "4",
        "N02_003": "京王線",
        "N02_004": "京王電鉄",
        "N02_005": "南平",
        "N02_005c": "003952",
        "N02_005g": "003952",
        "ward_code": "13212",
        "ward_name": "日野市"
      },
      "geometry": {
        "type": "LineString",
        "coordinates": [
          [
            139.39302,
            35.65555
          ],
          [
            139.39213,
            35.65473
          ]
        ]
      }
    },
    {
      "type": "Feature",
      "properties": {
        "N02_001": "12",
        "N02_002": "4",
        "N02_003": "京王線",
        "N02_004": "京王電鉄",
        "N02_005": "聖蹟桜ヶ丘",
        "N02_005c": "003971",
        "N02_005g": "003971",
        "ward_code": "13224",
        "ward_name": "多摩市"
      },
      "geometry": {
        "type": "LineString",
        "coordinates": [
          [
            139.44616,
            35.65068
          ],
          [
            139.4467,
            35.65076
          ],
          [
            139.44776,
            35.65092
          ]
        ]
      }
    },
    {
      "type": "Feature",
      "properties": {
        "N02_001": "12",
        "N02_002": "4",
        "N02_003": "京王線",
        "N02_004": "京王電鉄",
        "N02_005": "府中",
        "N02_005c": "003821",
        "N02_005g": "003821",
        "ward_code": "13206",
        "ward_name": "府中市"
      },
      "geometry": {
        "type": "LineString",
        "coordinates": [
          [
            139.48079,
            35.67204
          ],
          [
            139.47941,
            35.67234
          ]
        ]
      }
    },
    {
      "type": "Feature",
      "properties": {
        "N02_001": "12",
        "N02_002": "4",
        "N02_003": "競馬場線",
        "N02_004": "京王電鉄",
        "N02_005": "東府中",
        "N02_005c": "003851",
        "N02_005g": "003850",
        "ward_code": "13206",
        "ward_name": "府中市"
      },
      "geometry": {
        "type": "LineString",
        "coordinates": [
          [
            139.49602,
            35.66854
          ],
          [
            139.49478,
            35.669
          ]
        ]
      }
    },
    {
      "type": "Feature",
      "properties": {
        "N02_001": "12",
        "N02_002": "4",
        "N02_003": "競馬場線",
        "N02_004": "京王電鉄",
        "N02_005": "府中競馬正門前",
        "N02_005c": "003856",
        "N02_005g": "003856",
        "ward_code": "13206",
        "ward_name": "府中市"
      },
      "geometry": {
        "type": "LineString",
        "coordinates": [
          [
            139.48584,
            35.66833
          ],
          [
            139.48449,
            35.66838
          ]
        ]
      }
    },
    {
      "type": "Feature",
      "properties": {
        "N02_001": "12",
        "N02_002": "4",
        "N02_003": "高尾線",
        "N02_004": "京王電鉄",
        "N02_005": "高尾",
        "N02_005c": "004033",
        "N02_005g": "004029",
        "ward_code": "13201",
        "ward_name": "八王子市"
      },
      "geometry": {
        "type": "LineString",
        "coordinates": [
          [
            139.28094,
            35.64149
          ],
          [
            139.28248,
            35.64182
          ]
        ]
      }
    },
    {
      "type": "Feature",
      "properties": {
        "N02_001": "12",
        "N02_002": "4",
        "N02_003": "高尾線",
        "N02_004": "京王電鉄",
        "N02_005": "山田",
        "N02_005c": "004010",
        "N02_005g": "004010",
        "ward_code": "13201",
        "ward_name": "八王子市"
      },
      "geometry": {
        "type": "LineString",
        "coordinates": [
          [
            139.32036,
            35.64438
          ],
          [
            139.32115,
            35.64433
          ]
        ]
      }
    },
    {
      "type": "Feature",
      "properties": {
        "N02_001": "12",
        "N02_002": "4",
        "N02_003": "高尾線",
        "N02_004": "京王電鉄",
        "N02_005": "めじろ台",
        "N02_005c": "004019",
        "N02_005g": "004019",
        "ward_code": "13201",
        "ward_name": "八王子市"
      },
      "geometry": {
        "type": "LineString",
        "coordinates": [
          [
            139.30777,
            35.6434
          ],
          [
            139.30834,
            35.64359
          ],
          [
            139.30846,
            35.64363
          ],
          [
            139.30884,
            35.64375
          ],
          [
            139.30916,
            35.64385
          ]
        ]
      }
    },
    {
      "type": "Feature",
      "properties": {
        "N02_001": "12",
        "N02_002": "4",
        "N02_003": "高尾線",
        "N02_004": "京王電鉄",
        "N02_005": "京王片倉",
        "N02_005c": "004009",
        "N02_005g": "004009",
        "ward_code": "13201",
        "ward_name": "八王子市"
      },
      "geometry": {
        "type": "LineString",
        "coordinates": [
          [
            139.33653,
            35.64448
          ],
          [
            139.33739,
            35.64424
          ]
        ]
      }
    },
    {
      "type": "Feature",
      "properties": {
        "N02_001": "12",
        "N02_002": "4",
        "N02_003": "高尾線",
        "N02_004": "京王電鉄",
        "N02_005": "北野",
        "N02_005c": "004008",
        "N02_005g": "004007",
        "ward_code": "13201",
        "ward_name": "八王子市"
      },
      "geometry": {
        "type": "LineString",
        "coordinates": [
          [
            139.35308,
            35.64495
          ],
          [
            139.3536,
            35.64473
          ],
          [
            139.35429,
            35.64444
          ],
          [
            139.35452,
            35.64434
          ],
          [
            139.35528,
            35.64402
          ]
        ]
      }
    },
    {
      "type": "Feature",
      "properties": {
        "N02_001": "12",
        "N02_002": "4",
        "N02_003": "高尾線",
        "N02_004": "京王電鉄",
        "N02_005": "高尾山口",
        "N02_005c": "004075",
        "N02_005g": "004075",
        "ward_code": "13201",
        "ward_name": "八王子市"
      },
      "geometry": {
        "type": "LineString",
        "coordinates": [
          [
            139.2695,
            35.63192
          ],
          [
            139.27013,
            35.63284
          ]
        ]
      }
    },
    {
      "type": "Feature",
      "properties": {
        "N02_001": "12",
        "N02_002": "4",
        "N02_003": "高尾線",
        "N02_004": "京王電鉄",
        "N02_005": "狭間",
        "N02_005c": "004035",
        "N02_005g": "004035",
        "ward_code": "13201",
        "ward_name": "八王子市"
      },
      "geometry": {
        "type": "LineString",
        "coordinates": [
          [
            139.29295,
            35.64074
          ],
          [
            139.29434,
            35.64044
          ]
        ]
      }
    },
    {
      "type": "Feature",
      "properties": {
        "N02_001": "12",
        "N02_002": "4",
        "N02_003": "相模原線",
        "N02_004": "京王電鉄",
        "N02_005": "京王よみうりランド",
        "N02_005c": "004070",
        "N02_005g": "004070",
        "ward_code": "13225",
        "ward_name": "稲城市"
      },
      "geometry": {
        "type": "LineString",
        "coordinates": [
          [
            139.51865,
            35.63303
          ],
          [
            139.51749,
            35.63297
          ],
          [
            139.51674,
            35.63294
          ],
          [
            139.51593,
            35.63292
          ]
        ]
      }
    },
    {
      "type": "Feature",
      "properties": {
        "N02_001": "12",
        "N02_002": "4",
        "N02_003": "相模原線",
        "N02_004": "京王電鉄",
        "N02_005": "京王堀之内",
        "N02_005c": "004120",
        "N02_005g": "004120",
        "ward_code": "13201",
        "ward_name": "八王子市"
      },
      "geometry": {
        "type": "LineString",
        "coordinates": [
          [
            139.40131,
            35.62497
          ],
          [
            139.39934,
            35.62398
          ]
        ]
      }
    },
    {
      "type": "Feature",
      "properties": {
        "N02_001": "12",
        "N02_002": "4",
        "N02_003": "相模原線",
        "N02_004": "京王電鉄",
        "N02_005": "南大沢",
        "N02_005c": "004163",
        "N02_005g": "004163",
        "ward_code": "13201",
        "ward_name": "八王子市"
      },
      "geometry": {
        "type": "LineString",
        "coordinates": [
          [
            139.38091,
            35.61458
          ],
          [
            139.37996,
            35.61414
          ],
          [
            139.37959,
            35.61396
          ],
          [
            139.37874,
            35.61361
          ]
        ]
      }
    },
    {
      "type": "Feature",
      "properties": {
        "N02_001": "12",
        "N02_002": "4",
        "N02_003": "相模原線",
        "N02_004": "京王電鉄",
        "N02_005": "京王多摩センター",
        "N02_005c": "004116",
        "N02_005g": "004116",
        "ward_code": "13224",
        "ward_name": "多摩市"
      },
      "geometry": {
        "type": "LineString",
        "coordinates": [
          [
            139.42516,
            35.62558
          ],
          [
            139.42317,
            35.62487
          ]
        ]
      }
    },
    {
      "type": "Feature",
      "properties": {
        "N02_001": "12",
        "N02_002": "4",
        "N02_003": "相模原線",
        "N02_004": "京王電鉄",
        "N02_005": "多摩境",
        "N02_005c": "004234",
        "N02_005g": "004234",
        "ward_code": "13209",
        "ward_name": "町田市"
      },
      "geometry": {
        "type": "LineString",
        "coordinates": [
          [
            139.36735,
            35.60234
          ],
          [
            139.36709,
            35.60196
          ],
          [
            139.36694,
            35.60175
          ],
          [
            139.3665,
            35.60114
          ]
        ]
      }
    },
    {
      "type": "Feature",
      "properties": {
        "N02_001": "12",
        "N02_002": "4",
        "N02_003": "相模原線",
        "N02_004": "京王電鉄",
        "N02_005": "京王永山",
        "N02_005c": "004086",
        "N02_005g": "004086",
        "ward_code": "13224",
        "ward_name": "多摩市"
      },
      "geometry": {
        "type": "LineString",
        "coordinates": [
          [
            139.44935,
            35.62993
          ],
          [
            139.44893,
            35.63005
          ],
          [
            139.44731,
            35.63048
          ],
          [
            139.44707,
            35.63055
          ]
        ]
      }
    },
    {
      "type": "Feature",
      "properties": {
        "N02_001": "12",
        "N02_002": "4",
        "N02_003": "相模原線",
        "N02_004": "京王電鉄",
        "N02_005": "稲城",
        "N02_005c": "004056",
        "N02_005g": "004056",
        "ward_code": "13225",
        "ward_name": "稲城市"
      },
      "geometry": {
        "type": "LineString",
        "coordinates": [
          [
            139.49905,
            35.63592
          ],
          [
            139.4994,
            35.636
          ],
          [
            139.49985,
            35.6361
          ],
          [
            139.5005,
            35.63622
          ],
          [
            139.50066,
            35.63623
          ],
          [
            139.50091,
            35.63627
          ],
          [
            139.50127,
            35.63627
          ]
        ]
      }
    },
    {
      "type": "Feature",
      "properties": {
        "N02_001": "12",
        "N02_002": "4",
        "N02_003": "相模原線",
        "N02_004": "京王電鉄",
        "N02_005": "調布",
        "N02_005c": "003967",
        "N02_005g": "003966",
        "ward_code": "13208",
        "ward_name": "調布市"
      },
      "geometry": {
        "type": "LineString",
        "coordinates": [
          [
            139.54356,
            35.65211
          ],
          [
            139.54591,
            35.65143
          ]
        ]
      }
    },
    {
      "type": "Feature",
      "properties": {
        "N02_001": "12",
        "N02_002": "4",
        "N02_003": "相模原線",
        "N02_004": "京王電鉄",
        "N02_005": "京王多摩川",
        "N02_005c": "004013",
        "N02_005g": "004013",
        "ward_code": "13208",
        "ward_name": "調布市"
      },
      "geometry": {
        "type": "LineString",
        "coordinates": [
          [
            139.53572,
            35.64339
          ],
          [
            139.53582,
            35.64355
          ],
          [
            139.53596,
            35.64375
          ],
          [
            139.53616,
            35.64397
          ],
          [
            139.53635,
            35.64418
          ],
          [
            139.53697,
            35.64481
          ]
        ]
      }
    },
    {
      "type": "Feature",
      "properties": {
        "N02_001": "12",
        "N02_002": "4",
        "N02_003": "動物園線",
        "N02_004": "京王電鉄",
        "N02_005": "多摩動物公園",
        "N02_005c": "003977",
        "N02_005g": "003977",
        "ward_code": "13212",
        "ward_name": "日野市"
      },
      "geometry": {
        "type": "LineString",
        "coordinates": [
          [
            139.4046,
            35.64901
          ],
          [
            139.40608,
            35.64987
          ],
          [
            139.40644,
            35.65004
          ]
        ]
      }
    },
    {
      "type": "Feature",
      "properties": {
        "N02_001": "12",
        "N02_002": "4",
        "N02_003": "動物園線",
        "N02_004": "京王電鉄",
        "N02_005": "高幡不動",
        "N02_005c": "003905",
        "N02_005g": "003904",
        "ward_code": "13212",
        "ward_name": "日野市"
      },
      "geometry": {
        "type": "LineString",
        "coordinates": [
          [
            139.41397,
            35.66188
          ],
          [
            139.41223,
            35.66267
          ]
        ]
      }
    },
    {
      "type": "Feature",
      "properties": {
        "N02_001": "13",
        "N02_002": "4",
        "N02_003": "ケーブルカー",
        "N02_004": "御岳登山鉄道",
        "N02_005": "御岳山",
        "N02_005c": "003114",
        "N02_005g": "003114",
        "ward_code": "13205",
        "ward_name": "青梅市"
      },
      "geometry": {
        "type": "LineString",
        "coordinates": [
          [
            139.15399,
            35.78977
          ],
          [
            139.15354,
            35.78949
          ]
        ]
      }
    },
    {
      "type": "Feature",
      "properties": {
        "N02_001": "13",
        "N02_002": "4",
        "N02_003": "ケーブルカー",
        "N02_004": "御岳登山鉄道",
        "N02_005": "滝本",
        "N02_005c": "003099",
        "N02_005g": "003099",
        "ward_code": "13205",
        "ward_name": "青梅市"
      },
      "geometry": {
        "type": "LineString",
        "coordinates": [
          [
            139.16172,
            35.79621
          ],
          [
            139.16138,
            35.79585
          ]
        ]
      }
    },
    {
      "type": "Feature",
      "properties": {
        "N02_001": "13",
        "N02_002": "4",
        "N02_003": "高尾鋼索線",
        "N02_004": "高尾登山電鉄",
        "N02_005": "高尾山",
        "N02_005c": "004084",
        "N02_005g": "004084",
        "ward_code": "13201",
        "ward_name": "八王子市"
      },
      "geometry": {
        "type": "LineString",
        "coordinates": [
          [
            139.2558,
            35.63108
          ],
          [
            139.25635,
            35.63107
          ]
        ]
      }
    },
    {
      "type": "Feature",
      "properties": {
        "N02_001": "13",
        "N02_002": "4",
        "N02_003": "高尾鋼索線",
        "N02_004": "高尾登山電鉄",
        "N02_005": "清滝",
        "N02_005c": "004083",
        "N02_005g": "004083",
        "ward_code": "13201",
        "ward_name": "八王子市"
      },
      "geometry": {
        "type": "LineString",
        "coordinates": [
          [
            139.26644,
            35.63107
          ],
          [
            139.26696,
            35.63109
          ]
        ]
      }
    },
    {
      "type": "Feature",
      "properties": {
        "N02_001": "12",
        "N02_002": "4",
        "N02_003": "小田原線",
        "N02_004": "小田急電鉄",
        "N02_005": "喜多見",
        "N02_005c": "004053",
        "N02_005g": "004053",
        "ward_code": "13219",
        "ward_name": "狛江市"
      },
      "geometry": {
        "type": "LineString",
        "coordinates": [
          [
            139.58554,
            35.63613
          ],
          [
            139.58667,
            35.63647
          ],
          [
            139.58802,
            35.63686
          ]
        ]
      }
    },
    {
      "type": "Feature",
      "properties": {
        "N02_001": "12",
        "N02_002": "4",
        "N02_003": "小田原線",
        "N02_004": "小田急電鉄",
        "N02_005": "町田",
        "N02_005c": "004387",
        "N02_005g": "004387",
        "ward_code": "13209",
        "ward_name": "町田市"
      },
      "geometry": {
        "type": "LineString",
        "coordinates": [
          [
            139.44575,
            35.54471
          ],
          [
            139.44499,
            35.54386
          ],
          [
            139.44485,
            35.54369
          ],
          [
            139.44442,
            35.54312
          ]
        ]
      }
    },
    {
      "type": "Feature",
      "properties": {
        "N02_001": "12",
        "N02_002": "4",
        "N02_003": "小田原線",
        "N02_004": "小田急電鉄",
        "N02_005": "狛江",
        "N02_005c": "004076",
        "N02_005g": "004076",
        "ward_code": "13219",
        "ward_name": "狛江市"
      },
      "geometry": {
        "type": "LineString",
        "coordinates": [
          [
            139.57669,
            35.63162
          ],
          [
            139.57692,
            35.63185
          ],
          [
            139.57744,
            35.63232
          ],
          [
            139.5778,
            35.63263
          ],
          [
            139.57807,
            35.63283
          ]
        ]
      }
    },
    {
      "type": "Feature",
      "properties": {
        "N02_001": "12",
        "N02_002": "4",
        "N02_003": "小田原線",
        "N02_004": "小田急電鉄",
        "N02_005": "和泉多摩川",
        "N02_005c": "004105",
        "N02_005g": "004105",
        "ward_code": "13219",
        "ward_name": "狛江市"
      },
      "geometry": {
        "type": "LineString",
        "coordinates": [
          [
            139.57331,
            35.6268
          ],
          [
            139.57413,
            35.62803
          ]
        ]
      }
    },
    {
      "type": "Feature",
      "properties": {
        "N02_001": "12",
        "N02_002": "4",
        "N02_003": "小田原線",
        "N02_004": "小田急電鉄",
        "N02_005": "玉川学園前",
        "N02_005c": "004324",
        "N02_005g": "004324",
        "ward_code": "13209",
        "ward_name": "町田市"
      },
      "geometry": {
        "type": "LineString",
        "coordinates": [
          [
            139.46393,
            35.56428
          ],
          [
            139.46295,
            35.56274
          ]
        ]
      }
    },
    {
      "type": "Feature",
      "properties": {
        "N02_001": "12",
        "N02_002": "4",
        "N02_003": "小田原線",
        "N02_004": "小田急電鉄",
        "N02_005": "鶴川",
        "N02_005c": "004278",
        "N02_005g": "004278",
        "ward_code": "13209",
        "ward_name": "町田市"
      },
      "geometry": {
        "type": "LineString",
        "coordinates": [
          [
            139.48287,
            35.58332
          ],
          [
            139.48078,
            35.5829
          ]
        ]
      }
    },
    {
      "type": "Feature",
      "properties": {
        "N02_001": "12",
        "N02_002": "4",
        "N02_003": "多摩線",
        "N02_004": "小田急電鉄",
        "N02_005": "唐木田",
        "N02_005c": "004154",
        "N02_005g": "004154",
        "ward_code": "13224",
        "ward_name": "多摩市"
      },
      "geometry": {
        "type": "LineString",
        "coordinates": [
          [
            139.41218,
            35.61732
          ],
          [
            139.41117,
            35.61581
          ]
        ]
      }
    },
    {
      "type": "Feature",
      "properties": {
        "N02_001": "12",
        "N02_002": "4",
        "N02_003": "多摩線",
        "N02_004": "小田急電鉄",
        "N02_005": "小田急多摩センター",
        "N02_005c": "004118",
        "N02_005g": "004118",
        "ward_code": "13224",
        "ward_name": "多摩市"
      },
      "geometry": {
        "type": "LineString",
        "coordinates": [
          [
            139.42533,
            35.62527
          ],
          [
            139.42342,
            35.62459
          ]
        ]
      }
    },
    {
      "type": "Feature",
      "properties": {
        "N02_001": "12",
        "N02_002": "4",
        "N02_003": "多摩線",
        "N02_004": "小田急電鉄",
        "N02_005": "小田急永山",
        "N02_005c": "004090",
        "N02_005g": "004090",
        "ward_code": "13224",
        "ward_name": "多摩市"
      },
      "geometry": {
        "type": "LineString",
        "coordinates": [
          [
            139.44916,
            35.62959
          ],
          [
            139.44866,
            35.62975
          ],
          [
            139.44775,
            35.63001
          ],
          [
            139.44696,
            35.63024
          ]
        ]
      }
    },
    {
      "type": "Feature",
      "properties": {
        "N02_001": "12",
        "N02_002": "4",
        "N02_003": "国分寺線",
        "N02_004": "西武鉄道",
        "N02_005": "東村山",
        "N02_005c": "003220",
        "N02_005g": "003220",
        "ward_code": "13213",
        "ward_name": "東村山市"
      },
      "geometry": {
        "type": "LineString",
        "coordinates": [
          [
            139.46581,
            35.75903
          ],
          [
            139.46591,
            35.7609
          ]
        ]
      }
    },
    {
      "type": "Feature",
      "properties": {
        "N02_001": "12",
        "N02_002": "4",
        "N02_003": "国分寺線",
        "N02_004": "西武鉄道",
        "N02_005": "小川",
        "N02_005c": "003333",
        "N02_005g": "003333",
        "ward_code": "13211",
        "ward_name": "小平市"
      },
      "geometry": {
        "type": "LineString",
        "coordinates": [
          [
            139.4634,
            35.73699
          ],
          [
            139.46359,
            35.73814
          ]
        ]
      }
    },
    {
      "type": "Feature",
      "properties": {
        "N02_001": "12",
        "N02_002": "4",
        "N02_003": "国分寺線",
        "N02_004": "西武鉄道",
        "N02_005": "鷹の台",
        "N02_005c": "003450",
        "N02_005g": "003450",
        "ward_code": "13211",
        "ward_name": "小平市"
      },
      "geometry": {
        "type": "LineString",
        "coordinates": [
          [
            139.46099,
            35.72258
          ],
          [
            139.46113,
            35.72344
          ]
        ]
      }
    },
    {
      "type": "Feature",
      "properties": {
        "N02_001": "12",
        "N02_002": "4",
        "N02_003": "国分寺線",
        "N02_004": "西武鉄道",
        "N02_005": "国分寺",
        "N02_005c": "003607",
        "N02_005g": "003606",
        "ward_code": "13214",
        "ward_name": "国分寺市"
      },
      "geometry": {
        "type": "LineString",
        "coordinates": [
          [
            139.48235,
            35.70018
          ],
          [
            139.48141,
            35.70015
          ],
          [
            139.48002,
            35.70011
          ],
          [
            139.47965,
            35.70011
          ],
          [
            139.47936,
            35.70011
          ]
        ]
      }
    },
    {
      "type": "Feature",
      "properties": {
        "N02_001": "12",
        "N02_002": "4",
        "N02_003": "国分寺線",
        "N02_004": "西武鉄道",
        "N02_005": "恋ヶ窪",
        "N02_005c": "003520",
        "N02_005g": "003520",
        "ward_code": "13214",
        "ward_name": "国分寺市"
      },
      "geometry": {
        "type": "LineString",
        "coordinates": [
          [
            139.4642,
            35.71096
          ],
          [
            139.46358,
            35.71174
          ]
        ]
      }
    },
    {
      "type": "Feature",
      "properties": {
        "N02_001": "16",
        "N02_002": "4",
        "N02_003": "山口線",
        "N02_004": "西武鉄道",
        "N02_005": "多摩湖",
        "N02_005c": "003202",
        "N02_005g": "003201",
        "ward_code": "13213",
        "ward_name": "東村山市"
      },
      "geometry": {
        "type": "LineString",
        "coordinates": [
          [
            139.44288,
            35.76511
          ],
          [
            139.44255,
            35.76646
          ]
        ]
      }
    },
    {
      "type": "Feature",
      "properties": {
        "N02_001": "12",
        "N02_002": "4",
        "N02_003": "新宿線",
        "N02_004": "西武鉄道",
        "N02_005": "小平",
        "N02_005c": "003340",
        "N02_005g": "003340",
        "ward_code": "13211",
        "ward_name": "小平市"
      },
      "geometry": {
        "type": "LineString",
        "coordinates": [
          [
            139.48944,
            35.73648
          ],
          [
            139.48745,
            35.73735
          ]
        ]
      }
    },
    {
      "type": "Feature",
      "properties": {
        "N02_001": "12",
        "N02_002": "4",
        "N02_003": "新宿線",
        "N02_004": "西武鉄道",
        "N02_005": "東村山",
        "N02_005c": "003221",
        "N02_005g": "003220",
        "ward_code": "13213",
        "ward_name": "東村山市"
      },
      "geometry": {
        "type": "LineString",
        "coordinates": [
          [
            139.46581,
            35.75903
          ],
          [
            139.46591,
            35.7609
          ]
        ]
      }
    },
    {
      "type": "Feature",
      "properties": {
        "N02_001": "12",
        "N02_002": "4",
        "N02_003": "新宿線",
        "N02_004": "西武鉄道",
        "N02_005": "久米川",
        "N02_005c": "003262",
        "N02_005g": "003262",
        "ward_code": "13213",
        "ward_name": "東村山市"
      },
      "geometry": {
        "type": "LineString",
        "coordinates": [
          [
            139.4733,
            35.74902
          ],
          [
            139.47209,
            35.75003
          ]
        ]
      }
    },
    {
      "type": "Feature",
      "properties": {
        "N02_001": "12",
        "N02_002": "4",
        "N02_003": "新宿線",
        "N02_004": "西武鉄道",
        "N02_005": "田無",
        "N02_005c": "003423",
        "N02_005g": "003423",
        "ward_code": "13228",
        "ward_name": "西東京市"
      },
      "geometry": {
        "type": "LineString",
        "coordinates": [
          [
            139.53987,
            35.72729
          ],
          [
            139.5381,
            35.7271
          ]
        ]
      }
    },
    {
      "type": "Feature",
      "properties": {
        "N02_001": "12",
        "N02_002": "4",
        "N02_003": "新宿線",
        "N02_004": "西武鉄道",
        "N02_005": "花小金井",
        "N02_005c": "003430",
        "N02_005g": "003430",
        "ward_code": "13211",
        "ward_name": "小平市"
      },
      "geometry": {
        "type": "LineString",
        "coordinates": [
          [
            139.51394,
            35.72588
          ],
          [
            139.5127,
            35.72641
          ]
        ]
      }
    },
    {
      "type": "Feature",
      "properties": {
        "N02_001": "12",
        "N02_002": "4",
        "N02_003": "新宿線",
        "N02_004": "西武鉄道",
        "N02_005": "西武柳沢",
        "N02_005c": "003409",
        "N02_005g": "003409",
        "ward_code": "13228",
        "ward_name": "西東京市"
      },
      "geometry": {
        "type": "LineString",
        "coordinates": [
          [
            139.55294,
            35.72863
          ],
          [
            139.55186,
            35.72853
          ]
        ]
      }
    },
    {
      "type": "Feature",
      "properties": {
        "N02_001": "12",
        "N02_002": "4",
        "N02_003": "新宿線",
        "N02_004": "西武鉄道",
        "N02_005": "東伏見",
        "N02_005c": "003408",
        "N02_005g": "003408",
        "ward_code": "13228",
        "ward_name": "西東京市"
      },
      "geometry": {
        "type": "LineString",
        "coordinates": [
          [
            139.56435,
            35.72868
          ],
          [
            139.5628,
            35.72883
          ]
        ]
      }
    },
    {
      "type": "Feature",
      "properties": {
        "N02_001": "12",
        "N02_002": "4",
        "N02_003": "西武園線",
        "N02_004": "西武鉄道",
        "N02_005": "東村山",
        "N02_005c": "003222",
        "N02_005g": "003220",
        "ward_code": "13213",
        "ward_name": "東村山市"
      },
      "geometry": {
        "type": "LineString",
        "coordinates": [
          [
            139.46581,
            35.75903
          ],
          [
            139.46591,
            35.7609
          ]
        ]
      }
    },
    {
      "type": "Feature",
      "properties": {
        "N02_001": "12",
        "N02_002": "4",
        "N02_003": "西武園線",
        "N02_004": "西武鉄道",
        "N02_005": "西武園",
        "N02_005c": "003197",
        "N02_005g": "003197",
        "ward_code": "13213",
        "ward_name": "東村山市"
      },
      "geometry": {
        "type": "LineString",
        "coordinates": [
          [
            139.44845,
            35.76791
          ],
          [
            139.44934,
            35.76756
          ]
        ]
      }
    },
    {
      "type": "Feature",
      "properties": {
        "N02_001": "12",
        "N02_002": "4",
        "N02_003": "多摩湖線",
        "N02_004": "西武鉄道",
        "N02_005": "八坂",
        "N02_005c": "003287",
        "N02_005g": "003287",
        "ward_code": "13213",
        "ward_name": "東村山市"
      },
      "geometry": {
        "type": "LineString",
        "coordinates": [
          [
            139.46844,
            35.74459
          ],
          [
            139.46706,
            35.74519
          ]
        ]
      }
    },
    {
      "type": "Feature",
      "properties": {
        "N02_001": "12",
        "N02_002": "4",
        "N02_003": "多摩湖線",
        "N02_004": "西武鉄道",
        "N02_005": "国分寺",
        "N02_005c": "003599",
        "N02_005g": "003606",
        "ward_code": "13214",
        "ward_name": "国分寺市"
      },
      "geometry": {
        "type": "LineString",
        "coordinates": [
          [
            139.47942,
            35.70085
          ],
          [
            139.47934,
            35.70095
          ],
          [
            139.47928,
            35.70105
          ],
          [
            139.47921,
            35.70116
          ],
          [
            139.47913,
            35.70135
          ]
        ]
      }
    },
    {
      "type": "Feature",
      "properties": {
        "N02_001": "12",
        "N02_002": "4",
        "N02_003": "多摩湖線",
        "N02_004": "西武鉄道",
        "N02_005": "一橋学園",
        "N02_005c": "003455",
        "N02_005g": "003455",
        "ward_code": "13211",
        "ward_name": "小平市"
      },
      "geometry": {
        "type": "LineString",
        "coordinates": [
          [
            139.4801,
            35.7217
          ],
          [
            139.48003,
            35.72251
          ]
        ]
      }
    },
    {
      "type": "Feature",
      "properties": {
        "N02_001": "12",
        "N02_002": "4",
        "N02_003": "多摩湖線",
        "N02_004": "西武鉄道",
        "N02_005": "萩山",
        "N02_005c": "003312",
        "N02_005g": "003312",
        "ward_code": "13213",
        "ward_name": "東村山市"
      },
      "geometry": {
        "type": "LineString",
        "coordinates": [
          [
            139.47745,
            35.74031
          ],
          [
            139.47715,
            35.74055
          ],
          [
            139.47668,
            35.74094
          ],
          [
            139.4762,
            35.74125
          ]
        ]
      }
    },
    {
      "type": "Feature",
      "properties": {
        "N02_001": "12",
        "N02_002": "4",
        "N02_003": "多摩湖線",
        "N02_004": "西武鉄道",
        "N02_005": "多摩湖",
        "N02_005c": "003201",
        "N02_005g": "003201",
        "ward_code": "13213",
        "ward_name": "東村山市"
      },
      "geometry": {
        "type": "LineString",
        "coordinates": [
          [
            139.44288,
            35.76511
          ],
          [
            139.44255,
            35.76646
          ]
        ]
      }
    },
    {
      "type": "Feature",
      "properties": {
        "N02_001": "12",
        "N02_002": "4",
        "N02_003": "多摩湖線",
        "N02_004": "西武鉄道",
        "N02_005": "武蔵大和",
        "N02_005c": "003231",
        "N02_005g": "003231",
        "ward_code": "13213",
        "ward_name": "東村山市"
      },
      "geometry": {
        "type": "LineString",
        "coordinates": [
          [
            139.44427,
            35.75607
          ],
          [
            139.44381,
            35.7568
          ]
        ]
      }
    },
    {
      "type": "Feature",
      "properties": {
        "N02_001": "12",
        "N02_002": "4",
        "N02_003": "多摩湖線",
        "N02_004": "西武鉄道",
        "N02_005": "青梅街道",
        "N02_005c": "003382",
        "N02_005g": "003382",
        "ward_code": "13211",
        "ward_name": "小平市"
      },
      "geometry": {
        "type": "LineString",
        "coordinates": [
          [
            139.47654,
            35.73064
          ],
          [
            139.4766,
            35.73134
          ]
        ]
      }
    },
    {
      "type": "Feature",
      "properties": {
        "N02_001": "12",
        "N02_002": "4",
        "N02_003": "多摩川線",
        "N02_004": "西武鉄道",
        "N02_005": "武蔵境",
        "N02_005c": "003592",
        "N02_005g": "003590",
        "ward_code": "13203",
        "ward_name": "武蔵野市"
      },
      "geometry": {
        "type": "LineString",
        "coordinates": [
          [
            139.54474,
            35.70192
          ],
          [
            139.54379,
            35.7019
          ]
        ]
      }
    },
    {
      "type": "Feature",
      "properties": {
        "N02_001": "12",
        "N02_002": "4",
        "N02_003": "多摩川線",
        "N02_004": "西武鉄道",
        "N02_005": "新小金井",
        "N02_005c": "003653",
        "N02_005g": "003653",
        "ward_code": "13210",
        "ward_name": "小金井市"
      },
      "geometry": {
        "type": "LineString",
        "coordinates": [
          [
            139.52711,
            35.69623
          ],
          [
            139.52638,
            35.69561
          ]
        ]
      }
    },
    {
      "type": "Feature",
      "properties": {
        "N02_001": "12",
        "N02_002": "4",
        "N02_003": "多摩川線",
        "N02_004": "西武鉄道",
        "N02_005": "競艇場前",
        "N02_005c": "003943",
        "N02_005g": "003943",
        "ward_code": "13206",
        "ward_name": "府中市"
      },
      "geometry": {
        "type": "LineString",
        "coordinates": [
          [
            139.49904,
            35.65607
          ],
          [
            139.50028,
            35.65635
          ]
        ]
      }
    },
    {
      "type": "Feature",
      "properties": {
        "N02_001": "12",
        "N02_002": "4",
        "N02_003": "多摩川線",
        "N02_004": "西武鉄道",
        "N02_005": "多磨",
        "N02_005c": "003790",
        "N02_005g": "003790",
        "ward_code": "13206",
        "ward_name": "府中市"
      },
      "geometry": {
        "type": "LineString",
        "coordinates": [
          [
            139.51738,
            35.67731
          ],
          [
            139.51692,
            35.67634
          ]
        ]
      }
    },
    {
      "type": "Feature",
      "properties": {
        "N02_001": "12",
        "N02_002": "4",
        "N02_003": "多摩川線",
        "N02_004": "西武鉄道",
        "N02_005": "白糸台",
        "N02_005c": "003873",
        "N02_005g": "003873",
        "ward_code": "13206",
        "ward_name": "府中市"
      },
      "geometry": {
        "type": "LineString",
        "coordinates": [
          [
            139.50875,
            35.66579
          ],
          [
            139.5103,
            35.66682
          ]
        ]
      }
    },
    {
      "type": "Feature",
      "properties": {
        "N02_001": "12",
        "N02_002": "4",
        "N02_003": "多摩川線",
        "N02_004": "西武鉄道",
        "N02_005": "是政",
        "N02_005c": "003944",
        "N02_005g": "003944",
        "ward_code": "13206",
        "ward_name": "府中市"
      },
      "geometry": {
        "type": "LineString",
        "coordinates": [
          [
            139.48921,
            35.65616
          ],
          [
            139.48807,
            35.65621
          ]
        ]
      }
    },
    {
      "type": "Feature",
      "properties": {
        "N02_001": "12",
        "N02_002": "4",
        "N02_003": "池袋線",
        "N02_004": "西武鉄道",
        "N02_005": "清瀬",
        "N02_005c": "003179",
        "N02_005g": "003179",
        "ward_code": "13221",
        "ward_name": "清瀬市"
      },
      "geometry": {
        "type": "LineString",
        "coordinates": [
          [
            139.52102,
            35.77166
          ],
          [
            139.51998,
            35.77194
          ],
          [
            139.51877,
            35.77227
          ]
        ]
      }
    },
    {
      "type": "Feature",
      "properties": {
        "N02_001": "12",
        "N02_002": "4",
        "N02_003": "池袋線",
        "N02_004": "西武鉄道",
        "N02_005": "秋津",
        "N02_005c": "003151",
        "N02_005g": "003151",
        "ward_code": "13213",
        "ward_name": "東村山市"
      },
      "geometry": {
        "type": "LineString",
        "coordinates": [
          [
            139.49787,
            35.77818
          ],
          [
            139.49679,
            35.77851
          ],
          [
            139.49677,
            35.77851
          ],
          [
            139.49594,
            35.77877
          ]
        ]
      }
    },
    {
      "type": "Feature",
      "properties": {
        "N02_001": "12",
        "N02_002": "4",
        "N02_003": "池袋線",
        "N02_004": "西武鉄道",
        "N02_005": "東久留米",
        "N02_005c": "003217",
        "N02_005g": "003217",
        "ward_code": "13222",
        "ward_name": "東久留米市"
      },
      "geometry": {
        "type": "LineString",
        "coordinates": [
          [
            139.53424,
            35.75994
          ],
          [
            139.53326,
            35.76096
          ]
        ]
      }
    },
    {
      "type": "Feature",
      "properties": {
        "N02_001": "12",
        "N02_002": "4",
        "N02_003": "池袋線",
        "N02_004": "西武鉄道",
        "N02_005": "ひばりヶ丘",
        "N02_005c": "003242",
        "N02_005g": "003242",
        "ward_code": "13228",
        "ward_name": "西東京市"
      },
      "geometry": {
        "type": "LineString",
        "coordinates": [
          [
            139.54481,
            35.75183
          ],
          [
            139.54541,
            35.75157
          ],
          [
            139.5461,
            35.7513
          ],
          [
            139.54674,
            35.75105
          ]
        ]
      }
    },
    {
      "type": "Feature",
      "properties": {
        "N02_001": "12",
        "N02_002": "4",
        "N02_003": "池袋線",
        "N02_004": "西武鉄道",
        "N02_005": "保谷",
        "N02_005c": "003271",
        "N02_005g": "003271",
        "ward_code": "13228",
        "ward_name": "西東京市"
      },
      "geometry": {
        "type": "LineString",
        "coordinates": [
          [
            139.56712,
            35.74814
          ],
          [
            139.56864,
            35.74831
          ],
          [
            139.56895,
            35.74834
          ]
        ]
      }
    },
    {
      "type": "Feature",
      "properties": {
        "N02_001": "12",
        "N02_002": "4",
        "N02_003": "拝島線",
        "N02_004": "西武鉄道",
        "N02_005": "萩山",
        "N02_005c": "003313",
        "N02_005g": "003312",
        "ward_code": "13213",
        "ward_name": "東村山市"
      },
      "geometry": {
        "type": "LineString",
        "coordinates": [
          [
            139.47745,
            35.74031
          ],
          [
            139.47715,
            35.74055
          ],
          [
            139.47668,
            35.74094
          ],
          [
            139.4762,
            35.74125
          ]
        ]
      }
    },
    {
      "type": "Feature",
      "properties": {
        "N02_001": "12",
        "N02_002": "4",
        "N02_003": "拝島線",
        "N02_004": "西武鉄道",
        "N02_005": "小平",
        "N02_005c": "003341",
        "N02_005g": "003340",
        "ward_code": "13211",
        "ward_name": "小平市"
      },
      "geometry": {
        "type": "LineString",
        "coordinates": [
          [
            139.48944,
            35.73648
          ],
          [
            139.48745,
            35.73735
          ]
        ]
      }
    },
    {
      "type": "Feature",
      "properties": {
        "N02_001": "12",
        "N02_002": "4",
        "N02_003": "拝島線",
        "N02_004": "西武鉄道",
        "N02_005": "小川",
        "N02_005c": "003334",
        "N02_005g": "003333",
        "ward_code": "13211",
        "ward_name": "小平市"
      },
      "geometry": {
        "type": "LineString",
        "coordinates": [
          [
            139.4634,
            35.73699
          ],
          [
            139.46359,
            35.73814
          ]
        ]
      }
    },
    {
      "type": "Feature",
      "properties": {
        "N02_001": "12",
        "N02_002": "4",
        "N02_003": "拝島線",
        "N02_004": "西武鉄道",
        "N02_005": "拝島",
        "N02_005c": "003466",
        "N02_005g": "003462",
        "ward_code": "13218",
        "ward_name": "福生市"
      },
      "geometry": {
        "type": "LineString",
        "coordinates": [
          [
            139.34398,
            35.72133
          ],
          [
            139.3441,
            35.7212
          ],
          [
            139.34442,
            35.7208
          ]
        ]
      }
    },
    {
      "type": "Feature",
      "properties": {
        "N02_001": "12",
        "N02_002": "4",
        "N02_003": "拝島線",
        "N02_004": "西武鉄道",
        "N02_005": "東大和市",
        "N02_005c": "003365",
        "N02_005g": "003365",
        "ward_code": "13220",
        "ward_name": "東大和市"
      },
      "geometry": {
        "type": "LineString",
        "coordinates": [
          [
            139.43496,
            35.73323
          ],
          [
            139.43363,
            35.73258
          ]
        ]
      }
    },
    {
      "type": "Feature",
      "properties": {
        "N02_001": "12",
        "N02_002": "4",
        "N02_003": "拝島線",
        "N02_004": "西武鉄道",
        "N02_005": "西武立川",
        "N02_005c": "003428",
        "N02_005g": "003428",
        "ward_code": "13202",
        "ward_name": "立川市"
      },
      "geometry": {
        "type": "LineString",
        "coordinates": [
          [
            139.37021,
            35.72625
          ],
          [
            139.3691,
            35.72611
          ]
        ]
      }
    },
    {
      "type": "Feature",
      "properties": {
        "N02_001": "12",
        "N02_002": "4",
        "N02_003": "拝島線",
        "N02_004": "西武鉄道",
        "N02_005": "武蔵砂川",
        "N02_005c": "003404",
        "N02_005g": "003404",
        "ward_code": "13202",
        "ward_name": "立川市"
      },
      "geometry": {
        "type": "LineString",
        "coordinates": [
          [
            139.39298,
            35.7289
          ],
          [
            139.39171,
            35.72875
          ]
        ]
      }
    },
    {
      "type": "Feature",
      "properties": {
        "N02_001": "12",
        "N02_002": "4",
        "N02_003": "拝島線",
        "N02_004": "西武鉄道",
        "N02_005": "玉川上水",
        "N02_005c": "003377",
        "N02_005g": "003371",
        "ward_code": "13202",
        "ward_name": "立川市"
      },
      "geometry": {
        "type": "LineString",
        "coordinates": [
          [
            139.41945,
            35.73167
          ],
          [
            139.4181,
            35.73174
          ]
        ]
      }
    },
    {
      "type": "Feature",
      "properties": {
        "N02_001": "23",
        "N02_002": "5",
        "N02_003": "多摩都市モノレール線",
        "N02_004": "多摩都市モノレール",
        "N02_005": "高幡不動",
        "N02_005c": "003910",
        "N02_005g": "003904",
        "ward_code": "13212",
        "ward_name": "日野市"
      },
      "geometry": {
        "type": "LineString",
        "coordinates": [
          [
            139.41516,
            35.66095
          ],
          [
            139.41531,
            35.66163
          ]
        ]
      }
    },
    {
      "type": "Feature",
      "properties": {
        "N02_001": "23",
        "N02_002": "5",
        "N02_003": "多摩都市モノレール線",
        "N02_004": "多摩都市モノレール",
        "N02_005": "立川北",
        "N02_005c": "003617",
        "N02_005g": "003617",
        "ward_code": "13202",
        "ward_name": "立川市"
      },
      "geometry": {
        "type": "LineString",
        "coordinates": [
          [
            139.41264,
            35.69908
          ],
          [
            139.41269,
            35.69997
          ]
        ]
      }
    },
    {
      "type": "Feature",
      "properties": {
        "N02_001": "23",
        "N02_002": "5",
        "N02_003": "多摩都市モノレール線",
        "N02_004": "多摩都市モノレール",
        "N02_005": "松が谷",
        "N02_005c": "004077",
        "N02_005g": "004077",
        "ward_code": "13201",
        "ward_name": "八王子市"
      },
      "geometry": {
        "type": "LineString",
        "coordinates": [
          [
            139.42215,
            35.63147
          ],
          [
            139.42192,
            35.63212
          ]
        ]
      }
    },
    {
      "type": "Feature",
      "properties": {
        "N02_001": "23",
        "N02_002": "5",
        "N02_003": "多摩都市モノレール線",
        "N02_004": "多摩都市モノレール",
        "N02_005": "程久保",
        "N02_005c": "003950",
        "N02_005g": "003950",
        "ward_code": "13212",
        "ward_name": "日野市"
      },
      "geometry": {
        "type": "LineString",
        "coordinates": [
          [
            139.41057,
            35.65492
          ],
          [
            139.41094,
            35.65554
          ]
        ]
      }
    },
    {
      "type": "Feature",
      "properties": {
        "N02_001": "23",
        "N02_002": "5",
        "N02_003": "多摩都市モノレール線",
        "N02_004": "多摩都市モノレール",
        "N02_005": "桜街道",
        "N02_005c": "003320",
        "N02_005g": "003320",
        "ward_code": "13220",
        "ward_name": "東大和市"
      },
      "geometry": {
        "type": "LineString",
        "coordinates": [
          [
            139.41661,
            35.73875
          ],
          [
            139.4165,
            35.73932
          ]
        ]
      }
    },
    {
      "type": "Feature",
      "properties": {
        "N02_001": "23",
        "N02_002": "5",
        "N02_003": "多摩都市モノレール線",
        "N02_004": "多摩都市モノレール",
        "N02_005": "多摩動物公園",
        "N02_005c": "003983",
        "N02_005g": "003977",
        "ward_code": "13212",
        "ward_name": "日野市"
      },
      "geometry": {
        "type": "LineString",
        "coordinates": [
          [
            139.40372,
            35.64821
          ],
          [
            139.40391,
            35.64886
          ]
        ]
      }
    },
    {
      "type": "Feature",
      "properties": {
        "N02_001": "23",
        "N02_002": "5",
        "N02_003": "多摩都市モノレール線",
        "N02_004": "多摩都市モノレール",
        "N02_005": "泉体育館",
        "N02_005c": "003476",
        "N02_005g": "003476",
        "ward_code": "13202",
        "ward_name": "立川市"
      },
      "geometry": {
        "type": "LineString",
        "coordinates": [
          [
            139.41972,
            35.71856
          ],
          [
            139.41941,
            35.71913
          ]
        ]
      }
    },
    {
      "type": "Feature",
      "properties": {
        "N02_001": "23",
        "N02_002": "5",
        "N02_003": "多摩都市モノレール線",
        "N02_004": "多摩都市モノレール",
        "N02_005": "多摩センター",
        "N02_005c": "004121",
        "N02_005g": "004121",
        "ward_code": "13224",
        "ward_name": "多摩市"
      },
      "geometry": {
        "type": "LineString",
        "coordinates": [
          [
            139.42267,
            35.62352
          ],
          [
            139.4229,
            35.62419
          ]
        ]
      }
    },
    {
      "type": "Feature",
      "properties": {
        "N02_001": "23",
        "N02_002": "5",
        "N02_003": "多摩都市モノレール線",
        "N02_004": "多摩都市モノレール",
        "N02_005": "高松",
        "N02_005c": "003528",
        "N02_005g": "003528",
        "ward_code": "13202",
        "ward_name": "立川市"
      },
      "geometry": {
        "type": "LineString",
        "coordinates": [
          [
            139.41347,
            35.71025
          ],
          [
            139.41308,
            35.70984
          ]
        ]
      }
    },
    {
      "type": "Feature",
      "properties": {
        "N02_001": "23",
        "N02_002": "5",
        "N02_003": "多摩都市モノレール線",
        "N02_004": "多摩都市モノレール",
        "N02_005": "玉川上水",
        "N02_005c": "003371",
        "N02_005g": "003371",
        "ward_code": "13220",
        "ward_name": "東大和市"
      },
      "geometry": {
        "type": "LineString",
        "coordinates": [
          [
            139.41778,
            35.73189
          ],
          [
            139.41776,
            35.73203
          ],
          [
            139.41769,
            35.73245
          ]
        ]
      }
    },
    {
      "type": "Feature",
      "properties": {
        "N02_001": "23",
        "N02_002": "5",
        "N02_003": "多摩都市モノレール線",
        "N02_004": "多摩都市モノレール",
        "N02_005": "上北台",
        "N02_005c": "003283",
        "N02_005g": "003283",
        "ward_code": "13220",
        "ward_name": "東大和市"
      },
      "geometry": {
        "type": "LineString",
        "coordinates": [
          [
            139.41586,
            35.74549
          ],
          [
            139.41587,
            35.74603
          ]
        ]
      }
    },
    {
      "type": "Feature",
      "properties": {
        "N02_001": "23",
        "N02_002": "5",
        "N02_003": "多摩都市モノレール線",
        "N02_004": "多摩都市モノレール",
        "N02_005": "甲州街道",
        "N02_005c": "003783",
        "N02_005g": "003783",
        "ward_code": "13212",
        "ward_name": "日野市"
      },
      "geometry": {
        "type": "LineString",
        "coordinates": [
          [
            139.40885,
            35.67843
          ],
          [
            139.40946,
            35.67807
          ]
        ]
      }
    },
    {
      "type": "Feature",
      "properties": {
        "N02_001": "23",
        "N02_002": "5",
        "N02_003": "多摩都市モノレール線",
        "N02_004": "多摩都市モノレール",
        "N02_005": "中央大学・明星大学",
        "N02_005c": "004031",
        "N02_005g": "004031",
        "ward_code": "13201",
        "ward_name": "八王子市"
      },
      "geometry": {
        "type": "LineString",
        "coordinates": [
          [
            139.40908,
            35.64173
          ],
          [
            139.40837,
            35.64204
          ]
        ]
      }
    },
    {
      "type": "Feature",
      "properties": {
        "N02_001": "23",
        "N02_002": "5",
        "N02_003": "多摩都市モノレール線",
        "N02_004": "多摩都市モノレール",
        "N02_005": "立飛",
        "N02_005c": "003499",
        "N02_005g": "003499",
        "ward_code": "13202",
        "ward_name": "立川市"
      },
      "geometry": {
        "type": "LineString",
        "coordinates": [
          [
            139.41727,
            35.71449
          ],
          [
            139.41687,
            35.71405
          ]
        ]
      }
    },
    {
      "type": "Feature",
      "properties": {
        "N02_001": "23",
        "N02_002": "5",
        "N02_003": "多摩都市モノレール線",
        "N02_004": "多摩都市モノレール",
        "N02_005": "立川南",
        "N02_005c": "003649",
        "N02_005g": "003649",
        "ward_code": "13202",
        "ward_name": "立川市"
      },
      "geometry": {
        "type": "LineString",
        "coordinates": [
          [
            139.41274,
            35.69647
          ],
          [
            139.41241,
            35.69587
          ]
        ]
      }
    },
    {
      "type": "Feature",
      "properties": {
        "N02_001": "23",
        "N02_002": "5",
        "N02_003": "多摩都市モノレール線",
        "N02_004": "多摩都市モノレール",
        "N02_005": "砂川七番",
        "N02_005c": "003447",
        "N02_005g": "003447",
        "ward_code": "13202",
        "ward_name": "立川市"
      },
      "geometry": {
        "type": "LineString",
        "coordinates": [
          [
            139.41811,
            35.7231
          ],
          [
            139.4181,
            35.72367
          ]
        ]
      }
    },
    {
      "type": "Feature",
      "properties": {
        "N02_001": "23",
        "N02_002": "5",
        "N02_003": "多摩都市モノレール線",
        "N02_004": "多摩都市モノレール",
        "N02_005": "万願寺",
        "N02_005c": "003829",
        "N02_005g": "003829",
        "ward_code": "13212",
        "ward_name": "日野市"
      },
      "geometry": {
        "type": "LineString",
        "coordinates": [
          [
            139.41962,
            35.67159
          ],
          [
            139.4201,
            35.67104
          ]
        ]
      }
    },
    {
      "type": "Feature",
      "properties": {
        "N02_001": "23",
        "N02_002": "5",
        "N02_003": "多摩都市モノレール線",
        "N02_004": "多摩都市モノレール",
        "N02_005": "柴崎体育館",
        "N02_005c": "003697",
        "N02_005g": "003697",
        "ward_code": "13202",
        "ward_name": "立川市"
      },
      "geometry": {
        "type": "LineString",
        "coordinates": [
          [
            139.4094,
            35.69006
          ],
          [
            139.40916,
            35.68954
          ]
        ]
      }
    },
    {
      "type": "Feature",
      "properties": {
        "N02_001": "23",
        "N02_002": "5",
        "N02_003": "多摩都市モノレール線",
        "N02_004": "多摩都市モノレール",
        "N02_005": "大塚・帝京大学",
        "N02_005c": "004051",
        "N02_005g": "004051",
        "ward_code": "13201",
        "ward_name": "八王子市"
      },
      "geometry": {
        "type": "LineString",
        "coordinates": [
          [
            139.41676,
            35.63666
          ],
          [
            139.41613,
            35.63706
          ]
        ]
      }
    },
    {
      "type": "Feature",
      "properties": {
        "N02_001": "12",
        "N02_002": "4",
        "N02_003": "田園都市線",
        "N02_004": "東急電鉄",
        "N02_005": "すずかけ台",
        "N02_005c": "004466",
        "N02_005g": "004466",
        "ward_code": "13209",
        "ward_name": "町田市"
      },
      "geometry": {
        "type": "LineString",
        "coordinates": [
          [
            139.4813,
            35.51649
          ],
          [
            139.48162,
            35.51689
          ],
          [
            139.48183,
            35.51717
          ],
          [
            139.48224,
            35.51784
          ]
        ]
      }
    },
    {
      "type": "Feature",
      "properties": {
        "N02_001": "12",
        "N02_002": "4",
        "N02_003": "田園都市線",
        "N02_004": "東急電鉄",
        "N02_005": "つくし野",
        "N02_005c": "004441",
        "N02_005g": "004441",
        "ward_code": "13209",
        "ward_name": "町田市"
      },
      "geometry": {
        "type": "LineString",
        "coordinates": [
          [
            139.48472,
            35.52621
          ],
          [
            139.48516,
            35.52792
          ]
        ]
      }
    },
    {
      "type": "Feature",
      "properties": {
        "N02_001": "12",
        "N02_002": "4",
        "N02_003": "田園都市線",
        "N02_004": "東急電鉄",
        "N02_005": "南町田グランベリーパーク",
        "N02_005c": "004484",
        "N02_005g": "004484",
        "ward_code": "13209",
        "ward_name": "町田市"
      },
      "geometry": {
        "type": "LineString",
        "coordinates": [
          [
            139.46939,
            35.51144
          ],
          [
            139.47149,
            35.51159
          ]
        ]
      }
    },
    {
      "type": "Feature",
      "properties": {
        "N02_001": "11",
        "N02_002": "2",
        "N02_003": "横浜線",
        "N02_004": "東日本旅客鉄道",
        "N02_005": "成瀬",
        "N02_005c": "004414",
        "N02_005g": "004414",
        "ward_code": "13209",
        "ward_name": "町田市"
      },
      "geometry": {
        "type": "LineString",
        "coordinates": [
          [
            139.47217,
            35.53584
          ],
          [
            139.47309,
            35.53532
          ],
          [
            139.47364,
            35.53498
          ]
        ]
      }
    },
    {
      "type": "Feature",
      "properties": {
        "N02_001": "11",
        "N02_002": "2",
        "N02_003": "横浜線",
        "N02_004": "東日本旅客鉄道",
        "N02_005": "町田",
        "N02_005c": "004396",
        "N02_005g": "004387",
        "ward_code": "13209",
        "ward_name": "町田市"
      },
      "geometry": {
        "type": "LineString",
        "coordinates": [
          [
            139.44568,
            35.54203
          ],
          [
            139.4475,
            35.54106
          ]
        ]
      }
    },
    {
      "type": "Feature",
      "properties": {
        "N02_001": "11",
        "N02_002": "2",
        "N02_003": "横浜線",
        "N02_004": "東日本旅客鉄道",
        "N02_005": "相原",
        "N02_005c": "004206",
        "N02_005g": "004206",
        "ward_code": "13209",
        "ward_name": "町田市"
      },
      "geometry": {
        "type": "LineString",
        "coordinates": [
          [
            139.33162,
            35.60751
          ],
          [
            139.33174,
            35.60635
          ]
        ]
      }
    },
    {
      "type": "Feature",
      "properties": {
        "N02_001": "11",
        "N02_002": "2",
        "N02_003": "横浜線",
        "N02_004": "東日本旅客鉄道",
        "N02_005": "八王子みなみ野",
        "N02_005c": "004082",
        "N02_005g": "004082",
        "ward_code": "13201",
        "ward_name": "八王子市"
      },
      "geometry": {
        "type": "LineString",
        "coordinates": [
          [
            139.33131,
            35.63201
          ],
          [
            139.33111,
            35.63157
          ],
          [
            139.33079,
            35.63089
          ],
          [
            139.33065,
            35.63057
          ]
        ]
      }
    },
    {
      "type": "Feature",
      "properties": {
        "N02_001": "11",
        "N02_002": "2",
        "N02_003": "横浜線",
        "N02_004": "東日本旅客鉄道",
        "N02_005": "片倉",
        "N02_005c": "004038",
        "N02_005g": "004038",
        "ward_code": "13201",
        "ward_name": "八王子市"
      },
      "geometry": {
        "type": "LineString",
        "coordinates": [
          [
            139.34192,
            35.64007
          ],
          [
            139.34041,
            35.63928
          ]
        ]
      }
    },
    {
      "type": "Feature",
      "properties": {
        "N02_001": "11",
        "N02_002": "2",
        "N02_003": "横浜線",
        "N02_004": "東日本旅客鉄道",
        "N02_005": "八王子",
        "N02_005c": "003953",
        "N02_005g": "003947",
        "ward_code": "13201",
        "ward_name": "八王子市"
      },
      "geometry": {
        "type": "LineString",
        "coordinates": [
          [
            139.33939,
            35.65519
          ],
          [
            139.34111,
            35.6549
          ]
        ]
      }
    },
    {
      "type": "Feature",
      "properties": {
        "N02_001": "11",
        "N02_002": "2",
        "N02_003": "五日市線",
        "N02_004": "東日本旅客鉄道",
        "N02_005": "武蔵引田",
        "N02_005c": "003395",
        "N02_005g": "003395",
        "ward_code": "13227",
        "ward_name": "あきる野市"
      },
      "geometry": {
        "type": "LineString",
        "coordinates": [
          [
            139.27072,
            35.72962
          ],
          [
            139.26945,
            35.72976
          ]
        ]
      }
    },
    {
      "type": "Feature",
      "properties": {
        "N02_001": "11",
        "N02_002": "2",
        "N02_003": "五日市線",
        "N02_004": "東日本旅客鉄道",
        "N02_005": "武蔵五日市",
        "N02_005c": "003372",
        "N02_005g": "003372",
        "ward_code": "13227",
        "ward_name": "あきる野市"
      },
      "geometry": {
        "type": "LineString",
        "coordinates": [
          [
            139.22876,
            35.73271
          ],
          [
            139.22748,
            35.73158
          ]
        ]
      }
    },
    {
      "type": "Feature",
      "properties": {
        "N02_001": "11",
        "N02_002": "2",
        "N02_003": "五日市線",
        "N02_004": "東日本旅客鉄道",
        "N02_005": "武蔵増戸",
        "N02_005c": "003383",
        "N02_005g": "003383",
        "ward_code": "13227",
        "ward_name": "あきる野市"
      },
      "geometry": {
        "type": "LineString",
        "coordinates": [
          [
            139.25704,
            35.73089
          ],
          [
            139.25557,
            35.73102
          ]
        ]
      }
    },
    {
      "type": "Feature",
      "properties": {
        "N02_001": "11",
        "N02_002": "2",
        "N02_003": "五日市線",
        "N02_004": "東日本旅客鉄道",
        "N02_005": "熊川",
        "N02_005c": "003411",
        "N02_005g": "003411",
        "ward_code": "13218",
        "ward_name": "福生市"
      },
      "geometry": {
        "type": "LineString",
        "coordinates": [
          [
            139.33609,
            35.72813
          ],
          [
            139.33537,
            35.72845
          ]
        ]
      }
    },
    {
      "type": "Feature",
      "properties": {
        "N02_001": "11",
        "N02_002": "2",
        "N02_003": "五日市線",
        "N02_004": "東日本旅客鉄道",
        "N02_005": "秋川",
        "N02_005c": "003413",
        "N02_005g": "003413",
        "ward_code": "13227",
        "ward_name": "あきる野市"
      },
      "geometry": {
        "type": "LineString",
        "coordinates": [
          [
            139.28745,
            35.72795
          ],
          [
            139.28605,
            35.72815
          ]
        ]
      }
    },
    {
      "type": "Feature",
      "properties": {
        "N02_001": "11",
        "N02_002": "2",
        "N02_003": "五日市線",
        "N02_004": "東日本旅客鉄道",
        "N02_005": "拝島",
        "N02_005c": "003464",
        "N02_005g": "003462",
        "ward_code": "13207",
        "ward_name": "昭島市"
      },
      "geometry": {
        "type": "LineString",
        "coordinates": [
          [
            139.34285,
            35.72202
          ],
          [
            139.34319,
            35.72156
          ],
          [
            139.34409,
            35.72037
          ]
        ]
      }
    },
    {
      "type": "Feature",
      "properties": {
        "N02_001": "11",
        "N02_002": "2",
        "N02_003": "五日市線",
        "N02_004": "東日本旅客鉄道",
        "N02_005": "東秋留",
        "N02_005c": "003433",
        "N02_005g": "003433",
        "ward_code": "13227",
        "ward_name": "あきる野市"
      },
      "geometry": {
        "type": "LineString",
        "coordinates": [
          [
            139.3124,
            35.72594
          ],
          [
            139.31095,
            35.72593
          ]
        ]
      }
    },
    {
      "type": "Feature",
      "properties": {
        "N02_001": "11",
        "N02_002": "2",
        "N02_003": "青梅線",
        "N02_004": "東日本旅客鉄道",
        "N02_005": "拝島",
        "N02_005c": "003465",
        "N02_005g": "003462",
        "ward_code": "13207",
        "ward_name": "昭島市"
      },
      "geometry": {
        "type": "LineString",
        "coordinates": [
          [
            139.34285,
            35.72202
          ],
          [
            139.34319,
            35.72156
          ],
          [
            139.34409,
            35.72037
          ]
        ]
      }
    },
    {
      "type": "Feature",
      "properties": {
        "N02_001": "11",
        "N02_002": "2",
        "N02_003": "青梅線",
        "N02_004": "東日本旅客鉄道",
        "N02_005": "立川",
        "N02_005c": "003627",
        "N02_005g": "003634",
        "ward_code": "13202",
        "ward_name": "立川市"
      },
      "geometry": {
        "type": "LineString",
        "coordinates": [
          [
            139.41516,
            35.69803
          ],
          [
            139.41505,
            35.69803
          ],
          [
            139.41254,
            35.69802
          ],
          [
            139.41238,
            35.69802
          ]
        ]
      }
    },
    {
      "type": "Feature",
      "properties": {
        "N02_001": "11",
        "N02_002": "2",
        "N02_003": "青梅線",
        "N02_004": "東日本旅客鉄道",
        "N02_005": "西立川",
        "N02_005c": "003581",
        "N02_005g": "003581",
        "ward_code": "13202",
        "ward_name": "立川市"
      },
      "geometry": {
        "type": "LineString",
        "coordinates": [
          [
            139.3944,
            35.70324
          ],
          [
            139.39404,
            35.70335
          ],
          [
            139.39353,
            35.7035
          ],
          [
            139.39306,
            35.70364
          ],
          [
            139.39192,
            35.704
          ]
        ]
      }
    },
    {
      "type": "Feature",
      "properties": {
        "N02_001": "11",
        "N02_002": "2",
        "N02_003": "青梅線",
        "N02_004": "東日本旅客鉄道",
        "N02_005": "小作",
        "N02_005c": "003168",
        "N02_005g": "003168",
        "ward_code": "13226",
        "ward_name": "羽村市"
      },
      "geometry": {
        "type": "LineString",
        "coordinates": [
          [
            139.30263,
            35.77577
          ],
          [
            139.30192,
            35.77634
          ]
        ]
      }
    },
    {
      "type": "Feature",
      "properties": {
        "N02_001": "11",
        "N02_002": "2",
        "N02_003": "青梅線",
        "N02_004": "東日本旅客鉄道",
        "N02_005": "軍畑",
        "N02_005c": "003074",
        "N02_005g": "003074",
        "ward_code": "13205",
        "ward_name": "青梅市"
      },
      "geometry": {
        "type": "LineString",
        "coordinates": [
          [
            139.20798,
            35.80778
          ],
          [
            139.20732,
            35.80738
          ]
        ]
      }
    },
    {
      "type": "Feature",
      "properties": {
        "N02_001": "11",
        "N02_002": "2",
        "N02_003": "青梅線",
        "N02_004": "東日本旅客鉄道",
        "N02_005": "立川",
        "N02_005c": "003627",
        "N02_005g": "003634",
        "ward_code": "13202",
        "ward_name": "立川市"
      },
      "geometry": {
        "type": "LineString",
        "coordinates": [
          [
            139.41599,
            35.6983
          ],
          [
            139.41232,
            35.69826
          ]
        ]
      }
    },
    {
      "type": "Feature",
      "properties": {
        "N02_001": "11",
        "N02_002": "2",
        "N02_003": "青梅線",
        "N02_004": "東日本旅客鉄道",
        "N02_005": "沢井",
        "N02_005c": "003076",
        "N02_005g": "003076",
        "ward_code": "13205",
        "ward_name": "青梅市"
      },
      "geometry": {
        "type": "LineString",
        "coordinates": [
          [
            139.19389,
            35.80583
          ],
          [
            139.19291,
            35.80607
          ]
        ]
      }
    },
    {
      "type": "Feature",
      "properties": {
        "N02_001": "11",
        "N02_002": "2",
        "N02_003": "青梅線",
        "N02_004": "東日本旅客鉄道",
        "N02_005": "東青梅",
        "N02_005c": "003113",
        "N02_005g": "003113",
        "ward_code": "13205",
        "ward_name": "青梅市"
      },
      "geometry": {
        "type": "LineString",
        "coordinates": [
          [
            139.27344,
            35.78951
          ],
          [
            139.27217,
            35.79012
          ]
        ]
      }
    },
    {
      "type": "Feature",
      "properties": {
        "N02_001": "11",
        "N02_002": "2",
        "N02_003": "青梅線",
        "N02_004": "東日本旅客鉄道",
        "N02_005": "青梅",
        "N02_005c": "003110",
        "N02_005g": "003110",
        "ward_code": "13205",
        "ward_name": "青梅市"
      },
      "geometry": {
        "type": "LineString",
        "coordinates": [
          [
            139.25884,
            35.7905
          ],
          [
            139.25741,
            35.79059
          ]
        ]
      }
    },
    {
      "type": "Feature",
      "properties": {
        "N02_001": "11",
        "N02_002": "2",
        "N02_003": "青梅線",
        "N02_004": "東日本旅客鉄道",
        "N02_005": "河辺",
        "N02_005c": "003134",
        "N02_005g": "003134",
        "ward_code": "13205",
        "ward_name": "青梅市"
      },
      "geometry": {
        "type": "LineString",
        "coordinates": [
          [
            139.28494,
            35.78439
          ],
          [
            139.28317,
            35.78516
          ]
        ]
      }
    },
    {
      "type": "Feature",
      "properties": {
        "N02_001": "11",
        "N02_002": "2",
        "N02_003": "青梅線",
        "N02_004": "東日本旅客鉄道",
        "N02_005": "御嶽",
        "N02_005c": "003087",
        "N02_005g": "003087",
        "ward_code": "13205",
        "ward_name": "青梅市"
      },
      "geometry": {
        "type": "LineString",
        "coordinates": [
          [
            139.18328,
            35.80145
          ],
          [
            139.18312,
            35.80143
          ],
          [
            139.18283,
            35.80143
          ],
          [
            139.18255,
            35.80141
          ],
          [
            139.18198,
            35.80138
          ]
        ]
      }
    },
    {
      "type": "Feature",
      "properties": {
        "N02_001": "11",
        "N02_002": "2",
        "N02_003": "青梅線",
        "N02_004": "東日本旅客鉄道",
        "N02_005": "日向和田",
        "N02_005c": "003121",
        "N02_005g": "003121",
        "ward_code": "13205",
        "ward_name": "青梅市"
      },
      "geometry": {
        "type": "LineString",
        "coordinates": [
          [
            139.22975,
            35.78833
          ],
          [
            139.22932,
            35.78896
          ]
        ]
      }
    },
    {
      "type": "Feature",
      "properties": {
        "N02_001": "11",
        "N02_002": "2",
        "N02_003": "青梅線",
        "N02_004": "東日本旅客鉄道",
        "N02_005": "牛浜",
        "N02_005c": "003353",
        "N02_005g": "003353",
        "ward_code": "13218",
        "ward_name": "福生市"
      },
      "geometry": {
        "type": "LineString",
        "coordinates": [
          [
            139.33329,
            35.73502
          ],
          [
            139.33429,
            35.73365
          ]
        ]
      }
    },
    {
      "type": "Feature",
      "properties": {
        "N02_001": "11",
        "N02_002": "2",
        "N02_003": "青梅線",
        "N02_004": "東日本旅客鉄道",
        "N02_005": "中神",
        "N02_005c": "003536",
        "N02_005g": "003536",
        "ward_code": "13207",
        "ward_name": "昭島市"
      },
      "geometry": {
        "type": "LineString",
        "coordinates": [
          [
            139.37679,
            35.70867
          ],
          [
            139.37463,
            35.70933
          ]
        ]
      }
    },
    {
      "type": "Feature",
      "properties": {
        "N02_001": "11",
        "N02_002": "2",
        "N02_003": "青梅線",
        "N02_004": "東日本旅客鉄道",
        "N02_005": "福生",
        "N02_005c": "003300",
        "N02_005g": "003300",
        "ward_code": "13218",
        "ward_name": "福生市"
      },
      "geometry": {
        "type": "LineString",
        "coordinates": [
          [
            139.32699,
            35.7435
          ],
          [
            139.3285,
            35.74147
          ]
        ]
      }
    },
    {
      "type": "Feature",
      "properties": {
        "N02_001": "11",
        "N02_002": "2",
        "N02_003": "青梅線",
        "N02_004": "東日本旅客鉄道",
        "N02_005": "東中神",
        "N02_005c": "003562",
        "N02_005g": "003562",
        "ward_code": "13207",
        "ward_name": "昭島市"
      },
      "geometry": {
        "type": "LineString",
        "coordinates": [
          [
            139.3851,
            35.70612
          ],
          [
            139.38409,
            35.70643
          ]
        ]
      }
    },
    {
      "type": "Feature",
      "properties": {
        "N02_001": "11",
        "N02_002": "2",
        "N02_003": "青梅線",
        "N02_004": "東日本旅客鉄道",
        "N02_005": "二俣尾",
        "N02_005c": "003080",
        "N02_005g": "003080",
        "ward_code": "13205",
        "ward_name": "青梅市"
      },
      "geometry": {
        "type": "LineString",
        "coordinates": [
          [
            139.21645,
            35.80369
          ],
          [
            139.21584,
            35.8042
          ]
        ]
      }
    },
    {
      "type": "Feature",
      "properties": {
        "N02_001": "11",
        "N02_002": "2",
        "N02_003": "青梅線",
        "N02_004": "東日本旅客鉄道",
        "N02_005": "昭島",
        "N02_005c": "003507",
        "N02_005g": "003507",
        "ward_code": "13207",
        "ward_name": "昭島市"
      },
      "geometry": {
        "type": "LineString",
        "coordinates": [
          [
            139.36035,
            35.7136
          ],
          [
            139.36292,
            35.71284
          ]
        ]
      }
    },
    {
      "type": "Feature",
      "properties": {
        "N02_001": "11",
        "N02_002": "2",
        "N02_003": "青梅線",
        "N02_004": "東日本旅客鉄道",
        "N02_005": "宮ノ平",
        "N02_005c": "003127",
        "N02_005g": "003127",
        "ward_code": "13205",
        "ward_name": "青梅市"
      },
      "geometry": {
        "type": "LineString",
        "coordinates": [
          [
            139.23776,
            35.78782
          ],
          [
            139.23687,
            35.78736
          ]
        ]
      }
    },
    {
      "type": "Feature",
      "properties": {
        "N02_001": "11",
        "N02_002": "2",
        "N02_003": "青梅線",
        "N02_004": "東日本旅客鉄道",
        "N02_005": "石神前",
        "N02_005c": "003096",
        "N02_005g": "003096",
        "ward_code": "13205",
        "ward_name": "青梅市"
      },
      "geometry": {
        "type": "LineString",
        "coordinates": [
          [
            139.22537,
            35.79652
          ],
          [
            139.2249,
            35.79714
          ]
        ]
      }
    },
    {
      "type": "Feature",
      "properties": {
        "N02_001": "11",
        "N02_002": "2",
        "N02_003": "青梅線",
        "N02_004": "東日本旅客鉄道",
        "N02_005": "羽村",
        "N02_005c": "003226",
        "N02_005g": "003226",
        "ward_code": "13226",
        "ward_name": "羽村市"
      },
      "geometry": {
        "type": "LineString",
        "coordinates": [
          [
            139.31672,
            35.75734
          ],
          [
            139.31588,
            35.75854
          ]
        ]
      }
    },
    {
      "type": "Feature",
      "properties": {
        "N02_001": "11",
        "N02_002": "2",
        "N02_003": "中央線",
        "N02_004": "東日本旅客鉄道",
        "N02_005": "吉祥寺",
        "N02_005c": "003584",
        "N02_005g": "003584",
        "ward_code": "13203",
        "ward_name": "武蔵野市"
      },
      "geometry": {
        "type": "LineString",
        "coordinates": [
          [
            139.57861,
            35.70311
          ],
          [
            139.58035,
            35.70316
          ],
          [
            139.58101,
            35.70317
          ]
        ]
      }
    },
    {
      "type": "Feature",
      "properties": {
        "N02_001": "11",
        "N02_002": "2",
        "N02_003": "中央線",
        "N02_004": "東日本旅客鉄道",
        "N02_005": "八王子",
        "N02_005c": "003947",
        "N02_005g": "003947",
        "ward_code": "13201",
        "ward_name": "八王子市"
      },
      "geometry": {
        "type": "LineString",
        "coordinates": [
          [
            139.3401,
            35.65527
          ],
          [
            139.339,
            35.65547
          ],
          [
            139.33754,
            35.65574
          ]
        ]
      }
    },
    {
      "type": "Feature",
      "properties": {
        "N02_001": "11",
        "N02_002": "2",
        "N02_003": "中央線",
        "N02_004": "東日本旅客鉄道",
        "N02_005": "国分寺",
        "N02_005c": "003606",
        "N02_005g": "003606",
        "ward_code": "13214",
        "ward_name": "国分寺市"
      },
      "geometry": {
        "type": "LineString",
        "coordinates": [
          [
            139.48235,
            35.70018
          ],
          [
            139.48141,
            35.70015
          ],
          [
            139.48002,
            35.70011
          ],
          [
            139.47965,
            35.70011
          ],
          [
            139.47936,
            35.70011
          ]
        ]
      }
    },
    {
      "type": "Feature",
      "properties": {
        "N02_001": "11",
        "N02_002": "2",
        "N02_003": "中央線",
        "N02_004": "東日本旅客鉄道",
        "N02_005": "西国分寺",
        "N02_005c": "003614",
        "N02_005g": "003611",
        "ward_code": "13214",
        "ward_name": "国分寺市"
      },
      "geometry": {
        "type": "LineString",
        "coordinates": [
          [
            139.4671,
            35.69978
          ],
          [
            139.46577,
            35.69972
          ],
          [
            139.46546,
            35.69971
          ],
          [
            139.46475,
            35.69968
          ]
        ]
      }
    },
    {
      "type": "Feature",
      "properties": {
        "N02_001": "11",
        "N02_002": "2",
        "N02_003": "中央線",
        "N02_004": "東日本旅客鉄道",
        "N02_005": "武蔵境",
        "N02_005c": "003590",
        "N02_005g": "003590",
        "ward_code": "13203",
        "ward_name": "武蔵野市"
      },
      "geometry": {
        "type": "LineString",
        "coordinates": [
          [
            139.54228,
            35.70204
          ],
          [
            139.54483,
            35.70214
          ]
        ]
      }
    },
    {
      "type": "Feature",
      "properties": {
        "N02_001": "11",
        "N02_002": "2",
        "N02_003": "中央線",
        "N02_004": "東日本旅客鉄道",
        "N02_005": "東小金井",
        "N02_005c": "003594",
        "N02_005g": "003594",
        "ward_code": "13210",
        "ward_name": "小金井市"
      },
      "geometry": {
        "type": "LineString",
        "coordinates": [
          [
            139.52247,
            35.70152
          ],
          [
            139.52505,
            35.7016
          ]
        ]
      }
    },
    {
      "type": "Feature",
      "properties": {
        "N02_001": "11",
        "N02_002": "2",
        "N02_003": "中央線",
        "N02_004": "東日本旅客鉄道",
        "N02_005": "武蔵小金井",
        "N02_005c": "003600",
        "N02_005g": "003600",
        "ward_code": "13210",
        "ward_name": "小金井市"
      },
      "geometry": {
        "type": "LineString",
        "coordinates": [
          [
            139.50481,
            35.70097
          ],
          [
            139.50705,
            35.7011
          ]
        ]
      }
    },
    {
      "type": "Feature",
      "properties": {
        "N02_001": "11",
        "N02_002": "2",
        "N02_003": "中央線",
        "N02_004": "東日本旅客鉄道",
        "N02_005": "西八王子",
        "N02_005c": "003942",
        "N02_005g": "003942",
        "ward_code": "13201",
        "ward_name": "八王子市"
      },
      "geometry": {
        "type": "LineString",
        "coordinates": [
          [
            139.31299,
            35.65681
          ],
          [
            139.31102,
            35.65574
          ]
        ]
      }
    },
    {
      "type": "Feature",
      "properties": {
        "N02_001": "11",
        "N02_002": "2",
        "N02_003": "中央線",
        "N02_004": "東日本旅客鉄道",
        "N02_005": "国立",
        "N02_005c": "003622",
        "N02_005g": "003622",
        "ward_code": "13215",
        "ward_name": "国立市"
      },
      "geometry": {
        "type": "LineString",
        "coordinates": [
          [
            139.44773,
            35.69923
          ],
          [
            139.4451,
            35.69916
          ]
        ]
      }
    },
    {
      "type": "Feature",
      "properties": {
        "N02_001": "11",
        "N02_002": "2",
        "N02_003": "中央線",
        "N02_004": "東日本旅客鉄道",
        "N02_005": "豊田",
        "N02_005c": "003921",
        "N02_005g": "003921",
        "ward_code": "13212",
        "ward_name": "日野市"
      },
      "geometry": {
        "type": "LineString",
        "coordinates": [
          [
            139.38049,
            35.65882
          ],
          [
            139.3814,
            35.65942
          ],
          [
            139.38164,
            35.65957
          ],
          [
            139.38242,
            35.66008
          ]
        ]
      }
    },
    {
      "type": "Feature",
      "properties": {
        "N02_001": "11",
        "N02_002": "2",
        "N02_003": "中央線",
        "N02_004": "東日本旅客鉄道",
        "N02_005": "高尾",
        "N02_005c": "004029",
        "N02_005g": "004029",
        "ward_code": "13201",
        "ward_name": "八王子市"
      },
      "geometry": {
        "type": "LineString",
        "coordinates": [
          [
            139.28394,
            35.64283
          ],
          [
            139.28133,
            35.64192
          ]
        ]
      }
    },
    {
      "type": "Feature",
      "properties": {
        "N02_001": "11",
        "N02_002": "2",
        "N02_003": "中央線",
        "N02_004": "東日本旅客鉄道",
        "N02_005": "立川",
        "N02_005c": "003634",
        "N02_005g": "003634",
        "ward_code": "13202",
        "ward_name": "立川市"
      },
      "geometry": {
        "type": "LineString",
        "coordinates": [
          [
            139.41516,
            35.69778
          ],
          [
            139.41505,
            35.69778
          ],
          [
            139.41256,
            35.69775
          ],
          [
            139.41237,
            35.69775
          ]
        ]
      }
    },
    {
      "type": "Feature",
      "properties": {
        "N02_001": "11",
        "N02_002": "2",
        "N02_003": "中央線",
        "N02_004": "東日本旅客鉄道",
        "N02_005": "立川",
        "N02_005c": "003634",
        "N02_005g": "003634",
        "ward_code": "13202",
        "ward_name": "立川市"
      },
      "geometry": {
        "type": "LineString",
        "coordinates": [
          [
            139.41516,
            35.69803
          ],
          [
            139.41505,
            35.69803
          ],
          [
            139.41254,
            35.69802
          ],
          [
            139.41238,
            35.69802
          ]
        ]
      }
    },
    {
      "type": "Feature",
      "properties": {
        "N02_001": "11",
        "N02_002": "2",
        "N02_003": "中央線",
        "N02_004": "東日本旅客鉄道",
        "N02_005": "三鷹",
        "N02_005c": "003587",
        "N02_005g": "003587",
        "ward_code": "13204",
        "ward_name": "三鷹市"
      },
      "geometry": {
        "type": "LineString",
        "coordinates": [
          [
            139.55959,
            35.70268
          ],
          [
            139.56058,
            35.70269
          ],
          [
            139.56067,
            35.70269
          ],
          [
            139.56101,
            35.7027
          ],
          [
            139.56169,
            35.70271
          ]
        ]
      }
    },
    {
      "type": "Feature",
      "properties": {
        "N02_001": "11",
        "N02_002": "2",
        "N02_003": "中央線",
        "N02_004": "東日本旅客鉄道",
        "N02_005": "日野",
        "N02_005c": "003779",
        "N02_005g": "003779",
        "ward_code": "13212",
        "ward_name": "日野市"
      },
      "geometry": {
        "type": "LineString",
        "coordinates": [
          [
            139.39383,
            35.67931
          ],
          [
            139.39365,
            35.67896
          ],
          [
            139.39348,
            35.67865
          ],
          [
            139.39303,
            35.67778
          ]
        ]
      }
    },
    {
      "type": "Feature",
      "properties": {
        "N02_001": "11",
        "N02_002": "2",
        "N02_003": "南武線",
        "N02_004": "東日本旅客鉄道",
        "N02_005": "矢川",
        "N02_005c": "003733",
        "N02_005g": "003733",
        "ward_code": "13215",
        "ward_name": "国立市"
      },
      "geometry": {
        "type": "LineString",
        "coordinates": [
          [
            139.4322,
            35.68499
          ],
          [
            139.43098,
            35.68516
          ]
        ]
      }
    },
    {
      "type": "Feature",
      "properties": {
        "N02_001": "11",
        "N02_002": "2",
        "N02_003": "南武線",
        "N02_004": "東日本旅客鉄道",
        "N02_005": "立川",
        "N02_005c": "003637",
        "N02_005g": "003634",
        "ward_code": "13202",
        "ward_name": "立川市"
      },
      "geometry": {
        "type": "LineString",
        "coordinates": [
          [
            139.41356,
            35.69751
          ],
          [
            139.41505,
            35.69756
          ]
        ]
      }
    },
    {
      "type": "Feature",
      "properties": {
        "N02_001": "11",
        "N02_002": "2",
        "N02_003": "南武線",
        "N02_004": "東日本旅客鉄道",
        "N02_005": "矢野口",
        "N02_005c": "004032",
        "N02_005g": "004032",
        "ward_code": "13225",
        "ward_name": "稲城市"
      },
      "geometry": {
        "type": "LineString",
        "coordinates": [
          [
            139.52103,
            35.6414
          ],
          [
            139.51984,
            35.64207
          ]
        ]
      }
    },
    {
      "type": "Feature",
      "properties": {
        "N02_001": "11",
        "N02_002": "2",
        "N02_003": "南武線",
        "N02_004": "東日本旅客鉄道",
        "N02_005": "西国立",
        "N02_005c": "003665",
        "N02_005g": "003665",
        "ward_code": "13202",
        "ward_name": "立川市"
      },
      "geometry": {
        "type": "LineString",
        "coordinates": [
          [
            139.42405,
            35.69331
          ],
          [
            139.42376,
            35.69427
          ]
        ]
      }
    },
    {
      "type": "Feature",
      "properties": {
        "N02_001": "11",
        "N02_002": "2",
        "N02_003": "南武線",
        "N02_004": "東日本旅客鉄道",
        "N02_005": "分倍河原",
        "N02_005c": "003853",
        "N02_005g": "003853",
        "ward_code": "13206",
        "ward_name": "府中市"
      },
      "geometry": {
        "type": "LineString",
        "coordinates": [
          [
            139.46948,
            35.66851
          ],
          [
            139.46835,
            35.66833
          ]
        ]
      }
    },
    {
      "type": "Feature",
      "properties": {
        "N02_001": "11",
        "N02_002": "2",
        "N02_003": "南武線",
        "N02_004": "東日本旅客鉄道",
        "N02_005": "府中本町",
        "N02_005c": "003876",
        "N02_005g": "003876",
        "ward_code": "13206",
        "ward_name": "府中市"
      },
      "geometry": {
        "type": "LineString",
        "coordinates": [
          [
            139.47698,
            35.66638
          ],
          [
            139.47733,
            35.66581
          ],
          [
            139.47748,
            35.66535
          ]
        ]
      }
    },
    {
      "type": "Feature",
      "properties": {
        "N02_001": "11",
        "N02_002": "2",
        "N02_003": "南武線",
        "N02_004": "東日本旅客鉄道",
        "N02_005": "稲城長沼",
        "N02_005c": "004011",
        "N02_005g": "004011",
        "ward_code": "13225",
        "ward_name": "稲城市"
      },
      "geometry": {
        "type": "LineString",
        "coordinates": [
          [
            139.50338,
            35.64394
          ],
          [
            139.50184,
            35.64461
          ]
        ]
      }
    },
    {
      "type": "Feature",
      "properties": {
        "N02_001": "11",
        "N02_002": "2",
        "N02_003": "南武線",
        "N02_004": "東日本旅客鉄道",
        "N02_005": "谷保",
        "N02_005c": "003765",
        "N02_005g": "003765",
        "ward_code": "13215",
        "ward_name": "国立市"
      },
      "geometry": {
        "type": "LineString",
        "coordinates": [
          [
            139.44752,
            35.68111
          ],
          [
            139.44604,
            35.68165
          ]
        ]
      }
    },
    {
      "type": "Feature",
      "properties": {
        "N02_001": "11",
        "N02_002": "2",
        "N02_003": "南武線",
        "N02_004": "東日本旅客鉄道",
        "N02_005": "南多摩",
        "N02_005c": "003980",
        "N02_005g": "003980",
        "ward_code": "13225",
        "ward_name": "稲城市"
      },
      "geometry": {
        "type": "LineString",
        "coordinates": [
          [
            139.4891,
            35.64918
          ],
          [
            139.48999,
            35.64925
          ]
        ]
      }
    },
    {
      "type": "Feature",
      "properties": {
        "N02_001": "11",
        "N02_002": "2",
        "N02_003": "八高線",
        "N02_004": "東日本旅客鉄道",
        "N02_005": "拝島",
        "N02_005c": "003462",
        "N02_005g": "003462",
        "ward_code": "13218",
        "ward_name": "福生市"
      },
      "geometry": {
        "type": "LineString",
        "coordinates": [
          [
            139.34438,
            35.72053
          ],
          [
            139.34389,
            35.72113
          ],
          [
            139.34386,
            35.72117
          ],
          [
            139.34308,
            35.72214
          ]
        ]
      }
    },
    {
      "type": "Feature",
      "properties": {
        "N02_001": "11",
        "N02_002": "2",
        "N02_003": "八高線",
        "N02_004": "東日本旅客鉄道",
        "N02_005": "小宮",
        "N02_005c": "003726",
        "N02_005g": "003726",
        "ward_code": "13201",
        "ward_name": "八王子市"
      },
      "geometry": {
        "type": "LineString",
        "coordinates": [
          [
            139.36883,
            35.68546
          ],
          [
            139.36862,
            35.68571
          ],
          [
            139.36843,
            35.68593
          ],
          [
            139.36803,
            35.68636
          ]
        ]
      }
    },
    {
      "type": "Feature",
      "properties": {
        "N02_001": "11",
        "N02_002": "2",
        "N02_003": "八高線",
        "N02_004": "東日本旅客鉄道",
        "N02_005": "北八王子",
        "N02_005c": "003841",
        "N02_005g": "003841",
        "ward_code": "13201",
        "ward_name": "八王子市"
      },
      "geometry": {
        "type": "LineString",
        "coordinates": [
          [
            139.36361,
            35.66959
          ],
          [
            139.36319,
            35.66896
          ]
        ]
      }
    },
    {
      "type": "Feature",
      "properties": {
        "N02_001": "11",
        "N02_002": "2",
        "N02_003": "八高線",
        "N02_004": "東日本旅客鉄道",
        "N02_005": "八王子",
        "N02_005c": "003948",
        "N02_005g": "003947",
        "ward_code": "13201",
        "ward_name": "八王子市"
      },
      "geometry": {
        "type": "LineString",
        "coordinates": [
          [
            139.3401,
            35.65527
          ],
          [
            139.339,
            35.65547
          ],
          [
            139.33754,
            35.65574
          ]
        ]
      }
    },
    {
      "type": "Feature",
      "properties": {
        "N02_001": "11",
        "N02_002": "2",
        "N02_003": "八高線",
        "N02_004": "東日本旅客鉄道",
        "N02_005": "東福生",
        "N02_005c": "003282",
        "N02_005g": "003282",
        "ward_code": "13218",
        "ward_name": "福生市"
      },
      "geometry": {
        "type": "LineString",
        "coordinates": [
          [
            139.33584,
            35.74537
          ],
          [
            139.33585,
            35.7455
          ],
          [
            139.33589,
            35.74583
          ],
          [
            139.33597,
            35.74629
          ]
        ]
      }
    },
    {
      "type": "Feature",
      "properties": {
        "N02_001": "11",
        "N02_002": "2",
        "N02_003": "武蔵野線",
        "N02_004": "東日本旅客鉄道",
        "N02_005": "北府中",
        "N02_005c": "003771",
        "N02_005g": "003771",
        "ward_code": "13206",
        "ward_name": "府中市"
      },
      "geometry": {
        "type": "LineString",
        "coordinates": [
          [
            139.47201,
            35.68023
          ],
          [
            139.47158,
            35.68148
          ]
        ]
      }
    },
    {
      "type": "Feature",
      "properties": {
        "N02_001": "11",
        "N02_002": "2",
        "N02_003": "武蔵野線",
        "N02_004": "東日本旅客鉄道",
        "N02_005": "新秋津",
        "N02_005c": "003152",
        "N02_005g": "003152",
        "ward_code": "13213",
        "ward_name": "東村山市"
      },
      "geometry": {
        "type": "LineString",
        "coordinates": [
          [
            139.49358,
            35.77809
          ],
          [
            139.49393,
            35.77853
          ]
        ]
      }
    },
    {
      "type": "Feature",
      "properties": {
        "N02_001": "11",
        "N02_002": "2",
        "N02_003": "武蔵野線",
        "N02_004": "東日本旅客鉄道",
        "N02_005": "府中本町",
        "N02_005c": "003878",
        "N02_005g": "003876",
        "ward_code": "13206",
        "ward_name": "府中市"
      },
      "geometry": {
        "type": "LineString",
        "coordinates": [
          [
            139.47722,
            35.6653
          ],
          [
            139.47707,
            35.66577
          ],
          [
            139.47698,
            35.66638
          ]
        ]
      }
    },
    {
      "type": "Feature",
      "properties": {
        "N02_001": "11",
        "N02_002": "2",
        "N02_003": "武蔵野線",
        "N02_004": "東日本旅客鉄道",
        "N02_005": "新小平",
        "N02_005c": "003385",
        "N02_005g": "003385",
        "ward_code": "13211",
        "ward_name": "小平市"
      },
      "geometry": {
        "type": "LineString",
        "coordinates": [
          [
            139.47071,
            35.73145
          ],
          [
            139.47052,
            35.73099
          ],
          [
            139.47029,
            35.73039
          ]
        ]
      }
    },
    {
      "type": "Feature",
      "properties": {
        "N02_001": "11",
        "N02_002": "2",
        "N02_003": "武蔵野線",
        "N02_004": "東日本旅客鉄道",
        "N02_005": "西国分寺",
        "N02_005c": "003611",
        "N02_005g": "003611",
        "ward_code": "13214",
        "ward_name": "国分寺市"
      },
      "geometry": {
        "type": "LineString",
        "coordinates": [
          [
            139.46592,
            35.70063
          ],
          [
            139.46605,
            35.69919
          ]
        ]
      }
    },
    {
      "type": "Feature",
      "properties": {
        "N02_001": "11",
        "N02_002": "2",
        "N02_003": "南武線",
        "N02_004": "東日本旅客鉄道",
        "N02_005": "西府",
        "N02_005c": "003831",
        "N02_005g": "003831",
        "ward_code": "13206",
        "ward_name": "府中市"
      },
      "geometry": {
        "type": "LineString",
        "coordinates": [
          [
            139.45762,
            35.67078
          ],
          [
            139.45716,
            35.67109
          ]
        ]
      }
    }
  ]
}